x,y,z
8.5793924331665039,-39.1271286010742188,-1.3375276327133179
-36.3587265014648438,-53.6890449523925781,-1.2644748687744141
-5.8399004936218262,-20.3375339508056641,-1.0385508537292480
5.8223404884338379,-39.0872497558593750,-1.0381542444229126
12.4141216278076172,-46.1610107421875000,-1.0374104976654053
-8.5776109695434570,-20.2220363616943359,-1.3359479904174805
10.6214895248413086,-35.1336326599121094,-1.9047982692718506
8.5365343093872070,-30.8824710845947266,-2.2445166110992432
7.6212849617004395,-21.4142017364501953,-1.3329784870147705
-32.4043045043945313,-49.5711021423339844,-1.2582435607910156
25.7936820983886719,-54.8116455078125000,-1.0345373153686523
22.9851264953613281,-47.9493675231933594,-2.2515547275543213
-1.0201228857040405,-32.2370300292968750,-2.2417945861816406
-20.9153385162353516,-54.3442001342773438,-1.5744643211364746
-6.7293453216552734,-51.4766197204589844,-1.2683916091918945
-1.0443148612976074,-49.5958938598632813,-2.0180895328521729
-11.4707183837890625,-27.3588485717773438,-2.2372794151306152
12.5526342391967773,-34.7921295166015625,-1.3343483209609985
-18.1781768798828125,-33.9711990356445313,-2.2416269779205322
10.6221590042114258,-29.9683399200439453,-1.0378903150558472
13.3778333663940430,-39.1319198608398438,-1.2932406663894653
13.3163909912109375,-37.1882057189941406,-1.0364114046096802
-7.7990570068359375,-52.7460174560546875,-2.2436115741729736
7.6964883804321289,-36.1914100646972656,-2.2437250614166260
-21.0464572906494141,-46.5745506286621094,-1.3549728393554688
-17.3021659851074219,-40.7147674560546875,-1.0375200510025024
1.0201638936996460,-49.3278427124023438,-1.2583880424499512
-3.0909402370452881,-43.9090766906738281,-1.7485070228576660
-10.6204814910888672,-49.5318183898925781,-2.2435402870178223
18.1678829193115234,-51.1416931152343750,-2.0265815258026123
-7.8683900833129883,-24.5574645996093750,-1.5812860727310181
35.6067695617675781,-55.5331153869628906,-2.2422695159912109
-11.6296854019165039,-44.5527992248535156,-2.2439236640930176
-10.6218090057373047,-52.3540229797363281,-2.2475805282592773
16.4019050598144531,-54.2142562866210938,-2.2426531314849854
-10.6401281356811523,-28.7009162902832031,-2.2417969703674316
7.6896696090698242,-45.7120018005371094,-2.2452359199523926
-7.7223296165466309,-45.2914276123046875,-1.0355728864669800
-12.5428686141967773,-44.0677719116210938,-1.9066252708435059
8.5777778625488281,-37.2005348205566406,-1.0348300933837891
-13.3758735656738281,-34.4855804443359375,-1.0352399349212646
25.0237789154052734,-53.8970336914062500,-1.0344812870025635
-22.0722198486328125,-54.1488418579101563,-2.1985719203948975
-12.4868001937866211,-24.9356327056884766,-2.2414274215698242
-12.4694194793701172,-38.2908782958984375,-2.2423865795135498
-25.0218925476074219,-57.0045547485351563,-2.2437400817871094
-10.6214456558227539,-37.7624549865722656,-1.1817202568054199
-5.8746795654296875,-38.5767478942871094,-1.0356110334396362
-2.8432288169860840,-49.1069259643554688,-1.2889020442962646
-5.8250031471252441,-21.3123893737792969,-2.2417681217193604
-13.3785429000854492,-44.9303550720214844,-1.0351612567901611
16.3970909118652344,-54.2164878845214844,-1.0370229482650757
-3.7782361507415771,-50.2084617614746094,-2.2449049949645996
-31.6695480346679688,-51.1197776794433594,-2.0362792015075684
-27.0066871643066406,-49.4721679687500000,-2.2455124855041504
-6.7263588905334473,-34.4313087463378906,-2.2421209812164307
-3.7784152030944824,-26.0821247100830078,-2.2397718429565430
-3.7796208858489990,-48.5013504028320313,-1.0329779386520386
-18.1601047515869141,-54.1123504638671875,-1.2444496154785156
-10.6187076568603516,-46.4180259704589844,-1.0379925966262817
-8.5806388854980469,-53.6611557006835938,-2.2489061355590820
3.7833669185638428,-52.3138694763183594,-1.6569318771362305
12.5426282882690430,-51.3335685729980469,-1.8807716369628906
-21.1528682708740234,-45.6347084045410156,-1.0387563705444336
12.5024271011352539,-49.4240837097167969,-2.2461597919464111
-18.1225776672363281,-40.2657661437988281,-1.3836247920989990
1.9155240058898926,-28.9963169097900391,-1.0373878479003906
-5.8210744857788086,-22.2869567871093750,-2.0334007740020752
6.8062834739685059,-33.5462989807128906,-1.0340188741683960
22.2626762390136719,-55.4931068420410156,-1.6467350721359253
10.8291940689086914,-32.3069267272949219,-1.8771424293518066
-22.9786224365234375,-53.1642723083496094,-1.3328589200973511
-3.7779920101165771,-27.0747737884521484,-2.2412002086639404
-5.8797640800476074,-22.2877941131591797,-1.0377007722854614
3.7776944637298584,-39.6650161743164063,-2.2472934722900391
3.7779314517974854,-19.6377391815185547,-2.2411742210388184
1.1423232555389404,-26.0948734283447266,-1.8982808589935303
-2.7828681468963623,-57.0062789916992188,-1.0380342006683350
15.4192380905151367,-54.0730247497558594,-2.2515144348144531
-7.6974287033081055,-38.5684471130371094,-1.2556394338607788
-5.8149089813232422,-41.1752738952636719,-2.2491030693054199
-18.1805267333984375,-45.7190093994140625,-2.2457301616668701
-11.4799509048461914,-28.7757263183593750,-1.0380082130432129
20.2353153228759766,-57.0061187744140625,-2.2446799278259277
8.5795030593872070,-29.9584960937500000,-1.8940994739532471
-15.4982643127441406,-37.2353935241699219,-1.9929451942443848
8.4677057266235352,-22.7318840026855469,-1.3850966691970825
-17.2877635955810547,-55.6369819641113281,-1.8985358476638794
3.7791600227355957,-34.9052314758300781,-1.9939411878585815
2.7202067375183105,-17.8730278015136719,-1.2843853235244751
-10.6229295730590820,-24.2923507690429688,-1.0389099121093750
17.1516361236572266,-44.0511322021484375,-1.0368041992187500
-10.6228303909301758,-25.8746089935302734,-1.9499285221099854
-13.3770847320556641,-25.4214038848876953,-1.9037013053894043
18.1787052154541016,-42.4022178649902344,-2.2457001209259033
17.2689113616943359,-44.9034843444824219,-2.2436637878417969
-22.1353340148925781,-57.0181808471679688,-1.9315985441207886
27.7778263092041016,-44.9066619873046875,-1.6368032693862915
-1.9971919059753418,-41.8521156311035156,-1.0341991186141968
-15.4218568801879883,-42.4278717041015625,-2.0204324722290039
-20.2222309112548828,-46.1083602905273438,-1.0378001928329468
-27.7811603546142578,-53.1472473144531250,-1.0365878343582153
-7.8133912086486816,-51.4843177795410156,-2.2508327960968018
3.7090682983398438,-32.6905021667480469,-1.2451190948486328
-26.9998378753662109,-49.4745140075683594,-1.0345594882965088
-17.1828365325927734,-45.5223541259765625,-1.0360039472579956
-26.7441349029541016,-51.0095176696777344,-1.0357527732849121
27.7784423828125000,-48.7362556457519531,-1.0380052328109741
-5.8217558860778809,-48.0957946777343750,-1.2825195789337158
-31.8000259399414063,-56.0508003234863281,-1.0378637313842773
8.5788612365722656,-28.5229644775390625,-1.0378845930099487
10.6223411560058594,-26.5983085632324219,-1.9032194614410400
8.5781974792480469,-32.4436950683593750,-1.0389766693115234
-5.8212232589721680,-36.6786727905273438,-1.0349365472793579
-13.3780994415283203,-29.2885627746582031,-1.9032474756240845
15.4228715896606445,-37.9801445007324219,-2.2420072555541992
11.5938415527343750,-43.3492851257324219,-2.2429833412170410
-15.5455808639526367,-41.6165885925292969,-1.0352495908737183
-5.8215208053588867,-37.6283149719238281,-1.2974447011947632
25.1130847930908203,-51.9180145263671875,-1.0372511148452759
6.7176423072814941,-32.5942268371582031,-1.2832574844360352
-5.8214211463928223,-48.8386383056640625,-2.0060839653015137
1.0210937261581421,-44.4288673400878906,-2.2447698116302490
-16.2814579010009766,-47.9252548217773438,-1.0346844196319580
-6.6906342506408691,-50.3117904663085938,-2.2439932823181152
-26.8740692138671875,-56.5939292907714844,-1.0380525588989258
6.8786592483520508,-35.6744270324707031,-1.9984836578369141
-8.5802764892578125,-25.9933032989501953,-1.0352884531021118
-7.7169852256774902,-46.2637100219726563,-1.2487252950668335
-7.6308412551879883,-37.6038589477539063,-1.0367480516433716
-1.9589800834655762,-18.9330139160156250,-1.3004721403121948
34.6210975646972656,-56.0328292846679688,-2.2424457073211670
-31.5922203063964844,-57.0031585693359375,-2.2445583343505859
-11.4583663940429688,-49.7384490966796875,-1.0314253568649292
5.8224492073059082,-41.0275726318359375,-1.0346465110778809
-27.7790222167968750,-53.1281204223632813,-2.2423763275146484
-13.3797283172607422,-40.2457008361816406,-1.0341509580612183
-12.4043254852294922,-40.2701835632324219,-2.2427253723144531
30.8860797882080078,-51.4001350402832031,-1.1349365711212158
-3.5328195095062256,-34.3046417236328125,-1.0356423854827881
7.6228017807006836,-47.5313034057617188,-1.2479521036148071
-5.8222389221191406,-24.2630214691162109,-2.2412428855895996
11.5957736968994141,-57.0123710632324219,-1.0381788015365601
-18.0152359008789063,-47.5421524047851563,-1.7039277553558350
-21.0933341979980469,-42.7559051513671875,-1.0387897491455078
-3.7791595458984375,-31.4143619537353516,-1.3775382041931152
-20.2223663330078125,-40.3683662414550781,-1.0388875007629395
22.9801616668701172,-51.1076583862304688,-2.2430517673492432
-2.8124439716339111,-21.2645797729492188,-1.0376754999160767
17.2581481933593750,-38.4618988037109375,-1.2810149192810059
-12.4295969009399414,-36.8873138427734375,-1.0349305868148804
-6.2654442787170410,-35.4347267150878906,-2.2458436489105225
17.2431964874267578,-31.6311359405517578,-1.4448035955429077
-5.8196907043457031,-51.9315071105957031,-1.0330125093460083
5.8129296302795410,-50.2239646911621094,-2.2481782436370850
-12.5296316146850586,-26.8621826171875000,-1.9034504890441895
-10.6159152984619141,-53.1395606994628906,-1.0321460962295532
2.8978855609893799,-22.0685882568359375,-2.0692524909973145
-21.0983734130859375,-51.3955650329589844,-1.0342869758605957
-16.3863754272460938,-51.3454399108886719,-2.2448835372924805
1.0196983814239502,-57.0112266540527344,-2.2436785697937012
7.6175303459167480,-28.2522335052490234,-1.0384864807128906
21.2122974395751953,-40.3161048889160156,-2.2419433593750000
-12.4540719985961914,-51.3230934143066406,-1.3170256614685059
-22.0988292694091797,-44.6115264892578125,-2.2426292896270752
17.2440986633300781,-49.8165359497070313,-2.2450923919677734
7.6168947219848633,-52.9206047058105469,-2.0196177959442139
-2.9198122024536133,-20.3168735504150391,-1.3321363925933838
25.0221309661865234,-45.5607604980468750,-1.0386977195739746
-18.0049419403076172,-56.0555343627929688,-1.0335335731506348
1.0206056833267212,-39.5927200317382813,-2.2455794811248779
-16.3286380767822266,-40.3048324584960938,-1.0365850925445557
1.8797777891159058,-46.8427009582519531,-2.2450716495513916
17.2560024261474609,-39.4299201965332031,-1.0383999347686768
-13.3808975219726563,-47.7545280456542969,-1.0363302230834961
-6.6638016700744629,-30.9940795898437500,-1.2489681243896484
-25.8826999664306641,-51.5117263793945313,-2.2416923046112061
-2.8821263313293457,-41.3948631286621094,-1.0359998941421509
16.2987689971923828,-38.7394256591796875,-1.2554371356964111
2.0418250560760498,-38.4341697692871094,-1.2955718040466309
-12.5268650054931641,-34.9729080200195313,-1.3831033706665039
-12.3788747787475586,-29.2124652862548828,-1.0387334823608398
16.4137744903564453,-41.5422172546386719,-2.0177953243255615
8.5802822113037109,-40.4924964904785156,-2.2446608543395996
-7.7168688774108887,-32.0922851562500000,-2.0596370697021484
-1.9500969648361206,-30.8837985992431641,-2.2418415546417236
-21.2777385711669922,-55.0708847045898438,-1.0322779417037964
-2.0471441745758057,-32.2666206359863281,-1.0387152433395386
6.7724823951721191,-48.0140380859375000,-1.0383538007736206
-10.6223754882812500,-25.2850093841552734,-1.1437882184982300
35.7649955749511719,-53.1521987915039063,-1.4977062940597534
-11.7559633255004883,-43.5736236572265625,-2.2481715679168701
8.5790576934814453,-42.3616218566894531,-2.2458817958831787
1.9268846511840820,-28.0010223388671875,-1.0363386869430542
-26.7471103668212891,-51.0168876647949219,-2.2434325218200684
-17.1899986267089844,-42.6330337524414063,-1.3682057857513428
1.9701151847839355,-55.2555046081542969,-2.2430617809295654
-13.3774547576904297,-24.4817428588867188,-2.2411105632781982
6.9186034202575684,-44.3899040222167969,-1.7371338605880737
-22.0861835479736328,-50.3220596313476563,-2.2442543506622314
-7.7012124061584473,-33.2156410217285156,-1.0341967344284058
-17.2751960754394531,-48.9009895324707031,-2.2444140911102295
6.7635569572448730,-21.8326225280761719,-1.0382485389709473
16.6033210754394531,-57.0108757019042969,-1.0317963361740112
11.5384607315063477,-38.1046028137207031,-1.1766852140426636
-12.4272375106811523,-47.4772567749023438,-1.0339611768722534
-2.9008512496948242,-20.7290420532226563,-2.2414648532867432
21.9875812530517578,-40.9455871582031250,-2.2413742542266846
-11.6819133758544922,-27.8607864379882813,-1.3799217939376831
-8.5754108428955078,-32.7033996582031250,-1.2568379640579224
34.7280273437500000,-57.0023345947265625,-2.0368640422821045
7.7158374786376953,-40.5782966613769531,-1.0380350351333618
8.5369367599487305,-48.0871391296386719,-1.9795966148376465
-6.7914471626281738,-47.4456825256347656,-2.0038552284240723
12.4935607910156250,-54.6186828613281250,-1.0351268053054810
21.1925220489501953,-38.9641647338867188,-2.2416014671325684
12.3808174133300781,-48.0177192687988281,-1.0348582267761230
-2.9061632156372070,-28.8989543914794922,-1.0377300977706909
-3.7780299186706543,-35.7252540588378906,-2.2420585155487061
3.7768902778625488,-18.6397838592529297,-2.2410676479339600
15.4862022399902344,-41.8316192626953125,-2.2445268630981445
-15.4222908020019531,-33.1256294250488281,-1.0388126373291016
-6.7311329841613770,-52.3033523559570313,-2.2437584400177002
-7.7242412567138672,-32.2243270874023438,-1.0341281890869141
18.0155410766601563,-31.0442447662353516,-1.2064177989959717
17.1409835815429688,-42.1277618408203125,-1.0369535684585571
13.3782243728637695,-35.5508842468261719,-1.9957178831100464
7.6770133972167969,-45.5432205200195313,-1.2614994049072266
6.7324752807617188,-47.0186920166015625,-1.0356993675231934
-8.5738487243652344,-35.1122016906738281,-1.0354491472244263
-27.0012741088867188,-46.9262809753417969,-1.0386921167373657
16.3799686431884766,-34.7404212951660156,-2.2410707473754883
27.7672176361083984,-47.7613449096679688,-1.2513189315795898
10.6181011199951172,-44.6870727539062500,-2.2436921596527100
20.3472862243652344,-39.5376663208007813,-2.2413713932037354
6.6843271255493164,-31.8954715728759766,-1.9876418113708496
-17.2034111022949219,-53.1342735290527344,-1.0359480381011963
2.8416831493377686,-46.5921325683593750,-1.0361863374710083
22.9779796600341797,-42.2339630126953125,-2.2414646148681641
-13.3804588317871094,-43.0744285583496094,-1.0367767810821533
11.5232439041137695,-53.7179832458496094,-2.2474815845489502
-16.3919773101806641,-53.2279624938964844,-2.2439935207366943
6.7157764434814453,-42.4596252441406250,-2.2452640533447266
2.8050374984741211,-33.7033081054687500,-2.2422928810119629
2.8962099552154541,-37.0613594055175781,-1.3504271507263184
-1.8804876804351807,-25.6149234771728516,-1.0371007919311523
-32.5773887634277344,-50.5296630859375000,-1.0386368036270142
-20.2220153808593750,-44.6790618896484375,-2.2419724464416504
11.5683584213256836,-25.6645812988281250,-1.3755364418029785
17.2080631256103516,-45.8954048156738281,-2.2413175106048584
13.3778963088989258,-26.9900035858154297,-2.2416360378265381
21.0372123718261719,-39.6427612304687500,-1.5270110368728638
-7.5818610191345215,-21.3144321441650391,-1.0386635065078735
-26.1746063232421875,-48.9235839843750000,-2.2415683269500732
3.0522160530090332,-49.8517074584960938,-2.2450854778289795
5.8211836814880371,-47.2836341857910156,-2.2465622425079346
-10.6218042373657227,-38.3817481994628906,-1.9606177806854248
-8.5866956710815430,-51.3582077026367188,-1.6470483541488647
-12.4192819595336914,-50.3693313598632813,-1.0377224683761597
-20.2210407257080078,-57.0015678405761719,-1.0363674163818359
3.6817462444305420,-29.1999206542968750,-2.2443759441375732
10.6212692260742188,-50.9998474121093750,-1.2833760976791382
7.7016363143920898,-44.7327232360839844,-2.2427165508270264
-3.7595281600952148,-42.8734626770019531,-1.3821768760681152
-16.4861488342285156,-44.6654281616210938,-2.2443714141845703
5.9032163619995117,-30.3989276885986328,-2.2429075241088867
1.9172092676162720,-36.1976585388183594,-1.9831709861755371
-7.5861515998840332,-53.7175102233886719,-2.2435309886932373
10.6610317230224609,-43.7032318115234375,-2.2434432506561279
22.9811611175537109,-47.5746040344238281,-1.0345283746719360
3.7483828067779541,-21.5720157623291016,-1.9023845195770264
20.2219448089599609,-39.3389320373535156,-1.0386488437652588
-11.3854751586914063,-55.5444107055664063,-1.4211338758468628
-7.6776738166809082,-50.1437568664550781,-1.0374878644943237
-1.9020471572875977,-54.0825233459472656,-1.0277947187423706
-13.3795127868652344,-54.2984123229980469,-1.2716863155364990
-3.7779622077941895,-29.4875488281250000,-1.0373940467834473
-16.5191822052001953,-41.2003021240234375,-1.4192056655883789
6.8090157508850098,-21.3483600616455078,-1.9100589752197266
-8.5688791275024414,-29.6445102691650391,-2.0171587467193604
3.7732682228088379,-57.0085067749023438,-1.0602977275848389
6.7833342552185059,-50.4780693054199219,-1.0319057703018188
17.2499141693115234,-46.8875999450683594,-2.2135481834411621
-10.6171741485595703,-55.0456199645996094,-1.0319764614105225
-3.7776510715484619,-19.8387222290039063,-1.0385874509811401
-3.7687387466430664,-36.6614265441894531,-1.9142677783966064
-36.4621086120605469,-57.0061759948730469,-1.7074677944183350
11.4810810089111328,-27.1082592010498047,-1.9063744544982910
-10.6214628219604492,-39.7317123413085938,-1.0367097854614258
15.4699077606201172,-47.6525077819824219,-2.2416501045227051
-13.3796768188476563,-42.0825042724609375,-1.0336557626724243
26.6988048553466797,-53.9030609130859375,-2.2415788173675537
-20.2187347412109375,-55.0900459289550781,-2.0240278244018555
26.8358192443847656,-54.8871765136718750,-2.2435767650604248
5.8394112586975098,-52.2144775390625000,-1.2580718994140625
-1.7925168275833130,-44.5521697998046875,-1.5031743049621582
15.4226064682006836,-39.2116088867187500,-1.0365456342697144
-11.5073690414428711,-30.2088642120361328,-2.2433242797851563
-26.8590126037597656,-54.6057586669921875,-2.0353033542633057
18.1747436523437500,-51.1824531555175781,-1.0335358381271362
-25.9946918487548828,-57.0068626403808594,-1.2496142387390137
27.7342357635498047,-54.2278747558593750,-2.0234682559967041
-2.0566773414611816,-32.8138122558593750,-1.9282890558242798
-12.5314769744873047,-50.7168350219726563,-2.1059155464172363
2.8979496955871582,-26.5259590148925781,-1.0379376411437988
-5.8181467056274414,-35.7715797424316406,-1.4205256700515747
-15.4291191101074219,-57.0062103271484375,-2.2426533699035645
-6.7869348526000977,-38.1405067443847656,-2.2445082664489746
-22.9775218963623047,-50.7962532043457031,-2.2332131862640381
27.7791633605957031,-46.6403388977050781,-2.2420394420623779
-2.0365972518920898,-24.6321735382080078,-1.0379828214645386
-22.0211277008056641,-43.6783561706542969,-1.9029946327209473
-1.9361797571182251,-36.6212463378906250,-2.2441163063049316
20.2199153900146484,-46.3515548706054688,-2.0093832015991211
5.8222866058349609,-26.3402500152587891,-1.0386165380477905
13.3853445053100586,-50.8299102783203125,-2.0148458480834961
-7.6586208343505859,-30.2989425659179688,-1.0369126796722412
-2.7164516448974609,-27.9767513275146484,-1.3549940586090088
12.5762481689453125,-53.7072143554687500,-1.4076933860778809
1.0209168195724487,-29.0030689239501953,-2.2438166141510010
-6.5912375450134277,-33.3396759033203125,-1.0317416191101074
13.3778543472290039,-47.8248786926269531,-1.0336806774139404
-3.7796349525451660,-53.1268730163574219,-2.2308635711669922
2.0428409576416016,-49.7532958984375000,-2.2495117187500000
25.0685653686523438,-47.7525672912597656,-1.0386303663253784
16.3805503845214844,-33.3691596984863281,-2.2428379058837891
22.9806556701660156,-46.5818710327148438,-1.0343327522277832
-3.7783992290496826,-22.7390441894531250,-1.0384516716003418
-2.7299139499664307,-41.0626640319824219,-2.0660090446472168
-29.8218727111816406,-54.6565437316894531,-1.9009587764739990
2.6828889846801758,-24.5994930267333984,-1.3414874076843262
2.8973672389984131,-30.2908897399902344,-1.0376993417739868
15.4216012954711914,-38.2499694824218750,-1.2815933227539063
10.6199178695678711,-34.2055854797363281,-2.2450904846191406
13.3329477310180664,-55.0761222839355469,-2.2458226680755615
-1.8455346822738647,-38.5357704162597656,-1.8871829509735107
13.3785972595214844,-36.2287979125976563,-1.2685427665710449
18.1843891143798828,-54.0321388244628906,-2.2453317642211914
22.9776134490966797,-43.2305259704589844,-2.2424609661102295
11.7627229690551758,-34.2616195678710938,-1.0369440317153931
-5.8585557937622070,-42.1324539184570313,-1.9977995157241821
1.0224671363830566,-19.8333854675292969,-1.0383114814758301
2.8570053577423096,-33.1635589599609375,-1.0355277061462402
-10.6222848892211914,-28.2641868591308594,-1.0380704402923584
2.8937826156616211,-29.3543815612792969,-1.3748461008071899
-5.8216361999511719,-56.3215522766113281,-2.2493929862976074
3.7779152393341064,-26.3575897216796875,-2.2444889545440674
-1.9394011497497559,-50.0391120910644531,-2.0067021846771240
2.8371970653533936,-25.5329246520996094,-1.0363712310791016
15.4212455749511719,-35.3250045776367188,-1.2823145389556885
16.4579830169677734,-43.4707336425781250,-2.0115730762481689
8.5808086395263672,-53.7960014343261719,-1.9927303791046143
-5.8200531005859375,-25.6894264221191406,-2.2415158748626709
2.8458001613616943,-51.1868782043457031,-2.2450563907623291
5.8209333419799805,-28.2839202880859375,-1.0363215208053589
26.7943687438964844,-51.2836875915527344,-2.2444367408752441
-3.7784330844879150,-24.7353057861328125,-1.0393944978713989
11.6035461425781250,-54.1660690307617188,-1.0350257158279419
-17.2741222381591797,-47.5005645751953125,-1.0373816490173340
-10.6201448440551758,-55.1247673034667969,-2.0179994106292725
8.5801134109497070,-25.2308940887451172,-2.2415843009948730
-1.7898075580596924,-56.3746681213378906,-2.2483794689178467
-11.5232868194580078,-54.6440238952636719,-1.0332361459732056
11.4988908767700195,-38.5018043518066406,-2.2424910068511963
-2.8695454597473145,-33.2932167053222656,-2.2437191009521484
-15.5658750534057617,-55.0861854553222656,-2.2423343658447266
-18.1782531738281250,-44.0167808532714844,-1.2937496900558472
2.8336610794067383,-55.7680320739746094,-1.0341035127639771
8.5807332992553711,-52.8417549133300781,-2.2451956272125244
-8.2275247573852539,-17.8708152770996094,-2.2406706809997559
12.3095598220825195,-52.2148933410644531,-2.2460718154907227
-8.5799341201782227,-57.0065650939941406,-2.0338690280914307
-17.2560024261474609,-33.5903511047363281,-2.2417781352996826
1.0298608541488647,-36.6463165283203125,-2.0765600204467773
15.4212093353271484,-44.9476356506347656,-1.0361720323562622
-13.3857164382934570,-55.2436981201171875,-1.0297921895980835
-15.4212007522583008,-56.0410537719726563,-2.0276453495025635
1.0163202285766602,-55.0820007324218750,-2.0258650779724121
-11.5509185791015625,-29.7708110809326172,-1.0376933813095093
8.5783424377441406,-35.3323822021484375,-1.0351014137268066
2.9981250762939453,-17.1806278228759766,-2.2409543991088867
3.7780332565307617,-36.8098182678222656,-1.9923388957977295
3.7870109081268311,-49.8510131835937500,-1.5506273508071899
25.0214405059814453,-46.7875671386718750,-2.0359845161437988
11.5514364242553711,-35.5933380126953125,-2.2417731285095215
-21.9799251556396484,-47.0000915527343750,-1.0381247997283936
-8.5783634185791016,-21.7986640930175781,-2.2424507141113281
-34.6218338012695313,-57.0015563964843750,-2.2412493228912354
-1.0524652004241943,-55.4872856140136719,-1.0302528142929077
18.1783180236816406,-55.0235710144042969,-2.2422566413879395
-18.0344696044921875,-43.0721206665039063,-1.0362240076065063
-3.7788138389587402,-45.6179161071777344,-1.0372589826583862
16.3522510528564453,-47.4726371765136719,-1.0373883247375488
1.8730505704879761,-48.7706985473632813,-2.2456533908843994
2.9059362411499023,-48.4914627075195313,-1.0340660810470581
6.8206152915954590,-23.2813320159912109,-2.2417659759521484
-22.9792003631591797,-55.0952415466308594,-1.0336786508560181
-7.6357445716857910,-42.2874946594238281,-2.2445459365844727
3.7759847640991211,-42.2639007568359375,-1.0337883234024048
16.3622989654541016,-31.3924388885498047,-1.0389297008514404
8.5776729583740234,-20.3852233886718750,-2.2411735057830811
-11.6319618225097656,-45.0004692077636719,-1.3556500673294067
10.6202096939086914,-50.3014488220214844,-1.9929116964340210
-11.5930843353271484,-24.0233726501464844,-1.0388460159301758
11.4749231338500977,-33.3121566772460938,-1.0381617546081543
-21.0663452148437500,-49.8638038635253906,-2.2426853179931641
-8.5789012908935547,-52.1232223510742188,-2.2541179656982422
-25.3446807861328125,-53.7129669189453125,-1.6359375715255737
6.8183188438415527,-37.5964927673339844,-2.2410533428192139
5.8153462409973145,-50.2715148925781250,-1.0375020503997803
-3.7834064960479736,-42.3944244384765625,-2.2473037242889404
-2.9673054218292236,-36.6192817687988281,-1.3207139968872070
11.4890890121459961,-39.4500885009765625,-1.9482675790786743
21.3810882568359375,-57.0086822509765625,-2.2410800457000732
-7.6534514427185059,-38.6720581054687500,-2.2440776824951172
-21.1031799316406250,-44.6379585266113281,-1.0373349189758301
-15.4210653305053711,-36.2770042419433594,-2.2430524826049805
21.1538181304931641,-54.1268577575683594,-2.2422122955322266
-7.0480136871337891,-24.6984653472900391,-1.0377515554428101
6.7962932586669922,-26.1063461303710938,-2.2435827255249023
-29.8307857513427734,-50.7313957214355469,-2.2410826683044434
-30.7812957763671875,-53.6411972045898438,-1.0388149023056030
-6.7346587181091309,-19.8682365417480469,-1.0388602018356323
1.0189384222030640,-51.2141647338867188,-2.2469468116760254
-7.2483382225036621,-35.2754478454589844,-2.2441163063049316
-6.5715813636779785,-33.2465858459472656,-2.2533109188079834
11.5253953933715820,-51.3351097106933594,-1.0320276021957397
-10.6178941726684570,-56.0318298339843750,-1.0371718406677246
-25.0213146209716797,-57.0034980773925781,-1.0367250442504883
5.8212842941284180,-34.2369079589843750,-2.2415657043457031
-21.1588439941406250,-52.7002792358398438,-2.2438204288482666
27.7788200378417969,-49.7094345092773438,-1.2523317337036133
22.0503845214843750,-51.8481445312500000,-1.0312948226928711
-15.4216938018798828,-53.1373558044433594,-2.0314164161682129
2.9247300624847412,-41.8173217773437500,-1.3044551610946655
-30.7835922241210938,-52.6626586914062500,-1.2308356761932373
5.8228693008422852,-20.9050712585449219,-2.2411432266235352
-3.7304675579071045,-32.4075355529785156,-1.3778566122055054
-13.3779993057250977,-43.4982910156250000,-2.2418973445892334
22.0043754577636719,-56.2358474731445313,-2.2455329895019531
-11.5025024414062500,-33.0629653930664063,-2.2430922985076904
-10.6185855865478516,-54.0943107604980469,-1.2941467761993408
-10.6199951171875000,-53.3007278442382813,-2.0078675746917725
-5.8212080001831055,-47.1428070068359375,-1.0370367765426636
5.8221635818481445,-45.4091606140136719,-1.0358042716979980
-25.7930736541748047,-56.0624580383300781,-1.0358552932739258
-2.9033775329589844,-32.8600387573242188,-1.0378881692886353
-17.3268623352050781,-41.7089576721191406,-1.0355250835418701
-7.6434836387634277,-39.5333862304687500,-1.0360070466995239
-7.5414972305297852,-43.3388061523437500,-1.2619339227676392
35.3690338134765625,-56.2875747680664063,-1.6366555690765381
-1.9492387771606445,-31.8779487609863281,-2.2423994541168213
1.0232613086700439,-24.1773204803466797,-2.2371692657470703
-5.8210768699645996,-42.3874740600585938,-1.0351814031600952
13.2706127166748047,-39.3998565673828125,-2.2454788684844971
6.8317399024963379,-46.2188796997070313,-2.2426421642303467
15.4232215881347656,-31.7328262329101563,-1.0387436151504517
-20.2221069335937500,-56.0260047912597656,-1.2477369308471680
1.8260802030563354,-24.1635494232177734,-1.0379130840301514
22.0120372772216797,-49.4911231994628906,-1.2461557388305664
-21.1515998840332031,-42.2340812683105469,-1.9132219552993774
-2.0773649215698242,-28.9651527404785156,-1.8865259885787964
2.9355449676513672,-39.9382476806640625,-1.3565974235534668
11.5564584732055664,-26.1706714630126953,-2.2411100864410400
-7.5653486251831055,-54.7504653930664063,-1.0331722497940063
-22.9777202606201172,-43.5913887023925781,-1.0944287776947021
-6.7254629135131836,-27.1457366943359375,-2.2458393573760986
-22.9777488708496094,-48.3893852233886719,-1.0358694791793823
21.1532783508300781,-51.3704757690429688,-2.2428607940673828
-1.0187259912490845,-43.7560081481933594,-2.2465045452117920
-21.2441711425781250,-48.0096015930175781,-2.2423367500305176
-1.0219820737838745,-26.4779548645019531,-2.2421901226043701
-1.9264409542083740,-24.1628131866455078,-1.9115824699401855
2.7412765026092529,-39.5351257324218750,-2.2441740036010742
8.5254821777343750,-36.2667236328125000,-1.3397324085235596
-13.3790521621704102,-38.2875518798828125,-1.0371737480163574
-17.1168594360351563,-39.8034858703613281,-1.3888328075408936
-17.2896575927734375,-34.5310516357421875,-1.9123672246932983
-29.8230838775634766,-50.3861961364746094,-1.0388047695159912
2.8131310939788818,-40.8694114685058594,-1.0368418693542480
18.1778564453125000,-32.6359825134277344,-2.2420084476470947
-22.9778423309326172,-41.3047256469726563,-2.2412528991699219
26.3288898468017578,-44.4854774475097656,-1.5580654144287109
21.0026893615722656,-56.0967330932617188,-1.0363414287567139
-8.5780048370361328,-44.7721252441406250,-2.2422490119934082
-25.0219154357910156,-47.3927955627441406,-2.2411007881164551
12.4652605056762695,-56.6163787841796875,-1.3283276557922363
-2.8712222576141357,-37.5566635131835938,-1.0356317758560181
-13.2314462661743164,-32.1357231140136719,-1.8871865272521973
25.0196704864501953,-57.0054588317871094,-2.2445657253265381
-5.8212466239929199,-46.1563568115234375,-1.0350416898727417
-10.6229524612426758,-40.7207489013671875,-1.0333802700042725
-5.8219456672668457,-44.9851837158203125,-2.2456774711608887
10.6198873519897461,-49.0577507019042969,-1.1583933830261230
-1.1223057508468628,-51.5186653137207031,-2.0160264968872070
11.5086536407470703,-54.6949348449707031,-2.2448546886444092
-22.7773303985595703,-47.4818954467773438,-1.3971480131149292
17.2743129730224609,-45.9717597961425781,-1.0384596586227417
8.5823345184326172,-48.7437057495117188,-1.2398377656936646
1.8743776082992554,-47.8074531555175781,-2.0024840831756592
6.1919312477111816,-18.7449798583984375,-1.7471196651458740
3.7794687747955322,-44.4459953308105469,-2.2485730648040771
17.2863540649414063,-40.9840087890625000,-2.2421252727508545
7.7679104804992676,-37.6856727600097656,-1.3804981708526611
-2.8674643039703369,-42.0245323181152344,-2.2461154460906982
-22.9841251373291016,-56.6128921508789063,-2.2462007999420166
-1.0189543962478638,-42.7973556518554688,-1.9890955686569214
2.9016938209533691,-38.0027885437011719,-1.0376735925674438
3.7105681896209717,-36.5567703247070313,-1.0336897373199463
13.3782405853271484,-28.4169769287109375,-1.0380010604858398
-8.5796155929565430,-47.7014808654785156,-2.0331318378448486
-3.6437544822692871,-38.5835342407226563,-2.2062094211578369
-7.6153516769409180,-23.7696838378906250,-1.0351060628890991
-18.1784915924072266,-37.9258499145507813,-2.2441627979278564
-17.2703113555908203,-31.1844959259033203,-1.0387493371963501
25.7047481536865234,-46.0686302185058594,-1.5602952241897583
-2.2702965736389160,-44.1343612670898438,-2.2510631084442139
12.5168590545654297,-50.4138603210449219,-2.2463862895965576
-7.0115442276000977,-24.6280727386474609,-2.2435638904571533
-21.1969127655029297,-56.0514068603515625,-1.0339150428771973
-13.3806324005126953,-45.4203224182128906,-1.8996157646179199
1.9306577444076538,-43.1835975646972656,-1.2792575359344482
15.4218750000000000,-49.5772552490234375,-2.2486107349395752
-2.8959875106811523,-40.1020736694335938,-2.2449674606323242
10.6194267272949219,-38.0347023010253906,-2.2445485591888428
12.3818101882934570,-57.0119934082031250,-2.2415955066680908
-11.4841670989990234,-50.7198905944824219,-1.0349683761596680
-3.7814540863037109,-56.0772590637207031,-1.2639783620834351
27.7776622772216797,-45.7872085571289063,-1.0387355089187622
-18.1811122894287109,-50.2779731750488281,-2.0234556198120117
-22.9837245941162109,-51.7813186645507813,-2.2438683509826660
-17.2142658233642578,-49.3206672668457031,-1.0355187654495239
-3.7780003547668457,-23.2002906799316406,-2.2415344715118408
-10.7039909362792969,-26.2738456726074219,-1.0385357141494751
-8.5000476837158203,-48.6610565185546875,-2.2473311424255371
8.5786170959472656,-53.5331611633300781,-1.0351457595825195
-32.5785827636718750,-55.4264869689941406,-1.0367270708084106
18.0537471771240234,-44.4808578491210938,-1.0349833965301514
-11.4369430541992188,-24.4277553558349609,-1.9385877847671509
22.7855758666992188,-41.8103675842285156,-1.0404019355773926
6.7506532669067383,-38.3376197814941406,-1.2819634675979614
7.5205011367797852,-29.1739635467529297,-1.4056204557418823
-3.7793588638305664,-57.0171813964843750,-1.0347095727920532
27.7815914154052734,-51.5950241088867188,-1.0367541313171387
-6.6801319122314453,-43.7939453125000000,-1.0351341962814331
25.0210304260253906,-49.3478507995605469,-1.0367980003356934
25.9495887756347656,-49.9750671386718750,-1.0367599725723267
-1.0668736696243286,-45.7169036865234375,-2.2424023151397705
26.7925434112548828,-49.4359741210937500,-2.2411496639251709
11.6296777725219727,-31.3909606933593750,-1.3805884122848511
21.1147689819335938,-44.9455413818359375,-2.2429919242858887
3.7803587913513184,-41.3120155334472656,-1.2842752933502197
22.0396537780761719,-51.8242034912109375,-2.2456755638122559
17.2352619171142578,-50.7851753234863281,-2.0319936275482178
6.7283535003662109,-51.5167922973632813,-2.2458271980285645
1.1557840108871460,-26.5944366455078125,-1.0372208356857300
3.7820577621459961,-54.0580177307128906,-1.0360648632049561
18.1784839630126953,-32.9770393371582031,-1.3050483465194702
-12.4638137817382813,-45.5256080627441406,-1.0354638099670410
-2.8471922874450684,-48.1546058654785156,-1.0346246957778931
12.5579261779785156,-43.7500686645507813,-1.8743914365768433
6.7242074012756348,-52.4841918945312500,-2.0235393047332764
20.2216739654541016,-47.1467018127441406,-1.1086819171905518
-8.5783681869506836,-32.5594520568847656,-2.2426018714904785
5.8187575340270996,-49.2866973876953125,-1.0345164537429810
13.3787336349487305,-36.5121269226074219,-2.2428686618804932
-21.8825340270996094,-46.5127525329589844,-1.9022744894027710
32.5779724121093750,-56.0241241455078125,-2.0372097492218018
12.5235404968261719,-40.9334068298339844,-1.8971903324127197
2.8108460903167725,-46.4001731872558594,-2.0139412879943848
27.4281768798828125,-53.4760055541992188,-1.3403639793395996
-1.2386784553527832,-36.4169731140136719,-1.0315961837768555
-12.5319852828979492,-45.9332923889160156,-1.9385809898376465
-15.4223661422729492,-32.1278266906738281,-1.0386397838592529
1.9294009208679199,-32.2523078918457031,-2.2432479858398438
-18.1761474609375000,-32.6987953186035156,-1.0387092828750610
-3.7827236652374268,-55.1374359130859375,-1.0286190509796143
2.0010247230529785,-51.7150115966796875,-2.2468495368957520
-6.6941189765930176,-41.6348114013671875,-2.2419183254241943
35.7848243713378906,-52.4827346801757813,-2.2410714626312256
2.0136067867279053,-46.0372886657714844,-1.0347521305084229
-2.9051902294158936,-49.7867660522460938,-2.0113799571990967
-13.3767156600952148,-28.3520298004150391,-2.2415263652801514
21.1205940246582031,-41.8817138671875000,-1.0384250879287720
32.5777206420898438,-50.9822311401367188,-2.2400131225585938
1.8609565496444702,-24.6572513580322266,-1.9034823179244995
-21.1509571075439453,-49.5104751586914063,-1.0387921333312988
-11.5690793991088867,-34.4692764282226563,-1.0368502140045166
-2.8644149303436279,-30.8823871612548828,-1.0362170934677124
-22.9777622222900391,-46.0272560119628906,-1.9273552894592285
-35.9727401733398438,-55.2425537109375000,-2.2440707683563232
3.7776834964752197,-20.1383152008056641,-1.3767806291580200
-3.7266488075256348,-18.8865718841552734,-1.3350197076797485
-7.7149825096130371,-29.1780529022216797,-2.2427484989166260
-8.3399076461791992,-40.9221801757812500,-2.2462110519409180
-18.1787071228027344,-36.9319305419921875,-2.2418744564056396
3.7438220977783203,-40.6151771545410156,-1.9939304590225220
5.8203516006469727,-32.3144836425781250,-2.2450277805328369
-1.1192040443420410,-52.4819030761718750,-2.2472262382507324
-3.7214891910552979,-20.8354797363281250,-1.0387783050537109
-8.5776653289794922,-31.5867919921875000,-2.0236079692840576
-16.4088840484619141,-48.4075317382812500,-2.2429459095001221
-2.8598041534423828,-32.3014869689941406,-2.2422742843627930
-7.6328196525573730,-22.3103160858154297,-1.0378326177597046
-10.6220016479492188,-29.2002830505371094,-1.3772552013397217
-32.5769538879394531,-51.5062713623046875,-1.2434915304183960
10.6209897994995117,-57.0029525756835938,-1.2443540096282959
1.0211740732192993,-47.4273071289062500,-1.2598724365234375
-13.3676338195800781,-34.0464897155761719,-2.2440917491912842
20.2203941345214844,-48.1394691467285156,-1.0331233739852905
8.5783643722534180,-30.4657630920410156,-1.0376883745193481
7.5142512321472168,-57.0049133300781250,-2.2429695129394531
5.8191404342651367,-57.0069198608398438,-1.0372778177261353
-30.5614624023437500,-49.7226600646972656,-1.1495600938796997
27.1651363372802734,-50.3618087768554688,-2.2412121295928955
-11.5064058303833008,-39.2731437683105469,-1.0368345975875854
8.3894662857055664,-29.4930515289306641,-1.0364015102386475
12.4366960525512695,-36.1846923828125000,-2.2434527873992920
-5.8197245597839355,-45.9440765380859375,-2.0055131912231445
3.6737134456634521,-19.2057132720947266,-1.0387004613876343
8.3880615234375000,-19.4047470092773438,-2.2411701679229736
2.9317646026611328,-20.1193943023681641,-2.0212240219116211
1.0177576541900635,-51.2329292297363281,-1.2563974857330322
35.2810821533203125,-52.4088935852050781,-1.0388612747192383
7.0817508697509766,-49.3352851867675781,-1.0304394960403442
17.2440662384033203,-50.7991104125976563,-1.0354982614517212
7.6166677474975586,-51.9645309448242188,-2.2461233139038086
-1.1524246931076050,-33.2131195068359375,-2.2455191612243652
11.4885463714599609,-30.9068088531494141,-2.2416784763336182
12.5756893157958984,-33.7948989868164063,-1.3739278316497803
16.9989871978759766,-55.0034408569335938,-1.0304349660873413
-6.2196049690246582,-18.0609855651855469,-1.0387154817581177
18.1770286560058594,-32.0152778625488281,-1.0388014316558838
11.5669937133789063,-30.4592266082763672,-1.0374777317047119
1.0220276117324829,-25.1713199615478516,-2.2422025203704834
12.3902215957641602,-51.8331031799316406,-1.0361222028732300
1.0215115547180176,-43.6011657714843750,-1.0333393812179565
10.6215772628784180,-31.8121795654296875,-1.0368385314941406
22.9786243438720703,-44.6520996093750000,-1.0373095273971558
-18.1830272674560547,-55.1048545837402344,-1.2475504875183105
8.5817489624023438,-56.0341796875000000,-1.0310505628585815
21.1241836547851563,-43.8279838562011719,-1.0374813079833984
1.8789753913879395,-49.8339805603027344,-1.2785357236862183
-1.9680018424987793,-52.9539413452148438,-2.0168929100036621
16.6001338958740234,-57.0099906921386719,-2.2481000423431396
21.9716148376464844,-43.3815612792968750,-1.3182566165924072
2.7477035522460938,-18.8710460662841797,-1.2900810241699219
5.8201107978820801,-33.2737617492675781,-2.0289859771728516
20.2220687866210938,-43.2194747924804688,-1.0369850397109985
21.7497692108154297,-45.6254997253417969,-1.0381758213043213
2.7934739589691162,-44.6805915832519531,-1.0361485481262207
21.2610569000244141,-42.0278892517089844,-2.2421984672546387
21.1559867858886719,-52.3446159362792969,-2.0302867889404297
-12.4509506225585938,-40.6105957031250000,-1.0372582674026489
3.7871365547180176,-56.0267524719238281,-2.2463643550872803
-37.2964248657226563,-57.0018501281738281,-1.1524559259414673
3.7788152694702148,-41.5661315917968750,-2.2461287975311279
-13.3805246353149414,-44.0013046264648438,-1.3783757686614990
-15.4199781417846680,-48.3037986755371094,-2.2442226409912109
-2.8474533557891846,-43.2850227355957031,-1.0306829214096069
2.8539917469024658,-32.1739883422851563,-1.0376189947128296
-1.0176967382431030,-43.9713745117187500,-1.2801514863967896
12.4012126922607422,-55.1151161193847656,-1.8913807868957520
10.6201028823852539,-40.3869590759277344,-1.3796894550323486
-5.8202314376831055,-32.4825057983398438,-2.2466402053833008
32.5787925720214844,-54.0536613464355469,-1.0382838249206543
-27.7782878875732422,-50.1545639038085938,-2.2423207759857178
-22.1360740661621094,-56.0990257263183594,-2.2472457885742188
-10.6216726303100586,-35.8249435424804688,-1.2953400611877441
-25.0217056274414063,-50.0088233947753906,-1.0381114482879639
-20.2230148315429688,-41.3079643249511719,-1.3761342763900757
3.7788000106811523,-48.2406005859375000,-1.9902977943420410
2.9373672008514404,-31.2368774414062500,-1.3447934389114380
8.5761976242065430,-23.2348995208740234,-2.2410769462585449
21.8996295928955078,-39.5211715698242188,-1.0386341810226440
22.9806880950927734,-54.0450363159179688,-2.2463405132293701
5.8222532272338867,-31.3557605743408203,-2.0176334381103516
-10.6199474334716797,-41.1506004333496094,-2.2468211650848389
-11.6013727188110352,-43.1229400634765625,-1.3739441633224487
-6.7199463844299316,-36.2490539550781250,-1.0376906394958496
13.3819513320922852,-44.1645469665527344,-2.2468404769897461
1.0206189155578613,-33.6903610229492188,-2.2472651004791260
12.4415845870971680,-39.5123100280761719,-1.3821401596069336
-32.5776748657226563,-53.4790954589843750,-1.0380727052688599
10.7221851348876953,-51.2483558654785156,-2.2438075542449951
12.4615345001220703,-46.6043930053710938,-2.2434539794921875
-16.3351116180419922,-33.1270866394042969,-1.9031589031219482
-16.3781681060791016,-34.0641517639160156,-2.2418892383575439
-16.3469295501708984,-43.7101707458496094,-2.0352365970611572
-20.2221050262451172,-47.5480079650878906,-2.2433810234069824
1.0223474502563477,-19.2978267669677734,-2.2413818836212158
-18.1491756439208984,-53.1502494812011719,-2.2427487373352051
20.2642478942871094,-44.3971939086914063,-2.2425441741943359
12.3487663269042969,-39.0201416015625000,-2.2432644367218018
1.9622817039489746,-56.2419776916503906,-1.0353688001632690
-26.0309143066406250,-54.0913925170898438,-2.2440869808197021
5.8205790519714355,-40.0579643249511719,-1.2529253959655762
-1.9860233068466187,-51.9890365600585938,-2.2437257766723633
-3.7782380580902100,-34.7321815490722656,-2.2460234165191650
-11.6882305145263672,-33.5489273071289063,-1.3932578563690186
1.0220416784286499,-53.1364212036132813,-2.2446899414062500
-6.7757368087768555,-34.3101158142089844,-1.0350114107131958
-15.4185457229614258,-45.4991073608398438,-1.0368273258209229
-10.9521360397338867,-43.9611358642578125,-1.8246946334838867
1.9509519338607788,-23.7271461486816406,-2.2424838542938232
21.1845817565917969,-51.3625831604003906,-1.0379530191421509
-2.9114696979522705,-39.4978179931640625,-1.0356534719467163
20.2189903259277344,-47.3122329711914063,-2.2452564239501953
-6.8064889907836914,-25.6598320007324219,-1.0317745208740234
-7.7166562080383301,-31.1157417297363281,-2.2431666851043701
13.3413352966308594,-32.2808151245117188,-1.0387783050537109
15.4695081710815430,-57.0113639831542969,-2.2414026260375977
1.8772048950195313,-45.8777389526367188,-2.0089473724365234
-21.2478504180908203,-48.9471397399902344,-1.9179030656814575
-12.4033699035644531,-27.7907905578613281,-2.2416155338287354
-12.5136728286743164,-54.6535530090332031,-2.2428390979766846
-2.1417999267578125,-55.4528999328613281,-2.2507894039154053
-17.2926406860351563,-37.4651870727539063,-2.2418870925903320
8.5800943374633789,-43.9857330322265625,-1.2912706136703491
-11.6001577377319336,-25.0218524932861328,-1.0388400554656982
-11.4881830215454102,-37.2924385070800781,-1.0370986461639404
18.1847782135009766,-54.0591621398925781,-1.0353429317474365
-25.8810253143310547,-51.5045928955078125,-1.0377571582794189
-22.9780883789062500,-48.8880081176757813,-1.8944286108016968
-13.3790111541748047,-32.6259727478027344,-1.0352650880813599
-15.4224290847778320,-31.1295433044433594,-1.0389125347137451
-12.4728727340698242,-41.5978126525878906,-1.0360534191131592
-1.0269623994827271,-38.2769966125488281,-1.0344266891479492
-12.5822677612304688,-28.2969989776611328,-1.3788117170333862
-18.1801776885986328,-55.1142158508300781,-2.2447350025177002
-2.2133295536041260,-55.2408714294433594,-1.0276253223419189
-17.3881034851074219,-54.6304550170898438,-1.8935196399688721
18.1777725219726563,-38.7680511474609375,-1.0345746278762817
-27.7336215972900391,-55.0839347839355469,-2.0275244712829590
-21.0981140136718750,-47.0284194946289063,-2.2417974472045898
35.7085456848144531,-57.0039901733398438,-1.0371696949005127
-21.1676101684570313,-52.4379005432128906,-1.0389273166656494
37.3011398315429688,-57.0027694702148438,-2.2411530017852783
1.8927227258682251,-41.2670249938964844,-1.0376591682434082
11.5243272781372070,-36.5876426696777344,-2.2448315620422363
-13.2144041061401367,-37.3815879821777344,-1.3968216180801392
3.6950199604034424,-45.3836517333984375,-1.9817856550216675
-2.8123853206634521,-22.6117515563964844,-2.2417559623718262
1.1688240766525269,-30.4252624511718750,-1.0369045734405518
-5.8248944282531738,-40.4817428588867188,-1.0350900888442993
7.6758890151977539,-38.6081352233886719,-1.0370445251464844
36.3279190063476563,-56.2240104675292969,-2.2415657043457031
13.3480691909790039,-47.9465484619140625,-2.0171973705291748
-6.8166985511779785,-21.7650547027587891,-2.2419512271881104
-10.6217288970947266,-40.2319869995117188,-1.8959633111953735
-36.3887405395507813,-54.3715972900390625,-1.9927117824554443
10.6216001510620117,-38.9616203308105469,-1.8972597122192383
6.7493138313293457,-29.0529613494873047,-2.2429139614105225
-16.2886981964111328,-32.6285705566406250,-1.0388517379760742
-10.6223344802856445,-36.7818794250488281,-1.0371413230895996
1.9054009914398193,-41.0586433410644531,-2.2415330410003662
22.1539287567138672,-41.8424263000488281,-1.8367402553558350
-13.3777818679809570,-30.2227840423583984,-2.2435717582702637
7.7204384803771973,-42.5514717102050781,-1.0360541343688965
-6.8030796051025391,-43.5678672790527344,-1.9926050901412964
7.6213049888610840,-27.2546081542968750,-1.0383056402206421
-26.8219623565673828,-47.9077568054199219,-1.0374479293823242
-17.1792469024658203,-38.3936996459960938,-1.8991819620132446
15.4110116958618164,-56.0256271362304688,-1.0357116460800171
18.1777572631835938,-48.2204933166503906,-2.0283694267272949
8.5788927078247070,-38.1870689392089844,-1.0365643501281738
-2.8767671585083008,-51.0201721191406250,-1.2831310033798218
-7.6271123886108398,-23.8491382598876953,-2.2438421249389648
-6.6971321105957031,-42.6201019287109375,-2.2431061267852783
-27.4690628051757813,-46.0438728332519531,-1.0388729572296143
-5.8212461471557617,-39.5278968811035156,-1.2842110395431519
-13.3792600631713867,-40.6762695312500000,-2.2456216812133789
-22.9467697143554688,-57.0121688842773438,-1.3395863771438599
-10.6229906082153320,-26.8282508850097656,-2.2416822910308838
1.9908638000488281,-19.7918071746826172,-1.9517688751220703
13.2733888626098633,-27.9822673797607422,-2.2413637638092041
-15.4221429824829102,-47.3082656860351563,-2.2412858009338379
-1.0216042995452881,-37.9942779541015625,-2.0453858375549316
27.6916942596435547,-50.6856193542480469,-1.4359637498855591
-30.7173156738281250,-51.6863937377929688,-1.0387887954711914
11.6781368255615234,-49.0193939208984375,-1.8738061189651489
-2.8812673091888428,-36.2637748718261719,-2.2440946102142334
5.8219127655029297,-39.0047874450683594,-2.2424554824829102
2.4972343444824219,-54.4001235961914063,-1.0295712947845459
2.8104598522186279,-34.6802139282226563,-2.0596554279327393
-25.0207118988037109,-52.0090141296386719,-2.2395658493041992
11.6445474624633789,-49.9331855773925781,-2.2464733123779297
17.2722167968750000,-35.2800254821777344,-1.9978177547454834
22.9788036346435547,-49.1580352783203125,-2.2392723560333252
-2.8337423801422119,-34.2832183837890625,-2.2431750297546387
-13.2584142684936523,-49.7180862426757813,-1.0350004434585571
5.8209972381591797,-29.4152107238769531,-2.2421455383300781
27.7828540802001953,-51.2668151855468750,-2.2413895130157471
-30.6853008270263672,-53.2326583862304688,-2.0442874431610107
-12.5208778381347656,-53.6556625366210938,-2.2482340335845947
-10.6859483718872070,-57.0145683288574219,-2.0291905403137207
5.8202228546142578,-25.0355815887451172,-1.0349982976913452
1.8684639930725098,-17.3986110687255859,-1.0400030612945557
-11.6572246551513672,-56.0212860107421875,-2.2450344562530518
3.7416007518768311,-29.7587356567382813,-1.0353436470031738
-21.0723857879638672,-45.0930709838867188,-1.9230674505233765
-27.7791213989257813,-52.1339721679687500,-2.2427077293395996
15.4211864471435547,-32.6873130798339844,-1.3316762447357178
-22.1706218719482422,-55.1267204284667969,-2.2459900379180908
-31.6615867614746094,-54.1128616333007813,-1.0379433631896973
-3.7789218425750732,-29.9895992279052734,-1.8991388082504272
-10.6193399429321289,-47.6429367065429688,-2.2466995716094971
-25.0234375000000000,-48.2164916992187500,-1.6444102525711060
-5.8202333450317383,-52.6997413635253906,-2.2456302642822266
26.8951988220214844,-54.9355812072753906,-1.0360523462295532
1.8521368503570557,-42.0172004699707031,-1.9825387001037598
-36.3496437072753906,-56.1758422851562500,-2.2429742813110352
-10.6200342178344727,-45.7441329956054688,-1.9766757488250732
15.4199914932250977,-47.8237800598144531,-1.0369932651519775
-2.0415740013122559,-26.0755825042724609,-2.2436485290527344
10.6220302581787109,-33.2101173400878906,-2.2416710853576660
17.3233032226562500,-41.9501075744628906,-2.0007634162902832
7.6027331352233887,-51.0078887939453125,-2.0161728858947754
-37.3022041320800781,-54.9319076538085938,-1.0383089780807495
18.1797752380371094,-57.0085487365722656,-1.0377727746963501
-6.6956133842468262,-46.6664123535156250,-1.0375417470932007
-3.7782773971557617,-47.2919654846191406,-2.2461011409759521
-27.7781772613525391,-56.0455207824707031,-2.2461726665496826
-8.5785551071166992,-22.1326408386230469,-1.3041692972183228
15.4339590072631836,-52.5707015991210938,-1.0276651382446289
-16.3169631958007813,-35.4843788146972656,-1.0384898185729980
-3.7779221534729004,-39.5679779052734375,-2.2413871288299561
-7.6070213317871094,-45.2248344421386719,-2.0216534137725830
12.4216928482055664,-45.2114982604980469,-1.3346287012100220
-15.4194526672363281,-46.3124046325683594,-2.2447056770324707
13.2531299591064453,-37.4625892639160156,-1.9918969869613647
-15.4211206436157227,-41.4561614990234375,-2.2410707473754883
3.7780652046203613,-35.6031532287597656,-1.2832430601119995
-2.8071455955505371,-26.0992336273193359,-1.3758409023284912
-16.2523593902587891,-31.6925735473632813,-1.3841065168380737
6.7989110946655273,-39.2974395751953125,-1.0348231792449951
-3.7783093452453613,-47.5541152954101563,-1.2901772260665894
-21.1941642761230469,-53.6867218017578125,-2.2481894493103027
-10.6228513717651367,-23.9221057891845703,-2.2410805225372314
-22.9810638427734375,-56.0813751220703125,-1.0348955392837524
-12.4475345611572266,-25.4304828643798828,-1.3754863739013672
-7.7521944046020508,-25.2896842956542969,-2.2456312179565430
-1.8714147806167603,-53.9118003845214844,-2.2445573806762695
-8.5795888900756836,-24.9998626708984375,-1.0382951498031616
-2.0871083736419678,-25.1455307006835938,-1.8922070264816284
17.2400112152099609,-37.2187843322753906,-2.0025289058685303
-2.8879346847534180,-35.2729301452636719,-2.2332646846771240
-11.5689811706542969,-47.8387336730957031,-1.3818879127502441
-11.5958547592163086,-49.3210792541503906,-2.2454605102539063
-2.8648626804351807,-29.8909301757812500,-1.0373829603195190
13.3780136108398438,-57.0127182006835938,-1.2458648681640625
15.4215984344482422,-39.9077186584472656,-2.2444534301757813
-20.2221546173095703,-49.4514770507812500,-1.9033544063568115
11.4917411804199219,-43.7741088867187500,-1.0333422422409058
5.8175196647644043,-48.2997970581054688,-1.0335274934768677
-13.3781118392944336,-36.4722290039062500,-1.0374295711517334
-6.7099771499633789,-32.0404739379882813,-2.2451424598693848
1.0211538076400757,-24.6706714630126953,-1.3678392171859741
-12.1667604446411133,-56.0115814208984375,-1.0334517955780029
12.4114828109741211,-25.5714321136474609,-2.2411358356475830
10.6201725006103516,-45.6769027709960938,-2.2458729743957520
31.4897365570068359,-52.9013442993164063,-2.2414445877075195
12.4211473464965820,-31.8926296234130859,-1.0374289751052856
16.3460006713867188,-39.6043014526367188,-2.0256743431091309
-29.8221416473388672,-55.5896186828613281,-2.2432241439819336
32.5794563293457031,-57.0014419555664063,-2.2425074577331543
-15.4215707778930664,-38.1924819946289063,-2.2444150447845459
-3.7700657844543457,-38.9874649047851563,-1.0372196435928345
-21.9276657104492188,-53.7664947509765625,-1.0372242927551270
-3.7784543037414551,-37.5974807739257813,-2.2455804347991943
-37.3022804260253906,-57.0012626647949219,-2.2419247627258301
18.1850490570068359,-56.0159492492675781,-2.2438578605651855
-11.4803724288940430,-40.6474227905273438,-2.2420432567596436
18.1778888702392578,-35.8941879272460938,-1.2807817459106445
18.0103931427001953,-40.6621322631835938,-1.0375477075576782
31.0017013549804688,-57.0052528381347656,-2.2457733154296875
11.6867475509643555,-32.8163108825683594,-1.8765896558761597
-11.6300878524780273,-52.2828636169433594,-1.9464166164398193
1.0141848325729370,-56.0325088500976563,-2.2478570938110352
7.6564455032348633,-43.7791900634765625,-2.0064127445220947
-1.9609974622726440,-40.4517784118652344,-2.2451910972595215
-5.8222389221191406,-28.6204166412353516,-2.2441089153289795
-35.2267990112304688,-54.5806503295898438,-2.2414913177490234
2.9133419990539551,-35.1392402648925781,-1.0395650863647461
11.5362091064453125,-46.6502265930175781,-1.0373367071151733
-15.4215450286865234,-44.5153694152832031,-1.0370531082153320
-5.8208322525024414,-34.0240020751953125,-1.0287985801696777
-1.0223526954650879,-19.8488769531250000,-2.2411863803863525
17.3897876739501953,-57.0061492919921875,-1.6407616138458252
18.1779727935791016,-38.5143508911132813,-1.9974933862686157
2.7834870815277100,-41.5253028869628906,-2.2435114383697510
-3.7777514457702637,-31.9094982147216797,-2.2421867847442627
3.7780845165252686,-26.8490295410156250,-1.3797657489776611
1.0293153524398804,-38.6052436828613281,-2.2413737773895264
5.8223934173583984,-56.0439414978027344,-2.0084433555603027
-35.6196136474609375,-57.0014190673828125,-2.2414102554321289
-1.2104791402816772,-40.1702270507812500,-1.0355308055877686
-1.0189113616943359,-57.0055351257324219,-1.0345386266708374
-3.7785527706146240,-49.4507331848144531,-1.2777705192565918
-2.9613349437713623,-31.8698863983154297,-1.0382030010223389
13.3825330734252930,-56.0602340698242188,-1.0337566137313843
-3.7779896259307861,-50.4293632507324219,-1.2767664194107056
8.5779104232788086,-27.1453399658203125,-2.2420904636383057
-1.9564017057418823,-29.4667053222656250,-1.0358341932296753
-5.8203287124633789,-51.7436828613281250,-2.0083990097045898
1.0485603809356689,-40.7353630065917969,-1.0335046052932739
-20.2214069366455078,-46.5524368286132813,-2.2417178153991699
21.0959720611572266,-43.0087165832519531,-2.2421393394470215
-21.0951900482177734,-39.8828086853027344,-1.0389688014984131
-10.7697134017944336,-48.3168029785156250,-1.0323386192321777
21.1287689208984375,-41.1764297485351563,-1.7447559833526611
-6.5817575454711914,-35.2725906372070313,-1.0376039743423462
-2.8651535511016846,-23.6046676635742188,-2.2415745258331299
11.4960079193115234,-28.0478191375732422,-2.2425730228424072
21.0294075012207031,-49.8109092712402344,-2.2457199096679688
2.0088086128234863,-33.6868667602539063,-1.0369114875793457
15.4219684600830078,-31.9105720520019531,-2.0214712619781494
-10.6205749511718750,-56.0694046020507813,-2.2457284927368164
-5.8204908370971680,-26.5680408477783203,-1.0373777151107788
-25.8195896148681641,-47.9919242858886719,-2.2412049770355225
-2.5441677570343018,-57.0150260925292969,-2.2469329833984375
1.0220035314559937,-27.0188407897949219,-2.2421281337738037
-15.4190006256103516,-56.0434188842773438,-1.0337970256805420
18.1782665252685547,-48.2976875305175781,-1.0348590612411499
36.2972869873046875,-54.8121604919433594,-2.2417421340942383
-13.1944646835327148,-39.7751731872558594,-1.8889758586883545
1.0838521718978882,-18.8823471069335938,-1.3353633880615234
-5.8216443061828613,-36.3266029357910156,-2.2436673641204834
-11.6022443771362305,-51.2371063232421875,-1.9488172531127930
-2.9124541282653809,-25.5874347686767578,-2.2383384704589844
-25.0270481109619141,-49.0106658935546875,-1.0389227867126465
10.6213560104370117,-38.4689483642578125,-1.0350359678268433
21.1861381530761719,-52.4382781982421875,-1.0379209518432617
-16.2940845489501953,-45.9637336730957031,-1.0361809730529785
-12.5030231475830078,-52.6689376831054688,-2.2445700168609619
3.7779414653778076,-33.9514999389648438,-2.2429685592651367
27.7805385589599609,-55.3247718811035156,-1.2580833435058594
15.4208517074584961,-55.0531120300292969,-2.2415318489074707
-34.6222648620605469,-53.5920867919921875,-1.0387381315231323
-20.2235069274902344,-42.2470321655273438,-1.0384297370910645
-13.3807582855224609,-52.4912605285644531,-1.2979552745819092
-1.9033216238021851,-35.2292976379394531,-1.0372028350830078
-1.0215836763381958,-57.0089950561523438,-2.2474372386932373
11.6115598678588867,-39.0790596008300781,-1.0350968837738037
-32.5778312683105469,-52.4767951965332031,-2.2413477897644043
8.5778884887695313,-22.2365608215332031,-2.2424435615539551
1.0746750831604004,-22.1889953613281250,-2.2415783405303955
-8.5776033401489258,-27.7054157257080078,-2.0122196674346924
-11.4764919281005859,-37.8314933776855469,-1.9264969825744629
10.6223583221435547,-28.9712753295898438,-1.0380980968475342
16.3688774108886719,-52.2938308715820313,-1.2470537424087524
26.7678527832031250,-48.4678840637207031,-2.0010423660278320
22.7108078002929688,-50.3028450012207031,-1.2676019668579102
1.0660945177078247,-21.7843227386474609,-1.3296376466751099
37.3013610839843750,-53.1268501281738281,-1.7787367105484009
-3.7809722423553467,-32.8991622924804688,-2.2435464859008789
-15.4202823638916016,-38.8943214416503906,-1.0345885753631592
7.6584186553955078,-21.8461017608642578,-2.2412698268890381
-17.2805747985839844,-31.6479511260986328,-1.9230555295944214
20.2204132080078125,-46.1532173156738281,-1.0360200405120850
-18.1776447296142578,-32.9954528808593750,-2.0333225727081299
-8.5274982452392578,-18.3275165557861328,-1.3657608032226563
-10.6218528747558594,-35.5095443725585938,-2.2424802780151367
16.0501899719238281,-56.4738693237304688,-1.6370060443878174
-18.1330394744873047,-42.7435379028320313,-2.1175746917724609
-1.0216619968414307,-23.1047554016113281,-1.0384765863418579
-2.8070869445800781,-27.0366325378417969,-1.0381324291229248
15.4222393035888672,-40.8706169128417969,-1.9977926015853882
-11.5629262924194336,-26.9312648773193359,-1.0385349988937378
6.8349690437316895,-32.8378715515136719,-2.2440848350524902
3.0183389186859131,-52.2093582153320313,-1.0366494655609131
-2.9397952556610107,-53.6344680786132813,-1.9962066411972046
27.7783527374267578,-46.7627792358398438,-1.2510491609573364
-13.3789377212524414,-47.3438835144042969,-2.2438974380493164
-27.7799339294433594,-57.0061759948730469,-1.0360113382339478
6.6954064369201660,-57.0110130310058594,-1.5050882101058960
-22.8831329345703125,-54.1069450378417969,-1.0377354621887207
13.2943058013916016,-26.5438556671142578,-1.0386760234832764
-6.6764850616455078,-45.5023269653320313,-2.2450168132781982
11.4253883361816406,-47.5842323303222656,-1.3618692159652710
-1.9152709245681763,-26.5480213165283203,-1.3774622678756714
-1.0088002681732178,-54.4110221862792969,-2.2501053810119629
-8.5767240524291992,-21.1729869842529297,-1.0381102561950684
-12.5390586853027344,-33.5516662597656250,-1.9097214937210083
11.4589328765869141,-51.8216667175292969,-1.8912537097930908
-1.9102851152420044,-42.2631301879882813,-2.2427136898040771
16.2830562591552734,-42.6010360717773438,-1.2563670873641968
-1.0211015939712524,-52.5959205627441406,-1.2692151069641113
-17.2872200012207031,-32.5935859680175781,-2.2412002086639404
7.8335509300231934,-56.2824783325195313,-1.6426370143890381
11.4811296463012695,-42.3653144836425781,-2.2429013252258301
-16.4171962738037109,-36.9381256103515625,-2.2419962882995605
-16.3502616882324219,-47.4785957336425781,-1.9162908792495728
-29.8224620819091797,-52.3012275695800781,-1.0385596752166748
1.9119719266891479,-25.1573352813720703,-1.0385674238204956
-7.6887803077697754,-28.3622646331787109,-1.0375981330871582
-22.9776763916015625,-46.9694862365722656,-2.2418792247772217
-10.6413049697875977,-31.1324443817138672,-1.0382565259933472
-17.2914619445800781,-40.3160438537597656,-2.2416579723358154
7.6598343849182129,-28.6484661102294922,-2.2421138286590576
26.6893348693847656,-49.2143516540527344,-1.0384078025817871
-1.0215902328491211,-53.5435104370117188,-1.0349427461624146
-31.6249065399169922,-55.0441627502441406,-2.2423059940338135
-8.5791120529174805,-39.0306777954101563,-1.2543885707855225
3.7673299312591553,-50.5460929870605469,-2.2457818984985352
-25.0214176177978516,-54.4356803894042969,-1.0370014905929565
3.7779536247253418,-38.7130470275878906,-1.9958472251892090
22.9780979156494141,-41.2873992919921875,-1.9267586469650269
-12.4010276794433594,-32.6269989013671875,-2.2434680461883545
5.8220438957214355,-24.8405513763427734,-2.2419862747192383
-16.3913192749023438,-33.6211585998535156,-1.0380103588104248
-15.4204626083374023,-54.1062011718750000,-2.2451901435852051
37.3011779785156250,-57.0026130676269531,-1.0390102863311768
-17.2963657379150391,-36.4678115844726563,-2.2404222488403320
22.8807621002197266,-47.0247726440429688,-1.9156907796859741
7.5150542259216309,-19.8668956756591797,-2.0927114486694336
18.1782417297363281,-41.4359970092773438,-2.0121467113494873
6.8045773506164551,-19.9024276733398438,-1.3914288282394409
-1.0213614702224731,-28.9228668212890625,-1.0560357570648193
-3.6443428993225098,-33.8171691894531250,-1.8961883783340454
22.2055606842041016,-51.0798873901367188,-1.6222367286682129
13.3789453506469727,-48.9003791809082031,-2.2439253330230713
-32.5771713256835938,-50.5030860900878906,-2.0369167327880859
11.6645927429199219,-50.9239959716796875,-2.2448735237121582
1.0222873687744141,-23.6750946044921875,-1.3736814260482788
-1.9805334806442261,-45.1774368286132813,-2.2449014186859131
25.0203418731689453,-50.3413391113281250,-2.2423477172851563
34.6222610473632813,-55.0363731384277344,-2.2412390708923340
-16.3204212188720703,-36.0009689331054688,-1.9140741825103760
-17.2893123626708984,-38.8865165710449219,-1.0382312536239624
-3.7750353813171387,-49.2158126831054688,-2.2440185546875000
-31.6267852783203125,-52.1627616882324219,-1.0385937690734863
22.9708976745605469,-44.2277488708496094,-2.2414448261260986
11.4465980529785156,-44.2607688903808594,-1.8926171064376831
8.5753507614135742,-51.6245651245117188,-1.0352685451507568
-5.8196816444396973,-50.7867813110351563,-2.2465281486511230
-5.8204240798950195,-49.7992057800292969,-2.2428207397460938
2.9215624332427979,-25.9491214752197266,-1.9360060691833496
1.0222936868667603,-21.1942729949951172,-2.2413597106933594
8.5786523818969727,-26.1879482269287109,-1.9669113159179688
31.7109718322753906,-51.9548950195312500,-1.0387086868286133
-18.1782073974609375,-35.5863647460937500,-1.3076453208923340
-16.3221874237060547,-37.8844337463378906,-1.9452407360076904
-11.5847511291503906,-25.3676090240478516,-2.2411227226257324
-6.7700576782226563,-40.0819206237792969,-2.2439057826995850
-27.7788715362548828,-57.0081748962402344,-2.0312590599060059
-13.3778152465820313,-29.7931461334228516,-1.0385985374450684
12.3341436386108398,-28.9331874847412109,-1.0384814739227295
12.5258321762084961,-32.2873687744140625,-1.9458104372024536
-25.9259185791015625,-56.0452880859375000,-2.0242073535919189
20.2193622589111328,-52.6043014526367188,-2.2479188442230225
2.0711846351623535,-30.8496360778808594,-1.0372307300567627
-12.3985137939453125,-47.8162460327148438,-1.9653720855712891
-6.7138791084289551,-28.1113033294677734,-2.0307714939117432
-10.6217212677001953,-48.5865707397460938,-1.9753600358963013
10.6188039779663086,-56.0286293029785156,-1.0386153459548950
2.7994523048400879,-20.7862796783447266,-1.2911719083786011
22.9788742065429688,-56.0597724914550781,-1.2523390054702759
13.3782815933227539,-32.7114410400390625,-2.2432868480682373
5.8232359886169434,-19.3449916839599609,-1.0387873649597168
-2.9112720489501953,-35.6700401306152344,-1.0344096422195435
11.5673265457153320,-55.1030120849609375,-1.3450579643249512
6.7117867469787598,-41.4715232849121094,-2.2433705329895020
-5.8182511329650879,-26.6860332489013672,-2.2447667121887207
-20.2204914093017578,-57.0090255737304688,-2.0311274528503418
-1.0221892595291138,-25.0627918243408203,-1.0371469259262085
25.7970161437988281,-56.0548248291015625,-1.0349140167236328
-2.8480594158172607,-22.2631168365478516,-1.0389147996902466
-1.8954709768295288,-28.0551815032958984,-2.2421352863311768
-1.8664655685424805,-43.2448310852050781,-2.2463045120239258
-12.4526786804199219,-35.4773597717285156,-2.2422113418579102
25.9377784729003906,-53.2602424621582031,-1.0362379550933838
27.7714366912841797,-56.2886238098144531,-1.0332934856414795
1.0218298435211182,-34.6817245483398438,-2.2412059307098389
-3.7782127857208252,-53.2594871520996094,-1.0325890779495239
-16.4187564849853516,-56.0293769836425781,-2.2449812889099121
-1.0224062204360962,-37.0237350463867188,-2.2450006008148193
7.7228507995605469,-33.2221488952636719,-2.0089185237884521
-10.6219129562377930,-32.0728530883789063,-1.3644169569015503
6.8593659400939941,-18.9699192047119141,-1.0388573408126831
5.8163142204284668,-55.1158790588378906,-1.2523753643035889
13.1621618270874023,-45.0832443237304688,-1.9881145954132080
-27.7777347564697266,-51.1443862915039063,-2.1220402717590332
-16.1527538299560547,-40.7809333801269531,-2.2427649497985840
20.9061641693115234,-45.6477546691894531,-1.5705852508544922
-16.2831821441650391,-37.4744453430175781,-1.0378780364990234
1.9125126600265503,-45.0883979797363281,-1.2685329914093018
1.0214706659317017,-47.3510360717773438,-2.2470819950103760
2.6016974449157715,-49.1519775390625000,-1.6990514993667603
-13.3788995742797852,-50.6358528137207031,-1.3614989519119263
-7.3796944618225098,-56.0506706237792969,-2.2461309432983398
-8.5788412094116211,-27.9108390808105469,-1.0358510017395020
-7.7695121765136719,-34.2350845336914063,-1.0375900268554688
27.7785434722900391,-52.2645759582519531,-2.2417838573455811
-10.6193771362304688,-43.1303024291992188,-2.2433152198791504
-8.5792322158813477,-43.8221206665039063,-1.0379506349563599
21.0616817474365234,-38.7724800109863281,-1.0387902259826660
6.7138090133666992,-28.0671348571777344,-2.2416248321533203
-17.3185596466064453,-45.1123619079589844,-1.9307581186294556
7.6174697875976563,-20.8489913940429688,-2.2410399913787842
-2.8860266208648682,-30.4699363708496094,-2.2424690723419189
12.4363059997558594,-47.5936431884765625,-2.2434797286987305
-1.0216259956359863,-33.6157150268554688,-1.0367976427078247
2.8321533203125000,-21.7485446929931641,-1.0380635261535645
-25.0221786499023438,-55.4262771606445313,-2.2430653572082520
-20.3313274383544922,-53.1862487792968750,-1.9791309833526611
5.8208560943603516,-44.4263801574707031,-1.0328336954116821
-18.1778182983398438,-33.6635742187500000,-1.2917052507400513
1.0214378833770752,-53.1470565795898438,-1.2506247758865356
29.8367767333984375,-54.0594673156738281,-2.0360291004180908
6.6147832870483398,-43.5874595642089844,-2.2458660602569580
1.0220175981521606,-45.4203071594238281,-2.2449467182159424
-20.2202148437500000,-50.3874664306640625,-2.2427825927734375
16.3447189331054688,-37.6617164611816406,-2.0253324508666992
6.1040210723876953,-19.6080513000488281,-2.2415287494659424
1.0214910507202148,-37.6170043945312500,-2.2457215785980225
15.4970617294311523,-45.9265251159667969,-1.0362738370895386
-5.8263206481933594,-27.6534557342529297,-2.0274648666381836
-17.1860904693603516,-33.1143264770507813,-1.3674464225769043
-11.5897827148437500,-48.3311500549316406,-2.2450711727142334
12.3218984603881836,-27.0309257507324219,-1.3726369142532349
-13.2376337051391602,-39.2663078308105469,-1.0366784334182739
7.6978654861450195,-42.8272552490234375,-2.2448399066925049
3.7877583503723145,-56.0234718322753906,-1.0351419448852539
18.1424160003662109,-40.4701385498046875,-2.2415983676910400
-10.6222915649414063,-27.2672805786132813,-1.0382939577102661
12.4289541244506836,-56.0346336364746094,-2.2449398040771484
6.6663794517517090,-39.5351715087890625,-1.9888192415237427
31.3832569122314453,-52.8973922729492188,-1.0373271703720093
3.7776565551757813,-23.0075912475585938,-1.3772970438003540
1.9167484045028687,-46.9881935119628906,-1.2636562585830688
-11.6673336029052734,-34.9725379943847656,-1.8910709619522095
-20.2223091125488281,-43.2447624206542969,-1.0386222600936890
-11.4901332855224609,-56.6637687683105469,-1.3331383466720581
25.0221900939941406,-48.5518989562988281,-1.6339541673660278
17.2724666595458984,-36.2486801147460938,-2.2414441108703613
15.4208669662475586,-55.0408287048339844,-1.0378177165985107
-3.7779469490051270,-35.2058372497558594,-1.3739200830459595
-18.1776485443115234,-51.1793746948242188,-1.2497884035110474
-32.5776405334472656,-56.2139587402343750,-1.6424107551574707
5.8982310295104980,-22.8981704711914063,-2.2411222457885742
-12.4756727218627930,-24.4910869598388672,-1.0388135910034180
-1.0207724571228027,-44.7373008728027344,-2.1047546863555908
-8.5818347930908203,-33.5553054809570313,-2.2433617115020752
-31.6676807403564453,-54.0698738098144531,-2.0350799560546875
-18.1794223785400391,-44.7230796813964844,-2.2416956424713135
3.7674603462219238,-35.8579597473144531,-2.2459270954132080
-1.9121494293212891,-27.4797649383544922,-1.0375388860702515
20.3961696624755859,-38.0276184082031250,-1.0387543439865112
-2.0525395870208740,-19.8920364379882813,-1.0387754440307617
-34.6150207519531250,-56.2094078063964844,-1.6336286067962646
-8.5257463455200195,-28.8693161010742188,-1.2704892158508301
1.0741368532180786,-36.0174598693847656,-1.3072655200958252
-35.6942977905273438,-53.6983146667480469,-2.2411475181579590
17.2247848510742188,-39.1852455139160156,-2.2412855625152588
6.7515478134155273,-56.3642425537109375,-2.2469444274902344
1.0564458370208740,-40.5540351867675781,-2.0127167701721191
-6.8545217514038086,-40.1436309814453125,-1.0367633104324341
15.4341268539428711,-46.6604232788085938,-2.2459189891815186
-3.7779188156127930,-46.6036262512207031,-1.0350117683410645
-7.7152442932128906,-26.2685909271240234,-1.9955991506576538
2.0843155384063721,-47.9270324707031250,-1.0364698171615601
-18.1785964965820313,-49.3218879699707031,-2.2440626621246338
-2.9048261642456055,-29.5162982940673828,-1.9594285488128662
10.8232383728027344,-49.3719978332519531,-2.2454595565795898
-37.1987762451171875,-55.0472602844238281,-2.2412567138671875
13.3733816146850586,-30.8457546234130859,-2.2425413131713867
12.3554792404174805,-41.8485412597656250,-2.2433125972747803
-25.0215606689453125,-46.5688819885253906,-1.6770468950271606
-8.5806703567504883,-41.8744964599609375,-2.2447004318237305
34.6223144531250000,-53.0794181823730469,-1.3762042522430420
-7.7144122123718262,-28.2075138092041016,-2.0226593017578125
11.5349597930908203,-24.7252044677734375,-1.0389026403427124
26.2805042266845703,-55.4355087280273438,-1.6333956718444824
-1.8937677145004272,-45.4179916381835938,-1.0350077152252197
-30.6999740600585938,-54.6346321105957031,-1.0388278961181641
-12.4189586639404297,-55.0571327209472656,-1.1438953876495361
-8.5784158706665039,-50.5815277099609375,-2.2472615242004395
10.6218767166137695,-55.0953559875488281,-2.0226838588714600
-2.9562168121337891,-40.4498138427734375,-1.3148560523986816
5.8217830657958984,-36.1699371337890625,-1.0338956117630005
12.3632078170776367,-44.2640533447265625,-1.0380499362945557
-1.9167450666427612,-53.1060409545898438,-1.0351637601852417
-22.7917175292968750,-51.3017616271972656,-1.3930301666259766
1.8789229393005371,-52.6737060546875000,-2.0272905826568604
-8.5821895599365234,-24.7412090301513672,-2.2436709403991699
20.2187652587890625,-50.6874160766601563,-2.2492678165435791
35.6758575439453125,-54.0339813232421875,-1.0384706258773804
1.8955652713775635,-39.3753395080566406,-1.0358884334564209
-1.0215332508087158,-48.6045379638671875,-2.0224022865295410
-22.9779968261718750,-52.2135276794433594,-1.0379430055618286
15.4195699691772461,-53.3004417419433594,-1.6650015115737915
3.7778403759002686,-40.3612823486328125,-1.0326811075210571
32.5795326232910156,-55.0294799804687500,-1.2444943189620972
-18.1772518157958984,-34.6274490356445313,-1.0383436679840088
5.8222808837890625,-20.2252292633056641,-1.5097055435180664
8.5777854919433594,-26.5487327575683594,-1.0376136302947998
34.7099266052246094,-57.0024871826171875,-1.0387028455734253
7.7116575241088867,-43.5784187316894531,-1.0338648557662964
-8.5792551040649414,-36.0984802246093750,-1.1312364339828491
5.8217620849609375,-22.0759391784667969,-1.2596817016601563
6.0564279556274414,-56.0482139587402344,-1.0373711585998535
8.5365409851074219,-33.4314384460449219,-1.0373774766921997
-16.3073101043701172,-52.6965103149414063,-1.0364135503768921
-25.6437664031982422,-49.5170860290527344,-1.6415808200836182
-18.0109252929687500,-37.4329414367675781,-1.3961658477783203
3.7785985469818115,-57.0097999572753906,-2.2133438587188721
37.3012428283691406,-54.0114631652832031,-2.2413277626037598
2.0641229152679443,-42.2386093139648438,-1.0349172353744507
-6.0209670066833496,-45.2276077270507813,-1.3025952577590942
17.3247833251953125,-33.1930389404296875,-1.9730030298233032
15.4223623275756836,-36.9840583801269531,-2.2418260574340820
-6.7326493263244629,-27.0957508087158203,-1.0351244211196899
-31.6116695404052734,-57.0044479370117188,-1.2500633001327515
-10.6195621490478516,-41.6409301757812500,-1.3849405050277710
30.7132396697998047,-54.6525039672851563,-1.0387316942214966
22.0882053375244141,-52.8040733337402344,-1.2584705352783203
-3.7784574031829834,-28.5521354675292969,-1.3743075132369995
26.2448139190673828,-51.9386596679687500,-1.0362218618392944
-25.6536121368408203,-45.8277816772460938,-1.4565454721450806
22.9783515930175781,-53.1940040588378906,-1.0370637178421021
1.9757115840911865,-56.2435760498046875,-2.2436437606811523
11.6285638809204102,-29.9763870239257813,-1.9089986085891724
21.1927700042724609,-54.1744079589843750,-1.0387293100357056
-10.6206836700439453,-44.7915153503417969,-2.2444920539855957
3.7830846309661865,-55.0410003662109375,-1.0352684259414673
27.7795162200927734,-52.5927276611328125,-1.0389018058776855
6.8201036453247070,-31.6375999450683594,-1.0358024835586548
-12.4093103408813477,-39.2773895263671875,-2.2443735599517822
-1.0208501815795898,-28.4008007049560547,-1.9075583219528198
-15.4223423004150391,-37.9323120117187500,-1.2824712991714478
-2.9110827445983887,-51.7118682861328125,-1.9967911243438721
-1.0224187374114990,-20.1404705047607422,-1.2341480255126953
-16.3632926940917969,-52.2857017517089844,-1.9391078948974609
31.6170864105224609,-55.1742210388183594,-1.0378710031509399
-27.7761249542236328,-47.5660362243652344,-1.0396804809570313
-20.3176307678222656,-48.0301628112792969,-1.3800634145736694
-16.3836326599121094,-46.5506858825683594,-2.2449951171875000
-11.5491247177124023,-38.7707519531250000,-2.2426207065582275
-2.0283687114715576,-20.2515792846679688,-2.1345310211181641
3.7802238464355469,-49.1775016784667969,-2.2536549568176270
-27.7773628234863281,-47.5752220153808594,-2.2412223815917969
-5.9195032119750977,-44.0373649597167969,-1.9895967245101929
18.1778526306152344,-45.3284416198730469,-2.2459666728973389
-11.7190570831298828,-50.2209091186523438,-1.8573923110961914
13.3777313232421875,-30.3495693206787109,-1.3773080110549927
-16.3841094970703125,-38.4645080566406250,-1.0380866527557373
26.5965328216552734,-46.0496368408203125,-1.0384902954101563
6.6983032226562500,-30.6733684539794922,-1.2461251020431519
-12.4784784317016602,-29.7207088470458984,-1.9077074527740479
-11.6862468719482422,-46.4390640258789063,-1.8660813570022583
-6.6242933273315430,-23.8007888793945313,-1.0355744361877441
11.4839496612548828,-33.7156829833984375,-2.2427728176116943
-29.8221683502197266,-52.7263755798339844,-2.2390825748443604
11.6046705245971680,-41.9175758361816406,-1.0369186401367188
-17.2072124481201172,-57.0112953186035156,-1.0373432636260986
-3.7760722637176514,-22.2038803100585938,-2.2414124011993408
-7.7213668823242188,-21.2772140502929688,-2.0265347957611084
-5.8192610740661621,-34.0273132324218750,-2.2457363605499268
-17.2711105346679688,-35.0476684570312500,-1.0387077331542969
-12.4783935546875000,-27.3654479980468750,-1.0385193824768066
-3.7839367389678955,-54.2018394470214844,-1.2686794996261597
10.6212835311889648,-57.0169258117675781,-2.2424168586730957
16.3715648651123047,-51.2867889404296875,-2.0324230194091797
-8.5778703689575195,-39.9902915954589844,-1.0320127010345459
-35.4830055236816406,-53.2251167297363281,-1.3873680830001831
16.3107299804687500,-36.8030090332031250,-1.2543773651123047
-17.3793277740478516,-41.2515983581542969,-1.9174081087112427
25.0219650268554688,-53.8906669616699219,-2.2461137771606445
-13.3802595138549805,-55.0789604187011719,-2.0073657035827637
-27.7779693603515625,-50.1643943786621094,-1.0383974313735962
22.1985874176025391,-38.8511009216308594,-2.2410423755645752
22.2318058013916016,-46.2798194885253906,-1.6157376766204834
21.2450752258300781,-40.4859886169433594,-1.0371493101119995
10.6223134994506836,-39.8868637084960938,-2.2433590888977051
-8.4975528717041016,-30.7837142944335938,-1.2691214084625244
-17.2495784759521484,-46.5078048706054688,-1.0357677936553955
7.0369663238525391,-56.2120552062988281,-1.0365653038024902
6.7904038429260254,-27.7423191070556641,-1.3010375499725342
8.5776100158691406,-19.8672313690185547,-1.3765985965728760
16.3248138427734375,-49.3931274414062500,-1.0359325408935547
15.4203643798828125,-57.0095443725585938,-1.0850355625152588
-17.2414550781250000,-43.1757583618164063,-2.2422339916229248
25.8844852447509766,-49.8486595153808594,-2.2444462776184082
3.7795286178588867,-43.2510757446289063,-1.0368881225585938
3.7782621383666992,-24.4354038238525391,-1.9041163921356201
21.9905967712402344,-49.5130195617675781,-2.2421653270721436
-7.4517459869384766,-23.0412178039550781,-1.6892539262771606
-6.2599835395812988,-24.9780178070068359,-1.6995408535003662
-10.7144298553466797,-39.3181266784667969,-2.2460882663726807
20.2206058502197266,-49.1332855224609375,-1.0350432395935059
2.9082267284393311,-42.7689514160156250,-1.0370179414749146
-15.4217090606689453,-36.9696350097656250,-1.0361173152923584
11.4727668762207031,-52.7393836975097656,-2.2446551322937012
-34.6222076416015625,-53.7909355163574219,-2.1548681259155273
7.6941127777099609,-34.8693199157714844,-1.0368058681488037
-8.5778532028198242,-47.7035179138183594,-1.0363763570785522
21.7525672912597656,-50.4263420104980469,-1.0318424701690674
22.9801940917968750,-54.1512031555175781,-1.2616541385650635
-18.1790847778320313,-41.1911849975585938,-1.0360890626907349
-1.9422481060028076,-50.9989814758300781,-2.2460286617279053
8.4396953582763672,-21.3112964630126953,-1.8955941200256348
-25.0221824645996094,-47.3924674987792969,-1.0790522098541260
-8.3039340972900391,-23.0501003265380859,-1.0380427837371826
-18.1782035827636719,-57.0124282836914063,-2.2438728809356689
15.4218778610229492,-37.2559356689453125,-1.2814193964004517
-1.0256226062774658,-22.6918926239013672,-1.9472842216491699
-2.0136146545410156,-37.0454063415527344,-1.0382995605468750
-37.3048553466796875,-56.0106697082519531,-1.0375864505767822
-2.0263786315917969,-42.7726898193359375,-1.3923153877258301
-7.6591005325317383,-27.3907337188720703,-1.2578513622283936
21.1730461120605469,-46.4385185241699219,-1.0348395109176636
22.9787387847900391,-57.0062294006347656,-2.2416272163391113
-17.3101577758789063,-44.1187591552734375,-1.9398218393325806
-8.5792055130004883,-37.1067390441894531,-2.0301089286804199
15.4206581115722656,-40.1710090637207031,-1.2849367856979370
27.0673122406005859,-51.9928436279296875,-1.5988012552261353
31.1322078704833984,-52.0570831298828125,-1.8460420370101929
25.0199184417724609,-54.6696281433105469,-1.6445708274841309
3.7780303955078125,-31.7241744995117188,-1.0364366769790649
-2.0421888828277588,-27.0712928771972656,-2.2186596393585205
-8.5778589248657227,-38.0886802673339844,-2.0293514728546143
6.8701071739196777,-27.0917205810546875,-2.2414083480834961
1.8804092407226563,-51.7314529418945313,-1.2656435966491699
26.0493927001953125,-57.0078125000000000,-1.0369347333908081
13.3794307708740234,-41.3072471618652344,-2.2454147338867188
22.0617008209228516,-42.7467994689941406,-2.2416944503784180
-31.6693782806396484,-52.1179008483886719,-2.0351943969726563
-22.1221733093261719,-48.3783912658691406,-1.9466444253921509
-5.8221011161804199,-19.3597049713134766,-2.2412712574005127
-18.1525516510009766,-32.0199127197265625,-2.2413361072540283
-32.5822181701660156,-57.0040206909179688,-2.2432723045349121
-5.8217849731445313,-52.8871574401855469,-1.2718859910964966
17.1891326904296875,-49.8378677368164063,-1.2535464763641357
1.0196194648742676,-41.6868362426757813,-1.2703398466110229
-18.1776332855224609,-31.0480346679687500,-2.0134332180023193
-10.9021053314208984,-23.4154720306396484,-1.4269157648086548
7.7498826980590820,-46.6578521728515625,-1.9945288896560669
21.4528236389160156,-47.8753662109375000,-2.2481513023376465
3.0368018150329590,-53.8576431274414063,-1.6507723331451416
-8.3033943176269531,-54.3736763000488281,-1.6250869035720825
6.7314381599426270,-46.0494308471679688,-1.2649372816085815
-7.8829922676086426,-55.4559173583984375,-1.6404058933258057
-2.8342878818511963,-46.2761955261230469,-1.0349047183990479
-2.7201068401336670,-34.7684211730957031,-1.3826760053634644
15.4206666946411133,-49.7389373779296875,-1.2754707336425781
13.3801364898681641,-51.7228088378906250,-1.0366511344909668
8.5777130126953125,-21.8041934967041016,-1.0383046865463257
-6.6831583976745605,-51.3080863952636719,-2.2457094192504883
-10.6219406127929688,-38.7435188293457031,-1.0357681512832642
-6.7850275039672852,-39.1119689941406250,-2.0283739566802979
6.6929793357849121,-20.4144477844238281,-2.2413864135742188
2.8938536643981934,-24.0391693115234375,-2.1406409740447998
-25.0202827453613281,-53.0025215148925781,-2.2442138195037842
-5.8221764564514160,-21.3138980865478516,-1.2435170412063599
18.0968017578125000,-46.2916679382324219,-2.0216035842895508
1.8811615705490112,-50.7296714782714844,-2.2438750267028809
11.5108003616333008,-48.1240119934082031,-2.2441065311431885
8.5787601470947266,-33.7308502197265625,-2.0478610992431641
10.6218080520629883,-44.2611160278320313,-1.0367767810821533
-11.5162820816040039,-40.2641716003417969,-1.0966913700103760
37.3020210266113281,-56.0066528320312500,-2.2414915561676025
-15.4412841796875000,-45.3169403076171875,-2.2413649559020996
-1.9711059331893921,-39.0321464538574219,-1.0351856946945190
1.8705267906188965,-32.7626914978027344,-1.3729046583175659
-1.1377112865447998,-43.0314674377441406,-1.0321767330169678
-12.4429779052734375,-51.6877365112304688,-2.2438697814941406
13.3780956268310547,-41.9998207092285156,-1.0340898036956787
20.9919376373291016,-56.1005783081054688,-2.2416198253631592
-2.8432939052581787,-24.5972614288330078,-2.2416589260101318
-18.1784400939941406,-39.3400497436523438,-1.0353029966354370
15.4223222732543945,-48.6152954101562500,-2.0072782039642334
-22.9777736663818359,-44.5858879089355469,-1.0384125709533691
5.8221096992492676,-46.3914031982421875,-1.0368338823318481
-5.8182501792907715,-50.0249938964843750,-1.0369304418563843
32.5787582397460938,-54.0084648132324219,-2.2412965297698975
10.6216869354248047,-45.1848716735839844,-1.3828548192977905
8.4801473617553711,-46.8461723327636719,-1.3155195713043213
-18.1096458435058594,-50.2094612121582031,-1.0354315042495728
2.7270960807800293,-32.7617568969726563,-1.9332804679870605
3.7787792682647705,-51.5571632385253906,-1.0327796936035156
-17.2051753997802734,-51.2962455749511719,-1.0321143865585327
10.6222457885742188,-43.2727508544921875,-1.0356118679046631
-1.1420240402221680,-55.4358177185058594,-2.2412114143371582
-8.5803165435791016,-24.0069789886474609,-1.0378017425537109
1.0216349363327026,-28.5102138519287109,-1.3786123991012573
20.2203350067138672,-45.1579360961914063,-1.0380587577819824
-7.7522139549255371,-25.4992771148681641,-1.2739126682281494
-7.6019101142883301,-49.0958671569824219,-2.2443583011627197
-10.6330842971801758,-52.1770973205566406,-1.2676677703857422
-7.7207822799682617,-47.1758575439453125,-2.2430047988891602
3.7795696258544922,-51.5309333801269531,-2.2470879554748535
-6.6805071830749512,-48.6099281311035156,-1.2777898311614990
13.3379449844360352,-55.1040382385253906,-1.2530249357223511
-18.1776351928710938,-43.7281723022460938,-2.2441391944885254
3.7784054279327393,-30.1385459899902344,-1.9512250423431396
5.8216605186462402,-41.9972610473632813,-1.2507973909378052
13.3801527023315430,-41.0439491271972656,-1.2848302125930786
-7.6813449859619141,-36.7318496704101563,-2.2436096668243408
-7.7202472686767578,-50.0786170959472656,-2.2441287040710449
-18.1776447296142578,-31.7318134307861328,-1.2854090929031372
7.7164649963378906,-24.7380046844482422,-2.2423460483551025
-13.3786392211914063,-37.8813514709472656,-2.2422125339508057
-8.5825967788696289,-57.0095329284667969,-1.0361375808715820
10.6214046478271484,-48.0762100219726563,-1.0350179672241211
-1.9117630720138550,-19.2657661437988281,-2.2410957813262939
7.7166152000427246,-52.0800170898437500,-1.2631384134292603
7.7049303054809570,-40.9660530090332031,-2.2437674999237061
-6.7169041633605957,-53.2759399414062500,-2.0267183780670166
-8.5817823410034180,-25.7716712951660156,-2.0059051513671875
-29.8221836090087891,-51.7294120788574219,-2.2412846088409424
-10.6193313598632813,-43.4620857238769531,-1.0354874134063721
-12.2339534759521484,-53.1698265075683594,-1.4346508979797363
-16.4471549987792969,-34.5571060180664063,-1.3774071931838989
29.8219852447509766,-57.0035896301269531,-2.0473198890686035
-11.7229232788085938,-42.1339645385742188,-1.4156194925308228
-8.5809192657470703,-55.0882034301757813,-2.2462997436523438
-1.0213623046875000,-30.2700080871582031,-2.1276903152465820
12.3679323196411133,-27.5609245300292969,-2.2410674095153809
-26.1697559356689453,-48.9213981628417969,-1.0385297536849976
12.4905796051025391,-26.0479297637939453,-1.3668704032897949
-5.8138985633850098,-55.3388557434082031,-2.2463874816894531
-13.2319536209106445,-30.7141456604003906,-1.3905603885650635
-3.7777607440948486,-38.0590629577636719,-1.3677773475646973
11.5579214096069336,-45.7083320617675781,-1.3572591543197632
10.6199932098388672,-32.8039703369140625,-1.0372538566589355
7.7360439300537109,-26.7192783355712891,-1.9157745838165283
21.9654006958007813,-47.0346374511718750,-1.0315096378326416
-18.1820621490478516,-46.8575744628906250,-1.0289679765701294
1.0218921899795532,-29.4417591094970703,-1.0357218980789185
-2.8203678131103516,-45.3542938232421875,-1.3868192434310913
-16.3532543182373047,-54.1551475524902344,-1.8980786800384521
11.4883604049682617,-29.4684238433837891,-1.0382219552993774
-16.3805484771728516,-41.7475776672363281,-2.2417781352996826
-3.7787761688232422,-48.2550163269042969,-1.9989526271820068
12.4681863784790039,-35.1973991394042969,-2.2417511940002441
-15.4221982955932617,-51.2434043884277344,-1.0346407890319824
-18.1812267303466797,-40.7643890380859375,-2.2434990406036377
20.2222766876220703,-55.4462089538574219,-1.0356643199920654
-8.5784912109375000,-45.7554550170898438,-2.2463235855102539
6.7343459129333496,-54.4418373107910156,-2.2452917098999023
-2.7370595932006836,-31.3850650787353516,-1.8830484151840210
2.8910694122314453,-19.8260040283203125,-1.0386710166931152
-1.0234456062316895,-22.1121997833251953,-1.1340749263763428
22.0882301330566406,-43.7413215637207031,-2.2421829700469971
1.9014401435852051,-35.5293769836425781,-1.0363228321075439
-20.2222576141357422,-40.8073158264160156,-2.2405221462249756
-15.4224987030029297,-32.3821525573730469,-2.0040886402130127
-2.8995344638824463,-19.3626384735107422,-1.0388579368591309
8.5780000686645508,-51.8871269226074219,-1.9959343671798706
-11.5586376190185547,-44.0596885681152344,-1.0377132892608643
8.5798501968383789,-34.6985015869140625,-2.2437033653259277
20.3289203643798828,-57.0083999633789063,-1.0337741374969482
-7.5755996704101563,-35.2080307006835938,-1.0359250307083130
37.3012847900390625,-54.0109405517578125,-1.0389910936355591
5.8224101066589355,-34.2291145324707031,-1.0387215614318848
-21.0297927856445313,-50.4503707885742188,-1.3484323024749756
13.2658357620239258,-34.5991554260253906,-2.2434151172637939
-13.3829469680786133,-42.5657920837402344,-1.9006839990615845
8.5384140014648438,-43.3130645751953125,-2.0163738727569580
10.6212797164916992,-37.0420036315917969,-2.2435643672943115
-37.3005981445312500,-53.9336051940917969,-1.0389360189437866
25.0288105010986328,-57.0055618286132813,-1.0356582403182983
-12.5020503997802734,-49.7410125732421875,-2.2454919815063477
-11.4690752029418945,-41.2530593872070313,-1.0370285511016846
-6.6645145416259766,-18.8233356475830078,-2.2413866519927979
20.9761409759521484,-49.7997703552246094,-1.0380742549896240
10.6138744354248047,-51.9597091674804688,-1.0381727218627930
3.7216472625732422,-21.0747737884521484,-1.0380424261093140
1.0229605436325073,-22.7369346618652344,-1.0382426977157593
2.7687726020812988,-36.6489334106445313,-2.2440106868743896
-5.8342123031616211,-28.5316848754882813,-1.2516599893569946
-7.5650858879089355,-48.2190055847167969,-1.0349825620651245
-7.3979120254516602,-56.0742416381835938,-1.0343213081359863
20.2221603393554688,-43.4324302673339844,-2.0102005004882813
-17.1672763824462891,-43.5613517761230469,-1.0367789268493652
20.2163639068603516,-55.4779396057128906,-2.2491924762725830
-6.7288465499877930,-46.4891548156738281,-2.2428116798400879
10.6219682693481445,-55.0311050415039063,-1.0343785285949707
-2.0254235267639160,-29.8913555145263672,-2.2447137832641602
5.8220558166503906,-30.2427616119384766,-1.0388827323913574
13.3791151046752930,-31.2853507995605469,-1.0367249250411987
20.2223587036132813,-38.6526527404785156,-1.7975791692733765
-5.8201737403869629,-55.1965980529785156,-1.0332115888595581
6.7369780540466309,-30.9478397369384766,-2.2447731494903564
5.8273692131042480,-53.1715965270996094,-1.0333731174468994
25.9802188873291016,-45.2636718750000000,-1.0385369062423706
-5.8208589553833008,-31.4815731048583984,-1.0369887351989746
-20.2790927886962891,-55.0518302917480469,-1.0351873636245728
-22.1337833404541016,-54.6815109252929688,-1.3585181236267090
-29.8223075866699219,-51.3438949584960938,-1.3203101158142090
-22.1101570129394531,-51.3125762939453125,-2.2424559593200684
13.3804636001586914,-43.1819381713867188,-2.2427504062652588
13.3462114334106445,-24.6360778808593750,-1.0389204025268555
8.5779676437377930,-24.6091346740722656,-1.3216471672058105
-1.0216511487960815,-34.1228141784667969,-1.8951393365859985
-8.5819377899169922,-55.0990791320800781,-1.0302115678787231
18.0942478179931641,-47.3440818786621094,-1.2606874704360962
15.5246963500976563,-48.7976799011230469,-1.0337562561035156
-3.0030653476715088,-55.2223129272460938,-1.6260164976119995
2.0187025070190430,-40.3224754333496094,-1.2924391031265259
-2.0450956821441650,-21.2436389923095703,-2.2412030696868896
15.4223384857177734,-36.0171012878417969,-2.0009341239929199
1.0223728418350220,-18.2994670867919922,-2.2405920028686523
5.8220348358154297,-23.8680820465087891,-2.0215396881103516
13.3794145584106445,-31.7788124084472656,-1.9009386301040649
25.8006210327148438,-48.4133605957031250,-2.2434892654418945
-31.6681919097900391,-50.1427040100097656,-2.2411468029022217
2.8330020904541016,-28.4210243225097656,-1.0375206470489502
-8.3858413696289063,-56.0609550476074219,-2.2457756996154785
-1.0220166444778442,-31.2512397766113281,-2.2430331707000732
1.9636336565017700,-21.3460903167724609,-1.3235406875610352
-5.8653678894042969,-31.5193748474121094,-2.0299167633056641
15.4566850662231445,-38.9447059631347656,-1.9972813129425049
-25.0201053619384766,-52.0015068054199219,-1.0389153957366943
12.4283781051635742,-49.0111923217773438,-1.0349727869033813
-6.7213435173034668,-29.0765972137451172,-2.2436552047729492
18.1776638031005859,-34.9005165100097656,-1.2812507152557373
-1.7968338727951050,-41.3526573181152344,-1.8678922653198242
-8.5803480148315430,-40.9445228576660156,-1.2812559604644775
13.3776578903198242,-28.9140453338623047,-1.9027016162872314
-15.4212036132812500,-48.3768768310546875,-1.2541705369949341
20.2203502655029297,-45.3883628845214844,-2.2431926727294922
6.7428264617919922,-22.7733135223388672,-1.3696459531784058
13.3789691925048828,-40.3495140075683594,-1.9962959289550781
-13.3781213760375977,-31.6319484710693359,-1.0378338098526001
-16.3116226196289063,-48.9058990478515625,-1.0360827445983887
35.1026153564453125,-53.2117347717285156,-2.2417519092559814
-22.9786853790283203,-47.9625129699707031,-2.2448313236236572
3.7799351215362549,-33.6540832519531250,-1.0385148525238037
-13.3795099258422852,-56.0288581848144531,-2.2505199909210205
5.8203392028808594,-42.8919601440429688,-2.2476735115051270
-6.6060533523559570,-56.2195434570312500,-1.6437551975250244
-8.5827970504760742,-23.7675151824951172,-2.0048243999481201
-17.3119297027587891,-51.7287025451660156,-2.2456567287445068
22.9783763885498047,-52.0795783996582031,-2.0264904499053955
2.8207962512969971,-48.3526573181152344,-2.2436311244964600
1.9136064052581787,-20.7430267333984375,-2.2413163185119629
13.3862266540527344,-56.0400733947753906,-2.0274293422698975
-22.9773406982421875,-40.3063392639160156,-2.2411756515502930
22.0310649871826172,-38.5314102172851563,-1.0388864278793335
26.8745746612548828,-52.9527435302734375,-2.0052134990692139
1.0222703218460083,-17.9307117462158203,-1.0389485359191895
-20.2169685363769531,-56.0497550964355469,-2.2461235523223877
21.1488666534423828,-55.1419143676757813,-1.2485798597335815
-2.0728585720062256,-30.3873825073242188,-1.3858560323715210
-8.5785083770751953,-45.7607994079589844,-1.2545690536499023
-15.4187135696411133,-50.2888526916503906,-1.2620972394943237
20.2218551635742188,-42.2494964599609375,-1.2681988477706909
25.0111503601074219,-52.9086990356445313,-1.0324883460998535
27.3876037597656250,-45.7677536010742188,-1.9577618837356567
-2.8981542587280273,-24.2099189758300781,-1.3228701353073120
-30.6864013671875000,-50.3018226623535156,-1.9538178443908691
5.8224978446960449,-24.0412712097167969,-1.0385318994522095
-5.8178787231445313,-57.0155830383300781,-1.5613063573837280
-21.9862880706787109,-41.7432518005371094,-2.2412147521972656
-7.6186475753784180,-57.0084648132324219,-1.2515206336975098
-17.2697811126708984,-47.9097404479980469,-2.2459671497344971
16.2609901428222656,-37.7712135314941406,-1.0369983911514282
12.3793458938598633,-53.2034721374511719,-2.2426710128784180
37.3018951416015625,-56.0062522888183594,-1.0385488271713257
-27.7778606414794922,-48.5644683837890625,-1.0382722616195679
-21.9797935485839844,-42.7414779663085938,-2.2417681217193604
-13.3794946670532227,-52.1937866210937500,-2.2451205253601074
34.6770439147949219,-54.0170745849609375,-1.0385603904724121
16.3831958770751953,-44.4370841979980469,-2.2434163093566895
5.8204874992370605,-47.3473358154296875,-1.2585576772689819
7.4104866981506348,-54.7918205261230469,-1.6154134273529053
-6.6871242523193359,-42.8241691589355469,-1.2665030956268311
-7.6570568084716797,-37.7020950317382813,-2.0280044078826904
-13.2150764465332031,-41.6536750793457031,-2.2450335025787354
-32.5786705017089844,-55.4206390380859375,-2.2423336505889893
-20.2231121063232422,-49.9481353759765625,-1.0384639501571655
1.1111181974411011,-29.9278182983398438,-1.8983955383300781
-11.6574306488037109,-57.0099105834960938,-2.2461175918579102
36.4246139526367188,-53.2496528625488281,-2.2413752079010010
10.6218986511230469,-31.4026775360107422,-2.2413420677185059
-25.7592811584472656,-50.7244415283203125,-1.6433856487274170
25.0172920227050781,-52.9028930664062500,-2.2436418533325195
15.4222192764282227,-34.3275718688964844,-1.2995055913925171
-21.1783695220947266,-56.0034332275390625,-2.0251791477203369
-25.7400112152099609,-52.3502502441406250,-1.6365394592285156
-22.1029586791992188,-52.7885704040527344,-1.0388340950012207
-6.6746983528137207,-49.3554191589355469,-1.9935337305068970
8.5787677764892578,-38.5397987365722656,-2.2427883148193359
2.9174270629882813,-34.1488876342773438,-1.0374202728271484
-6.7291297912597656,-28.0873260498046875,-1.0363241434097290
-22.9574165344238281,-52.7616882324218750,-2.2427306175231934
20.2211208343505859,-54.5192337036132813,-2.0286402702331543
-1.9856035709381104,-33.2535362243652344,-1.0374240875244141
-6.6926913261413574,-30.0648918151855469,-2.2412564754486084
15.4219264984130859,-51.5087661743164063,-2.2467303276062012
6.4372162818908691,-49.7811813354492188,-1.6364351511001587
7.6383514404296875,-22.7959098815917969,-1.9377039670944214
25.8420696258544922,-49.1324348449707031,-1.5574688911437988
30.7427234649658203,-55.6520729064941406,-2.2430572509765625
-7.6638879776000977,-30.1472606658935547,-2.0229437351226807
13.3791713714599609,-53.1436996459960938,-2.2453882694244385
3.7776753902435303,-18.2132663726806641,-1.0389232635498047
13.0495920181274414,-52.4480972290039063,-1.6266958713531494
-22.6671447753906250,-39.7203369140625000,-1.4942395687103271
1.0218487977981567,-32.7687263488769531,-1.8966594934463501
-26.0192928314208984,-57.0062599182128906,-2.2441208362579346
5.8187870979309082,-39.9888229370117188,-2.2451336383819580
6.7871561050415039,-45.2289733886718750,-2.2441270351409912
35.6799430847167969,-54.0271606445312500,-2.2411625385284424
-10.6202735900878906,-51.4088439941406250,-2.0028114318847656
-13.3779973983764648,-33.0526428222656250,-2.2420260906219482
-36.3409690856933594,-54.6609649658203125,-1.0381821393966675
-3.7790503501892090,-43.3862762451171875,-2.2419421672821045
27.0453453063964844,-57.0023956298828125,-1.0374112129211426
18.1782703399658203,-36.8563385009765625,-1.0357377529144287
2.7790830135345459,-37.6437759399414063,-2.2417957782745361
1.9902230501174927,-55.2502899169921875,-1.0382227897644043
3.7799561023712158,-34.6443901062011719,-1.0350990295410156
-1.8976566791534424,-57.0096626281738281,-1.4946963787078857
2.8706424236297607,-29.8430423736572266,-2.2423639297485352
-15.4221591949462891,-51.1978073120117188,-2.0305721759796143
1.0213747024536133,-35.6715164184570313,-2.2421903610229492
1.0202876329421997,-49.2828445434570313,-2.2469203472137451
2.5962646007537842,-57.0109901428222656,-2.2472436428070068
1.8984183073043823,-43.9437980651855469,-2.0132255554199219
5.8208284378051758,-29.2575378417968750,-1.2563990354537964
-10.6223764419555664,-32.5467605590820313,-2.2418413162231445
-5.8210816383361816,-56.1836471557617188,-1.0338919162750244
6.0458784103393555,-25.6778259277343750,-1.7512813806533813
-3.6808075904846191,-24.1448993682861328,-1.9417291879653931
7.7342481613159180,-19.4519615173339844,-1.0389176607131958
1.0218316316604614,-33.2715110778808594,-1.0366017818450928
13.3792352676391602,-38.4435462951660156,-2.0137033462524414
20.2223644256591797,-40.5273132324218750,-2.2413392066955566
-18.1797466278076172,-51.2362327575683594,-2.2459955215454102
-1.0199042558670044,-35.0435752868652344,-2.2488121986389160
-8.4708127975463867,-52.1166610717773438,-1.0310376882553101
-7.6067891120910645,-57.0085945129394531,-2.2444391250610352
12.3342294692993164,-37.1706542968750000,-2.2427868843078613
8.5782165527343750,-32.7649192810058594,-2.2443845272064209
1.0178865194320679,-52.1863403320312500,-1.0341595411300659
-8.5831880569458008,-31.7369060516357422,-1.0367779731750488
-2.0364928245544434,-40.8597564697265625,-1.0362852811813354
-34.6207275390625000,-55.4082717895507813,-1.0380282402038574
-2.8427071571350098,-43.0448036193847656,-2.1858887672424316
-18.0617866516113281,-45.9169502258300781,-1.2831956148147583
-11.4711818695068359,-46.9237823486328125,-1.0315135717391968
29.8213348388671875,-53.0842704772949219,-2.2419862747192383
11.4812297821044922,-44.7701988220214844,-1.0369783639907837
-6.6768136024475098,-22.7516613006591797,-2.2427399158477783
25.0189228057861328,-55.4414978027343750,-1.0320770740509033
-6.7567920684814453,-21.8369731903076172,-1.2485764026641846
-3.7777180671691895,-25.0880146026611328,-2.2417769432067871
6.7248277664184570,-28.7020549774169922,-1.0382124185562134
-2.0962271690368652,-23.6386928558349609,-1.0381978750228882
22.9791965484619141,-52.2091560363769531,-1.0381013154983521
-20.2218551635742188,-43.6824760437011719,-2.2420456409454346
-21.2085380554199219,-44.1599769592285156,-2.2419495582580566
29.8223381042480469,-51.2549667358398438,-2.2406949996948242
-12.4483232498168945,-30.2073383331298828,-1.0377111434936523
2.7797174453735352,-18.1549701690673828,-2.2410523891448975
-18.0876140594482422,-38.8470726013183594,-1.8935236930847168
-7.5972404479980469,-53.7873497009277344,-1.2516553401947021
12.5358600616455078,-48.5080375671386719,-1.8842451572418213
11.5241384506225586,-52.3242683410644531,-1.0345362424850464
-25.8390407562255859,-46.6648826599121094,-2.2416539192199707
-16.2772750854492188,-43.0498046875000000,-1.2959824800491333
-1.9420514106750488,-23.2238731384277344,-2.2419030666351318
2.0763895511627197,-26.0774555206298828,-1.3857976198196411
18.1777153015136719,-50.1765327453613281,-2.2424509525299072
10.6182947158813477,-53.1865653991699219,-2.0186374187469482
5.8987355232238770,-27.4925270080566406,-2.2424461841583252
-8.5768566131591797,-19.8036880493164063,-2.2416334152221680
29.8232631683349609,-54.0702362060546875,-1.0382323265075684
17.2778053283691406,-47.9166564941406250,-1.2527909278869629
-15.4306612014770508,-36.0061912536621094,-1.2823263406753540
21.6090202331542969,-38.1425018310546875,-1.8562530279159546
-1.0217369794845581,-24.5844135284423828,-1.9116833209991455
-18.1766052246093750,-30.7642707824707031,-1.0389348268508911
16.2804203033447266,-43.5665016174316406,-1.0355752706527710
17.2465744018554688,-51.7531356811523438,-2.2444729804992676
11.4822607040405273,-29.0464992523193359,-2.2411513328552246
-11.6128730773925781,-25.9771900177001953,-1.3269015550613403
5.8232240676879883,-27.3125743865966797,-1.2633411884307861
1.0221645832061768,-48.3771667480468750,-1.0327934026718140
-35.3896484375000000,-56.0413322448730469,-1.0368311405181885
-2.8586409091949463,-37.2442626953125000,-2.0880253314971924
-6.6769733428955078,-52.4303627014160156,-1.0347172021865845
3.7777576446533203,-25.9161682128906250,-1.0368404388427734
15.5290279388427734,-43.7469253540039063,-2.2464544773101807
-31.6643218994140625,-55.0863761901855469,-1.2470980882644653
7.5651407241821289,-53.8995628356933594,-2.0086843967437744
1.0220334529876709,-23.1827564239501953,-2.2415518760681152
31.6260013580322266,-51.2847290039062500,-2.2411432266235352
34.6221427917480469,-54.0609550476074219,-2.0345065593719482
36.5042953491210938,-54.0426483154296875,-1.6406645774841309
-22.8043098449707031,-42.2487945556640625,-1.9695836305618286
-16.3271083831787109,-54.6583633422851563,-1.0365331172943115
12.3755350112915039,-32.8836174011230469,-1.0378842353820801
-22.9776859283447266,-43.1930618286132813,-2.2414200305938721
16.3752040863037109,-40.5747299194335938,-2.2440805435180664
-11.5511331558227539,-31.2023963928222656,-2.2418410778045654
-10.8644905090332031,-54.2119026184082031,-2.2502315044403076
31.6001224517822266,-56.2063446044921875,-1.0654537677764893
16.3015689849853516,-44.5328788757324219,-1.2564250230789185
7.7412281036376953,-55.5080451965332031,-1.0312849283218384
1.0181753635406494,-56.0459175109863281,-1.2573938369750977
5.9308609962463379,-38.0528068542480469,-2.0187475681304932
25.9140281677246094,-48.2885856628417969,-1.0363991260528564
-1.0217667818069458,-25.9994239807128906,-1.3681863546371460
-20.3927669525146484,-48.5305213928222656,-2.2416162490844727
-10.8480272293090820,-50.4877586364746094,-2.2451543807983398
13.3782987594604492,-48.7926139831542969,-1.2529054880142212
1.9251494407653809,-29.4211902618408203,-2.2432196140289307
-2.9504938125610352,-23.2132167816162109,-1.3280018568038940
-22.1729946136474609,-52.2454414367675781,-1.9037047624588013
11.4973287582397461,-34.6556968688964844,-1.9125272035598755
-10.6188688278198242,-42.1398773193359375,-2.2436938285827637
-6.7083339691162109,-53.4077453613281250,-1.0372732877731323
13.3793621063232422,-53.1591186523437500,-1.0339308977127075
16.4249153137207031,-48.4334983825683594,-1.2544490098953247
32.0011672973632813,-53.4535140991210938,-1.5861557722091675
-13.3845806121826172,-54.1260261535644531,-2.2474522590637207
26.3327465057373047,-50.5726661682128906,-1.7331593036651611
5.8195886611938477,-55.0601997375488281,-2.2444863319396973
-20.2205905914306641,-47.1020774841308594,-1.0382136106491089
35.6072692871093750,-55.5272750854492188,-1.0381356477737427
-27.7780532836914063,-55.0861473083496094,-1.0346038341522217
18.1780204772949219,-36.5901489257812500,-1.9963732957839966
36.3023109436035156,-54.8113059997558594,-1.0378614664077759
16.3625640869140625,-32.3691787719726563,-1.2464013099670410
13.2273826599121094,-42.2468948364257813,-1.9819995164871216
17.2693424224853516,-36.5270156860351563,-1.2826849222183228
10.6223497390747070,-25.6597461700439453,-2.2413375377655029
2.4966731071472168,-54.4177970886230469,-2.2514820098876953
-3.7759878635406494,-54.1163063049316406,-2.2486743927001953
-5.8151416778564453,-53.8392791748046875,-1.0318508148193359
27.7783489227294922,-54.3558349609375000,-1.0363464355468750
1.9075039625167847,-37.1566085815429688,-2.2415180206298828
8.5815544128417969,-57.0121116638183594,-1.0374584197998047
-6.7442893981933594,-54.2481117248535156,-2.2429738044738770
1.8783146142959595,-31.3296241760253906,-1.8899816274642944
-13.3789348602294922,-35.9013710021972656,-2.2433793544769287
8.5414590835571289,-25.5585269927978516,-1.0379739999771118
26.9280986785888672,-50.1804962158203125,-1.0375634431838989
-12.3538589477539063,-49.4173851013183594,-1.3188248872756958
-1.0194795131683350,-38.9608726501464844,-2.2438840866088867
12.4637784957885742,-25.1054325103759766,-1.0388187170028687
12.5333700180053711,-30.3995037078857422,-1.9078654050827026
10.6206560134887695,-50.0389785766601563,-1.0344017744064331
10.6213884353637695,-28.0339508056640625,-1.3770461082458496
25.8015823364257813,-56.0566024780273438,-2.2435774803161621
-20.2223415374755859,-45.1127929687500000,-1.0384057760238647
2.9581184387207031,-49.7689781188964844,-1.0241833925247192
-5.8220434188842773,-38.2921028137207031,-2.0383169651031494
20.3780899047851563,-53.5469703674316406,-2.0245983600616455
20.2221527099609375,-44.1887855529785156,-1.2679649591445923
-22.9776382446289063,-41.6125679016113281,-1.0388877391815186
-26.9231281280517578,-53.6524963378906250,-1.0382632017135620
6.7159719467163086,-53.4509468078613281,-2.2468917369842529
-6.7411990165710449,-47.6546936035156250,-1.0348370075225830
-16.4122066497802734,-42.1063652038574219,-1.0354627370834351
-36.6321220397949219,-55.4735908508300781,-1.5382187366485596
-32.5809669494628906,-57.0028419494628906,-1.0367493629455566
3.6328482627868652,-24.9302101135253906,-1.0416444540023804
-1.0203566551208496,-47.8180885314941406,-1.2732393741607666
37.3011627197265625,-55.0091857910156250,-2.2411758899688721
-12.4850997924804688,-26.3681983947753906,-1.0380357503890991
-22.0899105072021484,-47.4271507263183594,-2.2417600154876709
20.2177371978759766,-50.6185035705566406,-1.0300999879837036
-22.9200038909912109,-44.1379776000976563,-1.9282813072204590
-10.6201772689819336,-44.4497566223144531,-1.0341788530349731
2.8706846237182617,-19.1487503051757813,-2.2413840293884277
26.4326076507568359,-45.8375854492187500,-2.2411770820617676
7.7263674736022949,-25.7475185394287109,-2.2410740852355957
11.4961500167846680,-40.0608253479003906,-1.0371187925338745
3.7258787155151367,-47.2983894348144531,-2.2444200515747070
-7.8046402931213379,-40.3756523132324219,-1.5325618982315063
7.5587644577026367,-41.8999290466308594,-1.9518587589263916
7.5978698730468750,-30.0972366333007813,-1.0385324954986572
17.2691993713378906,-35.5590476989746094,-1.0387582778930664
18.1785221099853516,-39.4769859313964844,-2.2447545528411865
-35.6500244140625000,-57.0014190673828125,-1.1257269382476807
-18.1804828643798828,-49.2397384643554688,-1.2504923343658447
5.9020071029663086,-31.2385177612304688,-1.0355944633483887
31.0023651123046875,-57.0052146911621094,-1.0334779024124146
-1.0160962343215942,-41.8422660827636719,-2.2430438995361328
-1.8809646368026733,-22.7275180816650391,-1.3781359195709229
-20.2181644439697266,-53.8999671936035156,-1.0357474088668823
2.8907887935638428,-26.8928604125976563,-2.2419228553771973
-7.7916584014892578,-35.9020309448242188,-1.7075453996658325
-6.6670255661010742,-23.7231159210205078,-2.0250129699707031
37.3010444641113281,-55.0088768005371094,-1.0390697717666626
5.8218240737915039,-40.9490013122558594,-2.0243709087371826
17.2481689453125000,-53.6929168701171875,-2.2428071498870850
-15.4217615127563477,-39.8899116516113281,-1.0380066633224487
20.2204456329345703,-51.6065979003906250,-1.0331881046295166
-3.7803945541381836,-45.3744049072265625,-2.2419347763061523
13.3785591125488281,-33.6602592468261719,-1.9525136947631836
-13.3783321380615234,-36.8904113769531250,-2.2438244819641113
13.3773403167724609,-33.2753791809082031,-1.0364559888839722
1.0213257074356079,-42.5039825439453125,-2.2431046962738037
3.7776079177856445,-22.0707931518554688,-1.0382661819458008
-37.3053016662597656,-56.0179176330566406,-2.0354506969451904
15.4213132858276367,-52.5002822875976563,-2.2446484565734863
37.5617828369140625,-0.8091971874237061,-2.0948624610900879
6.7964496612548828,-52.3889350891113281,-1.0340690612792969
-17.2165660858154297,-55.0990409851074219,-1.0354273319244385
12.4957790374755859,-27.9515533447265625,-1.0381205081939697
21.9270801544189453,-41.2941360473632813,-1.0373049974441528
-12.5193567276000977,-42.5822219848632813,-1.0358878374099731
-8.5779151916503906,-18.8059120178222656,-2.2411110401153564
-22.0072956085205078,-51.7998352050781250,-1.0348923206329346
-12.5911216735839844,-36.3933830261230469,-1.8841073513031006
15.6368436813354492,-34.0731773376464844,-2.2411494255065918
-6.7102785110473633,-20.7961845397949219,-2.0337450504302979
2.1074364185333252,-34.6219863891601563,-1.3559834957122803
-6.7318854331970215,-18.8922863006591797,-1.2474611997604370
-32.5778617858886719,-51.4797592163085938,-2.2415158748626709
-7.7219586372375488,-43.2754554748535156,-2.2421333789825439
-18.1782894134521484,-54.1318092346191406,-2.2421295642852783
25.0220222473144531,-45.8105850219726563,-2.2413733005523682
22.9841690063476563,-55.0318069458007813,-2.1504621505737305
-1.0216761827468872,-21.7387847900390625,-2.2414264678955078
16.5770969390869141,-34.0495491027832031,-1.5448660850524902
-15.4212865829467773,-54.1122703552246094,-1.2531918287277222
-22.1276836395263672,-45.6082572937011719,-2.2414109706878662
-1.0740886926651001,-46.6792068481445313,-2.0096335411071777
5.8212924003601074,-32.2337722778320313,-1.0386681556701660
16.3686809539794922,-49.3449058532714844,-2.0312535762786865
25.0219402313232422,-46.7550430297851563,-1.0385634899139404
29.8222980499267578,-51.3188934326171875,-1.2438485622406006
-8.5799818038940430,-34.3913993835449219,-1.7131333351135254
-1.9328474998474121,-35.6262702941894531,-2.2441444396972656
22.1631660461425781,-40.4044380187988281,-1.4206758737564087
3.7747282981872559,-20.6355400085449219,-2.2419195175170898
18.1762447357177734,-53.0830955505371094,-1.0342088937759399
-20.2214126586914063,-52.2375869750976563,-2.2433543205261230
12.4519891738891602,-38.0940284729003906,-1.9000351428985596
26.8901748657226563,-44.9498291015625000,-2.2412016391754150
5.8179798126220703,-43.6648063659667969,-1.6497319936752319
12.3978729248046875,-54.1957054138183594,-2.2482142448425293
-7.6840810775756836,-48.1371955871582031,-2.0172524452209473
17.2702445983886719,-34.5606460571289063,-1.0389189720153809
-5.8234448432922363,-19.3602447509765625,-1.2423816919326782
1.0931047201156616,-46.4791450500488281,-1.0323306322097778
10.6193447113037109,-48.4568557739257813,-1.9510891437530518
-29.8194656372070313,-57.0034790039062500,-1.0382585525512695
10.6217298507690430,-36.6121253967285156,-1.0362273454666138
2.9913120269775391,-52.1685562133789063,-2.2418670654296875
-16.2912540435791016,-36.4793395996093750,-1.0384664535522461
13.3781147003173828,-42.9900588989257813,-1.0374697446823120
-12.5213203430175781,-55.6109275817871094,-1.9659320116043091
26.8794746398925781,-51.1737365722656250,-1.0589421987533569
30.2219791412353516,-52.1699028015136719,-2.2412474155426025
11.5405025482177734,-53.2446365356445313,-1.3827871084213257
-20.2207279205322266,-52.9050216674804688,-1.0344548225402832
5.8230824470520020,-21.1040554046630859,-1.0383552312850952
-3.7778351306915283,-30.9185867309570313,-2.2430870532989502
-5.8112072944641113,-33.2510948181152344,-1.6328246593475342
-26.5282878875732422,-46.2770652770996094,-1.6317636966705322
-1.8807725906372070,-39.4610671997070313,-2.2446684837341309
22.8922481536865234,-39.8385086059570313,-1.0388468503952026
1.1958132982254028,-37.9039001464843750,-1.3141143321990967
1.0219802856445313,-27.5784587860107422,-1.0378550291061401
11.4665145874023438,-42.8429946899414063,-1.3704419136047363
6.7651820182800293,-54.2985610961914063,-1.0360814332962036
8.5779037475585938,-23.6569004058837891,-1.0374848842620850
18.1782665252685547,-33.6342506408691406,-2.2411353588104248
-17.9305019378662109,-36.5110740661621094,-1.0367947816848755
25.8091926574707031,-54.0297431945800781,-1.6500116586685181
-3.7813460826873779,-41.9467658996582031,-1.0341600179672241
11.4778051376342773,-37.1247062683105469,-1.0369818210601807
-11.4685773849487305,-29.2770957946777344,-1.9000059366226196
-7.6288008689880371,-20.3177242279052734,-1.0387611389160156
-6.6810040473937988,-41.8525543212890625,-1.0379401445388794
10.6216201782226563,-40.8755722045898438,-2.2437181472778320
-5.8193712234497070,-23.2603664398193359,-1.2459867000579834
3.7763941287994385,-25.4263324737548828,-1.9041200876235962
-16.2139816284179688,-55.5733985900878906,-1.3908103704452515
-11.5879640579223633,-55.0287170410156250,-2.2449946403503418
-7.7176618576049805,-27.2361621856689453,-2.2418904304504395
7.6518030166625977,-31.0890712738037109,-1.0379526615142822
20.2684059143066406,-41.2795333862304688,-1.0382745265960693
-12.3578643798828125,-42.1600379943847656,-2.2429933547973633
-6.7520041465759277,-48.4033088684082031,-2.2465841770172119
-5.8183546066284180,-23.2619304656982422,-2.2430934906005859
11.4848890304565430,-28.5316314697265625,-1.3723140954971313
7.6367430686950684,-35.8147697448730469,-1.3265370130538940
3.7330114841461182,-53.0898780822753906,-2.2478632926940918
-5.8220767974853516,-39.2609558105468750,-2.2441842555999756
5.8200907707214355,-51.1799316406250000,-2.0223324298858643
8.5822782516479492,-55.2788658142089844,-1.6485073566436768
-2.7601799964904785,-33.7788238525390625,-1.3826395273208618
-26.9895114898681641,-50.2623100280761719,-1.6420881748199463
-25.0204887390136719,-52.9949913024902344,-1.0360587835311890
35.3767814636230469,-54.7681579589843750,-1.6445822715759277
-25.7714767456054688,-46.7269668579101563,-1.0381071567535400
-10.6202239990234375,-37.4398422241210938,-2.2451236248016357
1.9180493354797363,-20.3912200927734375,-1.0387008190155029
11.4947843551635742,-25.1735076904296875,-2.2413856983184814
1.9276828765869141,-19.3937797546386719,-1.0386056900024414
18.0886383056640625,-31.6779308319091797,-1.9755390882492065
1.0217709541320801,-38.8308639526367188,-1.0351678133010864
-15.4219808578491211,-53.1565055847167969,-1.0347146987915039
8.5780973434448242,-44.9290122985839844,-1.0330168008804321
15.4223775863647461,-35.0483589172363281,-2.2414655685424805
8.5870552062988281,-49.7017631530761719,-1.0316096544265747
8.5826692581176758,-43.0333862304687500,-1.0361834764480591
6.7080183029174805,-24.2720165252685547,-2.2414665222167969
-8.5800199508666992,-53.6470832824707031,-1.0270287990570068
-5.8424329757690430,-29.5871753692626953,-2.0278761386871338
1.9433175325393677,-26.5793781280517578,-2.2426533699035645
6.7907395362854004,-51.4331970214843750,-1.2604688405990601
18.1780452728271484,-45.4321403503417969,-1.2593059539794922
30.7430877685546875,-55.6488456726074219,-1.0372004508972168
22.9778251647949219,-57.0123863220214844,-1.0372364521026611
-31.0015945434570313,-49.3988800048828125,-2.2410621643066406
-18.1780357360839844,-39.7706909179687500,-2.2442972660064697
18.1783580780029297,-53.0689773559570313,-2.0290772914886475
8.5805168151855469,-44.2693557739257813,-2.2457194328308105
20.2227420806884766,-42.4654769897460938,-2.2425243854522705
-8.5799083709716797,-42.8273124694824219,-2.0097661018371582
-32.5776519775390625,-54.4255790710449219,-2.2420601844787598
-16.3544692993164063,-44.9845542907714844,-1.1820299625396729
22.0195941925048828,-56.2350883483886719,-1.0353498458862305
21.9403076171875000,-47.0055618286132813,-2.2419450283050537
-36.7053565979003906,-52.7802200317382813,-1.0388293266296387
8.5331811904907227,-45.2183189392089844,-1.9799808263778687
-1.0222368240356445,-47.6389732360839844,-2.2470130920410156
-22.1016235351562500,-55.6225891113281250,-1.0382814407348633
6.9003806114196777,-25.1851596832275391,-1.8930894136428833
-22.9782161712646484,-45.0826721191406250,-2.2418754100799561
-2.8338630199432373,-48.8227462768554688,-2.2431278228759766
13.3240518569946289,-46.8620338439941406,-1.2626658678054810
6.8578286170959473,-34.7137374877929688,-2.2449142932891846
17.2593345642089844,-48.8489036560058594,-2.0299794673919678
-21.0942440032958984,-41.2938613891601563,-2.2414414882659912
-1.0207812786102295,-42.0555801391601563,-1.0371934175491333
7.6063079833984375,-22.3668079376220703,-1.0379005670547485
-31.6605205535888672,-51.1654853820800781,-1.0387356281280518
6.8187279701232910,-48.1404953002929688,-2.2456052303314209
10.6223955154418945,-47.5168800354003906,-2.2454638481140137
-7.6463475227355957,-36.6125106811523438,-1.0356223583221436
-7.0690793991088867,-32.6943244934082031,-1.6003510951995850
-11.4880533218383789,-45.9287452697753906,-1.0361371040344238
12.2701263427734375,-24.6427021026611328,-1.9025213718414307
17.2642955780029297,-32.2333335876464844,-2.2412228584289551
6.8126606941223145,-20.8362102508544922,-1.0388981103897095
-8.5809812545776367,-56.0560226440429688,-1.2704077959060669
5.8586645126342773,-49.2387161254882813,-2.2419030666351318
5.8170795440673828,-54.1302909851074219,-1.2527431249618530
8.1581211090087891,-54.6444435119628906,-2.2541391849517822
-7.6892476081848145,-22.2501487731933594,-2.2425851821899414
-17.2929344177246094,-34.0503273010253906,-1.0381110906600952
-11.5421886444091797,-32.6317977905273438,-1.0375140905380249
22.9082069396972656,-43.7218017578125000,-1.3791605234146118
3.4719135761260986,-17.2626781463623047,-1.0392817258834839
1.8830530643463135,-53.6406860351562500,-2.2418942451477051
-21.1183643341064453,-48.5131683349609375,-1.0354933738708496
8.5780992507934570,-50.6648292541503906,-1.2642247676849365
-25.0218009948730469,-55.4297256469726563,-1.0373160839080811
18.1778202056884766,-43.3963890075683594,-2.2417097091674805
-2.6358096599578857,-54.5467147827148438,-2.2453303337097168
18.1803417205810547,-52.1342506408691406,-1.2605578899383545
-12.4159030914306641,-37.3010330200195313,-2.2428777217864990
12.4356355667114258,-42.3484764099121094,-1.3834046125411987
17.2647857666015625,-33.5363044738769531,-1.0378776788711548
-26.9894962310791016,-48.6832809448242188,-1.6387753486633301
20.2198257446289063,-49.0726432800292969,-2.2459404468536377
16.1912631988525391,-53.2465820312500000,-1.0376331806182861
16.3740196228027344,-35.7154388427734375,-2.0276641845703125
-21.2329711914062500,-50.8410186767578125,-2.2432856559753418
5.8185844421386719,-54.0646095275878906,-2.2446255683898926
36.5038528442382813,-57.0014610290527344,-1.6402419805526733
-12.4094591140747070,-25.9310855865478516,-2.2412436008453369
3.7801988124847412,-55.0491294860839844,-2.2429921627044678
8.5790071487426758,-46.1636695861816406,-2.2431952953338623
11.6103067398071289,-56.0345306396484375,-1.0359319448471069
-8.5780334472656250,-46.7196540832519531,-1.0348995923995972
-1.0233687162399292,-49.7462730407714844,-1.0336952209472656
22.0467014312744141,-54.7299766540527344,-2.2444756031036377
-11.4823703765869141,-52.6678199768066406,-1.0366805791854858
-12.4419279098510742,-35.8949966430664063,-1.0351473093032837
13.3793458938598633,-46.9941406250000000,-2.2473244667053223
8.5054140090942383,-57.0082397460937500,-2.0312154293060303
-2.9273600578308105,-44.8658218383789063,-2.2435760498046875
25.0191860198974609,-55.4464073181152344,-2.2489628791809082
11.4947319030761719,-49.5112495422363281,-1.0330754518508911
16.2096920013427734,-54.9800834655761719,-1.6412947177886963
22.9782733917236328,-56.0168952941894531,-2.2444722652435303
3.7705500125885010,-37.7612304687500000,-2.2465059757232666
12.4768791198730469,-40.0052719116210938,-2.2445421218872070
3.7489619255065918,-23.5024566650390625,-2.2428150177001953
-13.3776445388793945,-35.4793777465820313,-1.0388031005859375
-8.5833148956298828,-36.1476860046386719,-2.2462928295135498
-1.8906407356262207,-49.2513923645019531,-1.0378923416137695
-1.2026157379150391,-24.0838737487792969,-1.0400849580764771
-16.2890052795410156,-53.6744384765625000,-1.0349403619766235
12.3688621520996094,-45.6225891113281250,-2.2423634529113770
-18.1797714233398438,-44.9700469970703125,-1.0358006954193115
7.0263242721557617,-43.0554656982421875,-1.5233912467956543
6.7835154533386230,-53.3438453674316406,-1.2634031772613525
-3.7792134284973145,-40.5616989135742188,-2.2420265674591064
-13.3780641555786133,-31.2182178497314453,-2.2416031360626221
7.6989831924438477,-50.1216201782226563,-1.0425189733505249
13.3786182403564453,-44.9071731567382813,-1.0350544452667236
-2.9114835262298584,-27.5715866088867188,-2.2427675724029541
34.6223678588867188,-52.3546562194824219,-2.0635342597961426
22.0541515350341797,-53.7682685852050781,-2.0233905315399170
-7.3473620414733887,-40.8918342590332031,-2.2441885471343994
16.2762012481689453,-32.3771858215332031,-2.2413096427917480
-2.8726153373718262,-53.9035873413085938,-1.0371255874633789
-5.8223762512207031,-27.5618591308593750,-1.0365192890167236
30.5055770874023438,-56.4033813476562500,-1.6380863189697266
-1.9469766616821289,-34.2399444580078125,-1.0359965562820435
-21.1257629394531250,-47.5167427062988281,-1.0385448932647705
15.4221744537353516,-36.2908554077148438,-1.0382136106491089
-16.2135620117187500,-39.3802223205566406,-1.3834931850433350
-3.7439999580383301,-46.3336601257324219,-1.9922990798950195
8.5731182098388672,-41.4284324645996094,-1.9539217948913574
-27.7790851593017578,-52.1525726318359375,-1.0374040603637695
3.7780697345733643,-27.3499965667724609,-2.2429077625274658
3.7779710292816162,-42.5170364379882813,-1.9924994707107544
6.6869478225708008,-36.6140708923339844,-2.2434301376342773
11.6266288757324219,-36.1908988952636719,-1.3392947912216187
-1.9643316268920898,-47.1309432983398438,-2.0058166980743408
22.7721920013427734,-50.1332206726074219,-2.2439656257629395
6.7886714935302734,-41.2565765380859375,-1.2733820676803589
1.0206663608551025,-44.5548286437988281,-1.2582838535308838
10.7013025283813477,-46.1039810180664063,-1.0346900224685669
-8.5778169631958008,-28.6741905212402344,-2.2438943386077881
3.7800750732421875,-38.4628181457519531,-1.0330101251602173
-26.9128398895263672,-53.6317749023437500,-2.2432749271392822
13.3809995651245117,-49.8808631896972656,-2.2444500923156738
36.3276824951171875,-56.2229003906250000,-1.0385588407516479
25.7984428405761719,-54.8237571716308594,-2.2462775707244873
-13.3583259582519531,-53.1627311706542969,-2.0277070999145508
-2.8719229698181152,-51.9806022644042969,-1.0365695953369141
-15.4241380691528320,-39.1504859924316406,-1.9949005842208862
-12.5151414871215820,-56.6077270507812500,-1.9544624090194702
21.1861419677734375,-46.3555107116699219,-2.2421154975891113
-20.2220554351806641,-48.9559745788574219,-1.0372127294540405
-1.8906118869781494,-22.2285747528076172,-2.2417418956756592
26.9569740295410156,-57.0034027099609375,-2.2448830604553223
-22.9736728668212891,-49.3963394165039063,-1.0376862287521362
-10.6167211532592773,-57.0127182006835938,-1.0358940362930298
1.9849541187286377,-27.5710582733154297,-2.2420892715454102
-25.0215034484863281,-54.4313621520996094,-2.2426226139068604
3.6434772014617920,-44.1897392272949219,-1.3021268844604492
-1.0220386981964111,-36.0351066589355469,-2.2430822849273682
-1.0219750404357910,-26.9930305480957031,-1.3702300786972046
-13.3787336349487305,-45.9234542846679688,-1.0373272895812988
-1.9570596218109131,-20.8412036895751953,-1.3314765691757202
15.4218044281005859,-46.8745117187500000,-1.2797950506210327
29.8212013244628906,-55.0458755493164063,-1.2449100017547607
-7.7029819488525391,-18.7880363464355469,-1.0387315750122070
8.5805759429931641,-37.6026687622070313,-1.9438966512680054
6.7411141395568848,-38.5834999084472656,-2.2448997497558594
17.2187614440917969,-56.2369270324707031,-1.0359109640121460
7.4996027946472168,-40.0727767944335938,-1.8667453527450562
1.0215421915054321,-31.3456096649169922,-1.3788732290267944
2.8913564682006836,-45.6338615417480469,-1.2812380790710449
-7.3474946022033691,-50.8129768371582031,-1.6964926719665527
-17.2689323425292969,-30.7014598846435547,-2.2410953044891357
-3.5048701763153076,-57.0068244934082031,-1.9912221431732178
1.8920893669128418,-44.9113616943359375,-2.2447991371154785
-18.1792106628417969,-48.3388481140136719,-2.2472641468048096
5.8200454711914063,-52.1374435424804688,-2.2471807003021240
-5.8206043243408203,-34.8050880432128906,-1.6275614500045776
-13.1078052520751953,-53.3914794921875000,-1.0320583581924438
7.6502442359924316,-38.1720237731933594,-2.2420780658721924
-25.0198230743408203,-51.0128021240234375,-2.2424545288085938
-21.3726978302001953,-40.3349838256835938,-2.2410318851470947
-1.9414978027343750,-43.6933670043945313,-1.0352754592895508
-16.3011112213134766,-49.8354339599609375,-1.3587883710861206
26.3375854492187500,-52.1574745178222656,-2.2515492439270020
20.9929866790771484,-50.5956230163574219,-1.6404460668563843
5.9966526031494141,-35.2070770263671875,-2.2451260089874268
13.3798561096191406,-34.2716674804687500,-1.0380883216857910
7.7079043388366699,-23.7421035766601563,-2.2415256500244141
16.3561611175537109,-55.7500343322753906,-1.0335711240768433
-18.1789798736572266,-41.7575149536132813,-2.2436790466308594
18.1800861358642578,-49.2557182312011719,-1.2558100223541260
-10.6224088668823242,-24.9204254150390625,-2.2412178516387939
10.6213226318359375,-53.0822944641113281,-1.0340939760208130
-13.3834180831909180,-51.2057113647460938,-2.1802325248718262
8.5614938735961914,-40.1191368103027344,-1.3202856779098511
-16.5474967956542969,-50.3666877746582031,-2.2454130649566650
-12.4194011688232422,-48.4687423706054688,-1.0380002260208130
-12.3437061309814453,-30.7058925628662109,-1.8960843086242676
10.6214437484741211,-54.1414222717285156,-2.2450144290924072
-16.3007850646972656,-51.7171974182128906,-1.0350216627120972
2.8136863708496094,-36.1234512329101563,-1.0380555391311646
-1.8914963006973267,-48.2973899841308594,-1.2743169069290161
-26.2073650360107422,-50.0766830444335938,-1.0372859239578247
22.1006679534912109,-44.6954154968261719,-1.9644637107849121
1.8069474697113037,-57.0092277526855469,-1.6411511898040771
6.7602887153625488,-24.7039127349853516,-1.0357533693313599
-11.4762220382690430,-30.7037467956542969,-1.3791899681091309
34.6214523315429688,-56.0098724365234375,-1.0383965969085693
-13.3814439773559570,-57.0155067443847656,-1.0348869562149048
-2.8789935111999512,-25.1658802032470703,-1.0381096601486206
1.9015271663665771,-42.9750900268554688,-2.2464082241058350
-3.7717792987823486,-23.7368679046630859,-1.0376620292663574
13.3780384063720703,-40.0862312316894531,-1.0351479053497314
22.7455215454101563,-45.6179046630859375,-1.0383701324462891
18.1793441772460938,-46.3904762268066406,-1.0341264009475708
-16.4241809844970703,-39.8267669677734375,-2.2440040111541748
29.8207893371582031,-55.0341262817382813,-2.2421722412109375
13.2303895950317383,-25.0111503601074219,-2.1258752346038818
-13.3790073394775391,-57.0107574462890625,-2.2415959835052490
-2.9147372245788574,-28.5638961791992188,-2.2424061298370361
6.7588009834289551,-50.5243644714355469,-2.2388353347778320
1.2204388380050659,-34.1722488403320313,-1.4054137468338013
2.8202514648437500,-23.6638545989990234,-1.0374792814254761
-7.5378270149230957,-42.3521308898925781,-1.0418868064880371
-17.3563938140869141,-50.8118553161621094,-1.8803976774215698
8.5783548355102539,-50.9334182739257813,-2.2438285350799561
-2.7184388637542725,-38.2124290466308594,-2.2433645725250244
7.7145972251892090,-41.5634574890136719,-1.0343909263610840
21.3902282714843750,-57.0068702697753906,-1.0382817983627319
-8.5805578231811523,-49.6179847717285156,-1.0340534448623657
-10.6206026077270508,-51.2138328552246094,-1.0329810380935669
-6.6853022575378418,-29.0543613433837891,-1.2488936185836792
-20.2235221862792969,-51.9229202270507813,-1.1720457077026367
1.0217896699905396,-25.6085815429687500,-1.0371147394180298
27.7828426361083984,-53.2610206604003906,-2.2448093891143799
-25.0221710205078125,-49.0170440673828125,-2.2413785457611084
-18.1225833892822266,-52.1493110656738281,-1.0344723463058472
7.6884970664978027,-20.4199962615966797,-1.2791771888732910
-21.9166908264160156,-45.0961036682128906,-1.3913655281066895
-7.7215452194213867,-49.1734809875488281,-1.2595340013504028
-20.2362346649169922,-41.8059539794921875,-2.2413771152496338
-1.8916537761688232,-51.1813430786132813,-1.2719613313674927
25.0219020843505859,-56.2234382629394531,-1.6394809484481812
3.1578543186187744,-56.4808654785156250,-1.6413117647171021
11.5626697540283203,-27.5951175689697266,-1.0384962558746338
1.9056427478790283,-18.3963813781738281,-1.0388417243957520
-15.4217214584350586,-40.7646064758300781,-1.5123690366744995
-27.6787242889404297,-56.0461311340332031,-1.2569062709808350
6.5850801467895508,-43.7885513305664063,-1.0298136472702026
-16.2462902069091797,-50.8169212341308594,-1.4144942760467529
2.7360389232635498,-53.1270027160644531,-2.2447161674499512
-10.7752399444580078,-33.9439544677734375,-1.3505365848541260
-13.3780117034912109,-27.7986412048339844,-1.0386352539062500
18.1797809600830078,-41.6345214843750000,-1.0357376337051392
6.7377567291259766,-25.7843647003173828,-1.0389071702957153
2.9321687221527100,-27.8842830657958984,-2.2431950569152832
-7.4800410270690918,-26.4331283569335938,-1.0388803482055664
-36.3504447937011719,-56.2863464355468750,-1.0356922149658203
3.7798159122467041,-46.0819854736328125,-1.2780414819717407
20.2184314727783203,-49.8808326721191406,-1.6814283132553101
-31.7882366180419922,-56.0276298522949219,-2.2371606826782227
-2.7908463478088379,-39.1608352661132813,-1.9668055772781372
5.8201665878295898,-41.9090194702148438,-2.2434279918670654
8.5778274536132813,-24.2325744628906250,-2.2428369522094727
2.8099029064178467,-44.4744262695312500,-2.0113861560821533
25.0218315124511719,-47.7636413574218750,-2.2425670623779297
-27.7750053405761719,-51.1587715148925781,-1.1233878135681152
-15.4223489761352539,-33.3510017395019531,-2.2412562370300293
11.5001535415649414,-56.6427345275878906,-1.9586842060089111
-15.4209232330322266,-40.1063499450683594,-2.2469961643218994
5.9824738502502441,-57.0016021728515625,-2.2410635948181152
18.1790332794189453,-34.6312522888183594,-2.2418613433837891
5.8199334144592285,-45.3398704528808594,-2.0259003639221191
-27.7777881622314453,-48.5730667114257813,-2.2418122291564941
-12.4619789123535156,-34.4823074340820313,-2.2446815967559814
-3.7778956890106201,-37.1274452209472656,-1.0355057716369629
-30.7020397186279297,-51.2574615478515625,-2.2412087917327881
-1.0210509300231934,-39.2297554016113281,-1.2685649394989014
-29.8220119476318359,-54.1594352722167969,-1.0375707149505615
-10.6171665191650391,-49.2692298889160156,-1.2527557611465454
-1.0193431377410889,-35.5286750793457031,-1.3872187137603760
-5.8212823867797852,-53.6854171752929688,-2.2454700469970703
-2.8195147514343262,-56.0183067321777344,-1.0346857309341431
3.7777981758117676,-28.7710018157958984,-1.0364141464233398
1.8725343942642212,-28.4947891235351563,-1.8985843658447266
21.2609291076660156,-53.3188591003417969,-1.6168285608291626
10.6137762069702148,-56.0483245849609375,-2.2426354885101318
3.7787826061248779,-32.0296516418457031,-1.9845156669616699
18.0896511077880859,-50.2070007324218750,-1.0375859737396240
27.0134716033935547,-45.1425247192382813,-1.0389040708541870
-26.2137718200683594,-50.0742874145507813,-2.2425725460052490
12.3601884841918945,-47.0916213989257813,-1.3841577768325806
2.7381870746612549,-45.4368171691894531,-2.2449104785919189
22.9808120727539063,-49.3875083923339844,-1.0332491397857666
-30.7004508972167969,-54.2089538574218750,-2.2419967651367188
-30.8479576110839844,-55.6196022033691406,-1.0375099182128906
-29.8224487304687500,-53.7224769592285156,-2.2422723770141602
11.4866533279418945,-26.5997638702392578,-1.0384390354156494
-2.9111456871032715,-26.5802211761474609,-2.2422089576721191
15.9170188903808594,-33.5011329650878906,-1.0379981994628906
13.3817081451416016,-54.1463127136230469,-1.0345267057418823
13.3782358169555664,-29.4133472442626953,-1.0381660461425781
5.9445543289184570,-37.1315422058105469,-1.2574115991592407
13.3777723312377930,-54.1106948852539063,-2.0296351909637451
-32.5765571594238281,-49.5257606506347656,-2.2411229610443115
21.0324535369873047,-47.1712722778320313,-1.6890739202499390
6.7220082283020020,-23.7698707580566406,-1.3775699138641357
10.7408914566040039,-30.8929233551025391,-1.3869175910949707
-18.1778545379638672,-52.1931800842285156,-2.0233769416809082
8.5116548538208008,-28.0892562866210938,-1.9336634874343872
1.9126938581466675,-22.7321166992187500,-2.2352552413940430
29.8222427368164063,-53.0731277465820313,-1.0766751766204834
21.3012466430664063,-47.8773193359375000,-1.0382695198059082
-26.0134391784667969,-53.0960388183593750,-2.2410774230957031
-13.3791427612304688,-44.4911193847656250,-2.2444770336151123
6.4708504676818848,-48.7894973754882813,-1.5880727767944336
5.8320674896240234,-51.2559623718261719,-1.0337955951690674
-1.0221103429794312,-50.5594062805175781,-2.2478871345520020
-1.0647456645965576,-29.9148330688476563,-1.0377674102783203
7.6831359863281250,-55.5146141052246094,-2.2457232475280762
17.3029422760009766,-42.9150314331054688,-2.2434399127960205
6.6794633865356445,-40.4885368347167969,-2.2434625625610352
-12.5205383300781250,-44.9967002868652344,-2.2446477413177490
-8.5257978439331055,-37.0816307067871094,-1.0366333723068237
-3.5678472518920898,-44.7047119140625000,-1.3408566713333130
1.0221776962280273,-43.4662742614746094,-2.0173213481903076
1.0691616535186768,-28.0108871459960938,-2.2414577007293701
-5.8208074569702148,-29.5009708404541016,-1.0364319086074829
2.7888576984405518,-38.5903739929199219,-1.9383434057235718
16.3733100891113281,-38.6334381103515625,-2.2431602478027344
31.6294574737548828,-55.2499046325683594,-2.0322809219360352
12.3701753616333008,-28.5144309997558594,-1.9443693161010742
25.7399559020996094,-45.1590309143066406,-2.0023725032806396
13.3801088333129883,-38.1751632690429688,-1.0380749702453613
-6.6006674766540527,-57.0051383972167969,-2.2439832687377930
-1.0358902215957642,-23.6444396972656250,-2.2417368888854980
-17.2938995361328125,-35.4717102050781250,-2.2414391040802002
-2.9167201519012451,-42.3442077636718750,-1.3103613853454590
22.0958843231201172,-53.7615356445312500,-1.0329285860061646
-1.8992999792098999,-47.3395195007324219,-1.0348944664001465
2.9999094009399414,-54.9965133666992188,-1.6328397989273071
1.0205944776535034,-45.5328102111816406,-1.2584270238876343
-8.5779714584350586,-48.6614341735839844,-1.2585391998291016
8.4802675247192383,-39.5186538696289063,-2.2442007064819336
-17.2811794281005859,-44.5412178039550781,-1.0378842353820801
3.4787788391113281,-50.6193695068359375,-1.0332229137420654
16.3969116210937500,-45.4952583312988281,-1.0376166105270386
-1.0211611986160278,-50.6961021423339844,-1.2683691978454590
12.5131788253784180,-29.9102058410644531,-1.0385074615478516
6.7796697616577148,-30.0011997222900391,-1.9767043590545654
26.0143737792968750,-46.8603858947753906,-1.0376834869384766
-12.4795732498168945,-34.0430068969726563,-1.0376563072204590
3.7774362564086914,-17.7024078369140625,-1.8971529006958008
-16.3620204925537109,-45.6047515869140625,-1.9617117643356323
-17.1620368957519531,-35.9776420593261719,-1.3806947469711304
3.7781450748443604,-23.9442749023437500,-1.0373476743698120
12.3883094787597656,-50.8381805419921875,-1.0347986221313477
1.0209622383117676,-41.5146484375000000,-2.2456314563751221
-12.4595165252685547,-44.5442695617675781,-1.0370578765869141
-17.1164970397949219,-50.3094902038574219,-1.0382494926452637
18.1789112091064453,-52.1049079895019531,-2.2485446929931641
-15.4476795196533203,-35.3122711181640625,-1.9982661008834839
18.1763668060302734,-35.6264343261718750,-2.2420802116394043
-13.3777141571044922,-26.8599586486816406,-1.3764057159423828
-3.7775974273681641,-21.7865695953369141,-1.3347468376159668
7.6869935989379883,-29.6854114532470703,-2.2432079315185547
-1.0206160545349121,-53.4436492919921875,-2.0265309810638428
-10.6224431991577148,-29.6960086822509766,-2.2427129745483398
-13.3784723281860352,-38.8708992004394531,-2.2430024147033691
-20.2300720214843750,-42.7448730468750000,-1.9034836292266846
1.1000914573669434,-20.2465229034423828,-1.9431190490722656
-6.7718353271484375,-38.1994972229003906,-1.2521663904190063
17.2397956848144531,-45.0101776123046875,-1.2556647062301636
-1.0209327936172485,-31.8105468750000000,-1.0361974239349365
10.6379251480102539,-27.5363159179687500,-2.2417812347412109
12.3443727493286133,-34.2153587341308594,-2.2434844970703125
20.5604572296142578,-48.1914100646972656,-1.9582906961441040
-7.6958127021789551,-47.2345886230468750,-1.0388275384902954
-18.1784744262695313,-53.1191635131835938,-1.2450407743453979
-15.4263429641723633,-52.2000732421875000,-1.2534891366958618
17.2432880401611328,-52.7233123779296875,-2.0327382087707520
12.3705511093139648,-52.8258209228515625,-1.0293979644775391
-10.6223516464233398,-50.2595481872558594,-1.3006701469421387
27.7239952087402344,-47.6358032226562500,-2.2413055896759033
1.0202745199203491,-54.1075706481933594,-1.0375028848648071
-11.4688014984130859,-53.6553535461425781,-1.0336251258850098
-25.0200901031494141,-56.2168884277343750,-1.6431941986083984
3.7778975963592529,-22.5076255798339844,-2.2417399883270264
12.4464683532714844,-42.8371849060058594,-2.2456767559051514
7.5868167877197266,-46.5091629028320313,-1.0324215888977051
17.5179557800292969,-54.4435386657714844,-1.6488147974014282
-13.3777923583984375,-25.9207382202148438,-1.0387408733367920
-6.6900267601013184,-20.8646774291992188,-1.0382219552993774
15.4187498092651367,-54.0550117492675781,-1.0342106819152832
7.5919466018676758,-57.0158653259277344,-1.0342043638229370
-30.7807540893554688,-50.6905479431152344,-1.0388028621673584
3.7779467105865479,-27.7789859771728516,-1.0363504886627197
-20.2851543426513672,-44.1793937683105469,-1.3798873424530029
25.9950771331787109,-46.7346954345703125,-2.2434585094451904
-6.5559139251708984,-26.3611469268798828,-1.6726205348968506
-3.7755999565124512,-51.3743057250976563,-1.0320008993148804
-15.4218387603759766,-42.5964927673339844,-1.0369271039962769
-21.1840915679931641,-55.0305023193359375,-2.2434175014495850
7.7085022926330566,-53.0458869934082031,-1.0363707542419434
1.9115135669708252,-33.2428588867187500,-2.2431077957153320
1.8985981941223145,-36.5130195617675781,-1.0378907918930054
1.8684864044189453,-50.7807579040527344,-1.0301045179367065
22.0090579986572266,-52.8105506896972656,-2.2464966773986816
7.7260098457336426,-37.1827926635742188,-2.2416234016418457
8.5787525177001953,-52.5808792114257813,-1.2829756736755371
5.8216247558593750,-28.4529838562011719,-2.0162184238433838
-17.1828842163085938,-54.1182327270507813,-1.0376049280166626
-6.7307848930358887,-22.8106098175048828,-1.0383710861206055
20.2213363647460938,-51.6466941833496094,-2.0236632823944092
31.6218185424804688,-56.2247390747070313,-2.2417263984680176
-21.9993820190429688,-40.3071136474609375,-1.0389329195022583
26.8831634521484375,-46.6163864135742188,-1.8079211711883545
-12.3768949508666992,-54.0704269409179688,-1.0379101037979126
-15.4204254150390625,-55.0669975280761719,-1.0382066965103149
-7.7195310592651367,-33.0701599121093750,-2.2453744411468506
2.7309615612030029,-47.3623161315917969,-2.2455403804779053
25.6747722625732422,-52.4988021850585938,-1.6220421791076660
6.7527894973754883,-34.5050582885742188,-1.2772222757339478
17.2582740783691406,-51.7626800537109375,-1.2502614259719849
-2.1102895736694336,-36.1256828308105469,-1.4027172327041626
-1.0211732387542725,-30.8623905181884766,-1.3264096975326538
-2.9092857837677002,-47.8326683044433594,-2.2414622306823730
8.5785760879516602,-36.6650276184082031,-2.2468309402465820
32.5798530578613281,-57.0023612976074219,-1.0373893976211548
-16.3056316375732422,-56.6854248046875000,-1.3166786432266235
-13.3779344558715820,-49.2181777954101563,-2.2414436340332031
7.7186675071716309,-54.0385589599609375,-1.0361597537994385
18.1790962219238281,-44.3637542724609375,-2.0152764320373535
2.7685141563415527,-43.7198410034179688,-1.2702684402465820
-13.3685379028320313,-48.2794532775878906,-1.9179133176803589
22.9776973724365234,-38.8452148437500000,-1.0920450687408447
2.7669942378997803,-43.5094261169433594,-2.2431440353393555
-20.2191162109375000,-54.1288871765136719,-2.2468657493591309
-37.3010864257812500,-53.2028694152832031,-1.7198990583419800
30.6084613800048828,-52.8869438171386719,-1.6638852357864380
-13.3791322708129883,-51.5530281066894531,-1.0314091444015503
-1.0216656923294067,-27.9282512664794922,-1.0350618362426758
7.8755984306335449,-49.3288154602050781,-1.6174613237380981
-10.6222591400146484,-27.7652530670166016,-1.9024446010589600
-11.7630310058593750,-54.1365814208984375,-1.8480560779571533
8.5780935287475586,-34.3835906982421875,-1.2984672784805298
-5.8191275596618652,-40.2207031250000000,-1.9970818758010864
-1.2233337163925171,-25.5027961730957031,-2.2415978908538818
-15.5428571701049805,-34.0835800170898438,-1.2878729104995728
15.4334430694580078,-50.5430603027343750,-2.0189092159271240
-15.4216451644897461,-34.3478736877441406,-2.2421979904174805
1.9110456705093384,-34.2306632995605469,-2.2451069355010986
-34.6216621398925781,-55.3748550415039063,-2.2278609275817871
7.5885133743286133,-25.2611541748046875,-1.0388895273208618
8.5773849487304688,-27.5355911254882813,-1.1070083379745483
12.5222654342651367,-33.2368774414062500,-2.2419300079345703
10.6435327529907227,-29.4699935913085938,-1.9020712375640869
-21.9987239837646484,-48.9827537536621094,-1.0373729467391968
-10.6270246505737305,-30.6281509399414063,-1.8998292684555054
22.9777622222900391,-42.7884864807128906,-1.0384533405303955
10.6231250762939453,-28.5335636138916016,-2.2416324615478516
18.1751613616943359,-37.5521316528320313,-2.2452437877655029
12.4992208480834961,-41.4290962219238281,-1.0337091684341431
1.1433309316635132,-42.6280136108398438,-1.0365920066833496
-3.7781853675842285,-21.2064628601074219,-2.2415170669555664
-11.5761442184448242,-28.3498973846435547,-2.2425599098205566
-1.8696367740631104,-49.0805549621582031,-2.2426595687866211
1.0177863836288452,-50.2767257690429688,-1.0337655544281006
-18.1779994964599609,-38.3450775146484375,-1.0371737480163574
36.6446418762207031,-53.2590637207031250,-1.0382993221282959
18.1782379150390625,-47.2537231445312500,-2.2454833984375000
-2.8414118289947510,-47.2176246643066406,-1.3329610824584961
-16.5610141754150391,-55.0530891418457031,-2.2451405525207520
-26.2778511047363281,-47.3343772888183594,-1.6458036899566650
12.3861131668090820,-37.5988426208496094,-1.0364857912063599
10.6359653472900391,-24.6613864898681641,-2.2400019168853760
3.7789962291717529,-31.0794582366943359,-2.2447028160095215
7.0186967849731445,-49.2756767272949219,-2.2492215633392334
-21.0450820922851563,-53.3917312622070313,-1.3076840639114380
-18.1776161193847656,-46.7174377441406250,-2.2413735389709473
-16.3736991882324219,-32.1896667480468750,-2.2414920330047607
7.6373262405395508,-48.5073738098144531,-1.0385560989379883
-1.8962805271148682,-50.2317008972167969,-1.0329468250274658
-30.6530990600585938,-57.0076560974121094,-1.9354095458984375
-32.5775947570800781,-53.4514427185058594,-2.0354907512664795
2.8348054885864258,-55.7552795410156250,-2.2447793483734131
-26.7745800018310547,-55.6235313415527344,-1.2445886135101318
21.7654685974121094,-50.4750175476074219,-2.2502701282501221
7.7165498733520508,-51.1143074035644531,-1.0350047349929810
-1.8729835748672485,-31.2919864654541016,-1.0371804237365723
11.5580863952636719,-40.3913574218750000,-2.2429320812225342
-6.7833261489868164,-55.3327255249023438,-1.2501658201217651
13.3785018920898438,-57.0060272216796875,-2.2427663803100586
1.8849750757217407,-53.6436004638671875,-1.1869372129440308
-8.5791788101196289,-26.7365150451660156,-2.2445921897888184
-20.2221565246582031,-45.6156044006347656,-1.9038120508193970
-22.8617095947265625,-42.6033439636230469,-1.0384169816970825
31.7895374298095703,-57.0018653869628906,-1.6391448974609375
2.7451698780059814,-28.8576145172119141,-2.2282786369323730
-8.5788755416870117,-43.8102149963378906,-2.0339016914367676
-1.8872345685958862,-34.6898117065429688,-1.9199298620223999
1.0161607265472412,-55.0881347656250000,-1.0334390401840210
17.2435913085937500,-52.7262077331542969,-1.0366001129150391
-11.5719213485717773,-39.7131118774414063,-1.9267488718032837
7.6312561035156250,-50.0504798889160156,-2.2467432022094727
-3.7786915302276611,-51.1725387573242188,-2.0071618556976318
22.9777984619140625,-55.1044807434082031,-1.0351437330245972
16.2558364868164063,-34.8395462036132813,-1.0369327068328857
6.7179541587829590,-26.7824764251708984,-1.0388228893280029
-29.8223781585693359,-49.8104896545410156,-1.8549636602401733
25.0221614837646484,-51.9131355285644531,-2.2440645694732666
10.6188001632690430,-41.8624076843261719,-2.2441782951354980
22.0923252105712891,-39.8438758850097656,-2.2419259548187256
-7.4590201377868652,-19.5430011749267578,-1.6449795961380005
-10.6208934783935547,-31.5577049255371094,-2.2424569129943848
-30.7912483215332031,-56.0717506408691406,-2.2423377037048340
8.5778961181640625,-45.9109992980957031,-1.0361093282699585
17.2520828247070313,-53.7130508422851563,-1.0358500480651855
-7.6235980987548828,-54.7132453918457031,-2.2479002475738525
-12.5369291305541992,-43.0757980346679688,-1.9003310203552246
-17.0805187225341797,-36.9718589782714844,-1.4007570743560791
-1.0211076736450195,-46.8710174560546875,-1.0347419977188110
20.4691200256347656,-53.4960212707519531,-1.0352406501770020
20.2220172882080078,-41.4971504211425781,-2.0111002922058105
13.3766202926635742,-29.8502178192138672,-2.2419028282165527
-13.3786621093750000,-34.9750785827636719,-1.9000973701477051
-21.9938755035400391,-42.2434616088867188,-1.3768874406814575
13.3791084289550781,-50.7295074462890625,-1.0328229665756226
25.0224723815917969,-49.3437309265136719,-2.2413518428802490
-25.0198059082031250,-51.0049819946289063,-1.0381907224655151
-8.5250320434570313,-22.7991714477539063,-2.2410759925842285
15.4215850830078125,-42.7916374206542969,-1.9967800378799438
22.0646095275878906,-48.5203819274902344,-1.0357460975646973
-17.3029251098632813,-56.6327743530273438,-1.9553556442260742
-8.5777549743652344,-19.2696533203125000,-1.0387395620346069
17.2198619842529297,-56.2376594543457031,-2.2447843551635742
-5.8237352371215820,-43.3433761596679688,-1.2813175916671753
-21.0746479034423828,-46.0344314575195313,-2.2419013977050781
-5.8220973014831543,-18.4302272796630859,-1.8769298791885376
1.9135805368423462,-30.4086437225341797,-2.2445600032806396
-10.6215324401855469,-36.4767303466796875,-2.0444686412811279
10.7038984298706055,-25.1633472442626953,-1.3784806728363037
-22.0431556701660156,-53.1629562377929688,-2.2433180809020996
-8.5807676315307617,-52.8858451843261719,-1.6412017345428467
15.4217185974121094,-42.0901565551757813,-1.2860504388809204
17.2194557189941406,-37.4939422607421875,-1.0387481451034546
3.7794270515441895,-39.4123535156250000,-1.2872262001037598
-15.4212484359741211,-49.2752075195312500,-2.0304350852966309
-7.7183084487915039,-44.2662773132324219,-2.2423357963562012
-7.7377271652221680,-34.4074668884277344,-2.2449350357055664
5.8200483322143555,-37.1042289733886719,-2.2460310459136963
-1.9462684392929077,-48.0922050476074219,-2.2445762157440186
-2.9536511898040771,-21.6763763427734375,-1.9338582754135132
7.6147890090942383,-32.9553108215332031,-1.0372924804687500
5.8408474922180176,-23.0464115142822266,-1.0386031866073608
25.0219402313232422,-50.3422927856445313,-1.0369814634323120
18.1788311004638672,-39.7231979370117188,-1.2828865051269531
2.8106904029846191,-42.5179138183593750,-2.2414271831512451
-35.3694190979003906,-56.0345954895019531,-2.2448642253875732
10.6215553283691406,-42.7822723388671875,-1.8971354961395264
32.5766067504882813,-51.9807624816894531,-2.2411315441131592
16.4135322570800781,-47.4019279479980469,-2.0313038825988770
-3.6104993820190430,-27.6291313171386719,-1.0383583307266235
-2.8745000362396240,-19.7313804626464844,-2.2411041259765625
1.0200674533843994,-57.0072784423828125,-1.0359113216400146
-18.1776180267333984,-35.9370460510253906,-2.2417862415313721
26.9112987518310547,-48.2434005737304688,-1.0388138294219971
-16.3987522125244141,-31.1917743682861328,-2.2408947944641113
-17.3039913177490234,-49.8236465454101563,-1.8893562555313110
6.7575101852416992,-36.4294700622558594,-1.2669759988784790
-8.5814619064331055,-41.8979301452636719,-1.0362523794174194
-7.7115664482116699,-20.3028030395507813,-2.2412874698638916
17.2666206359863281,-38.1877250671386719,-2.2413084506988525
-7.6797609329223633,-46.1872138977050781,-2.2426166534423828
21.9984626770019531,-42.4238777160644531,-1.0387580394744873
-7.7344722747802734,-44.3168563842773438,-1.2453613281250000
1.0220785140991211,-32.2760086059570313,-1.0350942611694336
17.2036628723144531,-46.9557380676269531,-1.0368031263351440
26.7991676330566406,-52.7673034667968750,-1.0337617397308350
25.8479290008544922,-47.5676269531250000,-1.7193056344985962
-22.0008468627929688,-47.9924926757812500,-1.0368709564208984
-2.8676300048828125,-52.9411811828613281,-1.2842744588851929
26.6226673126220703,-53.9803085327148438,-1.0389630794525146
-26.9124126434326172,-56.5654525756835938,-2.2414765357971191
-5.8210535049438477,-46.9013977050781250,-2.2420427799224854
-5.8211889266967773,-50.9804992675781250,-1.2750915288925171
1.0197709798812866,-35.0661239624023438,-1.0358748435974121
-13.3795118331909180,-33.5550308227539063,-1.3787530660629272
-2.6571218967437744,-44.4393882751464844,-1.0328993797302246
16.3762607574462891,-46.4067153930664063,-2.0328657627105713
-3.7875614166259766,-56.0967292785644531,-2.2493393421173096
-22.9835338592529297,-54.6715698242187500,-1.9260487556457520
17.9969978332519531,-42.5700263977050781,-1.2864904403686523
8.5804758071899414,-35.6831130981445313,-2.1459631919860840
13.3792152404785156,-35.2643394470214844,-1.0378066301345825
32.5788383483886719,-55.0323982238769531,-2.2420303821563721
-5.9025592803955078,-47.8832893371582031,-2.2466015815734863
12.4909915924072266,-31.3372306823730469,-2.2419693470001221
17.1349506378173828,-41.1326370239257813,-1.0384668111801147
16.3909568786621094,-51.3245964050292969,-1.0362445116043091
1.8967862129211426,-40.0679244995117188,-2.2451798915863037
29.9779186248779297,-57.0027694702148438,-1.0389235019683838
17.2871723175048828,-48.8794631958007813,-1.0343097448348999
11.6723966598510742,-40.9798049926757813,-1.3566749095916748
1.9664014577865601,-27.0676193237304688,-1.3748484849929810
27.7838878631591797,-57.0113220214843750,-1.7028567790985107
10.6224126815795898,-26.0987262725830078,-1.0386794805526733
21.1249427795410156,-42.8550949096679688,-1.2565857172012329
-29.9379196166992188,-53.2304306030273438,-1.3818258047103882
-15.5662946701049805,-44.3561210632324219,-2.0109815597534180
22.1834106445312500,-57.0052223205566406,-1.6420334577560425
1.0195149183273315,-52.1740036010742188,-2.0285418033599854
-7.8681602478027344,-41.5479431152343750,-1.6321587562561035
-5.8216376304626465,-30.4922275543212891,-1.0387914180755615
-1.8003700971603394,-56.1420440673828125,-1.0359913110733032
3.7798585891723633,-30.7410774230957031,-1.1563757658004761
1.9301722049713135,-25.5873603820800781,-2.2427031993865967
18.1796474456787109,-43.5043983459472656,-1.0371499061584473
8.5795373916625977,-47.1468315124511719,-2.2500853538513184
-11.5137233734130859,-35.4626884460449219,-1.0368953943252563
-6.8117022514343262,-25.6019115447998047,-2.2460141181945801
-17.2494144439697266,-52.7181625366210938,-2.2446520328521729
20.2896251678466797,-40.3084716796875000,-1.2691131830215454
-22.9791316986083984,-49.8111953735351563,-2.2434442043304443
-7.4383597373962402,-52.1024856567382813,-1.5785423517227173
-26.8778820037841797,-54.6521911621093750,-1.0384825468063354
-1.0228458642959595,-18.8805904388427734,-1.9974594116210938
-6.7010378837585449,-30.0235710144042969,-1.0377072095870972
-3.7847826480865479,-36.1357154846191406,-1.0358451604843140
7.6254386901855469,-44.5725059509277344,-1.0387417078018188
26.7986412048339844,-56.0214309692382813,-2.2430741786956787
22.2260780334472656,-47.7542686462402344,-1.6478477716445923
15.4104280471801758,-56.0323600769042969,-2.2453312873840332
13.2286224365234375,-49.7491683959960938,-1.0382984876632690
-6.8755373954772949,-45.7319183349609375,-1.3006458282470703
-16.3549671173095703,-46.9454383850097656,-1.0729894638061523
-15.7460384368896484,-30.5749454498291016,-1.8038648366928101
-12.3288898468017578,-32.1274185180664063,-1.3856550455093384
-2.7754650115966797,-18.8124485015869141,-1.8632123470306396
10.7856025695800781,-41.3031272888183594,-1.0373879671096802
11.5284843444824219,-46.1607398986816406,-2.2427468299865723
1.8824124336242676,-48.8848342895507813,-1.0349088907241821
3.7792561054229736,-28.2781791687011719,-1.8984907865524292
-11.4633092880249023,-32.1320610046386719,-1.8982061147689819
6.7653484344482422,-45.0804710388183594,-1.0373456478118896
-12.4754734039306641,-33.0484161376953125,-1.0383486747741699
-29.9588146209716797,-56.0814628601074219,-1.3879778385162354
-6.8847813606262207,-36.1779022216796875,-2.0186140537261963
3.7788839340209961,-45.1254348754882813,-1.0308675765991211
-15.4215412139892578,-52.1678314208984375,-2.2453768253326416
-1.0244970321655273,-51.6460151672363281,-1.0332069396972656
-3.7787899971008301,-29.0597400665283203,-2.2422602176666260
15.4214134216308594,-33.0978927612304688,-2.2414009571075439
21.1465511322021484,-48.8398094177246094,-1.2508602142333984
1.0202660560607910,-39.7856178283691406,-1.2737741470336914
-32.5761070251464844,-52.4823303222656250,-1.0388077497482300
36.5747184753417969,-52.4579696655273438,-1.6304246187210083
11.4901723861694336,-32.3154449462890625,-1.0375173091888428
20.2214965820312500,-54.4553413391113281,-1.0365002155303955
-17.0907382965087891,-48.4053878784179688,-1.4009882211685181
1.8579070568084717,-39.1109199523925781,-1.9980202913284302
22.9785518646240234,-40.8325729370117188,-1.0382554531097412
22.9797153472900391,-46.0926284790039063,-2.2442293167114258
15.4210042953491211,-43.9989929199218750,-1.2937964200973511
5.8367972373962402,-46.2997436523437500,-2.2424247264862061
-2.9020314216613770,-38.5254173278808594,-1.2112619876861572
21.1429805755615234,-43.9771461486816406,-2.0227487087249756
3.7466077804565430,-53.0722656250000000,-1.0337550640106201
-8.3881397247314453,-42.8616294860839844,-1.0356712341308594
-12.4756155014038086,-28.7843914031982422,-2.2423698902130127
-12.3722181320190430,-39.6713638305664063,-1.3328382968902588
27.7562942504882813,-48.6084823608398438,-2.0273947715759277
12.4966096878051758,-36.6778869628906250,-1.3832181692123413
10.8424367904663086,-34.6499900817871094,-1.0381619930267334
-11.5536003112792969,-48.8250198364257813,-1.3833358287811279
2.5925512313842773,-57.0083618164062500,-1.0328348875045776
-7.2253928184509277,-33.7500457763671875,-1.7148250341415405
-7.6425209045410156,-29.3313274383544922,-1.2603446245193481
10.6271591186523438,-37.5406646728515625,-1.3808622360229492
3.7792572975158691,-46.3217735290527344,-2.2447941303253174
17.1470909118652344,-40.2770767211914063,-1.5530210733413696
-26.0122222900390625,-53.1036109924316406,-1.0401803255081177
1.8759895563125610,-52.6791114807128906,-1.0327410697937012
13.3809843063354492,-51.7790718078613281,-2.2514481544494629
-12.3632278442382813,-46.4993438720703125,-1.1361347436904907
10.6310310363769531,-54.0569572448730469,-1.2499815225601196
30.7413883209228516,-54.6557922363281250,-2.2413346767425537
16.3795700073242188,-50.3160438537597656,-2.2437808513641357
18.1842880249023438,-56.0243873596191406,-1.0364555120468140
-30.7022571563720703,-52.2551307678222656,-2.2412185668945313
12.4597673416137695,-30.9014492034912109,-1.0402358770370483
-13.3773574829101563,-28.7956771850585938,-1.0376635789871216
3.6501574516296387,-32.9733467102050781,-2.2426860332489014
-1.0209342241287231,-48.7667083740234375,-1.0372196435928345
31.5887298583984375,-54.1767807006835938,-1.0383430719375610
-15.5578107833862305,-50.2364768981933594,-2.2444882392883301
-15.4200286865234375,-43.5566253662109375,-1.2641246318817139
-30.7298183441162109,-56.6058387756347656,-1.0338399410247803
-13.3792533874511719,-48.7415046691894531,-1.0375925302505493
5.8209972381591797,-36.1471290588378906,-2.0238299369812012
13.3766736984252930,-25.9921627044677734,-2.2412202358245850
-16.3389949798583984,-38.8349304199218750,-2.2416584491729736
12.4731502532958984,-26.5676059722900391,-2.2420244216918945
-21.1919498443603516,-57.0013084411621094,-2.2443006038665771
-22.0671215057373047,-44.1763153076171875,-1.0384593009948730
-5.8188581466674805,-24.3830127716064453,-1.0374703407287598
12.3498048782348633,-43.2688636779785156,-1.0339609384536743
17.5685672760009766,-55.5325965881347656,-1.6408950090408325
-6.6945061683654785,-31.9658889770507813,-1.0370748043060303
-17.2838287353515625,-39.3208007812500000,-2.2436470985412598
1.9179157018661499,-38.1498756408691406,-2.2429797649383545
-22.0041255950927734,-41.3053359985351563,-1.0385581254959106
17.2640380859375000,-47.8803062438964844,-2.2447121143341064
-2.9076812267303467,-50.7500267028808594,-2.2434129714965820
22.9776306152343750,-39.3923721313476563,-1.9283459186553955
18.1313209533691406,-37.8132362365722656,-1.2876980304718018
-25.0219383239746094,-50.0155830383300781,-2.2415359020233154
-8.5776958465576172,-20.8014049530029297,-2.2209773063659668
-22.9776000976562500,-40.6501731872558594,-1.3033953905105591
-5.9384250640869141,-54.5164756774902344,-1.7330895662307739
-8.5653476715087891,-50.5993919372558594,-1.0321971178054810
10.7176179885864258,-36.1187095642089844,-1.8958517313003540
-2.8954956531524658,-52.6715507507324219,-2.2436830997467041
-21.0947074890136719,-41.7575912475585938,-1.0383788347244263
16.3874950408935547,-52.2570457458496094,-2.2426698207855225
1.0254226922988892,-50.2490463256835938,-2.0287702083587646
-3.7781958580017090,-30.4827728271484375,-1.0357255935668945
16.9963264465332031,-55.0081596374511719,-2.2525095939636230
-11.5678787231445313,-47.3410835266113281,-2.2449786663055420
-6.7156119346618652,-39.1632003784179688,-1.0361063480377197
6.8831810951232910,-37.3856468200683594,-1.0368824005126953
32.5778541564941406,-52.8504219055175781,-1.0387250185012817
-5.8225173950195313,-37.3194427490234375,-2.2434844970703125
7.6584892272949219,-47.6004295349121094,-2.2438244819641113
-13.3004102706909180,-41.1645431518554688,-1.3845512866973877
-22.0780963897705078,-46.0113792419433594,-1.0379590988159180
-1.0211280584335327,-41.1045722961425781,-1.2860848903656006
1.9226137399673462,-22.3010044097900391,-1.0384310483932495
1.8742424249649048,-17.9002304077148438,-1.9050728082656860
-22.1702785491943359,-49.9052505493164063,-1.3480743169784546
-2.9046249389648438,-45.8543205261230469,-2.2428531646728516
-11.4810571670532227,-42.6296501159667969,-2.2425966262817383
-17.2428817749023438,-46.0504226684570313,-2.2435331344604492
-13.3794212341308594,-50.2101745605468750,-2.2484996318817139
11.4570302963256836,-50.4273643493652344,-1.4078593254089355
-27.7823143005371094,-49.3638381958007813,-1.6349180936813354
-16.2788543701171875,-44.0076484680175781,-1.0372669696807861
25.9892177581787109,-57.0052146911621094,-2.0293912887573242
-13.3767204284667969,-26.3603534698486328,-2.2412552833557129
31.6315708160400391,-54.2530326843261719,-2.0517187118530273
-3.7794516086578369,-43.7936248779296875,-1.0344477891921997
10.6218118667602539,-27.0969257354736328,-1.0383453369140625
15.4702415466308594,-51.6282730102539063,-1.2668600082397461
-8.5836286544799805,-39.9992027282714844,-2.0235178470611572
7.7117462158203125,-48.5781250000000000,-2.2440533638000488
-13.1028556823730469,-56.1298065185546875,-1.3116396665573120
-27.7797260284423828,-54.1201705932617188,-2.2434763908386230
-15.4175300598144531,-57.0164680480957031,-1.0381989479064941
-16.3833694458007813,-35.0614814758300781,-2.2413458824157715
-15.4224023818969727,-31.4125251770019531,-2.2411637306213379
-7.7939066886901855,-52.8450164794921875,-1.0329703092575073
-1.0147452354431152,-44.9192848205566406,-1.0321372747421265
1.0183337926864624,-48.3162002563476563,-2.0257389545440674
5.8206615447998047,-48.2604942321777344,-2.1234190464019775
-25.8243484497070313,-47.9853210449218750,-1.0389411449432373
-26.8351802825927734,-47.9068679809570313,-2.2426478862762451
11.4830799102783203,-41.3760719299316406,-2.2443666458129883
6.7845330238342285,-47.1797904968261719,-2.0147609710693359
-10.6205406188964844,-47.3744087219238281,-1.2902925014495850
13.3790454864501953,-46.0402946472167969,-2.0204982757568359
25.8043212890625000,-51.0447349548339844,-1.0354833602905273
5.8196148872375488,-38.0924720764160156,-1.0345537662506104
-10.6216144561767578,-34.8700866699218750,-1.0362948179244995
17.3229579925537109,-32.5396690368652344,-1.0384117364883423
3.7786495685577393,-47.0360565185546875,-1.0375018119812012
12.5049858093261719,-35.7440032958984375,-1.0383278131484985
-12.3115892410278320,-37.8049659729003906,-1.3877984285354614
-16.3879585266113281,-49.3927345275878906,-2.2437767982482910
-20.2182579040527344,-50.9389381408691406,-1.0363813638687134
-8.5790624618530273,-49.6196746826171875,-2.0277268886566162
3.7560977935791016,-49.0109100341796875,-1.0355508327484131
26.8061218261718750,-56.0352363586425781,-1.0377469062805176
-10.6222162246704102,-45.4323616027832031,-1.0353183746337891
7.6215338706970215,-26.2576427459716797,-1.0384353399276733
12.3098115921020508,-44.6322822570800781,-2.2431292533874512
32.5779800415039063,-51.5595283508300781,-1.3355996608734131
-1.0245152711868286,-21.1192226409912109,-1.0388612747192383
22.9779510498046875,-53.0508079528808594,-2.2415578365325928
-18.1801300048828125,-57.0059928894042969,-1.2464672327041626
-13.2617788314819336,-46.8419609069824219,-1.3922830820083618
21.8513889312744141,-45.6154327392578125,-2.2444553375244141
-1.9869625568389893,-33.7559585571289063,-2.2427394390106201
-8.5550565719604492,-26.9525642395019531,-1.2750339508056641
-17.2159614562988281,-46.9826049804687500,-1.9058476686477661
1.9100931882858276,-18.8399543762207031,-2.2411844730377197
1.7167863845825195,-54.5041770935058594,-1.6398637294769287
-22.9781398773193359,-45.5805778503417969,-1.0375143289566040
-22.1088657379150391,-49.3278121948242188,-2.2421236038208008
-1.8593111038208008,-46.3797988891601563,-1.2759877443313599
-2.1044723987579346,-39.9421043395996094,-1.4050468206405640
-6.6392931938171387,-54.3885459899902344,-1.0356694459915161
25.9522571563720703,-53.2412872314453125,-2.2421531677246094
-6.7927517890930176,-37.1692733764648438,-2.0285632610321045
-13.3291406631469727,-27.3566188812255859,-2.2412772178649902
15.4216337203979492,-45.6678314208984375,-2.2416965961456299
2.7898836135864258,-35.6565971374511719,-2.2416782379150391
-15.4221735000610352,-35.0406265258789063,-1.0379732847213745
16.2752494812011719,-41.6379890441894531,-1.0354939699172974
-21.0790958404541016,-43.1720504760742188,-2.2414307594299316
7.6709918975830078,-36.7617034912109375,-1.0364832878112793
-17.3208007812500000,-32.1818351745605469,-1.0387712717056274
-1.9573543071746826,-46.1688041687011719,-2.2438108921051025
-1.2252614498138428,-32.7120704650878906,-1.3893277645111084
8.5810995101928711,-56.0512123107910156,-2.2506222724914551
-8.5779628753662109,-38.0678710937500000,-1.0353143215179443
-7.8135933876037598,-51.3668212890625000,-1.0289297103881836
18.1799030303955078,-57.0057792663574219,-2.2432594299316406
2.7503287792205811,-25.0191078186035156,-2.2429375648498535
11.5474872589111328,-47.1411209106445313,-2.2433352470397949
7.6249713897705078,-24.3123073577880859,-1.3448144197463989
-8.5835618972778320,-33.6687889099121094,-1.0354529619216919
-1.0170662403106689,-56.2317161560058594,-1.6512668132781982
-21.9069137573242188,-50.8113594055175781,-1.0378601551055908
-6.7213001251220703,-31.0524272918701172,-2.2421765327453613
-1.9969880580902100,-38.0385780334472656,-1.0376273393630981
-3.7787430286407471,-28.0663185119628906,-2.2427997589111328
13.3778285980224609,-25.5916919708251953,-1.3264510631561279
-5.8204236030578613,-44.2999839782714844,-1.0348706245422363
-17.2776756286621094,-42.1824073791503906,-2.2457642555236816
-7.6234674453735352,-31.2653961181640625,-1.2631890773773193
-25.9239406585693359,-55.0539855957031250,-2.0334956645965576
-11.5326757431030273,-31.6360549926757813,-1.0370231866836548
1.9821192026138306,-23.2376613616943359,-1.3740016222000122
-16.4271831512451172,-57.0115242004394531,-2.2449467182159424
-21.1843547821044922,-43.6967887878417969,-1.3580602407455444
-7.2700858116149902,-41.0468177795410156,-1.0303457975387573
11.5182552337646484,-55.6748313903808594,-2.1940214633941650
-5.8206634521484375,-49.0452117919921875,-1.0339250564575195
-6.6526660919189453,-57.0025138854980469,-1.0333789587020874
3.7833509445190430,-48.0216941833496094,-1.0307873487472534
17.1493034362792969,-43.0916671752929688,-1.2761023044586182
-6.7018556594848633,-37.2372245788574219,-1.0372089147567749
7.7328543663024902,-32.0250282287597656,-1.3653658628463745
25.0194149017333984,-51.1309318542480469,-1.6384913921356201
-29.8170146942138672,-56.5844268798828125,-2.2428719997406006
17.3216075897216797,-43.9102554321289063,-2.2415127754211426
-2.8329324722290039,-56.1109428405761719,-2.0216078758239746
1.0183602571487427,-54.1233215332031250,-2.2430469989776611
3.7641336917877197,-43.4651107788085938,-2.2428362369537354
1.0210624933242798,-31.8420848846435547,-2.2437286376953125
-10.6218824386596680,-33.5342369079589844,-2.2432014942169189
20.2183284759521484,-56.2365760803222656,-1.6283422708511353
1.0184334516525269,-36.9705123901367188,-1.0369782447814941
-3.6250355243682861,-41.4789237976074219,-1.8983654975891113
-10.7990970611572266,-46.6758232116699219,-2.2436285018920898
1.0206429958343506,-46.3865547180175781,-2.0213053226470947
13.3778419494628906,-45.8982391357421875,-1.0358901023864746
-17.0097160339355469,-56.0524215698242188,-1.0357387065887451
-1.0201439857482910,-37.3332443237304688,-1.3027015924453735
-15.4223012924194336,-47.4161682128906250,-1.0358384847640991
-3.7172172069549561,-25.6908569335937500,-1.3227250576019287
-22.9795608520507813,-53.7428932189941406,-2.2440905570983887
6.7679328918457031,-55.2760353088378906,-1.0322550535202026
5.8181142807006836,-53.0986137390136719,-2.0245463848114014
5.8209433555603027,-26.5057621002197266,-2.2433440685272217
-1.9175084829330444,-52.1578521728515625,-1.2655861377716064
7.6262073516845703,-30.6287384033203125,-1.9229731559753418
18.1749649047851563,-49.1866989135742188,-2.2451560497283936
34.6221427917480469,-55.0131263732910156,-1.0387755632400513
16.3091945648193359,-35.8328094482421875,-1.0381395816802979
27.7804508209228516,-55.1949958801269531,-2.2439310550689697
16.3621959686279297,-45.4101753234863281,-2.0316278934478760
2.6010026931762695,-50.4678688049316406,-1.6158798933029175
-22.0839977264404297,-56.6159057617187500,-1.0327042341232300
-11.5082283020019531,-36.8879394531250000,-2.2417252063751221
7.5901117324829102,-27.7063484191894531,-1.9267965555191040
6.0627231597900391,-44.4119567871093750,-2.2470476627349854
-3.7782969474792480,-52.1341705322265625,-2.2478733062744141
-21.1942481994628906,-57.0097846984863281,-1.2497262954711914
-12.5703411102294922,-23.9997863769531250,-1.9032682180404663
7.5537443161010742,-39.1582603454589844,-2.2429459095001221
-31.6199092864990234,-50.1893501281738281,-1.2445448637008667
-12.4401168823242188,-52.2797508239746094,-1.0381547212600708
-3.7787780761718750,-33.3391342163085938,-1.0357253551483154
22.9766159057617188,-40.3404731750488281,-2.2412981986999512
-12.4934606552124023,-48.7560272216796875,-2.2427752017974854
12.5029296875000000,-55.6102027893066406,-1.0364956855773926
2.8258142471313477,-22.7066955566406250,-1.3057197332382202
6.7635030746459961,-40.2911224365234375,-1.0375638008117676
8.5735483169555664,-42.0521316528320313,-1.1779055595397949
16.3553104400634766,-55.7551574707031250,-2.2451846599578857
-12.4373483657836914,-31.2034740447998047,-1.0369457006454468
-15.4578666687011719,-46.4585266113281250,-1.2643694877624512
2.8591656684875488,-23.0494632720947266,-2.2420196533203125
-7.6727714538574219,-39.6670837402343750,-2.2416081428527832
10.6193809509277344,-52.2273788452148438,-2.2430860996246338
3.7851386070251465,-54.0706176757812500,-2.2460312843322754
-6.5310530662536621,-40.8465843200683594,-1.6558672189712524
10.6218805313110352,-35.6197738647460938,-1.0367844104766846
-3.7784564495086670,-40.9592208862304688,-1.0619367361068726
-31.6660232543945313,-53.0942268371582031,-2.2417473793029785
8.5793447494506836,-29.0309963226318359,-2.2433681488037109
-18.1799793243408203,-56.0640029907226563,-2.0088622570037842
-12.3828239440917969,-57.0013504028320313,-1.0389605760574341
-5.8178672790527344,-25.5718574523925781,-1.0375007390975952
-8.5786094665527344,-29.8274593353271484,-1.0361489057540894
27.7795448303222656,-56.1858024597167969,-2.2441000938415527
-1.0212222337722778,-40.8574447631835938,-2.2468738555908203
-16.3648986816406250,-30.7624702453613281,-1.0389137268066406
-3.7827148437500000,-39.9731292724609375,-1.0369541645050049
30.7325553894042969,-53.6551094055175781,-1.0387605428695679
29.8186359405517578,-56.0280342102050781,-2.2440752983093262
2.7809002399444580,-40.5303649902343750,-2.2411699295043945
32.5788040161132813,-52.9785804748535156,-2.2423186302185059
10.6217241287231445,-47.0900726318359375,-1.0355048179626465
10.6894493103027344,-39.4599876403808594,-1.0365171432495117
-7.6194496154785156,-18.6323013305664063,-2.0218293666839600
11.4800033569335938,-45.1787185668945313,-2.2442948818206787
-1.0201370716094971,-45.8956298828125000,-1.0386269092559814
-1.9219554662704468,-37.6125450134277344,-2.2423732280731201
-3.7892351150512695,-44.3791313171386719,-2.2501790523529053
-10.6211967468261719,-33.0134696960449219,-1.0376405715942383
15.4221210479736328,-44.7038116455078125,-2.0021383762359619
7.7148900032043457,-34.1993064880371094,-2.2425031661987305
-22.9797782897949219,-50.3932113647460938,-1.0376724004745483
6.7513999938964844,-35.4650115966796875,-1.0345878601074219
-26.7805309295654297,-55.5776405334472656,-2.2416858673095703
-18.1779212951660156,-34.9542579650878906,-2.0798039436340332
-12.4502201080322266,-31.6323070526123047,-2.2432911396026611
-21.2916603088378906,-51.7784538269042969,-1.9251589775085449
16.2282733917236328,-53.2368659973144531,-2.2424044609069824
-3.7785699367523193,-52.3188858032226563,-1.2781789302825928
7.6986784934997559,-33.9116325378417969,-1.2890617847442627
-12.4006519317626953,-38.7262840270996094,-1.0361633300781250
-26.5320415496826172,-52.2534103393554688,-1.0358550548553467
20.2204952239990234,-52.5675811767578125,-1.2556492090225220
7.7204756736755371,-35.1974716186523438,-2.2413017749786377
8.5857820510864258,-49.0345611572265625,-2.2458527088165283
36.6802864074707031,-55.5097274780273438,-1.6404896974563599
-22.9780139923095703,-46.5762939453125000,-1.0382200479507446
10.6220941543579102,-30.4049930572509766,-2.2440414428710938
2.9058914184570313,-38.9978637695312500,-1.0366663932800293
13.3303861618041992,-43.9489822387695313,-1.2766948938369751
2.8135039806365967,-30.8330783843994141,-2.2436664104461670
8.5155906677246094,-31.8264331817626953,-1.9519867897033691
-37.3015632629394531,-54.0542564392089844,-2.2413117885589600
-3.7776992321014404,-26.6870899200439453,-1.3209784030914307
-1.0159349441528320,-54.5177536010742188,-1.0819277763366699
15.4207820892333984,-50.6831665039062500,-1.0320142507553101
2.9595208168029785,-47.5381774902343750,-1.2971972227096558
-6.7077984809875488,-19.8207092285156250,-2.2413191795349121
6.7789692878723145,-42.2221069335937500,-1.0375803709030151
-27.7779655456542969,-46.7730140686035156,-1.6471933126449585
-11.5074930191040039,-26.3625526428222656,-2.2414813041687012
16.3380279541015625,-50.3595161437988281,-1.2503769397735596
2.0524253845214844,-37.4838600158691406,-1.0358138084411621
-8.5782356262207031,-39.0445060729980469,-2.2478649616241455
17.2552928924560547,-34.2594337463378906,-2.2422540187835693
-8.5784444808959961,-46.7159614562988281,-2.0299541950225830
-13.3802881240844727,-46.3496894836425781,-2.2455983161926270
1.0210456848144531,-30.8514575958251953,-2.2438340187072754
30.8461303710937500,-53.6645889282226563,-2.2415113449096680
3.7805008888244629,-37.5104942321777344,-1.2841377258300781
22.0308303833007813,-44.3377609252929688,-1.0374752283096313
1.8938074111938477,-44.1339035034179688,-1.0338729619979858
-32.5775985717773438,-54.4532203674316406,-1.2448666095733643
-5.8234853744506836,-20.3363552093505859,-2.0369031429290771
11.5166301727294922,-48.5163803100585938,-1.0347025394439697
-8.5785036087036133,-30.6140556335449219,-2.2443592548370361
-12.5008640289306641,-46.8728523254394531,-2.2439837455749512
5.8203749656677246,-35.2001724243164063,-1.2639799118041992
-5.8177595138549805,-41.4339332580566406,-1.2884227037429810
-31.6620273590087891,-53.1378440856933594,-1.2445459365844727
21.1589260101318359,-44.8238067626953125,-1.0401846170425415
1.9015105962753296,-35.2162704467773438,-2.1309418678283691
35.7055358886718750,-57.0031166076660156,-2.2420146465301514
-21.1945285797119141,-40.8204803466796875,-1.3678954839706421
16.3756580352783203,-48.3733291625976563,-2.2445592880249023
-11.6473388671875000,-36.3818435668945313,-1.3896098136901855
-13.3767776489257813,-24.9221611022949219,-1.0388389825820923
5.8222727775573730,-21.9031944274902344,-2.2419004440307617
7.5942573547363281,-31.5738887786865234,-2.2426085472106934
25.7977504730224609,-51.2850837707519531,-2.2417836189270020
-1.1909561157226563,-20.7943229675292969,-1.9699010848999023
-30.6927413940429688,-55.1430168151855469,-1.8983230590820313
29.8183174133300781,-56.0193290710449219,-1.0361493825912476
2.8770692348480225,-27.4735221862792969,-1.3380955457687378
-6.8698892593383789,-44.7716484069824219,-1.0383400917053223
-11.5889053344726563,-53.2359504699707031,-2.2413291931152344
6.7443070411682129,-22.2869586944580078,-2.2414934635162354
18.1782703399658203,-33.9363632202148438,-1.0379010438919067
-5.8219614028930664,-30.5538196563720703,-2.2427556514739990
-26.5453453063964844,-52.2534866333007813,-2.2434742450714111
8.5777111053466797,-47.7815589904785156,-1.0327564477920532
-21.9987106323242188,-43.1813926696777344,-1.0381268262863159
-27.1166667938232422,-51.7110176086425781,-1.6334985494613647
-22.9785041809082031,-55.6652870178222656,-1.9405419826507568
2.8508744239807129,-21.0883445739746094,-2.2416517734527588
-15.4189214706420898,-49.3355026245117188,-1.0348002910614014
11.6406135559082031,-35.2468338012695313,-1.0377000570297241
-10.6218805313110352,-34.5224952697753906,-2.2410094738006592
7.5901288986206055,-23.3642330169677734,-1.0386524200439453
27.7798957824707031,-49.5807876586914063,-2.2419617176055908
6.7217617034912109,-55.4054412841796875,-2.0147411823272705
22.9792728424072266,-48.4863014221191406,-1.4255427122116089
26.6975135803222656,-47.5012931823730469,-2.2410833835601807
8.5821743011474609,-54.5194702148437500,-1.0323612689971924
-20.4095516204833984,-51.3129882812500000,-1.9385304450988770
8.5824232101440430,-49.9822959899902344,-1.9856816530227661
22.0396442413330078,-54.7494888305664063,-1.0353608131408691
-11.5667343139648438,-51.6947708129882813,-1.0618714094161987
-5.8334374427795410,-32.4697189331054688,-1.0343530178070068
2.7306883335113525,-51.2662887573242188,-1.0369985103607178
-8.5820083618164063,-44.8013992309570313,-1.0367996692657471
-11.5429668426513672,-35.8924636840820313,-2.2452743053436279
22.9837169647216797,-51.2227668762207031,-1.0335426330566406
-1.7473878860473633,-54.7433242797851563,-1.7219034433364868
-1.9658870697021484,-21.7944908142089844,-1.0383361577987671
-26.9887809753417969,-46.9205398559570313,-2.2411632537841797
7.7532095909118652,-39.5917091369628906,-1.0355308055877686
-3.7774891853332520,-19.3037147521972656,-2.2411615848541260
-35.5123939514160156,-55.1082382202148438,-1.3694999217987061
-1.0222274065017700,-39.9134330749511719,-1.9839103221893311
15.4211111068725586,-43.0474052429199219,-1.0344128608703613
2.0393240451812744,-29.9189033508300781,-1.3862787485122681
26.9335727691650391,-47.2479209899902344,-1.0380520820617676
12.4202737808227539,-29.4661064147949219,-2.2413790225982666
30.2755298614501953,-52.1844177246093750,-1.0385071039199829
1.0221045017242432,-20.8315830230712891,-1.0387256145477295
16.6454925537109375,-31.4494991302490234,-2.2255911827087402
-18.1777820587158203,-48.2657356262207031,-1.0381957292556763
10.6221418380737305,-46.5965843200683594,-1.8953818082809448
1.9160587787628174,-31.8318862915039063,-1.0347676277160645
5.8433918952941895,-33.2319755554199219,-1.0363535881042480
-17.1915016174316406,-52.2156295776367188,-1.3885680437088013
-22.1727046966552734,-40.8243598937988281,-1.8973540067672729
-6.6727247238159180,-50.5242691040039063,-1.0332524776458740
-2.8808274269104004,-50.0624046325683594,-1.0364708900451660
-16.3432941436767578,-42.7396697998046875,-2.2422151565551758
22.9786148071289063,-45.1618728637695313,-1.8944507837295532
16.3767585754394531,-36.6895599365234375,-2.2424969673156738
8.5776443481445313,-20.8065586090087891,-1.0388691425323486
10.6218957901000977,-33.7389221191406250,-1.3674719333648682
6.6739320755004883,-33.7806282043457031,-1.9904975891113281
-1.9108425378799438,-28.4729099273681641,-1.0373868942260742
-17.2016887664794922,-37.8927078247070313,-1.0374264717102051
2.8363585472106934,-31.8254337310791016,-2.2422332763671875
12.3189163208007813,-49.9238586425781250,-1.4055764675140381
13.3095788955688477,-27.4823226928710938,-1.3768121004104614
22.1932430267333984,-48.5448341369628906,-2.2435555458068848
11.6593713760375977,-31.8901729583740234,-2.2426919937133789
-1.0223927497863770,-19.1613731384277344,-1.0388712882995605
-35.4693870544433594,-54.1671218872070313,-1.0388987064361572
15.4202480316162109,-41.1308479309082031,-1.0359008312225342
-34.6406402587890625,-57.0034904479980469,-1.0372027158737183
12.4756402969360352,-38.5865135192871094,-1.0354897975921631
8.5788078308105469,-31.4542827606201172,-1.0352407693862915
-25.9600296020507813,-55.0862884521484375,-1.0377796888351440
-11.4879589080810547,-41.6384315490722656,-2.2438969612121582
12.4450235366821289,-40.4388618469238281,-1.0359492301940918
-34.6219635009765625,-54.5006675720214844,-1.4519373178482056
-18.1789779663085938,-42.1384887695312500,-1.3260002136230469
32.5778045654296875,-56.0053787231445313,-1.0386743545532227
16.3239688873291016,-46.4835319519042969,-1.0387492179870605
1.9714565277099609,-21.7380199432373047,-2.2414345741271973
6.6854634284973145,-29.6983585357666016,-1.0356317758560181
-26.0359001159667969,-54.0991134643554688,-1.0371167659759521
8.5805902481079102,-41.0683288574218750,-1.0326441526412964
-11.5576219558715820,-45.5371856689453125,-2.2439954280853271
-12.3382234573364258,-41.2129898071289063,-1.9424113035202026
2.7431874275207520,-53.1574668884277344,-1.0326604843139648
18.1806278228759766,-55.0399932861328125,-1.0368833541870117
-1.0871626138687134,-27.4696178436279297,-2.2431244850158691
-11.5046262741088867,-34.0572319030761719,-2.2419090270996094
21.1384677886962891,-55.1197433471679688,-2.2431571483612061
-11.5071287155151367,-38.2828369140625000,-1.0381325483322144
-6.7948255538940430,-55.2517013549804688,-2.2427208423614502
-27.0407257080078125,-52.8597679138183594,-1.6318892240524292
-12.4293279647827148,-43.5628623962402344,-1.0376338958740234
10.6218852996826172,-42.2803611755371094,-1.0374797582626343
-29.8223037719726563,-55.1578636169433594,-1.0381331443786621
-1.0212870836257935,-34.6081809997558594,-1.0325090885162354
-10.8896961212158203,-42.5169219970703125,-1.0343190431594849
-6.7544746398925781,-44.5204353332519531,-2.2427737712860107
-5.8203020095825195,-43.0888710021972656,-2.2449028491973877
16.2942466735839844,-39.7075576782226563,-1.0360677242279053
-27.7788600921630859,-54.1178512573242188,-1.2478091716766357
-3.7286388874053955,-20.2556457519531250,-1.9442160129547119
-2.8885889053344727,-46.8408546447753906,-2.2457492351531982
-15.4218540191650391,-43.3986549377441406,-2.2445974349975586
-1.2147643566131592,-29.3091506958007813,-2.2439785003662109
-3.7784180641174316,-55.1066932678222656,-2.2422795295715332
-17.2336082458496094,-53.6516418457031250,-1.9153139591217041
-6.8323082923889160,-49.5540390014648438,-1.0342428684234619
16.3465919494628906,-42.5093498229980469,-2.2442317008972168
-8.3422260284423828,-35.1928291320800781,-2.2433314323425293
21.2476806640625000,-48.8478240966796875,-2.2425909042358398
6.0791163444519043,-42.9311790466308594,-1.0361243486404419
16.2793025970458984,-40.6734046936035156,-1.2586791515350342
11.4459981918334961,-37.5422592163085938,-1.9898254871368408
-10.6219167709350586,-30.1358108520507813,-1.0362040996551514