x,y,z
18.1218414306640625,-46.7635498046875000,-1.5247656106948853
12.8739376068115234,-17.0387496948242188,-2.2421052455902100
-1.8455884456634521,-41.3458290100097656,-2.2494757175445557
16.8030147552490234,-19.7502403259277344,-2.2454175949096680
-1.7002947330474854,-11.7068309783935547,-2.2447614669799805
-27.6323795318603516,-52.5458450317382813,-2.2433784008026123
-6.4932069778442383,-50.7052726745605469,-1.5307135581970215
1.0221807956695557,-13.1583232879638672,-1.5350321531295776
20.2197761535644531,-57.0031013488769531,-2.2458202838897705
-1.0214289426803589,-24.6006393432617188,-1.5263192653656006
11.3266220092773438,-31.0560970306396484,-2.2439286708831787
-22.2849864959716797,-48.5408210754394531,-1.5351984500885010
-13.1899433135986328,-46.5443763732910156,-2.2482464313507080
-22.2937221527099609,-54.8945312500000000,-2.2459590435028076
-10.6218709945678711,-19.6418228149414063,-2.2526063919067383
-7.1886577606201172,-29.6064414978027344,-1.5347479581832886
16.3943367004394531,-53.0138320922851563,-1.5288901329040527
0.6018636822700500,-5.8588728904724121,-2.2430408000946045
-25.0198001861572266,-51.3406867980957031,-1.5351254940032959
12.4909677505493164,-10.1608152389526367,-2.2412152290344238
22.9822559356689453,-50.6547355651855469,-1.5338563919067383
0.5283434987068176,-9.5691719055175781,-2.2422516345977783
-3.3680460453033447,-19.1764526367187500,-2.2487516403198242
13.3455810546875000,-35.1503219604492188,-1.5351051092147827
3.2395114898681641,-16.1222686767578125,-1.5352123975753784
-7.8997449874877930,-32.4335289001464844,-2.2460021972656250
-17.9130954742431641,-44.6317214965820313,-1.5205774307250977
-8.5782985687255859,-54.9402656555175781,-2.2433979511260986
3.7845094203948975,-18.3534927368164063,-1.5325803756713867
11.2874498367309570,-29.4633674621582031,-2.2459542751312256
-8.5824689865112305,-31.7139129638671875,-2.2444117069244385
-2.9800426959991455,-55.3041610717773438,-1.5377764701843262
5.8218407630920410,-12.6686000823974609,-2.2417380809783936
-2.3670248985290527,-54.5183143615722656,-1.5327848196029663
-3.7836310863494873,-50.8129882812500000,-1.5275793075561523
3.7799394130706787,-25.8043022155761719,-2.2448966503143311
-5.8177437782287598,-27.4685955047607422,-2.2447974681854248
-1.7305959463119507,-45.1951484680175781,-2.2454490661621094
3.4683840274810791,-30.5350055694580078,-2.2442984580993652
-5.4981994628906250,-7.8612961769104004,-2.2420160770416260
-1.5150059461593628,-34.3552665710449219,-2.2444798946380615
-6.8097000122070313,-9.6121873855590820,-2.2412197589874268
-3.7901310920715332,-36.2563285827636719,-2.2487988471984863
1.0193042755126953,-28.2109966278076172,-1.5355060100555420
-3.7791585922241211,-46.8643417358398438,-1.5377644300460815
6.5095729827880859,-46.3737945556640625,-1.5343728065490723
2.6079964637756348,-30.7411556243896484,-1.5345342159271240
-16.4992446899414063,-47.9893913269042969,-2.2466681003570557
-34.8383522033691406,-53.5241165161132813,-1.5387190580368042
-7.2158455848693848,-28.1728725433349609,-1.5349489450454712
-12.3976526260375977,-33.0399856567382813,-2.2492647171020508
-12.5035285949707031,-50.5195960998535156,-2.2468063831329346
-12.3986034393310547,-25.9004001617431641,-2.2453858852386475
2.1728737354278564,-35.1139335632324219,-1.5335547924041748
5.8115835189819336,-56.0322685241699219,-2.2474112510681152
10.9410219192504883,-35.7047500610351563,-1.5320008993148804
21.6000213623046875,-54.2021408081054688,-2.2477285861968994
6.2763652801513672,-37.1559143066406250,-1.5276175737380981
-10.6184186935424805,-45.0619544982910156,-1.5226736068725586
18.1801452636718750,-27.7033271789550781,-1.5383968353271484
-12.4747667312622070,-18.3656196594238281,-2.2428805828094482
5.8145208358764648,-41.5410346984863281,-1.5255434513092041
22.9809532165527344,-39.0659599304199219,-2.2436075210571289
-1.0203984975814819,-47.2644081115722656,-2.2458407878875732
2.4288837909698486,-42.5188255310058594,-2.2431612014770508
7.2512221336364746,-23.5042324066162109,-1.5348875522613525
15.4212427139282227,-20.4786682128906250,-1.5375900268554688
-9.0376825332641602,-11.1999406814575195,-2.2441971302032471
-15.4200973510742188,-48.9247398376464844,-1.5312433242797852
-1.0194060802459717,-19.0456600189208984,-2.2433829307556152
11.4149093627929688,-57.0085563659667969,-2.2484133243560791
-31.2015438079833984,-53.4308853149414063,-1.5343905687332153
-1.0918334722518921,-12.0539054870605469,-1.5373516082763672
-16.8190937042236328,-36.9213066101074219,-1.5310233831405640
-6.5551166534423828,-38.8961601257324219,-2.2457106113433838
3.6636331081390381,-16.6804046630859375,-2.2449810504913330
-10.5163497924804688,-10.3778190612792969,-1.5377843379974365
3.4006102085113525,-8.0964956283569336,-2.2445764541625977
1.8754463195800781,-50.7294616699218750,-1.5387643575668335
4.3452496528625488,-8.4138679504394531,-2.2443966865539551
-10.6163568496704102,-39.3762931823730469,-2.2456653118133545
8.2231941223144531,-40.9347648620605469,-2.2530426979064941
10.6224403381347656,-57.0093154907226563,-1.5305901765823364
-27.0866127014160156,-55.5910072326660156,-2.2448787689208984
13.3839912414550781,-43.0231781005859375,-1.5295106172561646
-1.9686285257339478,-48.9112167358398438,-2.2322323322296143
3.7804551124572754,-19.7445507049560547,-1.5320097208023071
13.3784236907958984,-13.1820077896118164,-2.2424869537353516
-3.7801768779754639,-44.3578338623046875,-2.2446334362030029
2.7884943485260010,-21.4885349273681641,-2.2442533969879150
-8.5811100006103516,-40.6224517822265625,-1.5354541540145874
-1.7769911289215088,-50.8778762817382813,-1.5277662277221680
-2.3429112434387207,-18.2960262298583984,-1.5345095396041870
12.6716165542602539,-41.6383323669433594,-2.2450885772705078
22.2892684936523438,-56.3068313598632813,-2.2458834648132324
15.4190578460693359,-43.7135124206542969,-1.5271626710891724
15.4211053848266602,-21.1857204437255859,-2.2429556846618652
1.2313854694366455,-9.6271371841430664,-1.5375969409942627
-11.3167924880981445,-38.6839714050292969,-2.2476506233215332
31.1901016235351563,-51.2957534790039063,-2.2443532943725586
17.3302154541015625,-42.3820762634277344,-1.5386811494827271
-1.4005842208862305,-12.6898326873779297,-2.2415053844451904
25.6994323730468750,-45.4284896850585938,-2.2423939704895020
-8.5866031646728516,-38.6221427917480469,-2.2600502967834473
22.9852848052978516,-55.6049880981445313,-2.2447874546051025
-9.9413557052612305,-7.7312345504760742,-1.5386555194854736
-11.3173694610595703,-24.7081832885742188,-1.5349020957946777
-7.6048321723937988,-20.8318805694580078,-2.2430272102355957
-7.8822803497314453,-40.6333274841308594,-2.2452859878540039
10.6204652786254883,-55.7005577087402344,-1.5314594507217407
13.3791084289550781,-38.8726158142089844,-1.5317035913467407
-1.0203464031219482,-46.5755767822265625,-1.5327594280242920
-16.4214401245117188,-25.0685157775878906,-1.5365591049194336
20.2191658020019531,-36.9294929504394531,-1.5357075929641724
12.0345621109008789,-43.7908020019531250,-2.2433583736419678
6.7131295204162598,-10.5934906005859375,-2.2425973415374756
-22.2613220214843750,-38.8528556823730469,-2.2473716735839844
-34.6225700378417969,-54.1991653442382813,-2.2417712211608887
12.1697340011596680,-31.0944061279296875,-1.5386718511581421
34.6225662231445313,-54.1951599121093750,-1.5384699106216431
20.2159538269042969,-54.1913757324218750,-2.2435426712036133
2.6244943141937256,-6.0342836380004883,-2.2435905933380127
1.0213320255279541,-47.9140586853027344,-1.5355426073074341
-12.0920734405517578,-48.8915901184082031,-1.5300306081771851
8.5821952819824219,-44.2504959106445313,-1.5366163253784180
-8.5776071548461914,-24.1943454742431641,-2.2440214157104492
6.5655102729797363,-27.2076053619384766,-2.2465620040893555
12.4979162216186523,-49.6882667541503906,-2.2442927360534668
7.8426427841186523,-11.8353481292724609,-1.5319087505340576
1.7284193038940430,-54.6420555114746094,-1.5367841720581055
12.7655143737792969,-20.8538722991943359,-1.5325840711593628
35.1376647949218750,-53.7070426940917969,-2.2411334514617920
-8.5868043899536133,-50.7038650512695313,-2.2447648048400879
-15.4224615097045898,-25.0591793060302734,-1.5375432968139648
-1.0194407701492310,-47.9517936706542969,-1.5296096801757813
20.9131565093994141,-42.9140930175781250,-1.5354125499725342
13.7777700424194336,-11.2411165237426758,-1.5386106967926025
15.4202842712402344,-53.2615051269531250,-1.5301867723464966
3.7115867137908936,-8.7222137451171875,-1.5371204614639282
8.5799684524536133,-16.8115196228027344,-2.2505965232849121
-2.9874689579010010,-27.0902366638183594,-1.5339888334274292
-17.0216197967529297,-44.1935501098632813,-1.5299196243286133
2.6599333286285400,-41.8567428588867188,-1.5358109474182129
-20.9139709472656250,-52.0727043151855469,-2.2439129352569580
3.0315907001495361,-50.0191192626953125,-1.5293246507644653
18.1780014038085938,-33.8265190124511719,-1.5372966527938843
30.3862113952636719,-50.5203056335449219,-2.2414860725402832
-27.7812271118164063,-51.5764160156250000,-2.2486329078674316
-8.4398927688598633,-25.5553417205810547,-2.2482013702392578
-3.7835936546325684,-53.9167022705078125,-2.2469182014465332
-25.0208091735839844,-48.9685401916503906,-1.5366139411926270
-10.6203145980834961,-40.0581779479980469,-1.5305613279342651
-16.8270416259765625,-42.8813858032226563,-1.5310814380645752
22.9778766632080078,-34.7498321533203125,-2.2318072319030762
-21.5818347930908203,-48.5352821350097656,-2.2449512481689453
17.3730583190917969,-47.4508018493652344,-1.5321885347366333
-1.0210264921188354,-32.8657264709472656,-1.5384467840194702
18.1821022033691406,-38.5405464172363281,-1.5346083641052246
-15.8394908905029297,-40.9460792541503906,-2.2496008872985840
-6.9508228302001953,-10.3054723739624023,-1.5368220806121826
-5.8181724548339844,-37.9095230102539063,-1.5380350351333618
7.6222405433654785,-20.8424701690673828,-2.2448153495788574
3.0469872951507568,-40.5760879516601563,-1.5328645706176758
-8.5788755416870117,-37.6280975341796875,-2.2455403804779053
12.0188436508178711,-44.4948081970214844,-1.5351966619491577
-11.8988046646118164,-32.6166000366210938,-1.5242028236389160
-8.5782384872436523,-15.3634824752807617,-1.5349712371826172
20.9225788116455078,-39.0357017517089844,-1.5315550565719604
1.0210182666778564,-16.8839492797851563,-1.5348557233810425
1.8832527399063110,-26.1788463592529297,-1.5317001342773438
-27.1410942077636719,-42.9572525024414063,-1.5387544631958008
13.3794221878051758,-54.6001510620117188,-2.2444064617156982
26.3991012573242188,-57.0072479248046875,-1.5342222452163696
-11.6721916198730469,-19.6136226654052734,-1.5377910137176514
-22.2753124237060547,-40.2463989257812500,-2.2434897422790527
-25.0210666656494141,-52.0361251831054688,-2.2440052032470703
1.0210065841674805,-29.8617420196533203,-2.2530918121337891
-1.8313566446304321,-5.2823615074157715,-1.5358510017395020
25.0145359039306641,-56.3002090454101563,-2.2435481548309326
18.1778907775878906,-30.7585849761962891,-2.2494852542877197
32.5792999267578125,-50.5759582519531250,-1.5372158288955688
8.8844966888427734,-11.3095388412475586,-1.5387877225875854
2.4483811855316162,-20.5525760650634766,-2.2421016693115234
-2.2168807983398438,-53.8368835449218750,-2.2436544895172119
1.0191643238067627,-18.3237495422363281,-1.5362995862960815
2.4563457965850830,-10.6451406478881836,-2.2456483840942383
-15.4196796417236328,-29.1228199005126953,-2.2436389923095703
-7.1902899742126465,-31.7442493438720703,-2.2493755817413330
18.1840362548828125,-25.9528999328613281,-2.2427608966827393
21.5955047607421875,-46.4587364196777344,-1.5322060585021973
35.9022750854492188,-55.2257843017578125,-1.5340464115142822
-8.8795633316040039,-10.0465736389160156,-1.5387985706329346
17.6931438446044922,-49.3135643005371094,-1.5340285301208496
-26.4317703247070313,-52.7412834167480469,-1.5371978282928467
3.7788510322570801,-41.2514839172363281,-1.5281239748001099
13.3802309036254883,-42.3331146240234375,-2.2436215877532959
1.9185694456100464,-33.5629615783691406,-1.8131654262542725
-7.8776292800903320,-31.7133846282958984,-1.5340414047241211
8.5796985626220703,-51.2418670654296875,-1.5320630073547363
16.7941532135009766,-19.0119152069091797,-1.5359712839126587
-6.5664281845092773,-39.5834693908691406,-1.5332719087600708
29.8165378570556641,-57.0043296813964844,-2.2441453933715820
-20.2151336669921875,-52.7760620117187500,-2.2442190647125244
3.1398546695709229,-54.0015373229980469,-2.2539622783660889
-36.1535606384277344,-55.7485046386718750,-2.2425706386566162
-3.7784805297851563,-32.9092330932617188,-2.2413461208343506
-1.8439003229141235,-25.3434085845947266,-1.5382806062698364
-1.0697968006134033,-9.3803863525390625,-2.2448167800903320
8.5792150497436523,-54.2460823059082031,-1.5317962169647217
-15.4200906753540039,-42.8921699523925781,-1.5390486717224121
2.5981132984161377,-30.0489082336425781,-2.2454512119293213
18.1790027618408203,-18.8783798217773438,-1.5377193689346313
12.8617849349975586,-31.2416381835937500,-2.2438378334045410
1.3541631698608398,-8.2256526947021484,-1.5380350351333618
7.7535161972045898,-34.2823333740234375,-1.5329982042312622
11.8023414611816406,-15.9344825744628906,-2.2420549392700195
-7.8598270416259766,-55.6324043273925781,-2.2451515197753906
-8.5809230804443359,-52.8348960876464844,-1.5373020172119141
-6.5678267478942871,-47.2098274230957031,-2.2415442466735840
-10.9317607879638672,-10.9446353912353516,-2.2441599369049072
-7.2264170646667480,-33.8404083251953125,-1.5327768325805664
-10.6213989257812500,-26.1441555023193359,-2.2433044910430908
7.5932226181030273,-38.6665992736816406,-2.2410800457000732
-12.3637094497680664,-34.0141716003417969,-2.2480740547180176
-1.1499422788619995,-52.8043937683105469,-1.5202420949935913
21.6122322082519531,-44.3331794738769531,-2.2458379268646240
-22.9794292449951172,-45.5386276245117188,-1.5352135896682739
-10.7474431991577148,-14.2368001937866211,-1.5385794639587402
-26.4374942779541016,-45.8920745849609375,-2.2424557209014893
-21.6055183410644531,-47.8222618103027344,-1.5322591066360474
-12.9661931991577148,-48.4158821105957031,-1.5311505794525146
-10.6175184249877930,-48.6972579956054688,-1.5284800529479980
-26.4209175109863281,-53.4480781555175781,-2.2447552680969238
-2.7405312061309814,-49.5329895019531250,-2.2528171539306641
-7.8685851097106934,-54.2394638061523438,-2.2435152530670166
-27.0778007507324219,-48.2017745971679688,-2.2441277503967285
-32.5826034545898438,-54.1548423767089844,-2.2433404922485352
-5.8181772232055664,-14.1451778411865234,-2.2430071830749512
-17.4909191131591797,-30.5607376098632813,-1.5347981452941895
26.3902511596679688,-51.3361854553222656,-1.5349590778350830
-18.0944957733154297,-42.4326629638671875,-1.5195196866989136
-12.8940105438232422,-30.5491142272949219,-1.5332539081573486
-15.4190025329589844,-57.0021629333496094,-2.2437524795532227
-1.0195757150650024,-19.7662696838378906,-1.5342293977737427
-3.7778007984161377,-26.4042186737060547,-1.5373979806900024
6.5839495658874512,-33.0481719970703125,-2.2447640895843506
8.5819864273071289,-29.5618267059326172,-1.5314276218414307
-10.6181888580322266,-31.1273155212402344,-1.5329523086547852
31.8682880401611328,-49.1654167175292969,-2.2415456771850586
10.6944856643676758,-12.0896139144897461,-1.5387157201766968
12.6310939788818359,-47.3392753601074219,-2.2415111064910889
8.5781173706054688,-32.9095039367675781,-2.2507820129394531
0.4549238681793213,-10.2724218368530273,-1.5359101295471191
-25.0196990966796875,-45.1891365051269531,-1.5382187366485596
-10.6216955184936523,-12.5414266586303711,-1.5378165245056152
25.0210456848144531,-50.6224708557128906,-2.2425441741943359
17.1829624176025391,-49.7788696289062500,-2.2489960193634033
-0.9685423374176025,-3.9599025249481201,-2.2426624298095703
-17.5225124359130859,-36.2198982238769531,-1.5302140712738037
-21.6356697082519531,-47.1002960205078125,-2.2416300773620605
27.0974216461181641,-47.7791862487792969,-1.5325937271118164
-12.8801536560058594,-33.5415000915527344,-1.5364603996276855
-1.5235176086425781,-31.3723030090332031,-2.2424139976501465
-12.3108434677124023,-27.5840511322021484,-1.5326671600341797
20.2175312042236328,-55.6207580566406250,-2.2474493980407715
1.0209196805953979,-23.7978725433349609,-2.2442183494567871
-5.8204088211059570,-40.2397956848144531,-1.5340484380722046
21.5990180969238281,-52.0776977539062500,-1.5346685647964478
7.6704134941101074,-29.5525665283203125,-2.2434542179107666
-35.4415588378906250,-54.3335609436035156,-1.5386707782745361
-7.8753075599670410,-36.9213256835937500,-2.2483317852020264
21.5877723693847656,-34.7474822998046875,-2.2239203453063965
-17.4838314056396484,-53.4537734985351563,-2.2459359169006348
-6.5304479598999023,-37.9052734375000000,-2.2434763908386230
20.2166976928710938,-42.2106857299804688,-1.5354368686676025
7.8730616569519043,-47.8109245300292969,-1.5363050699234009
-6.1404452323913574,-6.7620191574096680,-2.2411730289459229
-2.0713059902191162,-12.9831819534301758,-1.5282061100006104
16.1238594055175781,-40.6918983459472656,-1.5365653038024902
-6.5375676155090332,-12.7463340759277344,-1.5371859073638916
-18.1795291900634766,-54.1659431457519531,-2.2421994209289551
7.5609688758850098,-19.4389381408691406,-1.5378781557083130
6.4470772743225098,-36.1721229553222656,-1.5396015644073486
11.1000194549560547,-33.5950851440429688,-1.5326608419418335
-18.1825561523437500,-52.7506523132324219,-2.2418057918548584
15.4186763763427734,-38.5604705810546875,-1.5364950895309448
6.3462138175964355,-26.1022777557373047,-1.5370625257492065
-10.6216382980346680,-51.6941795349121094,-2.2515463829040527
5.8706631660461426,-27.2368679046630859,-1.5338926315307617
7.1643376350402832,-57.0055313110351563,-1.5379753112792969
3.7816879749298096,-14.0244216918945313,-1.5348116159439087
-7.8990497589111328,-51.4094696044921875,-2.2464220523834229
-27.0867671966552734,-56.2953605651855469,-1.5343488454818726
12.7072830200195313,-50.3382568359375000,-1.5297813415527344
25.7073001861572266,-55.5923042297363281,-2.2458300590515137
15.4178161621093750,-26.2586078643798828,-2.2506120204925537
8.0594806671142578,-7.3377943038940430,-1.5383443832397461
-6.4226498603820801,-57.0091247558593750,-2.2435925006866455
2.5435061454772949,-50.4790878295898438,-2.2463479042053223
5.8200960159301758,-34.6703567504882813,-2.2434151172637939
-26.3038139343261719,-50.2572784423828125,-2.2464601993560791
-3.1471192836761475,-6.1600484848022461,-2.2412288188934326
1.7954462766647339,-13.9057006835937500,-1.5400018692016602
32.5774688720703125,-49.1604881286621094,-1.5382720232009888
-22.9779853820800781,-35.7882881164550781,-2.2449402809143066
1.7205734252929688,-17.5923748016357422,-1.5363017320632935
-8.5805788040161133,-53.5412673950195313,-2.2432122230529785
-26.4321498870849609,-42.9497222900390625,-2.2415766716003418
11.3552665710449219,-55.6866950988769531,-2.2529389858245850
6.8920493125915527,-37.4372978210449219,-2.2492198944091797
3.7886111736297607,-53.9305877685546875,-1.5280065536499023
-25.0192794799804688,-46.5961837768554688,-1.5362700223922729
-1.6332553625106812,-38.9484863281250000,-2.2593281269073486
-5.8183174133300781,-19.2870159149169922,-1.5287445783615112
7.1713290214538574,-47.8081169128417969,-2.2445881366729736
-0.9851902723312378,-10.0698757171630859,-1.5336619615554810
-7.8215022087097168,-39.2533798217773438,-2.2452480792999268
11.5553541183471680,-36.0249366760253906,-2.2451632022857666
31.1822872161865234,-52.0023040771484375,-1.5384383201599121
3.4092245101928711,-7.3993148803710938,-1.5362917184829712
27.7847118377685547,-52.7539405822753906,-1.5353907346725464
1.1677446365356445,-35.5886192321777344,-1.5313905477523804
-12.6531705856323242,-52.2848091125488281,-1.5313006639480591
-12.1401424407958984,-38.7780723571777344,-1.5387891530990601
-34.6223449707031250,-54.9056472778320313,-1.5375697612762451
-20.2215995788574219,-37.1194725036621094,-1.5356353521347046
34.6223487854003906,-55.6061935424804688,-1.5365417003631592
-5.0696396827697754,-11.0839385986328125,-1.5388748645782471
-2.3649945259094238,-22.6448802947998047,-1.5368837118148804
-3.7750945091247559,-15.5852746963500977,-1.5270975828170776
17.4885635375976563,-57.0096435546875000,-1.5350718498229980
11.3053894042968750,-45.1933021545410156,-1.5347851514816284
-2.0263268947601318,-23.2594051361083984,-2.2433650493621826
-16.1210021972656250,-35.5193977355957031,-2.2445762157440186
-16.8274021148681641,-36.2239456176757813,-2.2433216571807861
13.3831815719604492,-41.6280517578125000,-1.5361495018005371
1.0801867246627808,-4.7422761917114258,-2.2430915832519531
-6.5326948165893555,-44.5826416015625000,-2.2432527542114258
8.5803709030151367,-47.8111457824707031,-2.2457053661346436
-12.3056850433349609,-48.2463951110839844,-2.2505128383636475
-22.9783859252929688,-43.1623382568359375,-1.5349327325820923
7.8503088951110840,-42.1762275695800781,-1.5324416160583496
-13.3815011978149414,-51.6151123046875000,-1.5282300710678101
11.3071384429931641,-28.0178909301757813,-2.2490153312683105
-22.9776458740234375,-36.4811210632324219,-1.5341298580169678
16.1292877197265625,-23.9237098693847656,-1.5353628396987915
7.1491403579711914,-20.3460941314697266,-1.5333697795867920
-3.7807590961456299,-21.3706226348876953,-2.2476398944854736
25.0189876556396484,-49.2200698852539063,-2.2453525066375732
-15.4222049713134766,-23.3589038848876953,-2.2412543296813965
-27.7817955017089844,-57.0039253234863281,-1.5363744497299194
16.1155052185058594,-37.8470153808593750,-1.5349752902984619
31.1996154785156250,-52.7240219116210938,-2.2462763786315918
-7.3083362579345703,-35.8856849670410156,-2.2497057914733887
11.0551404953002930,-11.4808216094970703,-2.2427594661712646
-10.7474193572998047,-50.3557281494140625,-2.2471761703491211
36.9707756042480469,-53.1792526245117188,-2.2416310310363770
-15.4220094680786133,-50.9183578491210938,-2.2575020790100098
-3.0893740653991699,-11.6883459091186523,-2.2476279735565186
1.4273381233215332,-3.8077123165130615,-2.2417039871215820
12.4780483245849609,-19.9062538146972656,-1.5365114212036133
-4.8207259178161621,-6.4012303352355957,-1.5387291908264160
11.2304620742797852,-23.0461235046386719,-1.5309777259826660
-3.8847515583038330,-6.8304853439331055,-2.2438812255859375
27.7839126586914063,-51.3343467712402344,-1.5350557565689087
-22.9797668457031250,-39.5429191589355469,-2.2454528808593750
3.2482738494873047,-9.3553934097290039,-2.2415015697479248
-8.5787668228149414,-27.2259159088134766,-1.5378577709197998
-3.0617733001708984,-12.5512895584106445,-1.5347119569778442
3.7821998596191406,-48.0284309387207031,-1.5249779224395752
17.5234165191650391,-36.9313278198242188,-2.2419886589050293
-20.2101879119873047,-49.9563293457031250,-2.2454080581665039
5.8194694519042969,-42.8662910461425781,-1.5331624746322632
7.6140556335449219,-18.2475948333740234,-1.5368905067443848
-13.3779325485229492,-17.2328205108642578,-1.5353499650955200
3.1930527687072754,-22.5588226318359375,-2.2417395114898682
5.8544688224792480,-15.1801948547363281,-2.2418663501739502
21.5980720520019531,-47.1495819091796875,-2.2451961040496826
27.0931110382080078,-55.5937767028808594,-2.2457311153411865
-2.2045707702636719,-50.3693656921386719,-2.2545938491821289
-10.6447896957397461,-51.0234642028808594,-1.5289943218231201
-1.7940798997879028,-51.5478897094726563,-2.2498660087585449
-18.1807785034179688,-41.7971038818359375,-2.2556083202362061
37.3023719787597656,-56.0026855468750000,-2.2422297000885010
4.6466031074523926,-7.7838802337646484,-1.5340914726257324
17.5130939483642578,-39.9796218872070313,-2.2470881938934326
-31.2019805908203125,-52.7163467407226563,-2.2451374530792236
-16.1219482421875000,-34.1099510192871094,-2.2443544864654541
-7.2027063369750977,-28.8877410888671875,-2.2461774349212646
-17.7800769805908203,-24.0701122283935547,-2.2439320087432861
-7.8808107376098633,-36.2348632812500000,-1.5309400558471680
-5.8162207603454590,-46.5217361450195313,-2.2464156150817871
22.2911148071289063,-46.4436187744140625,-2.2446024417877197
12.8223390579223633,-11.5323667526245117,-1.5350455045700073
-30.5090236663818359,-54.1474723815917969,-1.5336277484893799
10.6122713088989258,-45.1741142272949219,-2.2451155185699463
-7.9101710319519043,-33.1349143981933594,-1.5329869985580444
6.0845518112182617,-9.8178882598876953,-2.2426424026489258
36.5952529907226563,-54.5100898742675781,-1.5381715297698975
37.3016204833984375,-57.0014457702636719,-2.2416613101959229
-3.0730378627777100,-48.2746391296386719,-2.2430899143218994
7.5594339370727539,-27.2958297729492188,-2.2437174320220947
-17.1001873016357422,-26.2240066528320313,-2.2448358535766602
-6.5169496536254883,-49.2671775817871094,-1.5343663692474365
-16.7628383636474609,-39.1105842590332031,-2.2512369155883789
-2.8053689002990723,-50.6468887329101563,-1.5289546251296997
-21.3613529205322266,-34.6258735656738281,-2.2412607669830322
9.7986402511596680,-10.3646516799926758,-1.5365984439849854
-22.2940235137939453,-51.3574104309082031,-1.5342000722885132
-1.5123544931411743,-16.1679954528808594,-1.5341778993606567
16.1430835723876953,-21.8765773773193359,-2.2453868389129639
6.5426697731018066,-54.1140899658203125,-2.2495357990264893
8.9024324417114258,-8.7153406143188477,-2.2457149028778076
-13.3859004974365234,-41.1482582092285156,-1.5281151533126831
-7.1910610198974609,-49.9923439025878906,-1.5316103696823120
-20.4637222290039063,-38.4493255615234375,-1.5299069881439209
-13.3808679580688477,-28.4367465972900391,-2.2438821792602539
-7.3972234725952148,-48.1080665588378906,-2.2482845783233643
-108.4040603637695313,-57.0012664794921875,-1.5387653112411499
-5.8122801780700684,-42.5173530578613281,-2.2487447261810303
-6.5109157562255859,-28.8793773651123047,-1.5343325138092041
-26.3900299072265625,-55.5876464843750000,-1.5352946519851685
37.3015823364257813,-54.5146484375000000,-2.2421929836273193
20.2161502838134766,-52.7867584228515625,-2.2433805465698242
-2.7687108516693115,-35.4757385253906250,-1.5287076234817505
1.0133398771286011,-36.2558364868164063,-2.2441220283508301
3.7336518764495850,-4.6908750534057617,-2.2411580085754395
31.1993446350097656,-55.5833129882812500,-2.2457506656646729
18.1813411712646484,-48.8192672729492188,-2.2446434497833252
3.2789313793182373,-51.1521911621093750,-2.2432806491851807
16.1526374816894531,-25.5940494537353516,-2.2491016387939453
-2.5113255977630615,-9.6342496871948242,-2.2424955368041992
-18.1778659820556641,-27.7403011322021484,-2.2437758445739746
-27.7845859527587891,-54.1930236816406250,-1.5345256328582764
-5.8223032951354980,-23.0427246093750000,-1.5288084745407104
-2.5729093551635742,-32.4471244812011719,-2.2448430061340332
29.8170413970947266,-53.4522705078125000,-1.5369547605514526
-12.7259159088134766,-34.9272537231445313,-2.2432515621185303
3.7787666320800781,-46.4056205749511719,-2.2535912990570068
17.6782379150390625,-35.0809020996093750,-1.5328612327575684
12.1828832626342773,-34.6679115295410156,-1.5302616357803345
18.1793327331542969,-49.8117942810058594,-2.2462186813354492
-7.8883624076843262,-28.9086971282958984,-1.5336977243423462
-3.1631124019622803,-7.0367054939270020,-1.5645343065261841
1.0207757949829102,-14.5347375869750977,-1.5338692665100098
25.0142726898193359,-54.1749725341796875,-1.5363177061080933
-2.7909910678863525,-19.5709495544433594,-1.5367578268051147
-8.5802631378173828,-36.9369316101074219,-1.5355263948440552
-10.6212701797485352,-31.8276348114013672,-2.2420549392700195
-16.1083736419677734,-37.6090278625488281,-1.5298781394958496
16.1211261749267578,-47.0296630859375000,-1.5367734432220459
21.6011085510253906,-36.9113960266113281,-1.5344949960708618
-30.5068321228027344,-55.5804901123046875,-1.5337618589401245
-20.8834743499755859,-49.2350578308105469,-2.2421596050262451
16.1667404174804688,-32.5322761535644531,-1.5276886224746704
-22.9844779968261719,-47.1614036560058594,-2.2554590702056885
26.4007263183593750,-54.8866806030273438,-2.2453026771545410
12.1619806289672852,-10.7877626419067383,-1.5372077226638794
7.8782544136047363,-49.1919517517089844,-1.5307012796401978
10.8230533599853516,-15.7398509979248047,-2.2420661449432373
-16.1239299774169922,-29.1281929016113281,-1.5361826419830322
2.9031047821044922,-49.3574676513671875,-2.2516963481903076
-11.7706756591796875,-18.4024181365966797,-1.5368436574935913
-6.1710457801818848,-56.0537376403808594,-2.2472505569458008
31.1586227416992188,-49.8877105712890625,-2.2413103580474854
-1.8266608715057373,-37.0040206909179688,-2.2469604015350342
-11.5771217346191406,-46.8079681396484375,-1.5340943336486816
17.9899520874023438,-29.4055099487304688,-2.2427973747253418
25.0175895690917969,-51.3261108398437500,-1.5343768596649170
-5.8175625801086426,-36.5267257690429688,-1.5271557569503784
5.3458828926086426,-7.6901712417602539,-2.2412858009338379
27.0911941528320313,-56.2985115051269531,-1.5343942642211914
-11.1435842514038086,-7.8553724288940430,-1.7154031991958618
16.8174343109130859,-39.9834785461425781,-1.5360807180404663
16.8618621826171875,-37.1696777343750000,-1.5345302820205688
5.8253650665283203,-22.8144721984863281,-2.2449221611022949
5.8222694396972656,-48.1548423767089844,-2.2413339614868164
7.0429215431213379,-12.5006141662597656,-1.5337109565734863
20.9041271209716797,-52.0720138549804688,-2.2460370063781738
6.5380525588989258,-53.4243087768554688,-1.5351560115814209
-16.6154460906982422,-46.4095802307128906,-2.2507472038269043
7.2159924507141113,-44.2699432373046875,-1.5344810485839844
-25.7213783264160156,-53.4405136108398438,-1.5362354516983032
-7.1870455741882324,-30.3063297271728516,-2.2475097179412842
0.5929075479507446,-8.8636960983276367,-1.5381348133087158
-2.7551286220550537,-38.1579132080078125,-2.2468879222869873
1.6319164037704468,-12.0896511077880859,-1.5348842144012451
-17.4959125518798828,-55.5911407470703125,-1.5364512205123901
-11.3680725097656250,-42.0964546203613281,-1.5324032306671143
7.8391551971435547,-32.2374725341796875,-2.2495045661926270
18.1805057525634766,-37.8523521423339844,-2.2497861385345459
11.7951498031616211,-9.8596372604370117,-1.5387094020843506
-1.1426041126251221,-37.1650581359863281,-1.5378625392913818
3.7784116268157959,-39.2211875915527344,-2.2484230995178223
-17.6119022369384766,-49.5573616027832031,-1.5361917018890381
-10.6687078475952148,-44.4073371887207031,-2.2491030693054199
1.7696133852005005,-25.5030498504638672,-2.2458653450012207
1.6167075634002686,-23.4194927215576172,-1.5384161472320557
12.3931894302368164,-13.0115776062011719,-2.2439665794372559
-5.8171925544738770,-33.8557281494140625,-1.5354604721069336
-12.0187530517578125,-29.5220031738281250,-1.5287041664123535
5.8180127143859863,-50.5900154113769531,-2.2450110912322998
-2.0897908210754395,-49.6968803405761719,-1.5283401012420654
8.5822572708129883,-22.4757633209228516,-2.2464613914489746
-31.2026424407958984,-51.9973068237304688,-1.5331480503082275
-5.8204679489135742,-16.6457042694091797,-2.2444956302642822
-16.1133251190185547,-54.2001457214355469,-1.5350395441055298
22.3014144897460938,-47.1571464538574219,-1.5330656766891479
-7.9836192131042480,-13.4379358291625977,-2.2417578697204590
18.1825752258300781,-30.0783691406250000,-1.5333844423294067
13.3845081329345703,-35.8331222534179688,-2.2512085437774658
12.4343805313110352,-21.4563808441162109,-2.2469508647918701
-1.1673308610916138,-42.1336631774902344,-2.2464387416839600
-25.0210952758789063,-45.8952484130859375,-2.2433738708496094
2.6285529136657715,-7.4646263122558594,-2.2415831089019775
-18.1814041137695313,-54.8683128356933594,-1.5351129770278931
12.6834125518798828,-28.7450103759765625,-1.5357549190521240
3.0549259185791016,-38.5369567871093750,-2.2500789165496826
7.1843318939208984,-47.0994873046875000,-1.5346299409866333
-7.2295851707458496,-44.5609893798828125,-1.5261579751968384
-17.4730777740478516,-45.9144668579101563,-2.2465081214904785
1.0183043479919434,-27.5258007049560547,-2.2479970455169678
-8.5780010223388672,-17.0527439117431641,-2.2445924282073975
6.1998639106750488,-48.7428359985351563,-1.5287268161773682
-8.5862531661987305,-28.9139633178710938,-2.2432236671447754
9.8553543090820313,-9.6600694656372070,-2.2413341999053955
-5.8197774887084961,-25.0916099548339844,-2.2435405254364014
35.4635162353515625,-56.3096160888671875,-1.5387164354324341
25.0142993927001953,-55.5902099609375000,-1.5362955331802368
-2.1349551677703857,-55.1495971679687500,-2.2517819404602051
-22.9868831634521484,-55.5997848510742188,-2.2435555458068848
2.2737858295440674,-14.4500637054443359,-2.2441799640655518
-4.1437988281250000,-8.1918029785156250,-2.2468314170837402
-3.7853419780731201,-42.2762107849121094,-1.5301046371459961
-11.7387142181396484,-36.1661872863769531,-2.2453756332397461
-16.0997409820556641,-31.9764137268066406,-1.5330783128738403
-13.3778896331787109,-27.7467098236083984,-1.5336700677871704
12.8328742980957031,-23.3672523498535156,-2.2479319572448730
7.7595438957214355,-37.8340644836425781,-1.5472645759582520
-1.4724329710006714,-54.9305000305175781,-1.5283883810043335
22.9822158813476563,-45.7328529357910156,-2.2455446720123291
17.7071170806884766,-27.1792659759521484,-2.2438817024230957
-11.4020376205444336,-20.9655170440673828,-1.5362803936004639
31.2111339569091797,-54.1550712585449219,-2.2455029487609863
-3.0960774421691895,-53.1971893310546875,-2.2489221096038818
-21.6118545532226563,-52.7739028930664063,-2.2445042133331299
-20.2222633361816406,-41.7427215576171875,-1.5326960086822510
-18.1805915832519531,-29.1341438293457031,-2.2438445091247559
3.2933471202850342,-46.8952560424804688,-1.5353518724441528
-10.6215410232543945,-57.0048370361328125,-1.5343281030654907
-3.7798585891723633,-35.5771446228027344,-1.5313146114349365
27.0829887390136719,-45.6143302917480469,-2.2445013523101807
-37.0230445861816406,-53.8480834960937500,-2.2417080402374268
-12.6397838592529297,-13.0306663513183594,-1.5375981330871582
15.4177980422973633,-57.0047302246093750,-2.2466530799865723
8.0554256439208984,-19.9455146789550781,-2.2420551776885986
1.7809597253799438,-29.8843898773193359,-1.5272984504699707
-31.8724994659423828,-51.2585525512695313,-1.5379244089126587
-18.1812667846679688,-39.1123390197753906,-2.2462887763977051
-3.0993165969848633,-3.7333259582519531,-1.5387480258941650
-11.3510608673095703,-37.9816780090332031,-1.5387299060821533
-12.3951005935668945,-16.3443679809570313,-1.5373331308364868
-1.8153686523437500,-52.8643798828125000,-2.2522585391998291
-13.3849630355834961,-33.0355072021484375,-2.2427237033843994
-11.3354101181030273,-54.6996383666992188,-2.2430214881896973
-17.4944858551025391,-54.8896293640136719,-2.2485280036926270
16.1307353973388672,-21.1805915832519531,-1.5364385843276978
12.5574693679809570,-56.4406433105468750,-2.2429807186126709
-1.7305232286453247,-5.9740247726440430,-2.2440879344940186
5.8223261833190918,-24.1961002349853516,-2.2465441226959229
-11.0191020965576172,-45.5555267333984375,-2.2630617618560791
16.9229202270507813,-45.6774482727050781,-2.2450306415557861
1.0197235345840454,-16.1971950531005859,-2.2491850852966309
-11.5967016220092773,-37.1528854370117188,-2.2444489002227783
17.1850547790527344,-51.4584579467773438,-1.5336477756500244
3.7803890705108643,-31.8551921844482422,-2.2427368164062500
10.6172819137573242,-48.1148147583007813,-2.2414245605468750
-17.7447357177734375,-43.5236282348632813,-1.5271446704864502
-21.3621540069580078,-43.4845695495605469,-1.5372647047042847
16.6141643524169922,-52.1377525329589844,-2.2508754730224609
16.9356441497802734,-44.9801445007324219,-1.5357071161270142
-7.8143906593322754,-10.9713926315307617,-1.5375968217849731
-8.5791358947753906,-22.5003261566162109,-1.5351022481918335
-11.1879053115844727,-36.5867004394531250,-1.5338709354400635
-21.5980720520019531,-57.0086250305175781,-2.2460978031158447
3.7819392681121826,-54.9369697570800781,-2.2463312149047852
3.5041315555572510,-3.7195413112640381,-2.2412087917327881
-11.3878946304321289,-34.2183494567871094,-2.2351763248443604
5.8206505775451660,-40.2634010314941406,-1.5301351547241211
20.9145393371582031,-53.4901275634765625,-2.2445414066314697
-2.1313951015472412,-21.6785297393798828,-1.5311431884765625
4.5418963432312012,-11.0822143554687500,-2.2453944683074951
-6.5216617584228516,-37.2162055969238281,-1.5313498973846436
-10.1231422424316406,-9.4605302810668945,-1.5359822511672974
-4.8425321578979492,-7.1099576950073242,-2.2413177490234375
-1.0191035270690918,-20.4478015899658203,-2.2495486736297607
3.0501127243041992,-34.8638687133789063,-2.2474870681762695
-37.3010902404785156,-53.1961021423339844,-1.5387530326843262
17.2455940246582031,-26.2592906951904297,-2.2521238327026367
1.7329449653625488,-49.9064712524414063,-2.2420647144317627
17.3151073455810547,-29.6052360534667969,-1.5347602367401123
29.8146648406982422,-56.2966461181640625,-1.5359517335891724
-25.7253875732421875,-45.1879692077636719,-2.2430319786071777
-22.0131702423095703,-43.2085380554199219,-2.2419757843017578
-5.8199796676635742,-24.3960914611816406,-1.5339379310607910
35.3257980346679688,-57.0048179626464844,-2.2418072223663330
-7.2104492187500000,-52.1066932678222656,-2.2487115859985352
11.9806346893310547,-45.9193115234375000,-1.5347945690155029
22.2912540435791016,-54.9050827026367188,-2.2469501495361328
6.5106406211853027,-14.3834505081176758,-2.2440133094787598
22.9825286865234375,-56.2989921569824219,-1.5350701808929443
11.2925796508789063,-25.5323791503906250,-1.5337888002395630
15.4413366317749023,-45.6584358215332031,-2.2535839080810547
-5.8211793899536133,-17.6371994018554688,-2.2429444789886475
17.4738960266113281,-41.6715164184570313,-2.2434132099151611
8.5837469100952148,-46.4066276550292969,-2.2431507110595703
1.1569944620132446,-5.4366345405578613,-1.5352070331573486
-21.5846443176269531,-49.2373695373535156,-1.5357303619384766
-27.0843067169189453,-54.8872146606445313,-1.5349618196487427
3.7801582813262939,-28.8491897583007813,-1.5351213216781616
3.0471870899200439,-19.7562885284423828,-2.2390451431274414
-13.3798999786376953,-22.1223449707031250,-1.5310540199279785
20.8821334838867188,-35.4538879394531250,-2.2425103187561035
-22.9823570251464844,-52.0773887634277344,-1.5338412523269653
3.7781705856323242,-57.0055465698242188,-1.5361293554306030
5.8180241584777832,-52.0237159729003906,-2.2431907653808594
17.6870536804199219,-50.9806404113769531,-2.2452464103698730
-15.4221963882446289,-27.7423915863037109,-2.2465145587921143
16.2269172668457031,-34.5611000061035156,-2.2424435615539551
-8.5791273117065430,-42.3331146240234375,-2.2437343597412109
-17.1506290435791016,-24.3876247406005859,-1.5384042263031006
-20.9394378662109375,-45.0503425598144531,-2.2504081726074219
-11.2351684570312500,-32.6125144958496094,-2.2513556480407715
3.7777273654937744,-17.3614101409912109,-1.5359394550323486
5.8179650306701660,-26.5557117462158203,-2.2470834255218506
0.8721212744712830,-11.4458570480346680,-1.5358518362045288
-9.4066600799560547,-8.1973285675048828,-2.2414965629577637
-7.2319889068603516,-27.4765453338623047,-2.2462258338928223
18.1820545196533203,-54.5875358581542969,-2.2449285984039307
16.7884540557861328,-57.0027198791503906,-2.2438530921936035
-1.9044414758682251,-29.5605411529541016,-2.2447729110717773
13.3783864974975586,-34.1577224731445313,-1.5362291336059570
32.5817604064941406,-51.9992027282714844,-1.5361124277114868
2.4122114181518555,-18.3077125549316406,-1.5369030237197876
13.3798589706420898,-37.5189361572265625,-1.5313903093338013
-22.9795989990234375,-37.1751861572265625,-2.2435302734375000
-5.8191938400268555,-31.7404212951660156,-2.2445042133331299
1.0196369886398315,-15.5286931991577148,-1.5273871421813965
-2.8029255867004395,-39.9893417358398438,-1.5322256088256836
22.9841518402099609,-57.0060768127441406,-2.2432405948638916
-16.9480972290039063,-26.9032363891601563,-1.5348680019378662
-18.1778297424316406,-39.7979011535644531,-1.5318723917007446
1.7091548442840576,-56.0363578796386719,-1.5342650413513184
-1.5164599418640137,-35.9957809448242188,-1.5351649522781372
-17.4020729064941406,-28.4399662017822266,-2.2440011501312256
13.3755445480346680,-56.3119506835937500,-1.5341510772705078
-20.9122257232666016,-51.3715057373046875,-1.5342147350311279
-6.3057441711425781,-21.8811073303222656,-1.5351605415344238
-1.5614975690841675,-7.3573007583618164,-2.2448663711547852
-2.8167221546173096,-36.1374435424804688,-2.2562031745910645
-12.7747964859008789,-15.0022678375244141,-1.5339658260345459
13.3857231140136719,-51.0611724853515625,-1.5343257188796997
-16.8116703033447266,-56.3073348999023438,-1.5335545539855957
5.8198051452636719,-28.2264308929443359,-1.5318897962570190
11.7354412078857422,-22.5981578826904297,-2.2513730525970459
-30.5095214843750000,-57.0060729980468750,-1.5340174436569214
-25.0143222808837891,-55.5818519592285156,-1.5356773138046265
-10.6194734573364258,-54.0091056823730469,-2.2509603500366211
10.6218614578247070,-31.0568370819091797,-1.5371682643890381
5.8185234069824219,-43.5602836608886719,-2.2435507774353027
-11.3651876449584961,-18.9773559570312500,-2.2423141002655029
15.4218320846557617,-27.6010417938232422,-2.2537798881530762
3.7771918773651123,-28.1492404937744141,-2.2432670593261719
-27.7786788940429688,-48.2069511413574219,-1.5360887050628662
2.2671658992767334,-11.3212490081787109,-1.5371956825256348
27.0822677612304688,-50.6276893615722656,-1.5351009368896484
10.3103809356689453,-8.0054550170898438,-1.5386602878570557
-6.6280593872070313,-45.9661903381347656,-2.2434711456298828
1.7433952093124390,-26.8510932922363281,-2.2467381954193115
-12.7089767456054688,-17.0054607391357422,-2.2414302825927734
-7.7431459426879883,-25.6051063537597656,-1.5364778041839600
12.6666870117187500,-40.2408485412597656,-2.2453863620758057
-7.8855209350585938,-29.6094055175781250,-2.2447896003723145
8.5845603942871094,-49.1903419494628906,-2.2449529170989990
4.5608248710632324,-9.7078619003295898,-2.2472016811370850
2.2708249092102051,-23.6867122650146484,-2.2435526847839355
-11.6036930084228516,-45.8163032531738281,-1.5270110368728638
-2.1043756008148193,-20.9911823272705078,-2.2456669807434082
-3.7784724235534668,-27.7833900451660156,-1.5311815738677979
-3.0789213180541992,-10.9971170425415039,-1.5313303470611572
10.6176929473876953,-26.6207542419433594,-1.5289790630340576
-32.5803070068359375,-51.9871177673339844,-1.5357880592346191
-31.1981525421142578,-55.5811843872070313,-2.2455334663391113
-1.0221265554428101,-17.6598072052001953,-2.2452733516693115
12.0000753402709961,-45.2062110900878906,-2.2450954914093018
-26.4470500946044922,-52.0435485839843750,-2.2445373535156250
1.4563260078430176,-43.4194145202636719,-2.2525591850280762
3.7807254791259766,-37.8571929931640625,-2.2475826740264893
5.8210515975952148,-22.1183719635009766,-1.5344073772430420
18.1816024780273438,-20.4491252899169922,-1.5351935625076294
-3.1789155006408691,-7.7715163230895996,-2.2412269115447998
10.6628379821777344,-37.9726638793945313,-1.5319747924804688
20.2129096984863281,-48.5582580566406250,-2.2443909645080566
-2.3790659904479980,-43.6739120483398438,-1.5309529304504395
-6.5284299850463867,-13.4489870071411133,-2.2433543205261230
-13.3818387985229492,-16.2385005950927734,-1.5367817878723145
-16.7706794738769531,-52.7571563720703125,-2.2424850463867188
-13.0145263671875000,-40.2377510070800781,-1.5332256555557251
16.3809776306152344,-53.7019767761230469,-2.2444736957550049
15.4436426162719727,-28.9083709716796875,-2.2538459300994873
-12.9857997894287109,-20.5723228454589844,-2.2475733757019043
-1.5203161239624023,-53.9330711364746094,-1.5372542142868042
21.1624660491943359,-40.2639083862304688,-2.2549901008605957
-13.9706659317016602,-11.1341390609741211,-1.5389796495437622
-7.8711895942687988,-50.7154655456542969,-1.5345795154571533
15.4189443588256836,-39.2799301147460938,-2.2428336143493652
-22.2975730895996094,-54.1835365295410156,-1.5341447591781616
-20.9641036987304688,-44.3842620849609375,-1.5320166349411011
1.0137693881988525,-47.2225341796875000,-2.2484700679779053
15.4190740585327148,-49.9315681457519531,-1.5310366153717041
-25.7216300964355469,-44.4821586608886719,-1.5359529256820679
-13.4423170089721680,-11.6075687408447266,-2.2422504425048828
-10.6196746826171875,-18.2947578430175781,-2.2507750988006592
21.5889606475830078,-57.0050125122070313,-2.2459528446197510
-18.1855106353759766,-33.3796119689941406,-2.2437150478363037
27.0819091796875000,-49.9274101257324219,-2.2432501316070557
1.7119743824005127,-6.7364025115966797,-2.2423405647277832
-7.6317849159240723,-24.6149063110351563,-1.5278884172439575
-15.9200258255004883,-25.5613117218017578,-2.2433991432189941
-0.2653079926967621,-10.1745920181274414,-2.2484343051910400
-22.2669448852539063,-39.5435714721679688,-1.5358037948608398
1.8474013805389404,-35.7162895202636719,-2.2481083869934082
16.8151264190673828,-25.7387237548828125,-1.5295193195343018
1.0204950571060181,-19.7406711578369141,-1.5371698141098022
-3.0261435508728027,-27.7775573730468750,-2.2473258972167969
22.9828624725341797,-52.7857055664062500,-2.2435553073883057
-6.5131711959838867,-54.1475677490234375,-2.2516841888427734
22.9802894592285156,-37.6344490051269531,-2.2437744140625000
-2.0314226150512695,-35.5300140380859375,-2.2460520267486572
-1.1216776371002197,-2.6589159965515137,-1.5384751558303833
-2.2905905246734619,-27.0151424407958984,-2.2474465370178223
5.8156700134277344,-45.6673469543457031,-1.5361497402191162
12.7382392883300781,-48.7242889404296875,-2.2633452415466309
15.4208173751831055,-45.0033416748046875,-1.5254662036895752
1.4756596088409424,-34.4112319946289063,-1.5290708541870117
-10.6211290359497070,-42.0956153869628906,-2.2517058849334717
25.0165214538574219,-57.0044212341308594,-1.5358020067214966
6.5538606643676758,-5.9927635192871094,-1.5388128757476807
-10.6197223663330078,-46.0776596069335938,-1.5288556814193726
11.2656812667846680,-12.7693424224853516,-2.2411220073699951
1.0149873495101929,-42.9470596313476563,-1.5237741470336914
-27.0066146850585938,-50.2729415893554688,-1.5320941209793091
5.8201427459716797,-23.5080089569091797,-1.5337328910827637
1.0193208456039429,-39.3019523620605469,-1.5330311059951782
5.8177089691162109,-49.2613296508789063,-2.2593395709991455
-16.1196098327636719,-36.2198257446289063,-1.5367985963821411
-6.5129280090332031,-31.7265739440917969,-1.5325077772140503
1.0416862964630127,-6.5151329040527344,-1.5364009141921997
-10.6206102371215820,-22.3372650146484375,-2.2494673728942871
18.1792240142822266,-45.1241455078125000,-2.2449357509613037
8.5798397064208984,-27.5010414123535156,-2.2480449676513672
1.0198644399642944,-21.1258068084716797,-1.5327795743942261
29.8171005249023438,-54.8688430786132813,-1.5370715856552124
-16.1485652923583984,-49.6031341552734375,-1.5315005779266357
-5.8197903633117676,-35.2293319702148438,-1.5272567272186279
-15.4173746109008789,-32.7009315490722656,-1.5367530584335327
-12.9054670333862305,-41.5907402038574219,-2.2502286434173584
-1.0158720016479492,-50.2397422790527344,-1.5236033201217651
13.3785991668701172,-57.0050392150878906,-2.2430937290191650
-7.8877568244934082,-41.3318405151367188,-1.5319323539733887
10.5081243515014648,-10.4207925796508789,-2.2428565025329590
15.4175319671630859,-28.2515411376953125,-1.5246436595916748
-22.2865066528320313,-50.6441574096679688,-2.2450711727142334
-1.0178838968276978,-48.6098937988281250,-2.2575654983520508
8.5819282531738281,-55.6155662536621094,-1.5337256193161011
-5.8202638626098633,-37.2091674804687500,-2.2451148033142090
-2.1886210441589355,-27.6888236999511719,-1.5311290025711060
6.2547874450683594,-31.7874889373779297,-1.5297219753265381
3.0134315490722656,-33.5548782348632813,-2.2487642765045166
8.5807342529296875,-15.1510162353515625,-1.5375758409500122
10.6220798492431641,-14.7680053710937500,-2.2445368766784668
-10.6210680007934570,-21.6526107788085938,-1.5324370861053467
4.5841512680053711,-10.3944606781005859,-1.5330504179000854
-3.7533061504364014,-11.8322248458862305,-1.5335381031036377
-6.7271790504455566,-47.8996620178222656,-1.5378978252410889
-13.3678865432739258,-17.9198093414306641,-2.2483043670654297
1.0198061466217041,-52.5955238342285156,-1.5322924852371216
-36.1520614624023438,-54.3363990783691406,-2.2416172027587891
2.7171065807342529,-23.1499328613281250,-1.5355618000030518
-6.2023506164550781,-7.9456329345703125,-1.5385229587554932
6.4104619026184082,-7.7829837799072266,-1.5385445356369019
12.6941642761230469,-45.2217292785644531,-1.5345920324325562
-13.3795948028564453,-42.4623527526855469,-2.2460877895355225
3.7776305675506592,-23.0473194122314453,-1.5386798381805420
-12.2063627243041992,-22.4374256134033203,-2.2411279678344727
-11.7740135192871094,-26.9255371093750000,-2.2398934364318848
-6.5059485435485840,-49.9929580688476563,-2.2475047111511230
16.5029067993164063,-28.2873516082763672,-2.2413370609283447
6.5298738479614258,-30.5944328308105469,-2.2535171508789063
20.2222747802734375,-39.3355026245117188,-2.2413246631622314
-16.7943744659423828,-30.5553913116455078,-2.2448515892028809
8.5824108123779297,-36.4757347106933594,-2.2528679370880127
31.8983936309814453,-52.7249298095703125,-1.5377146005630493
-16.1253643035888672,-55.5965499877929688,-1.5352365970611572
-16.1171474456787109,-42.1866416931152344,-1.5321193933486938
13.3153810501098633,-12.0176658630371094,-2.2457146644592285
31.8815174102783203,-51.2895011901855469,-1.5343890190124512
-21.7528934478759766,-38.3997459411621094,-1.5296202898025513
1.0216335058212280,-54.6371688842773438,-2.2457661628723145
-21.6034870147705078,-54.1873207092285156,-2.2457265853881836
7.2111048698425293,-36.8226356506347656,-1.5323332548141479
-27.0802421569824219,-46.7987937927246094,-2.2471303939819336
8.5792484283447266,-35.4960136413574219,-2.2483367919921875
2.1492319107055664,-41.0062828063964844,-1.5319176912307739
-21.1275730133056641,-35.2940139770507813,-1.5373214483261108
-15.4180831909179688,-29.8305664062500000,-1.5377739667892456
-13.3801813125610352,-21.1296424865722656,-1.5350977182388306
-5.8202962875366211,-21.3791751861572266,-2.2452657222747803
-1.0546522140502930,-28.8830890655517578,-2.2494513988494873
2.5674321651458740,-26.3016662597656250,-2.2443239688873291
16.6264019012451172,-24.4105491638183594,-2.2464168071746826
-3.7810454368591309,-16.2498760223388672,-2.2522730827331543
-3.5180182456970215,-25.0500698089599609,-1.5361461639404297
-10.6205759048461914,-33.5858993530273438,-2.2429680824279785
7.2249407768249512,-52.7006721496582031,-1.5376727581024170
7.7616434097290039,-26.0521335601806641,-1.5364216566085815
20.9083385467529297,-49.2621307373046875,-2.2446472644805908
-13.3834609985351563,-49.3122406005859375,-1.5365399122238159
7.0510582923889160,-26.0771636962890625,-2.2436969280242920
1.7148442268371582,-24.5106697082519531,-2.2447526454925537
20.9047718048095703,-51.3727073669433594,-1.5332797765731812
-12.2082033157348633,-14.1835470199584961,-1.5323101282119751
-8.5831422805786133,-31.0174522399902344,-1.5357785224914551
30.5147304534912109,-52.7432060241699219,-1.5336298942565918
-11.3676109313964844,-31.1114177703857422,-2.2422964572906494
20.2155551910400391,-52.0867042541503906,-1.5346879959106445
12.6830892562866211,-42.3246536254882813,-1.5289398431777954
-1.0221858024597168,-13.2902097702026367,-1.5389130115509033
1.7200685739517212,-19.0342712402343750,-1.5335432291030884
-17.4773178100585938,-29.1350269317626953,-1.5368465185165405
-15.4218158721923828,-24.3565731048583984,-2.2425827980041504
7.7760939598083496,-14.5684738159179688,-1.5337897539138794
22.2907676696777344,-39.7843284606933594,-2.2459554672241211
-7.6988692283630371,-14.7624168395996094,-1.5375701189041138
-20.2202968597412109,-45.0465316772460938,-1.5305341482162476
2.3606932163238525,-4.1623330116271973,-2.2413537502288818
-7.8733425140380859,-53.5352897644042969,-1.5374610424041748
-12.2308797836303711,-37.4076004028320313,-1.5258401632308960
-2.5147454738616943,-15.1166105270385742,-1.5370329618453979
6.7344374656677246,-6.6787886619567871,-2.2414343357086182
10.6138563156127930,-50.3511848449707031,-2.2507162094116211
11.1036233901977539,-34.5926322937011719,-1.5322129726409912
-6.2830152511596680,-41.6600761413574219,-2.2538392543792725
-12.4964962005615234,-49.8226242065429688,-1.5359646081924438
15.4258756637573242,-31.2086467742919922,-2.2558631896972656
11.4076280593872070,-15.3499736785888672,-1.5367044210433960
3.3282966613769531,-37.3468666076660156,-1.5274317264556885
5.8213820457458496,-57.0118331909179688,-2.2423784732818604
8.5787315368652344,-24.8133659362792969,-2.2482445240020752
5.4327788352966309,-8.3879995346069336,-1.5328357219696045
13.3824481964111328,-47.3161087036132813,-1.5286804437637329
-2.3886492252349854,-18.9993076324462891,-2.2465369701385498
-10.6177711486816406,-53.0242691040039063,-2.2490737438201904
2.8222262859344482,-34.2139968872070313,-1.5330861806869507
-25.7157516479492188,-43.7544174194335938,-2.2453043460845947
-13.3864803314208984,-50.9590492248535156,-2.2558476924896240
11.5737218856811523,-54.3647956848144531,-2.2454512119293213
-20.8930740356445313,-49.9431571960449219,-1.5328279733657837
21.5977039337158203,-49.9706726074218750,-2.2452206611633301
1.7923825979232788,-10.4473724365234375,-1.5343827009201050
-20.2218742370605469,-33.8542785644531250,-2.2420039176940918
-5.6887278556823730,-11.5028839111328125,-2.2422139644622803
16.1159629821777344,-39.2738685607910156,-1.5344934463500977
-37.3015060424804688,-57.0022621154785156,-1.5379650592803955
-34.6205482482910156,-57.0045166015625000,-2.2436139583587646
21.5916233062744141,-55.6092910766601563,-2.2461719512939453
31.8988246917724609,-54.1687431335449219,-1.5321259498596191
-7.1732506752014160,-43.0280647277832031,-1.5299119949340820
-6.9255046844482422,-15.3865270614624023,-1.5324330329895020
-5.6148157119750977,-10.2541036605834961,-1.5326128005981445
-1.7341618537902832,-47.2693405151367188,-1.5322948694229126
-20.2145061492919922,-53.4774131774902344,-1.5360318422317505
-10.6206197738647461,-25.4415283203125000,-1.5364142656326294
17.1548805236816406,-50.4661483764648438,-1.5362938642501831
22.9835262298583984,-45.0414657592773438,-1.5342141389846802
-31.2012310028076172,-57.0062141418457031,-2.2458469867706299
11.3274888992309570,-30.3511981964111328,-1.5372190475463867
-27.1489486694335938,-52.0448532104492188,-1.5361018180847168
8.8473644256591797,-7.3001217842102051,-2.2405238151550293
-10.6185579299926758,-17.2390708923339844,-2.2527272701263428
20.2172069549560547,-36.1973991394042969,-2.2452676296234131
-8.5870018005371094,-33.1495018005371094,-2.2461922168731689
20.2142581939697266,-45.7346382141113281,-2.2430388927459717
2.2271013259887695,-24.9774227142333984,-1.5334289073944092
-12.3838157653808594,-30.0908679962158203,-2.2481868267059326
2.1597883701324463,-34.4218864440917969,-2.2475197315216064
10.6181869506835938,-44.4765510559082031,-1.5352475643157959
-17.4747314453125000,-38.4141807556152344,-2.2437088489532471
-22.9795513153076172,-38.8513374328613281,-1.5328778028488159
-16.1288089752197266,-54.9043273925781250,-2.2458293437957764
-7.1058192253112793,-40.6667251586914063,-1.5347542762756348
-12.0981187820434570,-41.3981208801269531,-1.5384167432785034
-11.4370269775390625,-48.1360435485839844,-1.5265743732452393
1.7955659627914429,-45.9316482543945313,-1.5246077775955200
18.1783905029296875,-44.4453506469726563,-1.5301963090896606
32.5830154418945313,-57.0046691894531250,-2.2438564300537109
-12.0441894531250000,-10.7813119888305664,-1.5360181331634521
26.3998012542724609,-46.3407440185546875,-2.2463877201080322
-18.1797313690185547,-51.3534927368164063,-2.2451515197753906
1.1685669422149658,-40.2828292846679688,-1.5335134267807007
20.2199306488037109,-37.6341171264648438,-2.2426679134368896
1.0484671592712402,-12.4625539779663086,-2.2453360557556152
-12.4063911437988281,-26.5999660491943359,-1.5369886159896851
-25.0206832885742188,-44.4806365966796875,-2.2422630786895752
15.4215497970581055,-25.5854187011718750,-1.5296995639801025
-27.7837982177734375,-56.2979965209960938,-2.2426095008850098
3.7807137966156006,-20.4246692657470703,-2.2451033592224121
7.8540844917297363,-21.8059654235839844,-2.2449843883514404
-0.0465177446603775,-8.0985813140869141,-1.5365868806838989
-7.8370723724365234,-12.3972015380859375,-1.5350151062011719
-8.8293848037719727,-8.9367666244506836,-1.5350992679595947
-3.0761220455169678,-26.4058437347412109,-2.2478179931640625
-20.2156906127929688,-57.0057868957519531,-2.2438416481018066
-15.4187231063842773,-28.4297714233398438,-1.5333418846130371
2.2959675788879395,-39.8667373657226563,-1.5370115041732788
27.0910301208496094,-57.0076828002929688,-2.2459893226623535
20.2132663726806641,-49.2605667114257813,-1.5358532667160034
1.0316035747528076,-21.8156280517578125,-2.2436921596527100
-5.8173131942749023,-49.9760627746582031,-1.5351412296295166
5.8089270591735840,-47.0658187866210938,-1.5336556434631348
-6.5421471595764160,-45.2818450927734375,-1.5346835851669312
11.9420843124389648,-47.2954101562500000,-1.5229696035385132
-1.0220632553100586,-51.5293045043945313,-1.5224812030792236
1.0230877399444580,-37.2515487670898438,-2.2430195808410645
13.3789691925048828,-40.9360351562500000,-2.2460706233978271
21.6070671081542969,-49.2607154846191406,-1.5338668823242188
-18.1808681488037109,-29.8423461914062500,-1.5373963117599487
-15.4174833297729492,-39.4058189392089844,-1.5315153598785400
-22.9777832031250000,-41.7633590698242188,-1.5371223688125610
-17.4630737304687500,-39.8012084960937500,-2.2489011287689209
3.0507512092590332,-39.2167015075683594,-1.5317956209182739
-7.1737432479858398,-17.7553749084472656,-1.5350643396377563
2.6688358783721924,-32.9771881103515625,-1.5279421806335449
3.3272194862365723,-29.3729324340820313,-2.2450251579284668
22.9879951477050781,-51.3720703125000000,-2.2438390254974365
1.7220493555068970,-55.3455276489257813,-2.2446720600128174
-18.1838722229003906,-34.0832405090332031,-1.5363736152648926
-7.8723459243774414,-17.0521831512451172,-1.5381033420562744
-1.0190371274948120,-27.2145824432373047,-1.5278868675231934
5.9861435890197754,-40.9013404846191406,-2.2554416656494141
1.0194605588912964,-48.9086418151855469,-1.5363335609436035
-1.7423152923583984,-46.5767326354980469,-2.2456142902374268
-11.4375381469726563,-50.4158897399902344,-1.5292301177978516
-2.2665276527404785,-17.6057243347167969,-2.2437493801116943
36.6057205200195313,-55.9332923889160156,-1.5348294973373413
10.6208190917968750,-35.0964546203613281,-2.2449829578399658
-27.7828407287597656,-44.4207649230957031,-2.2476615905761719
3.7826068401336670,-42.9012527465820313,-2.2437915802001953
18.1762065887451172,-22.4859542846679688,-1.5363026857376099
6.9307017326354980,-18.1371841430664063,-2.2506303787231445
31.8907737731933594,-55.5928039550781250,-1.5338457822799683
13.3795576095581055,-22.7774524688720703,-1.5367890596389771
-16.1381206512451172,-27.7425289154052734,-1.5367562770843506
-7.2472658157348633,-34.5184097290039063,-2.2487084865570068
-25.6992759704589844,-55.5891532897949219,-2.2474834918975830
27.0883312225341797,-48.5061302185058594,-2.2469477653503418
16.0960903167724609,-57.0034942626953125,-1.5318279266357422
-5.8186430931091309,-33.1366920471191406,-2.2448699474334717
31.8880844116210938,-57.0061264038085938,-1.5347445011138916
1.0213693380355835,-57.0093040466308594,-2.2417662143707275
25.0183238983154297,-49.9205589294433594,-1.5368326902389526
1.7373756170272827,-19.7470741271972656,-2.2420442104339600
3.7793111801147461,-38.5377426147460938,-1.5319889783859253
-18.1804065704345703,-49.9695281982421875,-2.2446100711822510
1.7817605733871460,-29.2168197631835938,-2.2478759288787842
-6.5159363746643066,-33.8467826843261719,-2.2442629337310791
-12.7130718231201172,-13.7265396118164063,-2.2471740245819092
13.3801975250244141,-25.6094684600830078,-1.5374177694320679
10.6219835281372070,-39.6327667236328125,-2.2470445632934570
15.4193496704101563,-41.3894462585449219,-1.5326935052871704
2.9005036354064941,-44.7541160583496094,-2.2442512512207031
-6.4717745780944824,-42.3190498352050781,-1.5332508087158203
-3.7790122032165527,-25.6993408203125000,-2.2430186271667480
-3.7797629833221436,-30.2322692871093750,-1.5329034328460693
-7.2098717689514160,-41.3504447937011719,-2.2476091384887695
11.5819473266601563,-36.7244644165039063,-1.5376267433166504
32.5686874389648438,-48.4517173767089844,-2.2412405014038086
30.5056972503662109,-56.2921066284179688,-2.2461049556732178
3.0619142055511475,-35.5473251342773438,-1.5344597101211548
-8.5807714462280273,-55.6382789611816406,-1.5343074798583984
18.1794128417968750,-40.9655342102050781,-2.2432680130004883
-8.5860252380371094,-32.4116630554199219,-1.5347301959991455
-22.9824867248535156,-44.5514068603515625,-1.5371586084365845
-8.5785913467407227,-56.3235931396484375,-2.2482578754425049
12.6623926162719727,-40.9399871826171875,-1.5356181859970093
8.5828924179077148,-44.9485168457031250,-2.2470498085021973
20.9144172668457031,-52.7934226989746094,-1.5332281589508057
13.3838348388671875,-50.3007926940917969,-2.2484915256500244
16.5823383331298828,-49.4655914306640625,-1.5263357162475586
22.2943496704101563,-50.6693038940429688,-2.2465517520904541
20.2144966125488281,-44.3249702453613281,-2.2433369159698486
7.3362584114074707,-11.3703956604003906,-2.2457339763641357
7.8624114990234375,-51.9319152832031250,-1.5297886133193970
25.0213623046875000,-45.6229438781738281,-1.5382590293884277
-18.1831855773925781,-40.4768524169921875,-2.2518806457519531
-10.7300815582275391,-29.7983531951904297,-1.5260459184646606
-6.5090289115905762,-31.0257110595703125,-2.2431840896606445
-16.1420783996582031,-48.9195632934570313,-2.2486774921417236
12.9490575790405273,-32.2353935241699219,-2.2565667629241943
-9.4687566757202148,-7.2007679939270020,-2.2408845424652100
7.8533692359924316,-51.2491645812988281,-2.2465248107910156
-4.1569747924804688,-11.2560729980468750,-2.2415962219238281
-12.6297254562377930,-52.9627685546875000,-2.2487185001373291
-1.4625471830368042,-40.3634338378906250,-1.5269261598587036
26.4071388244628906,-47.0584297180175781,-1.5342411994934082
-22.9840373992919922,-49.9412040710449219,-2.2434964179992676
-7.8853168487548828,-19.1509799957275391,-2.2440750598907471
3.7823312282562256,-27.4506378173828125,-1.5336884260177612
-12.9071235656738281,-38.5370445251464844,-2.2469582557678223
6.5362701416015625,-42.8712387084960938,-2.2474117279052734
10.5615339279174805,-9.7225093841552734,-1.5369842052459717
1.9293705224990845,-38.2049598693847656,-2.2413451671600342
8.2342281341552734,-8.9114608764648438,-1.5357211828231812
-20.2214584350585938,-35.7130165100097656,-1.5377613306045532
5.8274583816528320,-30.5937366485595703,-1.5337735414505005
2.9154732227325439,-43.3872718811035156,-2.2490508556365967
-1.7182139158248901,-43.7997970581054688,-2.2480499744415283
15.4218130111694336,-32.5293045043945313,-2.2518966197967529
1.7839709520339966,-46.5991172790527344,-2.2479894161224365
2.8152878284454346,-46.1432342529296875,-2.2430279254913330
10.6209201812744141,-56.3581466674804688,-2.2569930553436279
-1.0201025009155273,-25.9040622711181641,-1.5254513025283813
1.0185476541519165,-30.5351219177246094,-1.5334888696670532
-2.8731400966644287,-31.5038661956787109,-2.2441422939300537
-8.2011051177978516,-7.4891347885131836,-2.2413010597229004
-10.6142454147338867,-56.3251571655273438,-2.2512972354888916
-4.1358952522277832,-9.7044353485107422,-2.2435436248779297
12.6802253723144531,-52.4699211120605469,-2.2445156574249268
-2.2228379249572754,-28.3718471527099609,-2.2464380264282227
6.9721117019653320,-31.0946273803710938,-1.5306559801101685
-11.1413507461547852,-43.8288764953613281,-1.5312803983688354
11.1975679397583008,-48.7136688232421875,-1.5385472774505615
-2.8216807842254639,-25.7845458984375000,-1.5277092456817627
7.9066596031188965,-44.9774017333984375,-1.5316394567489624
1.5459123849868774,-22.3339462280273438,-1.5378490686416626
-18.1826190948486328,-30.5506534576416016,-2.2437863349914551
-7.1182837486267090,-19.1048126220703125,-1.5378209352493286
1.0815001726150513,-3.1904079914093018,-1.5384016036987305
-4.2254667282104492,-10.5504903793334961,-1.5384731292724609
10.6166839599609375,-43.7826843261718750,-2.2446930408477783
-0.8074391484260559,-8.7403793334960938,-1.5305479764938354
2.8908870220184326,-44.0660972595214844,-1.5316301584243774
2.9963076114654541,-39.8961944580078125,-2.2484714984893799
8.5776119232177734,-14.4506273269653320,-2.2439930438995361
22.9871845245361328,-43.6083717346191406,-1.5350004434585571
2.7864274978637695,-13.3081712722778320,-2.2468745708465576
0.4299493730068207,-6.8374533653259277,-2.2479226589202881
-15.4168806076049805,-54.9042587280273438,-1.5346990823745728
-27.0534763336181641,-49.5886192321777344,-2.2464830875396729
-18.1780052185058594,-38.4171600341796875,-1.5356545448303223
-1.8109474182128906,-13.5991048812866211,-2.2513728141784668
21.5937271118164063,-47.8453369140625000,-1.5350996255874634
3.7025477886199951,-33.5201339721679688,-1.5285209417343140
15.4214038848876953,-21.8808727264404297,-1.5329414606094360
-29.8161945343017578,-56.2953186035156250,-1.5363173484802246
-10.6218805313110352,-23.0121307373046875,-1.5337107181549072
7.1541800498962402,-55.6375732421875000,-1.5331729650497437
-1.0220935344696045,-22.2464065551757813,-1.5338406562805176
-7.8788018226623535,-18.4572105407714844,-1.5356516838073730
3.7837955951690674,-36.8658828735351563,-2.2546222209930420
3.3307209014892578,-5.9877309799194336,-1.5387547016143799
-8.2948045730590820,-8.4832439422607422,-2.2427108287811279
3.7778141498565674,-41.9160270690917969,-2.2483274936676025
6.0112366676330566,-17.7475719451904297,-2.2419812679290771
25.9843921661376953,-50.1429901123046875,-1.5299760103225708
4.5668840408325195,-6.1457452774047852,-2.2413356304168701
16.8117923736572266,-20.4542903900146484,-1.5328216552734375
6.8574466705322266,-42.2688217163085938,-1.5325134992599487
-3.7792356014251709,-31.9170246124267578,-2.2421209812164307
20.9197864532470703,-38.3434562683105469,-2.2437927722930908
-16.7990036010742188,-29.8534755706787109,-1.5318201780319214
6.4736151695251465,-47.7937736511230469,-1.5379660129547119
2.1093304157257080,-38.8855133056640625,-1.5334101915359497
-8.3325538635253906,-10.4956541061401367,-2.2430467605590820
-2.5645930767059326,-34.4339599609375000,-2.2430510520935059
30.6522865295410156,-49.3915252685546875,-1.5386672019958496
2.3208887577056885,-36.2086296081542969,-1.5291543006896973
-10.6224069595336914,-42.7588958740234375,-1.5271849632263184
21.6063957214355469,-37.6235046386718750,-2.2479512691497803
-31.8917713165283203,-53.4364471435546875,-2.2465224266052246
8.5825405120849609,-33.5756835937500000,-1.5223244428634644
11.6151552200317383,-21.0268745422363281,-1.5388594865798950
-37.3012809753417969,-56.2973480224609375,-2.2427151203155518
-10.6106615066528320,-43.4233360290527344,-2.2527158260345459
5.8150167465209961,-44.9687309265136719,-2.2433161735534668
-17.1881294250488281,-25.2331600189208984,-2.1584100723266602
-16.1115055084228516,-57.0069618225097656,-1.5342296361923218
-26.3971576690673828,-57.0067214965820313,-1.5343749523162842
-12.8663873672485352,-55.1530265808105469,-1.5277220010757446
-3.0955705642700195,-30.1580524444580078,-2.2498171329498291
18.1838111877441406,-55.3158302307128906,-1.5372366905212402
12.9657592773437500,-12.6165409088134766,-1.5340461730957031
-20.9152717590332031,-41.8639335632324219,-2.2414669990539551
17.0261592864990234,-34.3383636474609375,-1.5347845554351807
-16.2513465881347656,-22.8119525909423828,-2.1392178535461426
2.8058688640594482,-5.0549335479736328,-2.2413153648376465
13.3806571960449219,-51.7589836120605469,-2.2451810836791992
-20.9045772552490234,-50.6589698791503906,-2.2464179992675781
-21.6128349304199219,-53.4708023071289063,-1.5334769487380981
-20.9092807769775391,-46.4279251098632813,-2.2492213249206543
-16.5928688049316406,-47.0876502990722656,-1.5351263284683228
-13.3852052688598633,-25.3808803558349609,-1.5320262908935547
-22.2898540496826172,-57.0078086853027344,-1.5343706607818604
-15.4171457290649414,-35.5171394348144531,-1.5368090867996216
-1.0446180105209351,-50.8879432678222656,-2.2578465938568115
10.6192808151245117,-20.3506507873535156,-1.5262094736099243
-35.4485092163085938,-56.4525489807128906,-2.2427303791046143
-21.5979309082031250,-55.5954666137695313,-2.2451560497283936
5.8116245269775391,-51.3182640075683594,-1.5368853807449341
-6.5190820693969727,-43.8834838867187500,-1.5347281694412231
-17.0593185424804688,-43.5176734924316406,-2.2500052452087402
-5.8167629241943359,-43.1915664672851563,-1.5330932140350342
-25.7281646728515625,-47.2930259704589844,-1.5326244831085205
15.4289054870605469,-24.9049415588378906,-2.2457118034362793
8.5812005996704102,-39.0388298034667969,-2.2551627159118652
15.9052057266235352,-43.2171478271484375,-2.2439181804656982
-25.7035388946533203,-56.2966804504394531,-1.5334134101867676
-25.0221576690673828,-50.6478843688964844,-2.2462937831878662
7.2188453674316406,-44.9638366699218750,-2.2454872131347656
-6.5353565216064453,-24.4026489257812500,-2.2428290843963623
8.4101848602294922,-9.5836992263793945,-2.2457559108734131
-12.2611551284790039,-46.9036712646484375,-2.2535793781280518
-11.3708038330078125,-51.7090072631835938,-1.5257453918457031
8.5817813873291016,-23.4628601074218750,-2.2474234104156494
-21.5978088378906250,-56.3002128601074219,-1.5338906049728394
15.4201316833496094,-23.2268714904785156,-1.5295470952987671
-8.0969581604003906,-46.6126251220703125,-1.5302692651748657
-3.7840492725372314,-45.0469512939453125,-1.5279083251953125
-2.4362509250640869,-13.9113273620605469,-1.5385710000991821
-2.4589252471923828,-24.5589981079101563,-1.5315275192260742
8.5781164169311523,-34.8443946838378906,-1.5225945711135864
6.5068659782409668,-50.6183586120605469,-1.5258200168609619
-7.4345455169677734,-23.9830703735351563,-2.2491972446441650
-1.3292262554168701,-8.3216266632080078,-2.2492377758026123
-12.4144916534423828,-25.2084274291992188,-1.5316201448440552
8.3318042755126953,-10.2758750915527344,-1.5351433753967285
20.9035816192626953,-47.8524665832519531,-2.2468888759613037
22.9831409454345703,-38.3448257446289063,-1.5371094942092896
8.5843114852905273,-53.5698242187500000,-2.2523989677429199
-3.7800238132476807,-27.1039924621582031,-2.2470047473907471
-22.9827022552490234,-53.4647789001464844,-1.5337330102920532
-22.4459705352783203,-45.0756378173828125,-2.2412037849426270
-6.5063199996948242,-52.7817955017089844,-2.2473244667053223
22.2904701232910156,-49.2626304626464844,-2.2476155757904053
29.8163528442382813,-55.5761451721191406,-2.2441649436950684
3.0652174949645996,-48.7078399658203125,-1.5290809869766235
-35.7518577575683594,-53.4729232788085938,-1.9394432306289673
-1.5940769910812378,-10.3867759704589844,-2.2456376552581787
-1.0560802221298218,-4.6569361686706543,-1.5363447666168213
-5.8234591484069824,-13.4451799392700195,-1.5361598730087280
25.0145473480224609,-52.7635078430175781,-1.5358802080154419
-36.8588790893554688,-55.0433158874511719,-2.2431690692901611
8.5784912109375000,-38.4043540954589844,-1.5204885005950928
5.8169159889221191,-44.2628059387207031,-1.5364323854446411
20.9012908935546875,-55.6004066467285156,-1.5325835943222046
15.4188098907470703,-53.9413528442382813,-2.2450387477874756
1.0212301015853882,-19.0333156585693359,-2.2423987388610840
-10.6221113204956055,-54.6748504638671875,-1.5318149328231812
-5.8201885223388672,-56.6561393737792969,-1.5361689329147339
30.2242832183837891,-51.5057067871093750,-2.2491316795349121
-11.5597610473632813,-44.7291946411132813,-1.5350655317306519
-11.7094879150390625,-25.9009475708007813,-1.5285966396331787
2.9319949150085449,-55.8009223937988281,-2.2468907833099365
-16.1199188232421875,-56.2938308715820313,-2.2455475330352783
12.0224866867065430,-51.0467796325683594,-1.5269516706466675
10.6202669143676758,-36.9844207763671875,-1.5331929922103882
-1.0147925615310669,-30.8985843658447266,-1.5320842266082764
10.6191749572753906,-24.3419818878173828,-2.2451000213623047
-16.1188030242919922,-33.4047775268554688,-1.5378577709197998
5.8211197853088379,-24.8836917877197266,-1.5323539972305298
25.0183563232421875,-47.7771873474121094,-2.2433612346649170
-7.8706150054931641,-50.0256118774414063,-2.2476863861083984
-21.1187534332275391,-38.6574630737304688,-2.2463135719299316
-18.1791191101074219,-45.9128265380859375,-1.5341452360153198
-31.8902320861816406,-56.2921638488769531,-2.2459149360656738
1.0144585371017456,-56.0263137817382813,-2.2449829578399658
1.0169624090194702,-33.2593040466308594,-1.5277338027954102
-6.5727410316467285,-23.0614414215087891,-2.2421669960021973
25.0140247344970703,-54.8855018615722656,-2.2438442707061768
-18.1833591461181641,-28.4388465881347656,-1.5352057218551636
26.4029121398925781,-54.1751556396484375,-1.5344396829605103
-29.8174037933349609,-54.1505546569824219,-2.2436888217926025
10.4470109939575195,-11.1235542297363281,-1.5376523733139038
-13.3790912628173828,-30.0414657592773438,-2.2418768405914307
-10.6182823181152344,-27.1512603759765625,-2.2476031780242920
11.7945137023925781,-49.9549674987792969,-1.5299856662750244
10.6192722320556641,-40.3084030151367188,-1.5322731733322144
11.9736204147338867,-21.9589271545410156,-1.5300934314727783
-7.1577897071838379,-55.6367301940917969,-1.5267487764358521
13.3781719207763672,-32.7728919982910156,-1.5356420278549194
-5.8221821784973145,-14.8497705459594727,-1.5371220111846924
-22.9798603057861328,-38.1657104492187500,-2.2454063892364502
17.4762897491455078,-23.8918437957763672,-2.2443366050720215
-15.4213638305664063,-44.5811195373535156,-2.2469348907470703
7.8675408363342285,-48.5081405639648438,-2.2460498809814453
-3.8583564758300781,-6.1294836997985840,-1.5369286537170410
-1.6927881240844727,-37.9736099243164063,-2.2453191280364990
-8.5778341293334961,-48.0761299133300781,-2.2546103000640869
6.5209650993347168,-52.7271537780761719,-2.2445271015167236
7.0284833908081055,-13.9082307815551758,-1.5372542142868042
-7.8834061622619629,-9.9551000595092773,-1.5365869998931885
-11.5298290252685547,-56.3574218750000000,-1.5320994853973389
22.2873325347900391,-39.0524101257324219,-1.5339148044586182
-20.2166252136230469,-41.0761222839355469,-2.2543523311614990
2.9233057498931885,-32.3611831665039063,-2.2527112960815430
8.5808973312377930,-41.4911956787109375,-1.5262683629989624
-1.0181282758712769,-49.2502288818359375,-1.5235686302185059
8.5819168090820313,-25.5007953643798828,-1.5360941886901855
2.0727090835571289,-3.5149407386779785,-1.5383659601211548
-12.0041809082031250,-24.6855468750000000,-2.2537436485290527
27.0933246612548828,-52.7618980407714844,-2.2461385726928711
-7.8702020645141602,-43.0345687866210938,-2.2432544231414795
-8.5826683044433594,-29.6186828613281250,-1.5360281467437744
18.1788749694824219,-34.5317955017089844,-2.2416639328002930
-7.1742191314697266,-51.4260101318359375,-1.5335317850112915
-5.8222398757934570,-47.1986579895019531,-1.5291388034820557
12.6243352890014648,-38.2228393554687500,-1.5301886796951294
-11.7159605026245117,-17.7004814147949219,-2.2424075603485107
3.7778422832489014,-25.1059265136718750,-1.5363274812698364
30.5071830749511719,-55.5841941833496094,-1.5338306427001953
16.1598186492919922,-24.9162311553955078,-1.5316038131713867
-15.4203414916992188,-42.1850967407226563,-2.2431356906890869
11.7490701675415039,-13.2864084243774414,-1.5364637374877930
-3.2751615047454834,-32.4123001098632813,-1.5375729799270630
-13.3173551559448242,-12.2981061935424805,-1.5313194990158081
-25.0189628601074219,-52.7381324768066406,-1.5370545387268066
20.2157897949218750,-42.9190063476562500,-2.2436146736145020
8.5693511962890625,-34.2051048278808594,-2.2606534957885742
1.0219192504882813,-22.8073654174804688,-2.2418169975280762
-11.4458084106445313,-47.4744834899902344,-2.2527067661285400
-16.6228179931640625,-39.7817192077636719,-1.5340894460678101
-18.1828517913818359,-32.6785202026367188,-1.5364881753921509
31.1949653625488281,-57.0068283081054688,-2.2458937168121338
-2.6450443267822266,-52.3136520385742188,-2.2426290512084961
-22.9747714996337891,-43.8559494018554688,-2.2458639144897461
7.7404761314392090,-23.9897003173828125,-2.2480108737945557
-10.6215305328369141,-48.0376968383789063,-2.2542934417724609
-10.3695621490478516,-11.3657112121582031,-1.5378891229629517
-12.6591711044311523,-44.5283164978027344,-2.2462542057037354
7.7853465080261230,-16.2157058715820313,-2.2489879131317139
-36.1530227661132813,-55.0429039001464844,-1.5375185012817383
1.0214841365814209,-13.8499269485473633,-2.2472712993621826
-6.5283827781677246,-12.0430994033813477,-2.2441947460174561
-8.5775890350341797,-39.2715682983398438,-1.5258724689483643
-3.0803179740905762,-48.9691429138183594,-1.5290242433547974
-32.5821723937988281,-53.4362373352050781,-1.5357702970504761
-11.8229713439941406,-54.2027854919433594,-1.5337629318237305
10.6216011047363281,-47.4092597961425781,-1.5368771553039551
-25.0215682983398438,-47.2935829162597656,-2.2459216117858887
6.3063230514526367,-56.5082626342773438,-1.5341783761978149
7.8652157783508301,-49.8686676025390625,-2.2474534511566162
-32.5778198242187500,-50.5521736145019531,-1.5481104850769043
-3.0034499168395996,-17.5489597320556641,-1.5349713563919067
-12.0503578186035156,-40.0371818542480469,-1.5377508401870728
-27.7790527343750000,-46.7952346801757813,-1.5374442338943481
20.2153549194335938,-45.0314750671386719,-1.5359025001525879
-12.7509450912475586,-10.7727546691894531,-2.2415337562561035
3.7779042720794678,-31.1577434539794922,-1.5350712537765503
-22.9163017272949219,-35.0925292968750000,-1.5362889766693115
11.5721006393432617,-50.5772323608398438,-2.2558126449584961
-7.5925688743591309,-48.7440757751464844,-1.5270519256591797
-22.0855197906494141,-33.0632286071777344,-1.5387448072433472
-21.7186260223388672,-37.0242691040039063,-1.5355237722396851
12.6714391708374023,-30.1391811370849609,-1.5327608585357666
7.0114331245422363,-13.2051448822021484,-2.2428090572357178
-3.0792279243469238,-47.5739860534667969,-1.5331077575683594
-37.7983131408691406,59.2068138122558594,-1.8781063556671143
18.1750831604003906,-43.0737419128417969,-1.5352929830551147
-13.3722600936889648,-50.3001327514648438,-1.5310938358306885
12.6793203353881836,-28.0302772521972656,-2.2450459003448486
-3.7807831764221191,-13.2336025238037109,-1.5347381830215454
3.7780470848083496,-35.5445899963378906,-2.2482910156250000
5.8221664428710938,-18.4275569915771484,-1.5374448299407959
18.1784324645996094,-53.8864631652832031,-1.5368856191635132
-3.0796113014221191,-24.1543636322021484,-2.2433824539184570
-9.5800504684448242,-10.7582178115844727,-1.5365517139434814
-6.5855555534362793,-26.0907726287841797,-1.5353605747222900
25.7087020874023438,-54.1787338256835938,-2.2449705600738525
-16.1289577484130859,-42.8867912292480469,-2.2424702644348145
-8.1606826782226563,-38.1668319702148438,-1.5216645002365112
17.2903766632080078,-30.3028373718261719,-2.2425222396850586
5.8187804222106934,-42.1909179687500000,-2.2529420852661133
-5.8208379745483398,-26.0830478668212891,-2.2435967922210693
3.7795219421386719,-50.6707649230957031,-1.5289236307144165
-8.5873966217041016,-28.2147960662841797,-1.5330545902252197
12.8789091110229492,-16.0408802032470703,-2.2434899806976318
6.4927597045898438,-47.0899124145507813,-2.2470569610595703
10.6200456619262695,-32.4376678466796875,-1.5297918319702148
-7.1295113563537598,-11.6960430145263672,-1.5349258184432983
16.2359046936035156,-44.9535636901855469,-2.2454278469085693
-15.4180183410644531,-36.2170486450195313,-2.2453136444091797
15.4213542938232422,-33.8596611022949219,-2.2538499832153320
-12.2720880508422852,-23.4334068298339844,-2.2423715591430664
-2.8297820091247559,-25.1189117431640625,-2.2529373168945313
-11.3057785034179688,-25.3934364318847656,-2.2546796798706055
-27.0102729797363281,-50.9565734863281250,-2.2474505901336670
-11.8024835586547852,-53.5218353271484375,-2.2490994930267334
-22.2980499267578125,-53.4846992492675781,-2.2475736141204834
16.7411174774169922,-43.7543525695800781,-2.2435014247894287
-12.3290481567382813,-28.5742168426513672,-1.5337634086608887
20.9115295410156250,-46.4357032775878906,-2.2470617294311523
-3.0802221298217773,-57.0064620971679688,-2.2420723438262939
-16.8058853149414063,-54.1763153076171875,-2.2442016601562500
-10.6189231872558594,-15.2266216278076172,-1.5283281803131104
15.4189128875732422,-34.5141220092773438,-1.5217142105102539
2.8347945213317871,-17.0326805114746094,-1.5369660854339600
8.4809007644653320,-16.1390533447265625,-1.5343973636627197
-12.2537155151367188,-47.5714721679687500,-1.5301700830459595
-3.7778348922729492,-16.9196777343750000,-1.5298595428466797
-32.5837020874023438,-56.2929725646972656,-1.5367197990417480
8.0632896423339844,-18.9470043182373047,-2.2431857585906982
-22.9822635650634766,-47.8386459350585938,-1.5346251726150513
13.3802270889282227,-28.0314140319824219,-1.5378471612930298
-12.3725357055664063,-24.1251888275146484,-1.5324583053588867
-10.6195764541625977,-29.1409587860107422,-2.2494306564331055
13.3835544586181641,-48.6320762634277344,-1.5273514986038208
1.8582632541656494,-5.3675913810729980,-2.2425072193145752
2.6633982658386230,-6.7390627861022949,-1.5379724502563477
10.6113853454589844,-28.0277595520019531,-1.5378618240356445
12.7131967544555664,-44.5172348022460938,-2.2436864376068115
18.1787681579589844,-24.5997524261474609,-2.2428684234619141
2.6162409782409668,-28.6716480255126953,-2.2464158535003662
18.1814594268798828,-35.5261039733886719,-2.2522132396697998
12.3010749816894531,-32.4173927307128906,-1.5309566259384155
1.7510027885437012,-51.9199028015136719,-1.5277978181838989
17.4333972930908203,-46.7664146423339844,-2.2465915679931641
-1.8486227989196777,-42.0206451416015625,-1.5324604511260986
16.2947463989257813,-23.2506198883056641,-2.2463819980621338
-1.0184183120727539,-41.4731407165527344,-1.5287501811981201
-5.7730288505554199,-9.5805196762084961,-2.2437314987182617
7.2642154693603516,-35.4577865600585938,-1.5325292348861694
22.2864246368408203,-36.1867752075195313,-1.5343855619430542
-7.8521943092346191,-57.0071372985839844,-2.2463145256042480
-11.7198047637939453,-27.9224147796630859,-2.2480757236480713
3.3728089332580566,-24.5442562103271484,-2.2512981891632080
13.3788232803344727,-33.4656181335449219,-2.2459030151367188
2.4664766788482666,-53.2720222473144531,-2.2440204620361328
5.8203392028808594,-14.4748210906982422,-1.5363780260086060
7.1991391181945801,-46.3879623413085938,-2.2462844848632813
-2.8006622791290283,-37.1604537963867188,-2.2484080791473389
-8.5786561965942383,-43.0302352905273438,-1.5348366498947144
31.8996086120605469,-53.4313888549804688,-2.2479960918426514
7.9224033355712891,-52.6768112182617188,-2.2491838932037354
-20.2150878906250000,-54.1794700622558594,-2.2436051368713379
2.6826844215393066,-3.1524736881256104,-2.2411286830902100
-22.2836818695068359,-49.9420928955078125,-1.5359822511672974
13.3807840347290039,-28.7380142211914063,-2.2433979511260986
3.0758757591247559,-19.0501251220703125,-1.5342313051223755
-17.7495498657226563,-22.9279098510742188,-2.2418572902679443
-1.5174274444580078,-15.1725463867187500,-1.5368702411651611
-1.7271084785461426,-19.7458171844482422,-2.2480595111846924
-8.5821781158447266,-18.4468879699707031,-2.2433381080627441
-1.0196726322174072,-45.8890266418457031,-2.2460491657257080
-17.1729393005371094,-47.8929328918457031,-1.5239062309265137
20.9030284881591797,-54.9029884338378906,-2.2455022335052490
-3.7789101600646973,-51.4852905273437500,-2.2462446689605713
-17.3996162414550781,-40.4673118591308594,-1.5275310277938843
-2.4615147113800049,-45.8850059509277344,-2.2432398796081543
5.8204717636108398,-36.6453437805175781,-2.2436761856079102
5.8147377967834473,-46.3668708801269531,-2.2445538043975830
-8.5826959609985352,-46.1066055297851563,-2.2411229610443115
1.0216462612152100,-45.1818275451660156,-1.5338515043258667
-12.0509681701660156,-11.4851827621459961,-2.2441346645355225
8.5813684463500977,-18.4744491577148438,-1.5363725423812866
25.7125663757324219,-47.0623970031738281,-2.2451722621917725
22.9834041595458984,-42.8977012634277344,-2.2441077232360840
-1.4060273170471191,-11.0660057067871094,-1.5382839441299438
16.1126956939697266,-38.5644226074218750,-2.2452461719512939
-11.9101619720458984,-43.1916427612304688,-1.5356022119522095
22.9844474792480469,-54.1963615417480469,-2.2427027225494385
3.7784855365753174,-19.0513305664062500,-2.2439091205596924
-8.5819129943847656,-16.3559074401855469,-1.5366131067276001
29.8192386627197266,-52.7358398437500000,-2.2437980175018311
-2.5832514762878418,-33.4399757385253906,-2.2433035373687744
13.3851957321166992,-24.4404201507568359,-2.2466702461242676
1.6944142580032349,-39.4220428466796875,-2.2483048439025879
11.9883995056152344,-27.1653003692626953,-2.2419221401214600
32.5842132568359375,-55.5927085876464844,-2.2436056137084961
10.6191520690917969,-41.0019302368164063,-2.2435855865478516
6.2878155708312988,-39.7587738037109375,-2.2513563632965088
-22.9776706695556641,-34.3930778503417969,-2.2428860664367676
-8.5811586380004883,-39.9347152709960938,-2.2494621276855469
-7.8397369384765625,-39.9445648193359375,-1.5337542295455933
16.5232772827148438,-35.1967887878417969,-1.5344914197921753
-17.4813060760498047,-32.6844902038574219,-2.2452058792114258
18.1828289031982422,-47.4258499145507813,-2.2476599216461182
-13.3818931579589844,-18.6043052673339844,-1.5337936878204346
8.5336303710937500,-30.2304477691650391,-2.2531373500823975
12.7937955856323242,-25.2260589599609375,-2.2429671287536621
-17.4836578369140625,-29.8397941589355469,-2.2461302280426025
7.7318072319030762,-24.6715679168701172,-1.5326501131057739
9.5865554809570313,-7.9715161323547363,-2.2415008544921875
6.7895212173461914,-18.8057041168212891,-1.5359488725662231
-29.8170108795166016,-54.8638648986816406,-1.5357269048690796
22.9842624664306641,-42.1891822814941406,-1.5369628667831421
-20.9319915771484375,-47.1028556823730469,-1.5319833755493164
-22.9843769073486328,-52.7725410461425781,-2.2453012466430664
11.9532785415649414,-46.6194572448730469,-2.2455503940582275
11.3135471343994141,-47.4171409606933594,-2.2533507347106934
-12.6800441741943359,-42.4349822998046875,-1.5363525152206421
7.8651762008666992,-28.8794460296630859,-1.5357695817947388
-22.2922058105468750,-55.5969848632812500,-1.5349884033203125
8.5289764404296875,-11.9209690093994141,-2.2434589862823486
-8.1059074401855469,-34.0188140869140625,-2.2427241802215576
-2.8378593921661377,-41.3036079406738281,-2.2476918697357178
-3.7834267616271973,-48.2739372253417969,-1.5417133569717407
-16.9012699127197266,-50.2556991577148438,-1.5351974964141846
-18.1778068542480469,-26.3398628234863281,-2.2429080009460449
-7.8736968040466309,-54.9405822753906250,-1.5351791381835938
10.6197137832641602,-29.6487693786621094,-1.5357166528701782
-3.4870681762695313,-8.4064426422119141,-1.5349071025848389
-15.4164800643920898,-30.5372200012207031,-2.2450952529907227
16.1779918670654297,-51.6161766052246094,-1.5340806245803833
22.9804420471191406,-36.9078025817871094,-1.5355019569396973
2.8269653320312500,-45.4466667175292969,-1.5349308252334595
7.9634852409362793,-36.1682624816894531,-1.5373835563659668
3.2704093456268311,-14.5088500976562500,-2.2421286106109619
4.0744071006774902,-6.6545476913452148,-1.5380619764328003
11.6571044921875000,-11.8398685455322266,-1.5342952013015747
12.9282827377319336,-36.3136634826660156,-1.5260907411575317
5.3144736289978027,-10.4528474807739258,-2.2460534572601318
-16.4048023223876953,-28.4894351959228516,-2.2429485321044922
15.4210939407348633,-18.8638496398925781,-1.5372209548950195
-17.4842338562011719,-33.3846626281738281,-1.5355970859527588
-3.7874801158905029,-29.4563407897949219,-2.1521842479705811
1.7445850372314453,-52.5920906066894531,-2.2490913867950439
-22.0640239715576172,-34.4617538452148438,-1.5370969772338867
-25.7242507934570313,-45.8928985595703125,-1.5368896722793579
13.3844366073608398,-47.9754981994628906,-2.2543640136718750
10.6208105087280273,-14.0790386199951172,-1.5337530374526978
21.5858726501464844,-41.4806213378906250,-2.2443816661834717
-18.1779232025146484,-50.6607246398925781,-1.5340915918350220
27.7805995941162109,-46.3328933715820313,-2.2437105178833008
-1.0142313241958618,-56.0390014648437500,-1.5264244079589844
25.7110157012939453,-46.3441963195800781,-1.5333739519119263
22.2838821411132813,-38.3517837524414063,-2.2432904243469238
16.1232681274414063,-50.6263351440429688,-1.5297319889068604
-5.8195466995239258,-34.5518150329589844,-2.2467277050018311
22.2883186340332031,-57.0077133178710938,-1.5354228019714355
7.8510203361511230,-32.9155273437500000,-1.5318801403045654
-16.7591800689697266,-51.3617095947265625,-2.2455379962921143
-3.0630159378051758,-54.6057662963867188,-2.2426238059997559
-5.8219676017761230,-26.7763156890869141,-1.5340689420700073
16.3800411224365234,-55.8055534362792969,-2.2593631744384766
12.2193574905395508,-55.8261375427246094,-1.5367809534072876
11.8202123641967773,-48.3330078125000000,-2.2225832939147949
-3.7777135372161865,-18.6069774627685547,-1.5387052297592163
12.9194011688232422,-55.1165466308593750,-1.5318818092346191
-17.5144157409667969,-34.8177757263183594,-1.5316545963287354
-36.5937728881835938,-57.0021667480468750,-2.2423264980316162
-12.9067478179931641,-27.2428035736083984,-2.2484970092773438
-11.3758707046508789,-22.9944267272949219,-2.2465379238128662
-16.1425495147705078,-45.9288597106933594,-1.5325778722763062
31.3519954681396484,-48.6790504455566406,-1.5388028621673584
-21.5738201141357422,-40.2507400512695313,-1.5343794822692871
-7.0588493347167969,-17.0664920806884766,-2.2427904605865479
18.1780681610107422,-41.6702842712402344,-1.5371538400650024
5.5424513816833496,-6.3585400581359863,-2.2415428161621094
-6.4677805900573730,-51.4486236572265625,-2.2409458160400391
-15.4158401489257813,-31.9892539978027344,-2.2451026439666748
3.9475450515747070,-11.4524383544921875,-1.5370471477508545
-10.6217594146728516,-41.4194145202636719,-1.5313897132873535
-10.6189785003662109,-24.0003662109375000,-1.5331705808639526
27.0939140319824219,-54.1803741455078125,-2.2462096214294434
6.0477981567382813,-6.8538880348205566,-1.5382137298583984
3.0637989044189453,-11.9135990142822266,-1.5381166934967041
3.7835290431976318,-53.2609710693359375,-2.2555768489837646
-7.8680934906005859,-17.7540035247802734,-2.2445929050445557
-3.7786471843719482,-38.2478218078613281,-2.2420136928558350
-3.7802970409393311,-19.7011070251464844,-1.5283915996551514
18.1805210113525391,-51.4887123107910156,-1.5362290143966675
-15.4166355133056641,-55.5970802307128906,-2.2446405887603760
-18.1782379150390625,-47.3027267456054688,-1.5347789525985718
25.7001495361328125,-51.3493347167968750,-2.2478754520416260
-15.4187078475952148,-34.1109848022460938,-1.5365579128265381
-7.1725139617919922,-54.2404899597167969,-1.5313347578048706
-7.0418829917907715,-21.8472785949707031,-2.2430889606475830
27.7861633300781250,-55.5919990539550781,-1.5362339019775391
11.2854490280151367,-28.7507781982421875,-1.5316361188888550
-20.5218830108642578,-33.2124443054199219,-1.5387123823165894
1.7580183744430542,-31.9036922454833984,-2.2467622756958008
-26.3735198974609375,-47.5033073425292969,-2.2471306324005127
-5.8206691741943359,-44.5964317321777344,-1.5379538536071777
22.9870471954345703,-48.5606689453125000,-2.2438459396362305
-7.8776593208312988,-30.3211669921875000,-1.5350697040557861
-7.8830008506774902,-52.8366737365722656,-2.2466437816619873
11.9931364059448242,-14.9584808349609375,-2.2431111335754395
12.4068403244018555,-24.2685585021972656,-2.2427825927734375
-2.4290397167205811,-44.4935607910156250,-2.2488021850585938
-30.5089206695556641,-53.4326057434082031,-2.2460246086120605
-12.3732709884643555,-40.7444229125976563,-2.2411799430847168
17.6697406768798828,-21.3050498962402344,-1.5361735820770264
-3.7779843807220459,-48.9935302734375000,-2.2418317794799805
1.0160105228424072,-55.3309249877929688,-1.5352971553802490
11.9900856018066406,-28.0449371337890625,-1.5324143171310425
12.2585411071777344,-54.3737335205078125,-1.5292787551879883
-16.4153251647949219,-26.0640392303466797,-1.5381201505661011
22.2904701232910156,-52.0722427368164063,-2.2461733818054199
-8.4169034957885742,-9.5010023117065430,-2.2437119483947754
-8.0021619796752930,-22.1207675933837891,-2.2479248046875000
3.7805290222167969,-56.3154067993164063,-2.2457799911499023
6.6211380958557129,-54.7674446105957031,-1.5196461677551270
-7.2061123847961426,-25.1402435302734375,-2.2475328445434570
-10.7885780334472656,-9.6891174316406250,-2.2417182922363281
8.5830421447753906,-30.8932533264160156,-1.5281908512115479
11.3470973968505859,-21.6804313659667969,-2.2446136474609375
12.7035579681396484,-51.0242080688476563,-2.2485976219177246
3.2776131629943848,-52.1499710083007813,-2.2431008815765381
-21.6329822540283203,-45.7489013671875000,-2.2425947189331055
3.1140456199645996,-42.7370109558105469,-1.5317140817642212
16.1243953704833984,-37.1501541137695313,-2.2459194660186768
22.9795684814453125,-35.4690322875976563,-1.5369868278503418
7.2470331192016602,-53.4069480895996094,-2.2437467575073242
8.5793304443359375,-32.2378654479980469,-1.5290211439132690
7.9520473480224609,-39.2699356079101563,-1.5305721759796143
18.1810665130615234,-43.7670135498046875,-2.2473099231719971
-6.2697539329528809,-10.4525880813598633,-2.2471799850463867
13.3821439743041992,-52.4810791015625000,-1.5352356433868408
-17.4846572875976563,-34.0783576965332031,-2.2482533454895020
-34.6218681335449219,-56.3088111877441406,-1.5352962017059326
6.5674457550048828,-12.0042629241943359,-2.2465965747833252
7.1337914466857910,-49.8492050170898438,-1.5384681224822998
6.1920108795166016,-16.4761161804199219,-2.2441208362579346
-25.7334728240966797,-50.6454353332519531,-1.5343683958053589
12.0290918350219727,-31.7843399047851563,-2.2462007999420166
17.4721622467041016,-43.0749397277832031,-2.2435152530670166
21.5945167541503906,-42.1916885375976563,-1.5329253673553467
5.8170437812805176,-37.6350708007812500,-2.2550709247589111
3.2758805751800537,-26.9944496154785156,-2.2463307380676270
5.8223381042480469,-32.9927940368652344,-1.5318585634231567
-13.3778629302978516,-43.8351402282714844,-2.2458722591400146
-17.4841518402099609,-37.0102348327636719,-2.2488427162170410
-3.7788307666778564,-54.6141204833984375,-1.5356768369674683
13.4886636734008789,-10.2852754592895508,-1.5389006137847900
-16.4174804687500000,-38.5439796447753906,-1.5309454202651978
1.3220298290252686,-44.5615539550781250,-2.2479445934295654
27.7810554504394531,-47.7873840332031250,-2.2457146644592285
37.3028869628906250,-55.2208976745605469,-1.5373723506927490
-20.2218627929687500,-43.7165908813476563,-1.5296678543090820
32.5855598449707031,-54.8865852355957031,-1.5361200571060181
-10.6214599609375000,-15.8983831405639648,-2.2508478164672852
18.1784534454345703,-21.7856044769287109,-2.2437777519226074
1.7890189886093140,-4.6631026268005371,-1.5387158393859863
18.1790771484375000,-31.4380950927734375,-1.5329718589782715
-7.2764997482299805,-13.4819107055664063,-1.5386364459991455
3.8187134265899658,-10.4004230499267578,-2.2451040744781494
12.3207426071166992,-12.0172300338745117,-2.2460403442382813
35.3270530700683594,-55.6094512939453125,-2.2440550327301025
13.3783617019653320,-36.8305282592773438,-2.2453637123107910
1.0205967426300049,-40.9467773437500000,-2.2497997283935547
10.6140880584716797,-49.1036338806152344,-2.2489066123962402
18.1919708251953125,-39.9532546997070313,-1.5338927507400513
7.8491492271423340,-55.6256904602050781,-2.2469115257263184
-2.2869386672973633,-10.2972469329833984,-1.5349605083465576
34.6216583251953125,-54.9025268554687500,-2.2422947883605957
1.0219868421554565,-53.2775802612304688,-2.2495453357696533
16.9811496734619141,-31.9400100708007813,-1.5354557037353516
-11.8107919692993164,-44.0092277526855469,-2.2427449226379395
-20.2203960418701172,-39.0909461975097656,-2.2443459033966064
-16.8111991882324219,-34.1131744384765625,-1.5309885740280151
12.1607809066772461,-35.6752357482910156,-1.5367424488067627
-35.4448432922363281,-55.0418853759765625,-2.2419040203094482
6.9671611785888672,-32.4752273559570313,-1.5339745283126831
10.6204271316528320,-51.7270126342773438,-2.2440083026885986
3.6886849403381348,-22.0650577545166016,-1.5301847457885742
-15.4181547164916992,-56.2968177795410156,-1.5369530916213989
21.5934696197509766,-36.1876640319824219,-2.2454490661621094
11.6924076080322266,-17.9129047393798828,-2.2430362701416016
-1.5296586751937866,-32.3655738830566406,-2.2442770004272461
7.8482117652893066,-31.5598106384277344,-1.5327719449996948
29.8160877227783203,-52.0392799377441406,-1.5314173698425293
-10.6188058853149414,-32.8899879455566406,-1.5327724218368530
-10.6128454208374023,-49.3731117248535156,-2.2497863769531250
25.7081851959228516,-52.7662010192871094,-2.2452626228332520
5.8191561698913574,-33.6797027587890625,-2.2452330589294434
-20.9381999969482422,-45.7376289367675781,-1.5335199832916260
12.6761932373046875,-27.3258438110351563,-1.5372160673141479
-4.8277616500854492,-9.6483087539672852,-1.5355354547500610
10.6139459609985352,-53.1069259643554688,-2.2441349029541016
2.5788207054138184,-26.9909000396728516,-1.5325518846511841
-6.1949119567871094,-55.3877487182617188,-1.5250008106231689
-7.2806816101074219,-14.1915159225463867,-2.2414126396179199
21.5936298370361328,-51.3629493713378906,-2.2451045513153076
11.1350288391113281,-37.4567031860351563,-2.2434210777282715
-0.9761427640914917,-7.7296009063720703,-1.5328634977340698
13.3782100677490234,-14.1793699264526367,-2.2419459819793701
-3.2837262153625488,-33.4111289978027344,-1.5359219312667847
-26.2982826232910156,-49.5691413879394531,-1.5326194763183594
11.3084745407104492,-27.3351058959960938,-1.5317233800888062
-17.2748107910156250,-44.8149795532226563,-2.2539558410644531
-37.3016128540039063,-55.5919151306152344,-1.5376869440078735
-15.4217157363891602,-27.0492687225341797,-1.5364096164703369
15.8143281936645508,-55.4634132385253906,-1.5255178213119507
-20.6295986175537109,-34.4299583435058594,-1.5376276969909668
13.0063152313232422,-43.5729446411132813,-2.2479102611541748
8.5790014266967773,-28.1848354339599609,-1.5327887535095215
13.3790454864501953,-27.3177528381347656,-2.2421145439147949
-3.1755416393280029,-38.8741226196289063,-1.5384736061096191
2.5506265163421631,-27.6789588928222656,-2.2446753978729248
-31.8904914855957031,-51.9953994750976563,-2.2470831871032715
-11.4895839691162109,-51.0652503967285156,-2.2581756114959717
7.8665041923522949,-57.0049972534179688,-2.2444269657135010
-5.8127284049987793,-50.7026634216308594,-2.2448341846466064
13.3782215118408203,-17.5342617034912109,-1.5381456613540649
-15.4169769287109375,-33.4082717895507813,-2.2431807518005371
22.2980861663818359,-48.5449523925781250,-1.5325248241424561
-11.5412139892578125,-9.5387201309204102,-1.5367667675018311
17.6243553161621094,-45.7006530761718750,-1.5366270542144775
-16.1062393188476563,-26.8721199035644531,-2.2412459850311279
12.0259609222412109,-30.3529186248779297,-2.2466104030609131
-2.9900345802307129,-22.9926986694335938,-2.2463107109069824
32.5850028991699219,-56.3010864257812500,-1.5368851423263550
-10.6223964691162109,-13.5388755798339844,-2.2412579059600830
-6.9233345985412598,-18.4244785308837891,-2.2414667606353760
27.0928268432617188,-53.4643287658691406,-1.5337755680084229
-25.7278194427490234,-52.0391349792480469,-1.5356432199478149
-21.5854969024658203,-49.9401702880859375,-2.2449562549591064
-7.2447090148925781,-12.7593231201171875,-2.2436611652374268
8.5799264907836914,-17.4875698089599609,-1.5340216159820557
1.7102928161621094,-18.2948684692382813,-2.2450790405273438
-22.5570087432861328,-46.0678405761718750,-2.2557954788208008
20.9095439910888672,-36.9133987426757813,-2.2463200092315674
-7.2838416099548340,-35.2026138305664063,-1.5328105688095093
1.9917383193969727,-44.7233161926269531,-1.5312348604202271
-5.8197212219238281,-48.5606651306152344,-1.5355591773986816
8.5681924819946289,-28.8735713958740234,-2.2461850643157959
3.7789628505706787,-51.6497650146484375,-1.5388303995132446
10.6193046569824219,-21.0060958862304688,-2.2524456977844238
17.4948196411132813,-39.2585983276367188,-1.5331525802612305
13.1517972946166992,-10.9096250534057617,-2.2418305873870850
15.4182147979736328,-19.7740077972412109,-2.2444028854370117
-21.1803646087646484,-42.5209197998046875,-1.5383650064468384
12.0105056762695313,-51.7292747497558594,-2.2483561038970947
11.5253477096557617,-7.5548648834228516,-1.5388821363449097
11.2867765426635742,-45.8946685791015625,-2.2470636367797852
16.0624294281005859,-54.4964103698730469,-1.5389403104782104
11.7605752944946289,-25.0238647460937500,-2.2458500862121582
-16.7941532135009766,-32.6785697937011719,-1.5316308736801147
12.3876380920410156,-15.5401611328125000,-1.5365103483200073
-3.7830276489257813,-22.3980388641357422,-2.2446713447570801
-5.8163251876831055,-54.1818008422851563,-1.5343708992004395
34.6186943054199219,-56.3058662414550781,-2.2443439960479736
-22.2191238403320313,-36.5354652404785156,-2.2436683177947998
1.7525030374526978,-20.4508132934570313,-1.5370635986328125
-12.3693504333496094,-55.5819320678710938,-2.2536273002624512
-25.7145557403564453,-54.1519851684570313,-2.2457590103149414
7.2104029655456543,-45.6784477233886719,-1.5339105129241943
-12.5045185089111328,-19.0627250671386719,-1.5312827825546265
-5.8209481239318848,-22.3709163665771484,-2.2490038871765137
30.5148448944091797,-53.4467468261718750,-2.2441058158874512
-26.4029483795166016,-54.1620101928710938,-1.5322734117507935
5.0495100021362305,-6.8706183433532715,-1.5396659374237061
-25.0131072998046875,-56.3017883300781250,-2.2440891265869141
-3.5248305797576904,-10.4848747253417969,-2.2464869022369385
8.5787105560302734,-13.7514667510986328,-1.5366499423980713
-6.2961597442626953,-11.1495571136474609,-1.5365567207336426
-1.0563671588897705,-26.5607452392578125,-2.2545740604400635
12.2894344329833984,-17.5316925048828125,-1.5389105081558228
-22.7541599273681641,-32.3212280273437500,-1.5388125181198120
17.6964473724365234,-51.9841766357421875,-2.2473363876342773
-0.7723785638809204,-11.3716516494750977,-2.2467896938323975
13.3792085647583008,-46.6350250244140625,-2.2460002899169922
17.1213684082031250,-28.6355342864990234,-1.5387915372848511
-13.3803005218505859,-22.7968597412109375,-2.2503733634948730
-12.6477184295654297,-53.6492500305175781,-1.5360658168792725
-1.4873776435852051,-56.5261878967285156,-2.2480323314666748
0.3523581326007843,-3.5322327613830566,-2.2418258190155029
-16.2006702423095703,-50.9618415832519531,-1.5328330993652344
7.7739281654357910,-16.9052314758300781,-1.5342662334442139
-27.7841091156005859,-55.5918693542480469,-1.5364935398101807
-13.3789491653442383,-45.2143783569335938,-2.2479217052459717
6.5436797142028809,-22.1205635070800781,-2.2446031570434570
7.0807204246520996,-33.5448532104492188,-1.5374152660369873
-2.0187516212463379,-32.8611564636230469,-1.5342038869857788
-27.7805957794189453,-43.7237396240234375,-1.5348508358001709
3.2488315105438232,-20.9530048370361328,-1.5385763645172119
-31.1975173950195313,-54.8657264709472656,-1.5343399047851563
12.0517349243164063,-43.0939826965332031,-1.5358294248580933
-4.0422868728637695,-7.5086998939514160,-1.5346980094909668
22.9837646484375000,-41.4827156066894531,-2.2430620193481445
8.5868263244628906,-45.6968650817871094,-1.5344467163085938
1.7467501163482666,-53.2772903442382813,-1.5359359979629517
1.8964540958404541,-16.2019367218017578,-1.5381430387496948
20.8953475952148438,-41.4813385009765625,-1.5324258804321289
-7.5699448585510254,-23.0076103210449219,-2.2427003383636475
27.0803108215332031,-49.2225456237792969,-1.5355052947998047
-18.1881046295166016,-55.5928764343261719,-2.2443327903747559
7.6243281364440918,-41.2188796997070313,-1.5294054746627808
10.6207237243652344,-46.7038993835449219,-2.2427437305450439
13.3801050186157227,-23.7688369750976563,-1.5294731855392456
1.3605155944824219,-8.9328908920288086,-2.2419755458831787
22.2855281829833984,-40.7756805419921875,-2.2451107501983643
1.9291200637817383,-6.0658817291259766,-1.5355008840560913
7.6377921104431152,-30.8961257934570313,-2.2447903156280518
15.4180173873901367,-37.8503379821777344,-2.2430601119995117
18.1789245605468750,-36.1961860656738281,-1.5336415767669678
1.7853612899780273,-41.5951232910156250,-2.2440655231475830
11.5816287994384766,-19.5076923370361328,-1.5258505344390869
3.7664918899536133,-40.5757255554199219,-2.2489171028137207
31.8959712982177734,-54.8750686645507813,-2.2461113929748535
-6.5602874755859375,-35.2337684631347656,-2.2442493438720703
-18.1783962249755859,-27.0392932891845703,-1.5361382961273193
15.4186887741088867,-54.9299240112304688,-2.2480554580688477
-1.6290028095245361,-17.3008384704589844,-1.5385290384292603
-5.8199052810668945,-23.7136344909667969,-2.2493484020233154
-1.0204263925552368,-38.1542282104492188,-1.5369986295700073
12.2365245819091797,-13.9944715499877930,-2.2412941455841064
27.7831497192382813,-49.9264297485351563,-1.5372211933135986
20.2131004333496094,-40.5332717895507813,-2.2470922470092773
-21.5930271148681641,-50.6515541076660156,-1.5338673591613770
16.6535034179687500,-29.4000053405761719,-2.2454690933227539
-2.0061767101287842,-34.8456802368164063,-1.5322586297988892
-2.1591601371765137,-31.8726119995117188,-1.5389559268951416
2.1543998718261719,-43.3635063171386719,-1.5387424230575562
-13.3789033889770508,-32.0402183532714844,-2.2435791492462158
5.3605279922485352,-9.7659959793090820,-1.5332323312759399
11.4924077987670898,-10.5771894454956055,-2.2425823211669922
-18.1871089935302734,-48.9878158569335938,-2.1136946678161621
-2.7958807945251465,-20.2719058990478516,-2.2449152469635010
1.0188053846359253,-33.9232215881347656,-2.2517035007476807
3.2866504192352295,-23.5518341064453125,-2.2445602416992188
-1.0191160440444946,-55.4067726135253906,-2.2586345672607422
-2.4005949497222900,-12.4058494567871094,-2.2532644271850586
4.1099677085876465,-4.0886139869689941,-1.5387426614761353
-3.3299176692962646,-36.7434425354003906,-1.5270587205886841
-7.1347951889038086,-39.9742813110351563,-2.2458701133728027
-16.1126956939697266,-32.7007446289062500,-2.2467775344848633
-16.5027294158935547,-41.1260795593261719,-1.5324804782867432
11.1100769042968750,-26.1864242553710938,-2.2568161487579346
6.7128458023071289,-17.4983634948730469,-1.5316921472549438
22.2902812957763672,-37.6305923461914063,-1.5326621532440186
13.3780574798583984,-44.2814750671386719,-1.5384305715560913
7.3266272544860840,-54.0960311889648438,-1.5365970134735107
15.4212312698364258,-26.9309329986572266,-1.5298058986663818
21.6079864501953125,-43.6178436279296875,-1.5350472927093506
32.5834388732910156,-54.1558990478515625,-2.2449748516082764
1.0711513757705688,-42.2901763916015625,-2.2523164749145508
21.6073341369628906,-45.7276573181152344,-2.2474806308746338
7.7470927238464355,-13.2032575607299805,-1.5327346324920654
7.7325944900512695,-12.5162906646728516,-2.2477149963378906
16.1888885498046875,-31.1887741088867188,-1.5331193208694458
11.2757625579833984,-24.5345344543457031,-1.5322226285934448
-27.1113605499267578,-53.4623374938964844,-1.5324625968933105
20.9023208618164063,-36.2007255554199219,-1.5327934026718140
16.1642417907714844,-33.1945495605468750,-2.2532973289489746
27.0891456604003906,-46.3300094604492188,-1.5336076021194458
-0.2617429792881012,-6.7675943374633789,-1.5360927581787109
-1.4764313697814941,-14.1789789199829102,-1.5291241407394409
-6.5164794921875000,-19.9888134002685547,-1.5280026197433472
3.7869429588317871,-45.1711959838867188,-2.2646529674530029
0.6540553569793701,-8.1603899002075195,-2.2434661388397217
15.5117378234863281,-47.9731369018554688,-2.2502694129943848
-20.2222118377685547,-35.0069274902343750,-2.2420914173126221
-1.0203241109848022,-45.1919479370117188,-1.5351974964141846
12.8812103271484375,-18.0356998443603516,-2.2437973022460938
-7.5870923995971680,-47.1416244506835938,-2.2417654991149902
7.8876829147338867,-43.5417404174804688,-1.5303885936737061
-26.3944797515869141,-56.2975959777832031,-2.2453889846801758
-6.5187683105468750,-20.6703815460205078,-2.2499730587005615
-25.0171184539794922,-54.8633842468261719,-2.2445209026336670
6.3111624717712402,-34.1733169555664063,-1.5357717275619507
20.2174167633056641,-47.8367996215820313,-1.5340541601181030
27.0935420989990234,-54.8842697143554688,-1.5342833995819092
12.7465229034423828,-19.2531089782714844,-2.2434976100921631
-5.8220844268798828,-45.3778419494628906,-2.2218735218048096
-32.5829429626464844,-54.8673667907714844,-1.5367327928543091
17.0471763610839844,-22.0889053344726563,-1.5387454032897949
-12.0921659469604492,-15.7109584808349609,-2.2432391643524170
-8.5843162536621094,-21.3180904388427734,-2.2496411800384521
27.7826538085937500,-50.6323852539062500,-2.2431323528289795
11.6178817749023438,-35.0441169738769531,-2.2482726573944092
30.5151748657226563,-54.1598510742187500,-1.5354558229446411
-20.8654003143310547,-40.9418334960937500,-1.5314475297927856
3.7557811737060547,-15.0153846740722656,-1.5331773757934570
-3.7741754055023193,-55.3101387023925781,-2.2430644035339355
3.7802376747131348,-34.1878166198730469,-2.2509813308715820
11.9227180480957031,-39.5600776672363281,-2.2449934482574463
-15.4187536239624023,-47.2596054077148438,-2.2519590854644775
-1.0114276409149170,-43.1091232299804688,-2.2499675750732422
-3.3501582145690918,-9.0944328308105469,-2.2419946193695068
-11.0863294601440430,-26.6618423461914063,-1.5319588184356689
20.9084873199462891,-49.9623565673828125,-1.5340725183486938
2.8091039657592773,-25.3497867584228516,-2.2444088459014893
7.8303351402282715,-37.1207695007324219,-2.2446367740631104
-1.5239580869674683,-33.3595008850097656,-2.2438447475433350
-0.1704120188951492,-9.4983444213867188,-1.5337655544281006
16.7594718933105469,-54.6206512451171875,-2.2434370517730713
5.8194017410278320,-13.6692447662353516,-2.2430107593536377
-18.1781749725341797,-24.6446456909179688,-1.5357528924942017
-25.0193576812744141,-53.4412231445312500,-2.2431871891021729
-12.7444715499877930,-35.9070396423339844,-2.2633395195007324
21.6012687683105469,-48.5541839599609375,-2.2438371181488037
-16.7910861968994141,-31.9724941253662109,-2.2453494071960449
18.1567764282226563,-53.1864738464355469,-2.2435603141784668
-15.4163980484008789,-38.3160285949707031,-1.5308039188385010
18.1798191070556641,-42.3736877441406250,-2.2431015968322754
-1.6390953063964844,-6.6658487319946289,-1.5354288816452026
-11.7295684814453125,-28.9146575927734375,-2.2504422664642334
-18.1855049133300781,-31.2682399749755859,-1.5365314483642578
-18.1784152984619141,-25.3428039550781250,-2.2439193725585938
12.4202108383178711,-37.2607345581054688,-1.5307362079620361
-2.0381653308868408,-15.6458616256713867,-2.2420184612274170
13.3866996765136719,-19.5260429382324219,-1.5352773666381836
-11.2598791122436523,-12.2476215362548828,-2.2431962490081787
-11.1017131805419922,-53.5168914794921875,-1.5348622798919678
12.6951179504394531,-26.3312225341796875,-1.5329065322875977
6.5168280601501465,-44.9690818786621094,-1.5356930494308472
16.1224250793457031,-20.4794464111328125,-2.2453312873840332
-22.9884147644042969,-54.1911888122558594,-2.2439143657684326
-1.0219292640686035,-31.8815631866455078,-1.5375903844833374
-8.5787515640258789,-14.6782007217407227,-2.2486481666564941
-2.5256264209747314,-5.3709611892700195,-2.2448270320892334
-3.7790842056274414,-24.0883445739746094,-1.5378968715667725
-1.7346514463424683,-44.4960556030273438,-1.5357607603073120
-1.7517673969268799,-4.5855741500854492,-2.2443957328796387
11.3207101821899414,-44.4821281433105469,-2.2438001632690430
-8.5798110961914063,-54.2392501831054688,-1.5362347364425659
-12.9908151626586914,-24.8188018798828125,-2.2467124462127686
12.6737260818481445,-34.1722831726074219,-2.2423167228698730
5.8189110755920410,-39.2730903625488281,-1.5338401794433594
27.7856903076171875,-53.4705810546875000,-2.2437603473663330
-16.3211956024169922,-45.2562599182128906,-2.2446539402008057
-3.7856163978576660,-39.9261741638183594,-1.5337101221084595
-13.3647575378417969,-53.6376037597656250,-2.2506542205810547
-2.1325047016143799,-40.1851387023925781,-2.2430346012115479
12.1262664794921875,-25.9476814270019531,-2.2514805793762207
20.2164745330810547,-38.3406181335449219,-1.5379242897033691
22.2962989807128906,-47.8515243530273438,-2.2447659969329834
-7.1068501472473145,-10.9923906326293945,-2.2422080039978027
32.5781936645507813,-49.8681182861328125,-2.2415575981140137
-13.3779754638671875,-13.9486780166625977,-1.5377155542373657
-7.9245786666870117,-21.4483833312988281,-1.5286704301834106
-5.4728879928588867,-8.8878049850463867,-1.5323765277862549
-20.9287662506103516,-36.4163818359375000,-1.5377281904220581
-7.8801207542419434,-44.4197311401367188,-2.2497122287750244
3.7822873592376709,-32.8509979248046875,-2.2473788261413574
15.4194326400756836,-36.4552536010742188,-2.2507658004760742
13.3797626495361328,-18.5308837890625000,-1.5381489992141724
3.7648935317993164,-44.5469322204589844,-1.5210427045822144
-2.2794785499572754,-57.0012435913085938,-1.5412822961807251
-7.1627573966979980,-42.3396301269531250,-2.2455091476440430
-31.2000980377197266,-51.0368919372558594,-2.2415661811828613
10.2631015777587891,-8.7044696807861328,-2.2495574951171875
15.4198436737060547,-48.6239624023437500,-1.5232795476913452
7.7478108406066895,-13.8856735229492188,-2.2483303546905518
7.1526103019714355,-50.5478172302246094,-2.2518057823181152
2.4585452079772949,-53.9675407409667969,-1.5337796211242676
7.2469902038574219,-22.1244659423828125,-1.5339125394821167
-3.0330498218536377,-18.2443485260009766,-2.2445909976959229
-16.4198112487792969,-24.3676280975341797,-2.2426962852478027
8.2469186782836914,-10.9666090011596680,-2.2434542179107666
-18.1780529022216797,-23.4903068542480469,-1.5376900434494019
-30.5094852447509766,-52.7137222290039063,-1.5337500572204590
-13.3873815536499023,-45.8943672180175781,-1.5319159030914307
-11.4163732528686523,-29.8615131378173828,-2.2436316013336182
-10.6196336746215820,-38.6667289733886719,-1.5355387926101685
-8.5806217193603516,-36.2237052917480469,-2.2427225112915039
-25.0185565948486328,-54.1468887329101563,-1.5367467403411865
-2.6187782287597656,-39.3119125366210938,-2.2419047355651855
6.9856820106506348,-56.3208808898925781,-2.2416579723358154
-31.8948287963867188,-52.7134552001953125,-1.5332260131835938
-18.1819763183593750,-44.0412101745605469,-2.2520000934600830
22.2896099090576172,-45.7473793029785156,-1.5325714349746704
15.4200658798217773,-49.2691383361816406,-2.2552137374877930
-11.8477420806884766,-30.5905914306640625,-1.5386457443237305
7.8429532051086426,-30.2302818298339844,-1.5350810289382935
7.9335665702819824,-6.6399507522583008,-2.2412002086639404
-7.8287830352783203,-11.6772956848144531,-2.2433531284332275
-16.8108997344970703,-48.8693428039550781,-1.5243247747421265
1.0263221263885498,-49.9029083251953125,-1.5360944271087646
11.9802160263061523,-28.7436389923095703,-2.2439081668853760
-6.7776269912719727,-23.7389411926269531,-1.5381563901901245
16.8683948516845703,-46.3702163696289063,-1.5339963436126709
-6.2749166488647461,-18.1595764160156250,-1.5295493602752686
31.8877086639404297,-52.0073738098144531,-2.2440919876098633
-21.7371063232421875,-45.0505828857421875,-1.5381402969360352
2.4201540946960449,-55.3553085327148438,-1.5314269065856934
-3.2717723846435547,-51.9841880798339844,-1.5385966300964355
-11.5704698562622070,-13.9171056747436523,-2.2447576522827148
8.5647211074829102,-20.4506225585937500,-1.5325618982315063
-1.0205842256546021,-52.1777877807617188,-2.2568449974060059
8.5628814697265625,-54.9288635253906250,-2.2475187778472900
-10.6220531463623047,-20.3050537109375000,-1.5274226665496826
-3.7799527645111084,-40.9237899780273438,-1.5323803424835205
-7.1392183303833008,-19.7974262237548828,-2.2545101642608643
-2.9620356559753418,-30.8245620727539063,-1.5318254232406616
-32.5815620422363281,-52.7168617248535156,-2.2451670169830322
17.4931201934814453,-19.0252895355224609,-2.2439808845520020
26.4001331329345703,-52.7557945251464844,-1.5348057746887207
-15.8988990783691406,-39.8964729309082031,-2.2451481819152832
15.4831991195678711,-51.6049346923828125,-2.2497942447662354
-12.3222932815551758,-32.0578536987304688,-2.2329885959625244
1.9476073980331421,-21.4372959136962891,-1.7131915092468262
-20.7835998535156250,-39.6402969360351563,-1.5387823581695557
29.8221397399902344,-49.9460296630859375,-1.5386211872100830
17.1868572235107422,-27.6480026245117188,-1.5370020866394043
2.4241428375244141,-54.6636161804199219,-2.2457604408264160
1.0195103883743286,-34.9197120666503906,-2.2466595172882080
18.1853237152099609,-52.4854316711425781,-1.5376300811767578
2.7806200981140137,-51.6494407653808594,-1.5371437072753906
-12.9683780670166016,-23.3339233398437500,-1.5344227552413940
-18.1851005554199219,-36.3041152954101563,-2.2481782436370850
-17.4611320495605469,-51.3557701110839844,-1.5357354879379272
-16.9465904235839844,-23.5213279724121094,-2.2416284084320068
16.7921104431152344,-26.7382736206054688,-1.5265486240386963
17.0163593292236328,-48.5823707580566406,-1.5316163301467896
29.9566402435302734,-49.2500991821289063,-2.2413773536682129
-21.7765769958496094,-37.7149276733398438,-2.2464139461517334
18.1784038543701172,-23.8936843872070313,-1.5374283790588379
-15.4693841934204102,-22.6511898040771484,-1.5387494564056396
-3.8508729934692383,-4.3904953002929688,-1.5384213924407959
-21.9878978729248047,-46.4855117797851563,-1.5386780500411987
27.7852973937988281,-52.0524291992187500,-2.2435998916625977
-1.0194911956787109,-57.0158424377441406,-1.5325977802276611
13.1262845993041992,-20.1783790588378906,-2.2425796985626221
12.6904468536376953,-53.8771286010742188,-2.2525155544281006
-11.6266145706176758,-10.2290430068969727,-2.2459561824798584
10.6212701797485352,-30.3513069152832031,-2.2424962520599365
18.1763496398925781,-37.1842155456542969,-1.5312310457229614
-7.0477743148803711,-22.5466690063476563,-1.5345761775970459
-12.6424827575683594,-12.2883167266845703,-2.2492506504058838
-3.0344336032867432,-15.5914525985717773,-2.2418153285980225
-27.7784004211425781,-46.0884628295898438,-2.2425057888031006
-25.0215625762939453,-43.0370101928710938,-2.2415280342102051
-2.4718418121337891,-47.2662734985351563,-2.2484197616577148
-6.3557848930358887,-17.1644783020019531,-1.5399136543273926
-31.8893909454345703,-54.8680763244628906,-2.2459406852722168
-22.9855213165283203,-51.3479270935058594,-2.2441401481628418
12.5156764984130859,-48.1022796630859375,-1.5334968566894531
-29.8215961456298828,-51.2735290527343750,-2.2415385246276855
-8.5821981430053711,-47.0937805175781250,-2.2439222335815430
-17.5315532684326172,-35.5229644775390625,-2.2420599460601807
13.2065830230712891,-21.7981548309326172,-1.5332698822021484
5.8208365440368652,-35.6598472595214844,-2.2433555126190186
6.0610628128051758,-19.0900936126708984,-2.2424166202545166
16.0970745086669922,-19.0444240570068359,-2.2443506717681885
-6.5310473442077637,-26.7789173126220703,-2.2443194389343262
-10.7014636993408203,-34.9961738586425781,-2.2413990497589111
17.4182167053222656,-18.2319450378417969,-1.5388002395629883
21.6089954376220703,-45.0312919616699219,-1.5357943773269653
-1.4320870637893677,-49.7486228942871094,-2.2607884407043457
3.7821984291076660,-36.2176513671875000,-1.5252773761749268
6.5431385040283203,-21.4218750000000000,-1.5361839532852173
-17.4644031524658203,-46.6065368652343750,-1.5347388982772827
36.1542816162109375,-56.4570159912109375,-2.2449893951416016
-1.0353277921676636,-35.4918212890625000,-2.2494344711303711
22.2840118408203125,-52.7934074401855469,-1.5335966348648071
-12.7144823074340820,-49.1631927490234375,-2.2490119934082031
-17.4744186401367188,-37.7098770141601563,-1.5371552705764771
3.7798514366149902,-21.4099502563476563,-2.2500610351562500
16.8006954193115234,-56.3041725158691406,-1.5300976037979126
-20.2213840484619141,-37.8118782043457031,-2.2470650672912598
18.0104160308837891,-25.2776966094970703,-1.5343486070632935
3.7776935100555420,-48.7003517150878906,-2.2486104965209961
-7.2115821838378906,-33.1429100036621094,-2.2443461418151855
10.6209268569946289,-43.0847434997558594,-1.5349086523056030
11.6026220321655273,-14.3710784912109375,-1.5377175807952881
-7.3007583618164063,-26.8018779754638672,-1.5293995141983032
2.9193618297576904,-56.4993171691894531,-1.5369849205017090
12.3530702590942383,-22.8799438476562500,-1.5307817459106445
-1.0212835073471069,-25.2538127899169922,-2.2563383579254150
3.7110707759857178,-12.2842893600463867,-2.2413139343261719
-8.0750427246093750,-23.6986846923828125,-1.5383778810501099
11.8294620513916016,-53.3717308044433594,-2.2412664890289307
17.2016105651855469,-52.4426269531250000,-1.5213249921798706
5.8210844993591309,-25.5678710937500000,-2.2444911003112793
-12.1026515960693359,-21.0278205871582031,-2.2446041107177734
-8.5800352096557617,-13.0616836547851563,-1.5347037315368652
27.7833290100097656,-57.0052375793457031,-1.5361255407333374
20.9134025573730469,-44.3265762329101563,-1.5358396768569946
3.7783679962158203,-43.8883171081542969,-2.2477400302886963
-18.1796569824218750,-37.0043983459472656,-1.5374498367309570
7.7452402114868164,-25.3602428436279297,-2.2460441589355469
-16.1219863891601563,-36.9216957092285156,-2.2447724342346191
-3.7866554260253906,-45.6937294006347656,-2.2595562934875488
6.5141811370849609,-52.0126914978027344,-1.5337727069854736
22.9804382324218750,-36.1790657043457031,-2.2435064315795898
-3.1074399948120117,-53.8791503906250000,-1.5304021835327148
15.4221515655517578,-31.8668518066406250,-1.5268450975418091
-15.9265747070312500,-23.8600997924804688,-1.5385509729385376
-8.5836563110351563,-43.7245445251464844,-2.2434904575347900
-12.6868534088134766,-57.0078887939453125,-1.5310206413269043
-22.4780349731445313,-37.6734161376953125,-1.5378884077072144
-1.0208673477172852,-18.3472366333007813,-1.5342953205108643
2.1384046077728271,-45.3836555480957031,-2.2541520595550537
-26.4265594482421875,-45.1889419555664063,-1.5358108282089233
-8.5844478607177734,-52.1314163208007813,-2.2450006008148193
13.3860263824462891,-31.7773723602294922,-1.5262421369552612
-37.3017311096191406,-54.4975585937500000,-1.5373884439468384
6.6857686042785645,-29.3908462524414063,-2.2516682147979736
-7.1984586715698242,-52.7925872802734375,-1.5327315330505371
-8.5797443389892578,-44.4264373779296875,-1.5354326963424683
-13.3806266784667969,-35.7126693725585938,-1.5339375734329224
-12.0514593124389648,-38.0389366149902344,-2.2486634254455566
5.8778581619262695,-11.9392604827880859,-1.5365195274353027
-1.0216333866119385,-33.8506736755371094,-1.5381019115447998
-7.9105591773986816,-28.1896800994873047,-2.2477941513061523
-13.3786392211914063,-14.6532049179077148,-2.2433660030364990
-5.8185882568359375,-32.4378128051757813,-1.5358387231826782
-6.5283975601196289,-43.1987838745117188,-2.2505822181701660
-10.6149826049804688,-24.6895694732666016,-2.2437992095947266
-29.8160324096679688,-55.5841827392578125,-2.2439639568328857
-12.6989173889160156,-29.1553955078125000,-2.2448372840881348
6.7896642684936523,-9.8899173736572266,-1.5381951332092285
-5.8223977088928223,-51.7459793090820313,-1.5389728546142578
18.1822052001953125,-57.0044593811035156,-2.2445871829986572
-13.3800306320190430,-56.2971572875976563,-1.5363777875900269
4.1088585853576660,-7.3574428558349609,-2.2456369400024414
25.7080211639404297,-54.8819656372070313,-1.5343278646469116
1.0700122117996216,-25.4808292388916016,-1.5343251228332520
-2.5798904895782471,-29.7139034271240234,-1.5289795398712158
10.6213607788085938,-17.7002258300781250,-2.2415285110473633
8.8797273635864258,-8.0123004913330078,-1.5379770994186401
20.2188568115234375,-46.4473228454589844,-1.5345656871795654
-27.0887794494628906,-57.0061111450195313,-2.2465007305145264
-10.6182327270507813,-35.9900856018066406,-2.2453727722167969
-6.5016870498657227,-29.5903511047363281,-2.2482960224151611
-3.0858004093170166,-44.3595771789550781,-1.5318367481231689
-1.9587675333023071,-52.2045898437500000,-1.5303897857666016
11.9426488876342773,-40.2491264343261719,-1.5344612598419189
1.0198249816894531,-51.2449913024902344,-1.5258529186248779
22.9828052520751953,-44.3504562377929688,-2.2468695640563965
25.0180168151855469,-47.0604667663574219,-1.5363031625747681
10.6189470291137695,-25.3303775787353516,-2.2418718338012695
-3.7777917385101318,-42.9598388671875000,-2.2464799880981445
-12.1616373062133789,-35.6326942443847656,-1.5246303081512451
17.4957523345947266,-20.4746475219726563,-2.2477684020996094
-22.2075138092041016,-42.5270652770996094,-1.5387636423110962
-27.7769775390625000,-49.5887298583984375,-1.5312405824661255
12.3391370773315430,-36.6148300170898438,-2.2553913593292236
-8.5810928344726563,-20.6408195495605469,-1.5313374996185303
-16.1237602233886719,-44.5857467651367188,-1.5368864536285400
-2.2683904170989990,-30.7117061614990234,-2.2423846721649170
-15.4200849533081055,-43.8847656250000000,-1.5372477769851685
-16.8177070617675781,-54.8794136047363281,-1.5318146944046021
-10.6215353012084961,-46.7449874877929688,-2.2518956661224365
-20.2148666381835938,-48.4994926452636719,-2.2455410957336426
-13.3807067871093750,-38.0245704650878906,-1.5347577333450317
5.3637280464172363,-9.0770044326782227,-2.2462232112884521
-3.7782142162322998,-49.7006416320800781,-1.5375685691833496
-6.5342836380004883,-14.1494722366333008,-1.5357166528701782
-5.8176350593566895,-49.2735786437988281,-2.2427423000335693
-13.3777685165405273,-19.3023147583007813,-2.2437863349914551
-2.1870551109313965,-38.5493278503417969,-1.5349709987640381
-8.5808591842651367,-57.0075340270996094,-1.5346629619598389
-25.0159854888916016,-57.0055007934570313,-1.5359637737274170
1.0208584070205688,-31.9149646759033203,-1.5301827192306519
26.3993549346923828,-56.3000755310058594,-2.2462220191955566
21.6085071563720703,-42.9154281616210938,-2.2464282512664795
11.2151908874511719,-9.4520902633666992,-2.2415170669555664
-11.3571157455444336,-22.3250198364257813,-1.5267360210418701
-13.3790683746337891,-55.6040573120117188,-2.2462210655212402
7.4948134422302246,-28.2912445068359375,-2.2446260452270508
12.8659858703613281,-13.6694269180297852,-1.5383217334747314
0.2802765965461731,-11.0838642120361328,-2.2456529140472412
12.6819515228271484,-53.1905899047851563,-1.5358350276947021
-8.5831527709960938,-49.3432617187500000,-2.2541472911834717
-22.2978401184082031,-52.0606880187988281,-2.2474868297576904
21.6043090820312500,-54.9085426330566406,-1.5350655317306519
5.8215842247009277,-38.2890853881835938,-1.5305413007736206
15.4209737777709961,-35.7976608276367188,-1.5249416828155518
10.8308429718017578,-49.7265853881835938,-1.5248532295227051
-31.1991844177246094,-56.2928886413574219,-1.5340204238891602
-2.3936350345611572,-3.7938263416290283,-2.2423000335693359
-10.7690954208374023,-47.3944320678710938,-1.5264970064163208
-20.9076271057128906,-57.0080947875976563,-1.5337398052215576
16.5825729370117188,-30.2766056060791016,-1.5384069681167603
-16.7161388397216797,-52.0586166381835938,-1.5363467931747437
-8.6597490310668945,-6.9467458724975586,-1.5389711856842041
-17.4542179107666016,-39.1101150512695313,-1.5342234373092651
17.4776172637939453,-33.8256340026855469,-2.2484328746795654
-6.5061593055725098,-30.3230514526367188,-1.5319232940673828
-11.3478679656982422,-41.4145050048828125,-2.2489969730377197
21.6010856628417969,-39.7677612304687500,-1.5304639339447021
12.6762609481811523,-29.4443149566650391,-2.2441687583923340
11.9778795242309570,-29.4468669891357422,-1.5346344709396362
-16.1315841674804688,-43.8828353881835938,-2.2421607971191406
-21.4318008422851563,-35.9251823425292969,-2.2437596321105957
-3.3164441585540771,-35.0844154357910156,-2.2517676353454590
-17.3805217742919922,-42.4768753051757813,-2.2465722560882568
-30.5070266723632813,-54.8677368164062500,-2.2467362880706787
7.1987519264221191,-52.0019569396972656,-2.2503113746643066
12.8692865371704102,-14.6678771972656250,-1.5381391048431396
3.7802660465240479,-34.8601646423339844,-1.5309933423995972
-7.2026863098144531,-32.4397468566894531,-1.5361020565032959
-7.4703674316406250,-37.4677085876464844,-1.5348106622695923
-12.1948661804199219,-56.5516700744628906,-2.2484509944915771
-7.2084889411926270,-49.2924385070800781,-2.2478406429290771
-11.3771553039550781,-55.6919746398925781,-2.2491316795349121
2.4291532039642334,-57.0022850036621094,-2.2429513931274414
-11.7812490463256836,-33.6208839416503906,-1.5386401414871216
13.3863134384155273,-45.2382431030273438,-2.2452688217163086
-22.9859466552734375,-48.5409469604492188,-2.2439458370208740
-27.7799282073974609,-48.9044342041015625,-2.2461936473846436
1.0174379348754883,-53.9514884948730469,-1.5306762456893921
-1.0209157466888428,-23.9287681579589844,-2.2474107742309570
-0.1116357818245888,-8.8007669448852539,-2.2429497241973877
22.3005294799804688,-44.3228263854980469,-1.5325241088867188
18.1757793426513672,-48.1221237182617188,-1.5360317230224609
-15.4108705520629883,-53.5216140747070313,-1.5335410833358765
-6.5201358795166016,-25.1004638671875000,-1.5337867736816406
20.9148597717285156,-43.6240043640136719,-2.2450387477874756
-3.2835035324096680,-14.4339351654052734,-1.5367053747177124
3.3680453300476074,-6.6950621604919434,-2.2423977851867676
-2.3866384029388428,-10.9866447448730469,-2.2445023059844971
6.5052328109741211,-51.3034629821777344,-2.2454094886779785
6.6576366424560547,-41.0377922058105469,-1.5366187095642090
-11.2686882019042969,-49.4427947998046875,-1.5212569236755371
35.5740852355957031,-54.6052360534667969,-2.2418100833892822
-2.4462211132049561,-4.4957003593444824,-1.5363143682479858
11.9136829376220703,-23.7721443176269531,-1.5370982885360718
-1.7178506851196289,-23.8892593383789063,-1.5366214513778687
6.5397877693176270,-55.3834190368652344,-2.2585778236389160
-25.7389278411865234,-51.3416061401367188,-2.2444279193878174
5.8183946609497070,-17.0679569244384766,-1.5369642972946167
11.3255252838134766,-41.7007637023925781,-2.2434413433074951
-12.1616125106811523,-51.1063232421875000,-1.5293540954589844
11.3211669921875000,-52.4337654113769531,-2.2489602565765381
-2.8689489364624023,-29.1176700592041016,-2.2520804405212402
16.7981910705566406,-55.3077316284179688,-1.5273191928863525
3.8614618778228760,-9.7060966491699219,-1.5361329317092896
11.3251266479492188,-43.0922317504882813,-2.2445588111877441
2.1382374763488770,-51.3795356750488281,-2.2493560314178467
-12.0645456314086914,-42.1025619506835938,-2.2441465854644775
7.0863132476806641,-26.7719078063964844,-1.5326759815216064
-12.3639354705810547,-31.0743064880371094,-2.2433586120605469
-21.6017856597900391,-51.3597946166992188,-2.2464780807495117
13.3801240921020508,-55.6219787597656250,-2.2465486526489258
6.3136405944824219,-35.1683921813964844,-1.5356183052062988
-2.3575506210327148,-6.7632017135620117,-2.2437748908996582
-5.8127312660217285,-31.0276985168457031,-1.5372039079666138
-15.4179496765136719,-41.4837379455566406,-1.5346925258636475
11.2434768676757813,-16.3694629669189453,-1.5384910106658936
20.9119167327880859,-42.2132835388183594,-2.2469184398651123
-17.4871921539306641,-31.9715385437011719,-1.5356491804122925
16.8139514923095703,-37.8549957275390625,-2.2462410926818848
-31.1987133026123047,-54.1519203186035156,-2.2458720207214355
10.6136846542358398,-36.3085250854492188,-2.2488889694213867
-21.3623485565185547,-33.7521629333496094,-1.5386424064636230
18.1792049407958984,-50.4950981140136719,-1.5329931974411011
-25.7259616851806641,-52.7378883361816406,-2.2432689666748047
-3.7840666770935059,-53.1592140197753906,-1.5339481830596924
11.6678028106689453,-37.9138374328613281,-1.5365027189254761
37.3016281127929688,-53.8056640625000000,-1.5385597944259644
-10.6212635040283203,-20.9735088348388672,-2.2500784397125244
22.9806308746337891,-39.7730407714843750,-1.5357780456542969
-1.6696507930755615,-3.8692533969879150,-1.5382847785949707
-20.2154541015625000,-45.7267494201660156,-2.2468106746673584
25.7136554718017578,-47.7725181579589844,-1.5345089435577393
31.8687038421630859,-49.8735466003417969,-1.5381368398666382
-22.9783554077148438,-42.4657287597656250,-2.2437088489532471
-2.2578778266906738,-7.4568958282470703,-1.5373821258544922
-26.4411239624023438,-51.3447151184082031,-1.5348567962646484
15.4189558029174805,-37.1427574157714844,-1.5367882251739502
1.7323923110961914,-31.2199077606201172,-1.5309695005416870
1.8465106487274170,-37.3980865478515625,-1.5355179309844971
-15.4132375717163086,-36.9117965698242188,-1.5373011827468872
16.1554679870605469,-36.4686584472656250,-1.5309082269668579
-20.9129714965820313,-54.1775817871093750,-1.5344157218933105
-13.3798999786376953,-12.9899406433105469,-2.2423367500305176
21.5941352844238281,-40.7722358703613281,-1.5311071872711182
15.4197587966918945,-35.1485290527343750,-2.2579424381256104
21.5990943908691406,-56.2994575500488281,-1.5339682102203369
22.9878749847412109,-47.1463699340820313,-2.2458519935607910
16.1175861358642578,-39.9910430908203125,-2.2446601390838623
-17.4756565093994141,-27.7459259033203125,-1.5344183444976807
1.0198616981506348,-37.9456481933593750,-1.5318545103073120
-22.2834987640380859,-49.2388496398925781,-2.2445876598358154
-12.8900213241577148,-32.5431060791015625,-1.5361185073852539
-18.1791782379150391,-52.0483970642089844,-1.5357480049133301
6.1561441421508789,-9.1181430816650391,-1.5369988679885864
-0.9376859664916992,-6.5795469284057617,-2.2423939704895020
10.6205396652221680,-51.0324630737304688,-1.5336657762527466
13.3820524215698242,-45.9366149902343750,-1.5361478328704834
-9.8604068756103516,-10.1142129898071289,-2.2426753044128418
-20.2153186798095703,-51.3708152770996094,-2.2434825897216797
11.9905328750610352,-52.4777984619140625,-1.5307205915451050
-4.8396496772766113,-8.1166648864746094,-1.5376183986663818
11.2770442962646484,-18.4724445343017578,-1.5340468883514404
12.6928682327270508,-51.7736740112304688,-1.5318729877471924
10.6215991973876953,-38.6445808410644531,-2.2472429275512695
-5.8185925483703613,-19.9717559814453125,-2.2433605194091797
36.2633743286132813,-53.8835487365722656,-2.2411782741546631
-26.3574504852294922,-48.8840408325195313,-2.2454686164855957
-8.5828819274902344,-24.8863754272460938,-1.5330189466476440
-15.4122161865234375,-45.2611503601074219,-1.5291064977645874
17.1408519744873047,-35.5263862609863281,-2.2438380718231201
-2.8373987674713135,-41.9926872253417969,-1.5360885858535767
-11.3205003738403320,-57.0123519897460938,-2.2443490028381348
7.0565252304077148,-41.6101112365722656,-2.2462797164916992
7.9022035598754883,-45.6825256347656250,-2.2467930316925049
26.4856281280517578,-44.8201904296875000,-2.1456353664398193
-2.8671085834503174,-21.0042018890380859,-1.5677385330200195
-22.2708072662353516,-41.7636871337890625,-2.2423632144927979
-12.8824472427368164,-31.5461273193359375,-1.5362935066223145
-2.3933284282684326,-11.7180957794189453,-1.5343192815780640
-12.6609535217285156,-45.2189292907714844,-1.5333571434020996
27.7855014801025391,-54.1741600036621094,-1.5359559059143066
-13.0938777923583984,-15.6104955673217773,-2.2471609115600586
-2.6677925586700439,-23.5918674468994141,-1.5333002805709839
0.7197493910789490,-7.4607105255126953,-1.5351063013076782
16.8292083740234375,-40.6883964538574219,-2.2433485984802246
-2.3254294395446777,-3.0890929698944092,-1.5386799573898315
-1.0191103219985962,-54.4244346618652344,-2.2458033561706543
-7.7239265441894531,-20.1401252746582031,-1.5347207784652710
-12.4515094757080078,-54.5869140625000000,-2.2400076389312744
-35.4467735290527344,-55.7479782104492188,-1.5374903678894043
3.7841365337371826,-24.0337982177734375,-1.5286982059478760
12.3792104721069336,-16.5370731353759766,-1.5366433858871460
3.0093541145324707,-36.2428436279296875,-2.2441380023956299
15.4155473709106445,-52.2544593811035156,-1.5213482379913330
10.6137075424194336,-28.7289218902587891,-2.2479896545410156
2.4564480781555176,-31.8894176483154297,-1.5307135581970215
-13.3783264160156250,-20.0009803771972656,-1.5355718135833740
8.5808696746826172,-37.7654457092285156,-2.2566657066345215
22.2924308776855469,-36.9014053344726563,-2.2467384338378906
16.6714992523193359,-47.4867935180664063,-2.2415583133697510
-25.0198364257812500,-43.7727584838867188,-1.5372221469879150
-3.7815775871276855,-20.3800811767578125,-2.2450668811798096
-15.4187450408935547,-37.6234321594238281,-2.2447688579559326
-21.6127433776855469,-52.0768775939941406,-1.5333409309387207
-13.3837137222290039,-54.3160629272460938,-1.5353808403015137
-25.0130138397216797,-47.9749336242675781,-1.5278285741806030
12.3840427398681641,-18.5253467559814453,-1.5337692499160767
17.1633205413818359,-53.0849266052246094,-2.2564711570739746
27.7804679870605469,-48.5115394592285156,-1.5367146730422974
27.0915660858154297,-51.3460693359375000,-2.2446684837341309
36.5958786010742188,-57.0018463134765625,-1.5372972488403320
3.0229027271270752,-41.2651138305664063,-2.2456018924713135
-1.0213725566864014,-29.5581398010253906,-1.5291398763656616
-18.1878280639648438,-34.7778663635253906,-2.2478950023651123
5.8187718391418457,-49.9082717895507813,-1.5273630619049072
1.0204651355743408,-46.5503921508789063,-1.5293471813201904
-15.4176740646362305,-54.2109298706054688,-2.2464325428009033
-16.0942649841308594,-53.4815902709960938,-2.2460849285125732
1.8836753368377686,-36.7180404663085938,-2.2503793239593506
-11.4514284133911133,-16.0201454162597656,-1.5421191453933716
20.9075527191162109,-57.0089111328125000,-1.5318956375122070
25.7085952758789063,-56.2970848083496094,-1.5341591835021973
-13.3842868804931641,-26.7504844665527344,-1.5330698490142822
5.8205289840698242,-15.8845081329345703,-1.5365889072418213
-13.3807020187377930,-34.7163391113281250,-1.5325924158096313
8.1725149154663086,-8.0361127853393555,-2.2418653964996338
-7.8617739677429199,-56.3269996643066406,-1.5329133272171021
-1.7522169351577759,-28.8806591033935547,-1.5350623130798340
-27.1089382171630859,-44.4658164978027344,-1.5313656330108643
-2.3233704566955566,-40.8581085205078125,-1.5310778617858887
26.4026184082031250,-53.4713516235351563,-2.2460846900939941
-2.3632118701934814,-42.9240722656250000,-2.2423045635223389
-22.9793052673339844,-41.0600242614746094,-2.2436749935150146
16.9885768890380859,-32.6367263793945313,-2.2450065612792969
15.4181823730468750,-50.6202278137207031,-2.2437088489532471
7.4913897514343262,-9.9691104888916016,-2.2421410083770752
-13.3322629928588867,-10.3664054870605469,-1.5388082265853882
7.8583521842956543,-54.9328765869140625,-1.5363774299621582
-1.0181767940521240,-14.6781301498413086,-2.2453937530517578
7.3900995254516602,-39.6442184448242188,-2.2510542869567871
17.4924068450927734,-38.5647659301757813,-2.2476189136505127
2.6305792331695557,-47.1206359863281250,-2.2428698539733887
-1.7482502460479736,-47.9450874328613281,-2.2469017505645752
-7.9826226234436035,-47.7248992919921875,-1.5368204116821289
17.4926223754882813,-19.7258243560791016,-1.5331064462661743
6.8709540367126465,-30.0306301116943359,-1.5268605947494507
-17.4692935943603516,-47.2977676391601563,-2.2491645812988281
18.1811428070068359,-19.7479629516601563,-2.2443790435791016
-1.0210142135620117,-16.6670188903808594,-2.2416679859161377
-3.2997488975524902,-37.7411537170410156,-1.5319997072219849
-2.5279152393341064,-45.1862182617187500,-1.5374364852905273
-2.9233298301696777,-13.3958129882812500,-2.2412233352661133
20.9128742218017578,-45.7374725341796875,-1.5350117683410645
-7.2920346260070801,-45.2231636047363281,-2.2472455501556396
-31.8897609710693359,-54.1514778137207031,-1.5340036153793335
-6.9256739616394043,-16.0792884826660156,-2.2453849315643311
-1.0161321163177490,-34.8335838317871094,-1.5291209220886230
-22.9835872650146484,-57.0055923461914063,-2.2439515590667725
-17.4396915435791016,-41.1390724182128906,-2.2500796318054199
9.0376319885253906,-10.3579654693603516,-2.2403852939605713
8.5329856872558594,-37.1192054748535156,-1.5222495794296265
5.8220577239990234,-54.1703834533691406,-1.5599318742752075
-25.7323646545410156,-46.5961418151855469,-2.2434928417205811
-5.8192963600158691,-52.7443847656250000,-1.5356167554855347
-2.0148544311523438,-14.6217832565307617,-2.2424836158752441
-21.5606098175048828,-40.9418525695800781,-2.2467687129974365
-20.9071083068847656,-56.3011856079101563,-2.2459869384765625
-12.3128204345703125,-20.3791313171386719,-1.5304692983627319
-11.9355106353759766,-12.9917917251586914,-2.2435686588287354
1.7410125732421875,-30.5496902465820313,-2.2514550685882568
12.1295385360717773,-57.0020828247070313,-1.5384966135025024
-12.6130580902099609,-43.1366577148437500,-2.2423195838928223
-27.0854129791259766,-54.1890640258789063,-2.2462360858917236
6.1141166687011719,-8.4199495315551758,-2.2467613220214844
-18.1778125762939453,-41.1374664306640625,-1.5262687206268311
11.8173608779907227,-18.8971767425537109,-2.2542874813079834
32.5837135314941406,-53.4487609863281250,-1.5346326828002930
3.0717129707336426,-28.1477870941162109,-1.5360487699508667
16.9607791900634766,-31.2421970367431641,-2.2430033683776855
3.7809100151062012,-15.6937818527221680,-2.2481269836425781
6.3410940170288086,-38.7619323730468750,-2.2410833835601807
12.6557588577270508,-39.5558204650878906,-1.5316429138183594
26.3964385986328125,-50.6472854614257813,-2.2539844512939453
16.9685230255126953,-21.3211975097656250,-2.2422821521759033
8.5593643188476563,-21.7964115142822266,-1.5305866003036499
9.1066379547119141,-9.6481771469116211,-1.5375981330871582
-2.4381701946258545,-56.2537612915039063,-2.2554385662078857
27.7866706848144531,-54.8869972229003906,-2.2435781955718994
2.6098475456237793,-38.0310287475585938,-1.5313271284103394
-13.3810062408447266,-47.8827667236328125,-2.2491135597229004
-5.8071680068969727,-53.4661827087402344,-2.2424252033233643
-2.1128492355346680,-20.3025588989257813,-1.5295356512069702
-3.7469451427459717,-28.4694557189941406,-2.2445683479309082
15.4214992523193359,-46.3197135925292969,-1.5282068252563477
-3.1484966278076172,-4.4603347778320313,-2.2426319122314453
-11.6467647552490234,-16.9974193572998047,-1.5387325286865234
-8.7470006942749023,-7.9414277076721191,-1.5378980636596680
-20.9601135253906250,-37.1404037475585938,-2.2267873287200928
-1.0155001878738403,-39.1502799987792969,-1.5277127027511597
-26.4323692321777344,-46.5915374755859375,-1.5327697992324829
-16.1185245513916016,-34.8179931640625000,-1.5365940332412720
-13.3785610198974609,-34.0297889709472656,-2.2458586692810059
1.0207574367523193,-51.9123001098632813,-2.2493758201599121
-3.7782690525054932,-33.9011421203613281,-2.2471268177032471
21.5992088317871094,-52.7773666381835938,-2.2473740577697754
-3.0694222450256348,-43.6614685058593750,-2.2446253299713135
-12.4388637542724609,-17.6602916717529297,-1.5381796360015869
-16.8198032379150391,-35.5208702087402344,-1.5360684394836426
-21.5521125793457031,-39.5546951293945313,-2.2428858280181885
30.5129566192626953,-54.8657722473144531,-2.2457010746002197
11.2443428039550781,-17.3679237365722656,-1.5375258922576904
15.4199714660644531,-30.5561275482177734,-1.5287308692932129
1.7493189573287964,-27.5378379821777344,-1.5335302352905273
2.3353915214538574,-12.7882051467895508,-1.5335923433303833
18.1829605102539063,-56.3048286437988281,-1.5359233617782593
-22.2851028442382813,-47.8463935852050781,-2.2470524311065674
7.8442769050598145,-50.5584602355957031,-1.5337201356887817
-3.0476973056793213,-28.4622325897216797,-1.5320091247558594
-30.5284976959228516,-51.2617263793945313,-1.5381493568420410
-15.4191637039184570,-51.5677909851074219,-1.5299769639968872
-17.4763584136962891,-52.7534523010253906,-1.5365021228790283
-1.0200390815734863,-28.2051086425781250,-1.5327332019805908
-10.6194982528686523,-28.1471042633056641,-2.2455875873565674
-22.9869327545166016,-54.8943023681640625,-1.5361827611923218
-7.1351828575134277,-56.3150939941406250,-2.2471933364868164
6.5012850761413574,-28.1938552856445313,-2.2509663105010986
-16.9093494415283203,-49.5555191040039063,-2.2431719303131104
16.2523784637451172,-44.2558364868164063,-1.5362046957015991
22.2876987457275391,-54.1913223266601563,-1.5340688228607178
-1.6673222780227661,-42.9914932250976563,-1.5311763286590576
10.6266946792602539,-21.6823825836181641,-1.5312675237655640
-11.3483295440673828,-40.7382164001464844,-1.5315057039260864
20.2143745422363281,-53.4915885925292969,-1.5367747545242310
15.9110383987426758,-30.0664234161376953,-2.2437615394592285
-29.8169803619384766,-57.0041923522949219,-2.2435908317565918
15.4192638397216797,-39.9865264892578125,-1.5368752479553223
8.5820217132568359,-47.1127204895019531,-1.5362308025360107
-20.7124023437500000,-43.2274551391601563,-2.2448632717132568
-7.8697385787963867,-43.7328910827636719,-1.5345495939254761
2.2147250175476074,-49.3996772766113281,-1.5356047153472900
16.1498947143554688,-26.9279575347900391,-2.2475261688232422
16.1913547515869141,-27.6258277893066406,-1.5381679534912109
27.7815113067626953,-49.2198638916015625,-2.2422792911529541
-0.5374315381050110,-3.0599806308746338,-2.2416706085205078
-3.7807765007019043,-41.6062202453613281,-2.2503662109375000
-25.7041721343994141,-54.8677215576171875,-1.5320554971694946
3.0847795009613037,-4.4033126831054688,-1.5385665893554688
6.6162614822387695,-15.2849483489990234,-1.5377953052520752
1.0199513435363770,-31.2310142517089844,-2.2458062171936035
-8.5805101394653320,-17.7503681182861328,-1.5354038476943970
-3.7792978286743164,-34.5818405151367188,-1.5324701070785522
-5.8161554336547852,-28.8720417022705078,-2.2431566715240479
37.3011322021484375,-52.5522384643554688,-1.5387185811996460
10.6216163635253906,-18.6889991760253906,-2.2492022514343262
-8.5789299011230469,-50.0154762268066406,-1.5320109128952026
8.5780849456787109,-13.0460462570190430,-2.2416367530822754
-3.7654550075531006,-12.5330018997192383,-2.2428731918334961
-11.4016981124877930,-20.2642364501953125,-2.2429959774017334
-11.9566278457641602,-12.2960252761840820,-1.5334054231643677
1.7650085687637329,-42.2948493957519531,-1.5361119508743286
-13.1895227432250977,-47.2280158996582031,-1.5327098369598389
-11.9829397201538086,-45.2627716064453125,-2.2520270347595215
-25.0192146301269531,-49.9579620361328125,-1.5355311632156372
5.8201146125793457,-20.7390537261962891,-1.5331547260284424
2.6518561840057373,-37.3447837829589844,-2.2475912570953369
11.6140298843383789,-34.0527687072753906,-2.2464747428894043
16.1781806945800781,-35.7914466857910156,-2.2484121322631836
16.1385288238525391,-42.0788993835449219,-1.5315351486206055
-3.7818667888641357,-17.6011028289794922,-2.2449297904968262
1.0202201604843140,-24.4884586334228516,-1.5345031023025513
11.3117647171020508,-41.0143165588378906,-1.5278697013854980
-11.1463861465454102,-14.8135099411010742,-2.2494382858276367
20.2160568237304688,-47.1405830383300781,-2.2445333003997803
15.4196128845214844,-40.6962890625000000,-2.2438845634460449
-15.4203834533691406,-40.4021530151367188,-1.5345816612243652
-16.2047500610351563,-50.2789878845214844,-2.2491719722747803
3.7789390087127686,-29.9071178436279297,-1.5367013216018677
-10.6218528747558594,-18.9718494415283203,-1.5302751064300537
10.6167430877685547,-52.4255447387695313,-1.5333931446075439
25.0143527984619141,-53.4715576171875000,-2.2439892292022705
11.0190687179565430,-8.0527620315551758,-2.2411060333251953
-2.1556127071380615,-25.9751949310302734,-2.2437169551849365
25.7075824737548828,-57.0080070495605469,-2.2460000514984131
8.5910997390747070,-52.5992393493652344,-1.5292382240295410
-11.0991744995117188,-28.6490783691406250,-1.5326725244522095
-11.3600425720214844,-52.3685417175292969,-2.2515947818756104
5.8185987472534180,-55.3439750671386719,-1.5356914997100830
-22.1309547424316406,-35.8417091369628906,-1.5360562801361084
7.8761339187622070,-42.8506431579589844,-2.2475590705871582
-7.9006299972534180,-52.1057853698730469,-1.5327398777008057
-12.7042446136474609,-36.5462493896484375,-1.5285818576812744
-1.7658066749572754,-24.5926647186279297,-2.2430510520935059
1.4827047586441040,-15.0475368499755859,-2.2502977848052979
6.5126066207885742,-44.2693099975585938,-2.2444601058959961
-3.2418971061706543,-46.0268516540527344,-1.5292271375656128
-20.2184295654296875,-44.3737220764160156,-2.2531878948211670
-18.1819648742675781,-37.7149810791015625,-2.2422277927398682
-17.5083446502685547,-57.0095672607421875,-1.5383262634277344
12.2274875640869141,-55.1254539489746094,-2.2456195354461670
1.0196939706802368,-43.9449310302734375,-1.5334247350692749
12.6510267257690430,-38.8806838989257813,-2.2529399394989014
-2.6129739284515381,-16.2581882476806641,-1.5386044979095459
-25.7283802032470703,-43.0260658264160156,-1.5380830764770508
11.5305614471435547,-32.8265876770019531,-2.0001549720764160
7.6701827049255371,-15.5589017868041992,-1.5271519422531128
-12.0753679275512695,-34.6222915649414063,-1.5293110609054565
-13.3795709609985352,-44.5274429321289063,-1.5340092182159424
10.6212015151977539,-31.7566661834716797,-2.2461197376251221
13.3783655166625977,-38.1944084167480469,-2.2499289512634277
20.9095363616943359,-45.0290069580078125,-2.2449266910552979
1.0222470760345459,-26.8421440124511719,-1.5317782163619995
11.2328433990478516,-20.0807590484619141,-2.2503018379211426
-2.4454946517944336,-6.0685825347900391,-1.5367351770401001
-11.3290319442749023,-39.3609886169433594,-1.5318356752395630
-7.9995975494384766,-35.1652030944824219,-2.2449893951416016
-11.6853895187377930,-35.1668930053710938,-2.2537355422973633
18.1796684265136719,-33.1234970092773438,-2.2444400787353516
-11.0171194076538086,-17.7640514373779297,-1.5258616209030151
-3.7819571495056152,-57.0055656433105469,-1.5368980169296265
-7.1731052398681641,-50.7319107055664063,-2.2470843791961670
-17.3292388916015625,-41.7985115051269531,-1.5270359516143799
-6.5232973098754883,-14.8422794342041016,-2.2483379840850830
7.8865604400634766,-17.5985565185546875,-2.2426817417144775
16.1716327667236328,-22.5695095062255859,-1.5344262123107910
6.8817234039306641,-28.7488975524902344,-1.5293380022048950
7.2673015594482422,-40.6347846984863281,-2.2465584278106689
13.3827800750732422,-29.4432029724121094,-1.5360980033874512
10.6175947189331055,-42.3976936340332031,-2.2483377456665039
8.5780248641967773,-31.5653915405273438,-2.2504305839538574
-8.5880107879638672,-51.3991470336914063,-1.5345361232757568
-12.7520704269409180,-11.4796867370605469,-1.5366041660308838
12.2016992568969727,-49.0527000427246094,-1.5234092473983765
20.2219085693359375,-35.2020721435546875,-1.5385308265686035
-8.5816879272460938,-48.7054939270019531,-1.5180151462554932
10.6180114746093750,-46.0083694458007813,-1.5326720476150513
-10.6223564147949219,-34.2929611206054688,-1.5382745265960693
-1.0212539434432983,-15.6719741821289063,-2.2434289455413818
18.1778163909912109,-28.7250194549560547,-1.5381392240524292
2.1316170692443848,-48.4056129455566406,-1.5238164663314819
15.4208164215087891,-29.5706310272216797,-1.5317316055297852
-6.5593366622924805,-36.5372390747070313,-2.2460727691650391
-10.6220474243164063,-16.5706653594970703,-1.5290625095367432
-5.8200678825378418,-47.8715019226074219,-2.2488152980804443
-18.1777172088623047,-22.3636875152587891,-1.5386739969253540
6.3100614547729492,-13.1750965118408203,-1.5352134704589844
11.9688186645507813,-40.9397850036621094,-2.2504928112030029
11.3215303421020508,-51.7388458251953125,-1.5347114801406860
-27.7847938537597656,-54.8908805847167969,-2.2442378997802734
-20.2257270812988281,-40.0840263366699219,-2.2377126216888428
6.5328869819641113,-22.8149375915527344,-1.5342440605163574
15.4211959838867188,-22.5602111816406250,-2.2514433860778809
-29.8191814422607422,-52.7116241455078125,-2.2442085742950439
-22.2898902893066406,-56.3018379211425781,-2.2452502250671387
-7.6242971420288086,-16.0909919738769531,-1.5361881256103516
10.6179046630859375,-41.7152290344238281,-1.5343904495239258
-18.1858520507812500,-43.0533142089843750,-2.2597491741180420
-20.2138996124267578,-56.3017692565917969,-1.5361983776092529
8.0883808135986328,-22.9669666290283203,-1.5369739532470703
5.8208289146423340,-32.3118972778320313,-2.2484242916107178
-0.3392935991287231,-7.4659285545349121,-2.2456805706024170
1.0212788581848145,-20.4381275177001953,-2.2456574440002441
-7.8740968704223633,-31.0198268890380859,-2.2446837425231934
16.6402626037597656,-42.5393562316894531,-2.2451877593994141
-2.3337216377258301,-36.5678443908691406,-1.5253640413284302
18.1812038421630859,-46.1102447509765625,-2.2512493133544922
-0.3606928586959839,-10.8440799713134766,-1.5270241498947144
2.3989546298980713,-19.0049076080322266,-2.2505772113800049
-11.8387556076049805,-52.8462066650390625,-1.5306224822998047
6.5244922637939453,-43.5633125305175781,-1.5359481573104858
13.3879337310791016,-30.8001365661621094,-1.5304852724075317
-8.3680934906005859,-14.0283002853393555,-1.5347188711166382
-8.5789575576782227,-34.5333976745605469,-1.5369647741317749
29.8206291198730469,-50.9434509277343750,-1.5366535186767578
-10.8712806701660156,-8.7997512817382813,-1.5385751724243164
5.2412848472595215,-11.1440725326538086,-1.5359933376312256
-1.0178912878036499,-44.4996452331542969,-2.2450098991394043
5.9385957717895508,-11.2310400009155273,-2.2423527240753174
-11.3543319702148438,-11.5031089782714844,-1.5359039306640625
26.3877449035644531,-49.2203178405761719,-2.2466337680816650
-7.5957903861999512,-46.1565170288085938,-2.2469229698181152
0.7788951992988586,-2.5488588809967041,-2.2413172721862793
-22.9776420593261719,-32.9943237304687500,-2.2415721416473389
-3.7818169593811035,-43.6544227600097656,-1.5367710590362549
10.9386434555053711,-8.8022317886352539,-1.5350173711776733
27.7813014984130859,-47.0533447265625000,-1.5352162122726440
-13.3844146728515625,-36.6616325378417969,-2.2429785728454590
-22.2913131713867188,-40.9457054138183594,-1.5357023477554321
0.1402943730354309,-2.8564844131469727,-1.5381779670715332
3.2827749252319336,-26.2893619537353516,-1.5367798805236816
10.6175184249877930,-27.3051223754882813,-2.2452569007873535
-4.9171037673950195,-10.3911724090576172,-2.2412824630737305
5.8172788619995117,-20.0575504302978516,-2.2510027885437012
-15.4122133255004883,-31.2640724182128906,-1.5352841615676880
-1.6195861101150513,-3.1629757881164551,-2.2416596412658691
36.6005859375000000,-55.2299804687500000,-2.2435119152069092
4.6683211326599121,-9.0277814865112305,-1.5334320068359375
-29.8195323944091797,-51.9934501647949219,-1.5369000434875488
-27.7783355712890625,-50.9174880981445313,-1.5238844156265259
-3.7852404117584229,-37.2525024414062500,-2.2462115287780762
10.6223764419555664,-13.0833377838134766,-1.5445259809494019
-3.8213465213775635,-5.4296946525573730,-2.2452304363250732
6.8781599998474121,-40.0765953063964844,-1.5266517400741577
-11.3278665542602539,-31.8143081665039063,-1.5380513668060303
8.1660432815551758,-26.9573211669921875,-1.5330971479415894
12.6773424148559570,-45.9326515197753906,-2.2444400787353516
21.5974292755126953,-39.0747833251953125,-2.2486510276794434
-16.7755126953125000,-37.7111968994140625,-2.2470896244049072
25.7025318145751953,-52.0493354797363281,-1.5342541933059692
3.7820966243743896,-13.3480987548828125,-2.2533574104309082
-13.3794651031494141,-57.0016326904296875,-2.2432909011840820
-12.6298666000366211,-51.6028442382812500,-2.2473986148834229
-6.5339708328247070,-34.5446128845214844,-1.5346548557281494
-5.8187656402587891,-20.6894378662109375,-1.5353143215179443
6.0154900550842285,-10.5194072723388672,-1.5369336605072021
-2.9918355941772461,-16.8545303344726563,-2.2438907623291016
-1.0117090940475464,-40.8158683776855469,-2.2576708793640137
-5.8189077377319336,-28.1666584014892578,-1.5365490913391113
-16.1013679504394531,-30.5528163909912109,-1.5330392122268677
-12.4786777496337891,-46.2763290405273438,-1.5310989618301392
-8.5783386230468750,-19.2725486755371094,-1.5378204584121704
-15.4188089370727539,-50.2709007263183594,-1.5250097513198853
-17.0490856170654297,-22.8216762542724609,-1.5380890369415283
22.2928848266601563,-42.8999595642089844,-1.5327668190002441
-18.1823940277099609,-46.6075477600097656,-2.2447719573974609
12.1814594268798828,-33.6781959533691406,-1.5273946523666382
-13.3787231445312500,-24.2417755126953125,-1.5367877483367920
-8.0511121749877930,-45.6153106689453125,-1.5399971008300781
-8.5316085815429688,-11.6810474395751953,-1.5358021259307861
-0.2655067741870880,-3.8794693946838379,-1.5385434627532959
17.1820640563964844,-36.2271194458007813,-1.5380344390869141
-27.7897815704345703,-53.5102119445800781,-2.2486305236816406
-0.7501439452171326,-5.8963541984558105,-1.5387945175170898
31.0918617248535156,-50.5967254638671875,-1.5386458635330200
10.6219806671142578,-22.3652572631835938,-2.2448596954345703
-11.3553323745727539,-42.7858200073242188,-2.2463386058807373
-15.4197254180908203,-46.6029624938964844,-1.5269364118576050
8.5795049667358398,-51.9261436462402344,-2.2489495277404785
-1.4937694072723389,-27.7000007629394531,-2.2464051246643066
-5.8177485466003418,-54.8566360473632813,-2.2536315917968750
-1.0219070911407471,-30.2251415252685547,-2.2516117095947266
17.4879894256591797,-56.2949600219726563,-2.2455747127532959
-6.5215029716491699,-48.5729141235351563,-2.2443742752075195
-6.5190100669860840,-28.1695346832275391,-2.2442064285278320
-27.1231880187988281,-45.1686744689941406,-2.2453832626342773
26.4056472778320313,-47.7804222106933594,-2.2455072402954102
-3.6870822906494141,-23.0955028533935547,-1.5384027957916260
-17.6827507019042969,-25.8381900787353516,-1.5362137556076050
-8.5817480087280273,-41.3385772705078125,-2.2425823211669922
-7.0446290969848633,-46.6852149963378906,-1.5385811328887939
-3.3880631923675537,-50.2780494689941406,-2.2494947910308838
-18.1811943054199219,-47.9980697631835938,-2.2426123619079590
-25.5958805084228516,-49.5525131225585938,-2.2417261600494385
15.4242744445800781,-23.9124240875244141,-2.2438118457794189
30.5062751770019531,-57.0070381164550781,-1.5331418514251709
-3.7347218990325928,-30.9248619079589844,-2.2427616119384766
-12.4686555862426758,-19.7255077362060547,-2.2522845268249512
16.1727905273437500,-46.3366432189941406,-2.2461910247802734
-22.2137012481689453,-35.1465377807617188,-2.2437393665313721
17.2768707275390625,-22.7593860626220703,-2.2418074607849121
5.8163614273071289,-31.2813606262207031,-2.2494115829467773
6.3882279396057129,-19.7091159820556641,-1.5319966077804565
8.5793066024780273,-21.1225681304931641,-2.2510399818420410
-5.8210163116455078,-15.5506296157836914,-2.2448148727416992
8.5738458633422852,-24.1364612579345703,-1.5292967557907104
13.3800268173217773,-53.9015426635742188,-1.5359122753143311
-17.5010032653808594,-56.3047485351562500,-2.2468152046203613
20.2171020507812500,-51.3550376892089844,-2.2465744018554688
15.4150218963623047,-56.0144081115722656,-2.2436106204986572
-16.7903137207031250,-53.4732780456542969,-1.5351150035858154
2.1936440467834473,-44.0676498413085938,-2.2452638149261475
7.0829501152038574,-16.9205570220947266,-2.2466337680816650
13.3837375640869141,-53.1732101440429688,-2.2441737651824951
11.2564401626586914,-39.3317794799804688,-1.5381268262863159
-5.8397197723388672,-38.8982582092285156,-1.5331091880798340
21.5845794677734375,-35.4733886718750000,-1.5361624956130981
7.8898057937622070,-46.4023437500000000,-1.5348865985870361
16.6512889862060547,-51.0393791198730469,-2.2506484985351563
-20.9061832427978516,-54.8886222839355469,-2.2455832958221436
16.3135414123535156,-48.8228073120117188,-2.2412569522857666
-3.7788598537445068,-52.4739227294921875,-2.2454884052276611
-7.9985713958740234,-26.8259925842285156,-2.2423617839813232
-3.7776265144348145,-39.2405509948730469,-2.2455039024353027
6.5502519607543945,-23.5060310363769531,-2.2458882331848145
-36.5441093444824219,58.3429946899414063,-2.3999998569488525
1.7259694337844849,-57.0125465393066406,-1.5371295213699341
-8.5809926986694336,-30.3187370300292969,-2.2436568737030029
25.7085304260253906,-48.4950752258300781,-2.2454099655151367
-15.4198856353759766,-26.0553302764892578,-1.5376896858215332
-11.7996768951416016,-49.8267555236816406,-2.2491807937622070
1.7068361043930054,-48.9162063598632813,-2.2498638629913330
6.5610485076904297,-20.7222881317138672,-2.2436776161193848
6.5409965515136719,-24.1980190277099609,-1.5337281227111816
-2.2453124523162842,-37.5587501525878906,-1.5327492952346802
1.7522250413894653,-32.5956230163574219,-1.5372353792190552
1.9256920814514160,-9.7565212249755859,-2.2422914505004883
3.1451673507690430,-54.6869926452636719,-1.5338563919067383
18.1777648925781250,-32.4319725036621094,-1.5353561639785767
3.6868305206298828,-55.6258621215820313,-1.5356150865554810
17.6869487762451172,-31.9279632568359375,-2.2432341575622559
-16.8224716186523438,-34.8184852600097656,-2.2442395687103271
12.4574680328369141,-33.0868263244628906,-2.2522168159484863
-21.2149715423583984,-33.0587921142578125,-2.2413699626922607
20.2142200469970703,-54.8881492614746094,-1.5340806245803833
6.9712338447570801,-39.0887489318847656,-1.5383603572845459
13.3780002593994141,-15.1774730682373047,-2.2303473949432373
17.4251747131347656,-44.4769554138183594,-2.2426304817199707
11.2418489456176758,-13.7676458358764648,-2.2447888851165771
-6.9824042320251465,-21.1520233154296875,-1.5318723917007446
12.6450996398925781,-35.1707534790039063,-2.2457020282745361
6.8007330894470215,-38.1127471923828125,-1.5345293283462524
-13.3783817291259766,-29.3339462280273438,-1.5378745794296265
31.2123069763183594,-53.4502906799316406,-1.5346571207046509
1.0218706130981445,-38.6217575073242188,-2.2497758865356445
-11.8296833038330078,-55.1906089782714844,-1.5286380052566528
16.8377075195312500,-41.3874359130859375,-1.5355517864227295
-2.0194780826568604,-33.8552169799804688,-1.5366332530975342
8.5813798904418945,-57.0066223144531250,-1.5375620126724243
11.7959642410278320,-16.9273548126220703,-2.2427234649658203
-17.3391475677490234,-48.5198593139648438,-2.2601139545440674
25.0156135559082031,-48.4815521240234375,-1.5361387729644775
13.3822851181030273,-39.5555076599121094,-2.2470064163208008
-9.4789972305297852,-9.1922254562377930,-2.2442626953125000
-1.7474564313888550,-30.2424755096435547,-1.5365971326828003
-5.8150382041931152,-35.8808250427246094,-2.2572462558746338
-25.7065258026123047,-57.0079803466796875,-2.2465262413024902
25.0126628875732422,-52.0612945556640625,-2.2445755004882813
2.5839519500732422,-16.3719120025634766,-2.2422461509704590
-20.9051971435546875,-55.5927352905273438,-1.5341240167617798
-5.8179893493652344,-18.6309261322021484,-2.2557337284088135
8.5846824645996094,-48.4986801147460938,-1.5335155725479126
-25.4727802276611328,-48.4488449096679688,-2.2507820129394531
-6.7780647277832031,-7.5305504798889160,-2.2411031723022461
7.0077729225158691,-34.2859077453613281,-2.2413408756256104
10.6217947006225586,-16.7100448608398438,-2.2413089275360107
-26.3889293670654297,-54.8840026855468750,-2.2460944652557373
-15.4220037460327148,-49.6061630249023438,-2.2499952316284180
1.7212461233139038,-28.2298297882080078,-2.2435076236724854
31.2034835815429688,-54.8768844604492188,-1.5346146821975708
-15.8059520721435547,-38.8586921691894531,-2.2525370121002197
-1.7722159624099731,-9.4424295425415039,-1.5386358499526978
7.0297222137451172,-25.3773822784423828,-1.5353250503540039
-11.3506231307983398,-40.0510520935058594,-2.2467944622039795
2.9130492210388184,-31.3648414611816406,-2.2438752651214600
22.9812736511230469,-40.7701988220214844,-1.5369007587432861
7.3592019081115723,-7.4571204185485840,-2.2407603263854980
25.0198535919189453,-46.3341674804687500,-2.2439088821411133
18.1887912750244141,-39.2561759948730469,-2.2443253993988037
-22.1777763366699219,-33.7656745910644531,-2.2420122623443604
0.7346860766410828,-4.1272754669189453,-1.5380370616912842
-26.4178047180175781,-44.4634552001953125,-2.2447602748870850
27.0898399353027344,-52.0439376831054688,-1.5336946249008179
-4.7860875129699707,-8.9506177902221680,-2.2448840141296387
7.4163436889648438,-10.6720056533813477,-1.5378959178924561
-17.4732494354248047,-52.0540084838867188,-2.2441511154174805
3.7659783363342285,-45.7833976745605469,-1.5145629644393921
-11.7816495895385742,-15.0816679000854492,-1.5356682538986206
-12.8582801818847656,-21.6746826171875000,-2.2448461055755615
16.8054313659667969,-38.5521240234375000,-1.5337640047073364
-8.5151586532592773,-26.2375869750976563,-1.5358484983444214
-5.8160753250122070,-41.2237129211425781,-1.5261216163635254
13.3821649551391602,-21.1410942077636719,-2.2494282722473145
27.0945606231689453,-47.0580329895019531,-2.2475323677062988
7.9643487930297852,-53.3574256896972656,-1.5282053947448730
7.9169058799743652,-40.2665328979492188,-1.5385111570358276
-7.8820290565490723,-15.4404830932617188,-2.2441971302032471
-1.7355742454528809,-45.8823547363281250,-1.5338920354843140
-3.7824738025665283,-56.3039894104003906,-2.2445538043975830
-10.6863975524902344,-55.6596069335937500,-1.5322142839431763
-11.2922554016113281,-13.2770586013793945,-1.5368641614913940
12.1291599273681641,-20.5120582580566406,-2.2425901889801025
-15.4220914840698242,-45.9315414428710938,-2.2506384849548340
9.5573701858520508,-7.2630538940429688,-1.5387649536132813
13.3820724487304688,-30.1325836181640625,-2.2503449916839600
27.7795410156250000,-45.6085128784179688,-1.5366014242172241
-1.0099995136260986,-36.4742546081542969,-2.2438035011291504
18.1783103942871094,-26.6583881378173828,-1.5375394821166992
13.3781538009643555,-16.5369415283203125,-1.5381220579147339
-2.0188336372375488,-16.6430835723876953,-2.2429244518280029
1.9241522550582886,-7.4089813232421875,-1.5376895666122437
-13.3792409896850586,-26.0666408538818359,-2.2477240562438965
21.6028842926025391,-50.6648406982421875,-1.5340034961700439
-16.9627838134765625,-22.1181888580322266,-2.2412211894989014
16.1798667907714844,-31.8628845214843750,-2.2513587474822998
-3.1867434978485107,-5.1624202728271484,-1.5333740711212158
-3.7789955139160156,-14.9173126220703125,-2.2493193149566650
-21.6011524200439453,-54.8890037536621094,-1.5346566438674927
-13.3801670074462891,-39.0180435180664063,-1.5281580686569214
8.5783014297485352,-50.5643997192382813,-2.2499966621398926
-11.3112325668334961,-23.9811134338378906,-2.2437820434570313
-1.9473917484283447,-39.5096397399902344,-1.5301755666732788
15.5992345809936523,-18.1785392761230469,-2.2411856651306152
22.2818355560302734,-35.4651451110839844,-2.2447941303253174
-1.0165991783142090,-53.4460220336914063,-2.2477266788482666
-5.8165736198425293,-30.3111839294433594,-2.2437965869903564
8.5816335678100586,-42.1542320251464844,-2.2498838901519775
-2.7940227985382080,-51.3323783874511719,-2.2437822818756104
-18.1838035583496094,-45.2282905578613281,-2.2497377395629883
-5.5506129264831543,-7.1559357643127441,-1.5383104085922241
-1.0208749771118164,-43.8002166748046875,-1.5355381965637207
-22.9855365753173828,-56.3034973144531250,-1.5358662605285645
-27.0731296539306641,-47.5002593994140625,-1.5368652343750000
11.2302408218383789,-53.7497711181640625,-1.5380735397338867
22.9854965209960938,-49.9627113342285156,-2.2447829246520996
2.1529798507690430,-22.6964950561523438,-2.2418522834777832
7.2630271911621094,-15.0283670425415039,-2.2497227191925049
26.3999309539794922,-55.5899772644042969,-1.5347346067428589
-35.8876380920410156,-57.0021476745605469,-1.5375313758850098
-31.8911437988281250,-57.0053024291992188,-1.5335657596588135
16.1607627868652344,-33.8635101318359375,-1.5332554578781128
-7.2857050895690918,-26.1275653839111328,-2.2481479644775391
-7.4916424751281738,-7.4867100715637207,-1.5385634899139404
-5.8184652328491211,-29.5987319946289063,-1.5351145267486572
-10.6200819015502930,-40.7363471984863281,-2.2484083175659180
6.8627119064331055,-16.2528572082519531,-1.5385150909423828
-29.8176231384277344,-53.4313926696777344,-1.5359750986099243
-15.4152727127075195,-48.2501945495605469,-2.2502765655517578
3.1103012561798096,-18.3123073577880859,-2.2476592063903809
-18.1798057556152344,-53.4607124328613281,-1.5365184545516968
-16.7121391296386719,-40.4659309387207031,-2.2464356422424316
6.6406483650207520,-11.2990341186523438,-1.5372468233108521
-2.4372706413269043,-46.5829010009765625,-1.5329877138137817
5.8168945312500000,-28.9112491607666016,-2.2443370819091797
-1.0200799703598022,-22.9401283264160156,-2.2428286075592041
-10.6177568435668945,-36.9825057983398438,-2.2431311607360840
1.0223113298416138,-45.8702583312988281,-2.2475862503051758
16.2043571472167969,-48.0170974731445313,-1.5367468595504761
-3.7783007621765137,-47.5670547485351563,-2.2437047958374023
16.1089096069335938,-19.7465248107910156,-1.5341362953186035
10.6203145980834961,-54.0819625854492188,-2.2546961307525635
-8.4554300308227539,-19.9655780792236328,-2.2447991371154785
10.6188611984252930,-34.1019096374511719,-2.2445724010467529
-3.1880371570587158,-9.8664741516113281,-1.5387455224990845
9.7446279525756836,-11.0594816207885742,-2.2437655925750732
10.6167707443237305,-33.1103401184082031,-2.2498757839202881
-1.9708601236343384,-55.7937049865722656,-1.5265573263168335
15.4177398681640625,-42.0686950683593750,-2.2514669895172119
25.7034225463867188,-49.1949844360351563,-1.5319026708602905
29.8172721862792969,-54.1580314636230469,-2.2431659698486328
-22.8822994232177734,-33.6951065063476563,-1.5376918315887451
-12.9052000045776367,-37.5295677185058594,-2.2460532188415527
-22.2720127105712891,-43.8665618896484375,-1.5379987955093384
3.3260498046875000,-12.8697786331176758,-1.5305891036987305
10.6166267395019531,-54.7179069519042969,-1.5275166034698486
-20.2132740020751953,-55.5962982177734375,-2.2439229488372803
-3.3131520748138428,-40.4296989440917969,-2.2509579658508301
3.0191652774810791,-48.0323104858398438,-2.2460415363311768
20.5536594390869141,-39.9537544250488281,-1.5313152074813843
-5.8176717758178711,-43.8926277160644531,-2.2432153224945068
11.3732061386108398,-56.3509521484375000,-1.5263375043869019
31.1961174011230469,-56.2975425720214844,-1.5340486764907837
-16.7915897369384766,-31.2650547027587891,-1.5351858139038086
2.3738887310028076,-12.0852918624877930,-2.2413122653961182
-8.5804719924926758,-45.1195030212402344,-2.2437644004821777
5.8192620277404785,-53.4333572387695313,-2.2418887615203857
-20.9160652160644531,-47.7927780151367188,-2.2463874816894531
6.5452151298522949,-24.8852119445800781,-2.2466261386871338
1.0224812030792236,-32.5866317749023438,-2.2502746582031250
2.7940561771392822,-24.1569366455078125,-1.5375360250473022
-15.8645715713500977,-47.7580223083496094,-1.5257043838500977
2.1487228870391846,-15.2362890243530273,-1.5358694791793823
-7.8753676414489746,-42.3252487182617188,-1.5384721755981445
-22.9843482971191406,-49.2411384582519531,-1.5358316898345947
17.4414196014404297,-43.7739257812500000,-1.5358171463012695
8.5782670974731445,-19.4621124267578125,-1.5456559658050537
17.0710849761962891,-53.7334060668945313,-1.5294361114501953
17.4948501586914063,-54.6115951538085938,-1.5339815616607666
1.0243686437606812,-29.1986160278320313,-1.5311889648437500
22.2861099243164063,-42.1890983581542969,-2.2448477745056152
-11.4223546981811523,-48.7985458374023438,-2.2540171146392822
8.5822954177856445,-49.8867187500000000,-1.5326145887374878
-7.4370508193969727,-6.7798027992248535,-2.2412722110748291
22.9876117706298828,-46.4455032348632813,-1.5364558696746826
1.0213123559951782,-26.1625518798828125,-2.2493407726287842
1.0182108879089355,-17.5827026367187500,-2.2430279254913330
-30.5137329101562500,-51.9929275512695313,-2.2459826469421387
6.8152041435241699,-49.2161903381347656,-2.2413289546966553
-3.3496398925781250,-21.8773498535156250,-1.5240921974182129
11.3300409317016602,-43.7821350097656250,-1.5346108675003052
-20.2145195007324219,-54.8826904296875000,-1.5357611179351807
16.1838893890380859,-45.6448287963867188,-1.5344960689544678
16.9787578582763672,-23.3987216949462891,-1.5364810228347778
12.6722984313964844,-46.6306076049804688,-1.5379362106323242
1.1021975278854370,-10.5161190032958984,-2.2457184791564941
-5.8214592933654785,-39.5689659118652344,-2.2523944377899170
-7.1260571479797363,-57.0041999816894531,-1.5356043577194214
1.9470428228378296,-47.2730674743652344,-1.5348527431488037
1.5702471733093262,-11.3954238891601563,-2.2447416782379150
1.7718397378921509,-13.1963472366333008,-2.2428596019744873
-6.1130075454711914,-8.6449432373046875,-2.2451229095458984
-22.9853267669677734,-46.5307884216308594,-1.5181137323379517
8.5810966491699219,-43.5509223937988281,-2.2438695430755615
22.9810771942138672,-54.9070968627929688,-1.5352578163146973
-16.0976028442382813,-31.2635288238525391,-2.2467093467712402
1.0214289426803589,-41.6216888427734375,-1.5299121141433716
-2.7053740024566650,-22.0383472442626953,-2.2507810592651367
31.8785247802734375,-50.5787544250488281,-2.2432887554168701
-1.7355145215988159,-22.2533512115478516,-2.2422416210174561
15.4206657409667969,-46.9916954040527344,-2.2460367679595947
-13.3819036483764648,-39.6822280883789063,-2.2529757022857666
-20.9121799468994141,-52.7752037048339844,-1.5354721546173096
-8.5778112411499023,-23.1992244720458984,-2.2424228191375732
8.5815315246582031,-40.0215415954589844,-2.2415325641632080
10.6194219589233398,-23.3550796508789063,-2.2446038722991943
-17.4650878906250000,-50.6589355468750000,-2.2450325489044189
-1.7698541879653931,-26.5595645904541016,-1.5356570482254028
-22.9839782714843750,-50.6451148986816406,-1.5361676216125488
22.2945613861083984,-51.3717346191406250,-1.5352122783660889
2.6288406848907471,-29.3584175109863281,-1.5331395864486694
-7.4811515808105469,-38.1983528137207031,-2.2447171211242676
-10.6215534210205078,-52.3605804443359375,-1.5266785621643066
-13.3794374465942383,-43.1467094421386719,-1.5322189331054688
-13.3792314529418945,-31.0445442199707031,-2.2431249618530273
20.9060077667236328,-48.5552139282226563,-1.5344985723495483
3.1438760757446289,-10.5590772628784180,-1.5339850187301636
12.8178501129150391,-22.3713893890380859,-2.2468833923339844
11.3386030197143555,-31.7521839141845703,-1.5347074270248413
-3.0958254337310791,-56.2915954589843750,-1.5293685197830200
-1.0222779512405396,-39.8262405395507813,-2.2451655864715576
-34.6228294372558594,-55.6091804504394531,-2.2433147430419922
-2.3662292957305908,-48.2735290527343750,-1.5379400253295898
-6.4994087219238281,-53.4742851257324219,-1.5308644771575928
-11.0931301116943359,-27.6524906158447266,-1.5309256315231323
22.2870559692382813,-41.4821815490722656,-1.5359748601913452
-27.0931320190429688,-43.6981315612792969,-2.2472441196441650
3.7788903713226318,-39.8988952636718750,-1.5305908918380737
-31.8899631500244141,-55.5797882080078125,-1.5340771675109863
5.8243336677551270,-21.4287528991699219,-2.2464838027954102
-22.9818534851074219,-40.2375183105468750,-1.5366282463073730
10.6126222610473633,-19.3608455657958984,-1.5338310003280640
-3.7704336643218994,-13.9246664047241211,-2.2440199851989746
3.2773208618164063,-11.2442092895507813,-2.2440595626831055
-20.2145690917968750,-52.0736083984375000,-1.5362974405288696
16.1457538604736328,-49.9505653381347656,-2.2528965473175049
-8.5317907333374023,-12.3792734146118164,-2.2472496032714844
20.9182319641113281,-54.1883659362792969,-1.5336894989013672
12.0262193679809570,-42.3988380432128906,-2.2495739459991455
-6.3979020118713379,-40.6683540344238281,-2.2410118579864502
37.7758483886718750,59.2082672119140625,-1.8260581493377686
22.9859542846679688,-53.4900245666503906,-1.5367604494094849
-32.5836563110351563,-55.5807533264160156,-2.2432603836059570
22.9817638397216797,-49.2654190063476563,-1.5355279445648193
5.8205995559692383,-52.7292366027832031,-1.5367233753204346
22.3030223846435547,-43.6237030029296875,-2.2464375495910645
7.1635236740112305,-48.5093345642089844,-1.5377099514007568
-16.8104000091552734,-27.5799064636230469,-2.2487699985504150
13.3784923553466797,-40.2445602416992188,-1.5339207649230957
9.5877790451049805,-8.7765779495239258,-1.5320142507553101
18.1790904998779297,-23.1869201660156250,-2.2425405979156494
-18.1887302398681641,-56.2951507568359375,-1.5348869562149048
20.2134399414062500,-56.3095359802246094,-1.5344281196594238
13.3810691833496094,-26.3189945220947266,-2.2444682121276855
-20.2156333923339844,-46.4204750061035156,-1.5359033346176147
3.7784066200256348,-47.3861427307128906,-2.2535862922668457
22.2863788604736328,-53.4913902282714844,-2.2442631721496582
-16.9959259033203125,-45.4246292114257813,-1.5307291746139526
-13.3659715652465820,-52.2887763977050781,-2.2493290901184082
-20.2223701477050781,-36.4181060791015625,-2.2429699897766113
20.2163410186767578,-43.6213455200195313,-1.5363360643386841
-12.1576128005981445,-21.7302207946777344,-1.5378862619400024
15.4127969741821289,-42.7350540161132813,-1.5309780836105347
2.8280496597290039,-15.4039363861083984,-2.2425789833068848
8.5782308578491211,-56.3077735900878906,-2.2449455261230469
11.7102937698364258,-26.4460926055908203,-1.5252906084060669
6.5175991058349609,-45.6682128906250000,-2.2452201843261719
7.7380838394165039,-34.9660644531250000,-2.2481048107147217
-7.2506971359252930,-38.8562850952148438,-1.5346788167953491
-20.8955612182617188,-48.5220909118652344,-1.5314737558364868
2.4236781597137451,-17.5990009307861328,-2.2428627014160156
-16.1160964965820313,-29.8289508819580078,-2.2464694976806641
5.8197731971740723,-29.9011096954345703,-2.2436010837554932
17.5357513427734375,-40.6910743713378906,-1.5369769334793091
-13.3788204193115234,-52.9670066833496094,-1.5299695730209351
-20.2177944183349609,-47.7944641113281250,-1.5374547243118286
16.7091464996337891,-18.2557868957519531,-2.2412178516387939
17.3150367736816406,-25.2639427185058594,-2.2460222244262695
-32.5785064697265625,-51.2724304199218750,-2.2418103218078613
17.0020465850830078,-33.3290367126464844,-1.5339384078979492
32.5798759460449219,-51.2891731262207031,-2.2425656318664551
26.3977394104003906,-52.0547256469726563,-2.2451384067535400
2.6107735633850098,-22.1608390808105469,-1.5357657670974731
-26.4076232910156250,-43.7572669982910156,-1.5337080955505371
-16.6596336364746094,-41.7893218994140625,-2.2528409957885742
15.8162488937377930,-52.7363395690917969,-2.2641398906707764
17.3057804107666016,-24.5694446563720703,-1.5349228382110596
-21.5829219818115234,-41.6300468444824219,-1.5350474119186401
-10.6204576492309570,-37.9734039306640625,-2.2438638210296631
-8.5817146301269531,-35.5291175842285156,-1.5332630872726440
-1.0195821523666382,-21.5590858459472656,-2.2476832866668701
-26.1331405639648438,-48.2156639099121094,-1.5386737585067749
-20.9145050048828125,-53.4770126342773438,-2.2441885471343994
-30.5092372894287109,-56.2949028015136719,-2.2462930679321289
-6.2345113754272461,-16.1019439697265625,-1.5308471918106079
-11.1653375625610352,-35.5897216796875000,-1.5301511287689209
13.3813543319702148,-49.6159706115722656,-1.5350674390792847
17.6891651153564453,-28.2130165100097656,-2.2420320510864258
1.7103500366210938,-47.9182777404785156,-2.2536375522613525
-10.6189279556274414,-30.4540176391601563,-2.2517685890197754
8.5845031738281250,-42.8444404602050781,-1.5376501083374023
-32.5827293395996094,-57.0030059814453125,-2.2438805103302002
-10.4025287628173828,-8.2696132659912109,-2.2416915893554688
26.3819427490234375,-45.6055831909179688,-1.5371960401535034
-1.7128289937973022,-19.0605888366699219,-1.5302922725677490
1.0191528797149658,-50.5888519287109375,-2.2519717216491699
-36.5949897766113281,-56.2972183227539063,-1.5372254848480225
11.5452127456665039,-55.0556106567382813,-1.5278323888778687
17.4863319396972656,-55.3026428222656250,-2.2462189197540283
3.7854609489440918,-49.3743438720703125,-1.5263494253158569
-2.4135255813598633,-53.1691360473632813,-1.5308735370635986
20.9201736450195313,-37.6394195556640625,-1.5345212221145630
7.8805031776428223,-47.1088638305664063,-2.2444696426391602
6.9495458602905273,-31.7828273773193359,-2.2456874847412109
1.8521062135696411,-40.4001083374023438,-2.2490875720977783
34.6215972900390625,-57.0030517578125000,-1.5361993312835693
11.5806894302368164,-49.3020019531250000,-2.2482490539550781
7.7788491249084473,-33.5953521728515625,-2.2476589679718018
31.8878421783447266,-56.2982177734375000,-2.2451045513153076
-6.5124740600585938,-33.1485099792480469,-1.5348057746887207
-5.8210191726684570,-12.7436161041259766,-2.2422134876251221
20.2150974273681641,-50.6650924682617188,-1.5334169864654541
2.6307127475738525,-9.7031068801879883,-1.5383623838424683
7.1523618698120117,-36.1366882324218750,-2.2462146282196045
-20.2158603668212891,-42.7306251525878906,-1.5382333993911743
25.7099571228027344,-53.4685325622558594,-1.5348157882690430
-20.2145614624023438,-50.6661376953125000,-1.5359838008880615
-3.0672724246978760,-42.9607582092285156,-1.5370346307754517
16.8059711456298828,-39.2782402038574219,-2.2463443279266357
17.4809074401855469,-48.1182632446289063,-2.2536160945892334
-6.8088512420654297,-55.0848464965820313,-2.2509129047393799
-17.4890155792236328,-31.2645282745361328,-2.2443189620971680
7.2206015586853027,-43.5863609313964844,-2.2508878707885742
2.7894940376281738,-13.9967622756958008,-1.5326590538024902
-15.9955101013183594,-52.1276893615722656,-2.2412152290344238
-1.4070105552673340,-21.0014858245849609,-1.5306284427642822
-12.6625337600708008,-43.8378944396972656,-1.5352385044097900
-27.7818851470947266,-47.5024642944335938,-2.2420973777770996
22.9834976196289063,-52.0854988098144531,-1.5357985496520996
-27.7798461914062500,-45.3873710632324219,-1.5351710319519043
-27.7796077728271484,-50.2637825012207031,-2.2531661987304688
-21.6663894653320313,-44.3455772399902344,-2.2413046360015869
20.2175788879394531,-49.9739799499511719,-2.2460045814514160
20.2140884399414063,-41.5181503295898438,-2.2470245361328125
15.4211959838867188,-33.1969413757324219,-1.5279128551483154
11.6186418533325195,-38.6125564575195313,-2.2423725128173828
7.0387406349182129,-27.7643737792968750,-1.5345999002456665
-15.4222469329833984,-52.5451583862304688,-1.5384055376052856
-18.1824893951416016,-31.9767990112304688,-2.2443771362304688
-12.4155750274658203,-39.4314613342285156,-2.2416093349456787
-16.8058338165283203,-57.0081367492675781,-2.2444198131561279
7.8762712478637695,-56.3136711120605469,-1.5333743095397949
1.7316755056381226,-16.8879756927490234,-2.2426126003265381
3.7793195247650146,-50.0219268798828125,-2.2575812339782715
16.1634063720703125,-28.9075736999511719,-1.5363427400588989
1.7291972637176514,-2.8560056686401367,-2.2402443885803223
-27.0566253662109375,-48.8970298767089844,-1.5341547727584839
26.4025192260742188,-48.4914932250976563,-1.5337646007537842
15.4408578872680664,-44.3534011840820313,-2.2581679821014404
16.1363162994384766,-41.3907432556152344,-2.2451462745666504
-11.3428850173950195,-21.6576709747314453,-2.2489581108093262
3.7777707576751709,-52.6273193359375000,-1.5257176160812378
-15.4184474945068359,-34.8136596679687500,-2.2438633441925049
7.3629202842712402,-22.8139324188232422,-2.2433145046234131
2.7793431282043457,-52.6467590332031250,-1.5367789268493652
8.5777444839477539,-26.3873805999755859,-2.2413828372955322
27.7857131958007813,-56.3015060424804688,-2.2435734272003174