x,y,z
20.2146720886230469,-55.5898895263671875,-1.5364511013031006
10.6216096878051758,-42.5916290283203125,-2.2466094493865967
25.0138435363769531,-48.5318489074707031,-1.5347511768341064
5.8220520019531250,-24.2680015563964844,-1.5344160795211792
5.9211688041687012,-30.8992614746093750,-2.2508535385131836
-7.4956898689270020,-43.2206153869628906,-1.5291218757629395
5.8172326087951660,-35.2517395019531250,-1.5326684713363647
-11.6938791275024414,-22.6471881866455078,-2.2444739341735840
1.0169640779495239,-24.8172359466552734,-2.2462301254272461
31.3339920043945313,-49.8312759399414063,-1.5382292270660400
13.3802461624145508,-19.4303417205810547,-2.2467129230499268
20.2204380035400391,-37.5583953857421875,-1.5374956130981445
15.4176311492919922,-36.5927658081054688,-2.2551088333129883
-30.5190486907958984,-52.5330276489257813,-1.5336537361145020
7.2314729690551758,-33.8656845092773438,-1.5291529893875122
20.9133319854736328,-51.3135261535644531,-2.2475974559783936
2.7886116504669189,-34.3984832763671875,-2.2487773895263672
-6.5432062149047852,-35.8171043395996094,-2.2478046417236328
-5.8160457611083984,-28.8494701385498047,-1.5324018001556396
-20.2204017639160156,-57.0050849914550781,-1.5355153083801270
-8.5829496383666992,-48.5789947509765625,-2.2428481578826904
11.3149528503417969,-54.1815643310546875,-2.2459487915039063
5.8174443244934082,-39.6662559509277344,-2.2466771602630615
-1.0565307140350342,-3.9743142127990723,-1.5350654125213623
-3.2428946495056152,-6.2609629631042480,-1.5376976728439331
15.4208402633666992,-28.9914131164550781,-2.2482194900512695
16.1262245178222656,-19.9340400695800781,-2.2422761917114258
-15.4129171371459961,-33.4036064147949219,-2.2443630695343018
13.3823719024658203,-23.8779830932617188,-1.5421733856201172
-10.6218290328979492,-26.9981822967529297,-2.2521033287048340
3.0925896167755127,-10.9056491851806641,-2.2456331253051758
1.0182554721832275,-15.2350893020629883,-1.5317811965942383
-2.4372546672821045,-31.7088565826416016,-1.5326865911483765
-25.0207214355468750,-46.3966636657714844,-1.5330190658569336
7.6415572166442871,-44.7744979858398438,-2.2488980293273926
-11.3162460327148438,-45.7223892211914063,-1.5337629318237305
-0.4809745550155640,-3.5891942977905273,-2.2464387416839600
-16.3644618988037109,-35.7408485412597656,-1.5373989343643188
1.0165146589279175,-52.4990272521972656,-1.5314507484436035
6.5991482734680176,-45.6906890869140625,-1.5281865596771240
-3.7850806713104248,-28.3319873809814453,-2.2413461208343506
11.9946384429931641,-38.3737258911132813,-2.2449936866760254
7.8587427139282227,-33.0923080444335938,-1.5344791412353516
-11.8066425323486328,-10.5377817153930664,-2.2411136627197266
-13.3446455001831055,-15.0469198226928711,-1.5349709987640381
-13.3795309066772461,-42.6004676818847656,-1.5356215238571167
3.0658237934112549,-32.2255249023437500,-1.5342874526977539
-11.3244915008544922,-51.3643531799316406,-1.5345814228057861
-1.1796569824218750,-9.2325887680053711,-1.5363260507583618
1.7484592199325562,-39.8915786743164063,-2.2486743927001953
22.2745800018310547,-50.6349449157714844,-1.5318173170089722
8.5820980072021484,-34.4794921875000000,-2.2452530860900879
-16.9353008270263672,-49.4571456909179688,-1.5296679735183716
-31.2076034545898438,-57.0045776367187500,-2.2458148002624512
8.5843639373779297,-46.6049385070800781,-1.5329409837722778
-6.6853885650634766,-28.6498546600341797,-2.2483747005462646
5.8178358078002930,-42.3683586120605469,-2.2495377063751221
-5.8102116584777832,-52.8153839111328125,-2.2454557418823242
7.6238331794738770,-16.9813995361328125,-2.2491955757141113
-2.4343857765197754,-6.1094541549682617,-2.2466077804565430
-11.3163080215454102,-49.2586097717285156,-2.2439534664154053
-7.4026613235473633,-40.8909568786621094,-1.5308930873870850
2.3829607963562012,-48.9295310974121094,-2.2439711093902588
-8.5828094482421875,-51.3962211608886719,-2.2455611228942871
-35.9491348266601563,-56.2672500610351563,-1.5293774604797363
12.6889400482177734,-38.3685607910156250,-1.5352472066879272
13.3853006362915039,-54.1720962524414063,-1.5365357398986816
-16.6970767974853516,-39.9360504150390625,-2.2417511940002441
-12.2740201950073242,-13.8236408233642578,-2.2442333698272705
6.5147676467895508,-33.1768417358398438,-1.5372544527053833
-32.5809631347656250,-54.1517181396484375,-2.2425014972686768
-11.9975357055664063,-47.8360481262207031,-1.5346429347991943
-18.1802749633789063,-56.3105583190917969,-1.5343092679977417
-2.5487046241760254,-45.3234176635742188,-1.5265153646469116
-31.8747577667236328,-53.4493713378906250,-2.2429587841033936
-2.1378149986267090,-16.5959949493408203,-2.2471330165863037
1.0164573192596436,-45.5805282592773438,-1.5338164567947388
3.1521499156951904,-4.2584385871887207,-2.2426323890686035
31.8516387939453125,-54.9674453735351563,-2.2451791763305664
-21.6012973785400391,-47.0103492736816406,-1.5341879129409790
-7.8675899505615234,-56.3225059509277344,-2.2470991611480713
-3.7781808376312256,-25.9759883880615234,-2.2450394630432129
-10.6228399276733398,-18.2752151489257813,-1.5306851863861084
26.3868618011474609,-55.6158752441406250,-1.5335971117019653
-7.8875231742858887,-45.7748069763183594,-1.5321372747421265
22.9833526611328125,-57.0044784545898438,-1.5363299846649170
-3.7791361808776855,-51.9159774780273438,-1.5338152647018433
-20.2206573486328125,-38.4893417358398438,-1.5371384620666504
2.6845760345458984,-6.4288811683654785,-1.5374016761779785
-10.6223526000976563,-20.2970867156982422,-2.2494177818298340
5.8187050819396973,-37.3138694763183594,-2.2467904090881348
16.4565448760986328,-44.6928253173828125,-1.5373132228851318
8.5855655670166016,-42.0254592895507813,-1.5338857173919678
1.2279071807861328,-51.8601226806640625,-2.2544920444488525
22.2806701660156250,-51.3294563293457031,-2.2453594207763672
15.4112024307250977,-54.8997383117675781,-2.2454438209533691
-2.4466357231140137,-52.3461723327636719,-2.2513701915740967
-8.5819654464721680,-31.1306667327880859,-2.2400839328765869
-1.7419444322586060,-52.3354949951171875,-1.5338206291198730
-1.4173514842987061,-20.2579917907714844,-2.2451887130737305
3.0484311580657959,-45.9001579284667969,-1.5386385917663574
-17.1805229187011719,-28.8729667663574219,-2.2434952259063721
5.8116059303283691,-45.6838645935058594,-2.2493128776550293
-10.6168012619018555,-48.5522003173828125,-2.2430236339569092
-27.7788181304931641,-56.3219833374023438,-2.2494962215423584
-20.2155284881591797,-42.0694122314453125,-2.2455372810363770
-22.9831390380859375,-44.1768341064453125,-1.5362893342971802
5.8194789886474609,-17.7519264221191406,-2.2468001842498779
3.1873311996459961,-46.5853424072265625,-2.2511022090911865
6.9396061897277832,-28.0852241516113281,-1.5375179052352905
3.7781469821929932,-48.2515716552734375,-1.5316028594970703
1.0197409391403198,-39.8844108581542969,-1.5302237272262573
10.6217336654663086,-43.2794609069824219,-1.5318291187286377
7.5628142356872559,-26.7692737579345703,-2.2421803474426270
-21.5961132049560547,-42.0588569641113281,-2.2448527812957764
0.4631416797637939,-3.2219631671905518,-2.2415814399719238
-27.7486820220947266,-52.4361572265625000,-2.2554185390472412
-20.9133262634277344,-43.4739341735839844,-1.5354195833206177
-31.1808910369873047,-54.8626823425292969,-1.5365791320800781
-9.3416204452514648,-9.7648820877075195,-2.2423856258392334
15.4275398254394531,-29.6776371002197266,-1.5330661535263062
-11.2867832183837891,-52.0652618408203125,-2.2531883716583252
8.1023893356323242,-24.3113708496093750,-1.5319154262542725
-1.0264178514480591,-48.9757270812988281,-1.5302649736404419
0.8796635866165161,-11.4884243011474609,-1.5447634458541870
13.3852663040161133,-33.4114418029785156,-1.5360132455825806
12.0487394332885742,-42.5908470153808594,-2.2453861236572266
-6.8032774925231934,-9.9261369705200195,-1.5374550819396973
-16.6833076477050781,-28.3768863677978516,-1.5359634160995483
-11.7096624374389648,-12.9743909835815430,-1.5378730297088623
8.5803403854370117,-24.7970142364501953,-2.2454459667205811
-12.2803354263305664,-35.0494422912597656,-2.2418346405029297
-18.1778526306152344,-39.3150558471679688,-1.5351356267929077
-6.5227580070495605,-40.1222076416015625,-1.5335783958435059
1.2313506603240967,-9.2274065017700195,-1.5345525741577148
-7.5301446914672852,-55.3940048217773438,-2.2439286708831787
3.7783491611480713,-51.7030944824218750,-2.2503526210784912
0.4699281454086304,-6.5381865501403809,-1.5364738702774048
-11.9985609054565430,-47.1246337890625000,-2.2455153465270996
-22.2904682159423828,-41.3526763916015625,-2.2450487613677979
-22.9831752777099609,-50.5609855651855469,-2.2433362007141113
12.7378997802734375,-41.8899307250976563,-2.2519907951354980
20.2163639068603516,-52.0262489318847656,-2.2448430061340332
0.4091210961341858,-8.6682004928588867,-1.5348747968673706
5.8203139305114746,-54.1921005249023438,-1.5367726087570190
13.3774147033691406,-17.3686313629150391,-1.5347886085510254
-3.7809040546417236,-16.6060905456542969,-1.5313733816146851
-6.7842926979064941,-7.2562832832336426,-2.2435390949249268
22.8849792480468750,-45.9328002929687500,-2.2467303276062012
-11.3047208786010742,-47.1310081481933594,-1.5340753793716431
16.5727424621582031,-37.7617187500000000,-1.5370389223098755
17.9625663757324219,-40.4562873840332031,-2.2498190402984619
1.1075727939605713,-29.1668167114257813,-2.2494025230407715
-7.8817811012268066,-6.5749835968017578,-1.5384654998779297
13.3855857849121094,-32.7019882202148438,-2.2438595294952393
-3.2823150157928467,-20.8207015991210938,-2.2435300350189209
15.4214515686035156,-44.6568984985351563,-1.5372009277343750
-7.8827276229858398,-47.8768463134765625,-2.2458622455596924
11.2794656753540039,-52.0730323791503906,-1.5316369533538818
-12.6707868576049805,-18.7775173187255859,-2.2415485382080078
17.0136032104492188,-32.2027130126953125,-1.5309598445892334
-13.9325113296508789,-11.1515016555786133,-1.5388871431350708
-12.0049095153808594,-51.3760528564453125,-2.2497653961181641
18.1792182922363281,-31.7079353332519531,-1.5346050262451172
-8.5790843963623047,-32.1199760437011719,-2.2449538707733154
-18.1148376464843750,-51.2708740234375000,-1.5231385231018066
17.4897460937500000,-22.8144702911376953,-2.2465190887451172
-9.6284799575805664,-7.9823379516601563,-1.5359264612197876
-15.4139308929443359,-45.1259231567382813,-1.5347650051116943
17.0704059600830078,-46.1770210266113281,-2.2529020309448242
22.2902469635009766,-57.0070838928222656,-2.2459542751312256
-10.8291549682617188,-11.4584045410156250,-2.2434740066528320
-2.7825517654418945,-17.3525524139404297,-2.2479481697082520
7.6295528411865234,-47.8820457458496094,-2.2640404701232910
-25.0207080841064453,-45.7049980163574219,-2.2451117038726807
-7.3865971565246582,-20.1296234130859375,-2.2487044334411621
-13.3818483352661133,-57.0085182189941406,-2.2422735691070557
3.5755443572998047,-44.5073623657226563,-2.2507953643798828
-15.4223775863647461,-36.4098815917968750,-1.5305358171463013
11.3130636215209961,-34.1304244995117188,-1.5347796678543091
-18.1821098327636719,-36.6775512695312500,-1.5304049253463745
20.9994239807128906,-46.4449234008789063,-1.5341570377349854
-1.0214546918869019,-17.7087059020996094,-1.5361051559448242
-1.8946670293807983,-35.9961128234863281,-2.2459344863891602
20.9219455718994141,-43.4004325866699219,-2.2482006549835205
-3.7783892154693604,-17.2863121032714844,-2.2483360767364502
-22.2750949859619141,-52.6477737426757813,-2.2472445964813232
3.8946754932403564,-3.4079251289367676,-1.5388625860214233
7.8804669380187988,-40.3554382324218750,-1.5363397598266602
7.8758707046508789,-54.7537307739257813,-1.5303820371627808
-13.3872966766357422,-48.5368614196777344,-2.2435750961303711
7.3920993804931641,-19.6238651275634766,-1.5368411540985107
5.8192272186279297,-21.5978298187255859,-2.2446911334991455
-17.6860885620117188,-29.3803100585937500,-1.5351470708847046
21.5679759979248047,-41.8510322570800781,-1.5376267433166504
-3.0199418067932129,-7.6389532089233398,-1.5363117456436157
2.3792467117309570,-32.1964721679687500,-2.2506542205810547
5.8157424926757813,-18.4397907257080078,-1.5356763601303101
7.8556027412414551,-39.6586036682128906,-2.2447175979614258
6.5286092758178711,-35.9438896179199219,-1.5325589179992676
1.0167909860610962,-51.2534141540527344,-1.5243090391159058
1.0180792808532715,-19.7353076934814453,-1.5286877155303955
-20.8493652343750000,-34.7607536315917969,-2.2410676479339600
7.8799014091491699,-32.1047096252441406,-1.5351109504699707
-27.0536708831787109,-57.0043563842773438,-2.2433865070343018
-16.0795135498046875,-46.7338600158691406,-1.5220041275024414
18.1791553497314453,-41.1014671325683594,-1.5338298082351685
20.2209682464599609,-44.7710380554199219,-1.5303959846496582
-2.4460272789001465,-4.6968321800231934,-2.2445518970489502
-8.5830307006835938,-45.7616310119628906,-2.2444896697998047
-18.1819553375244141,-38.6213340759277344,-2.2474503517150879
2.1035678386688232,-38.9706916809082031,-2.2522590160369873
1.4928781986236572,-21.8886280059814453,-1.5333406925201416
15.4216690063476563,-48.2984199523925781,-2.2412810325622559
10.6208944320678711,-15.6618394851684570,-1.5345065593719482
-22.9853057861328125,-43.4721565246582031,-2.2428870201110840
2.9807775020599365,-15.5584726333618164,-1.5381270647048950
15.4200401306152344,-28.3122463226318359,-1.5320457220077515
1.0166469812393188,-17.6736145019531250,-2.2506899833679199
3.6952190399169922,-5.0968570709228516,-2.2417702674865723
21.6984291076660156,-46.4823417663574219,-2.2447106838226318
-16.7448291778564453,-32.3328781127929688,-1.5332070589065552
-5.8206386566162109,-17.5160007476806641,-2.2426524162292480
1.0193864107131958,-23.4597148895263672,-2.2489061355590820
5.8203563690185547,-32.2261238098144531,-2.2475759983062744
10.6183767318725586,-41.9027748107910156,-1.5338951349258423
-25.0264835357666016,-54.7451248168945313,-1.5370981693267822
26.3973960876464844,-47.1057052612304688,-1.5333045721054077
-18.1742572784423828,-46.3085517883300781,-1.5283190011978149
5.8212418556213379,-22.5901050567626953,-2.2431159019470215
12.6992855072021484,-36.9489135742187500,-1.5335677862167358
11.9732065200805664,-52.0595474243164063,-2.2436134815216064
7.6312646865844727,-14.6537361145019531,-2.2476501464843750
-8.5490894317626953,-39.6694908142089844,-2.2456305027008057
-2.2733070850372314,-10.4606370925903320,-2.2421391010284424
-1.4934041500091553,-24.6391658782958984,-2.2495901584625244
-12.6568689346313477,-55.6243782043457031,-1.5333706140518188
8.5801782608032227,-31.4023914337158203,-1.5301555395126343
5.8161048889160156,-50.5511016845703125,-2.2458412647247314
5.8140902519226074,-38.6810226440429688,-2.2477953433990479
-12.2140960693359375,-11.4492912292480469,-2.2425014972686768
-3.0750591754913330,-31.9852275848388672,-2.2495181560516357
-13.3787164688110352,-21.5302925109863281,-1.5362178087234497
-15.7798423767089844,-57.0079002380371094,-2.2477993965148926
10.6175155639648438,-39.0889739990234375,-1.5370644330978394
-7.4012746810913086,-19.4487724304199219,-1.5315153598785400
7.5972442626953125,-48.4958496093750000,-1.5210071802139282
27.7856731414794922,-50.6635322570800781,-2.2432143688201904
-7.1920509338378906,-50.6982460021972656,-1.5329252481460571
-27.1999225616455078,-50.3806152343750000,-2.2461805343627930
6.6233301162719727,-31.6370429992675781,-2.2499744892120361
26.3959636688232422,-49.2492599487304688,-2.2446196079254150
3.7778761386871338,-32.9260520935058594,-1.5356881618499756
-15.9259309768676758,-22.5917377471923828,-2.2416794300079346
-2.0538408756256104,-50.3457374572753906,-2.2420229911804199
1.6394461393356323,-52.7554893493652344,-2.2540583610534668
-20.2164039611816406,-42.7695350646972656,-1.5365170240402222
27.7851982116699219,-54.9069175720214844,-2.2439079284667969
1.3116505146026611,-1.2034449577331543,-1.6915951967239380
-36.6649360656738281,-54.4990043640136719,-2.2417867183685303
-8.5832834243774414,-49.2829437255859375,-1.5359534025192261
-22.9815006256103516,-39.9244308471679688,-1.5347907543182373
-13.3816404342651367,-52.1766204833984375,-1.5380926132202148
10.8340444564819336,-9.8815135955810547,-1.5367443561553955
2.1275076866149902,-9.6611413955688477,-1.5405739545822144
-16.2269802093505859,-31.1790504455566406,-1.5295138359069824
15.4167518615722656,-51.3454322814941406,-1.5365080833435059
13.3845787048339844,-29.8640098571777344,-2.2431867122650146
7.4726309776306152,-22.1477851867675781,-1.5386466979980469
-15.4221153259277344,-20.6796493530273438,-2.2415091991424561
-1.7461786270141602,-12.6883983612060547,-2.2449183464050293
14.0029191970825195,-11.1193084716796875,-1.5388839244842529
-1.0197840929031372,-46.9728050231933594,-2.2487645149230957
-8.5825929641723633,-32.8049354553222656,-1.5315685272216797
-1.5744215250015259,-6.8287172317504883,-2.2432308197021484
27.0860443115234375,-47.1143722534179688,-2.2460386753082275
-5.8523502349853516,-19.5887279510498047,-1.5384117364883423
1.5177268981933594,-37.7381019592285156,-1.5354208946228027
-7.8401498794555664,-42.0136909484863281,-1.5322350263595581
3.6461899280548096,-10.0744075775146484,-2.2439804077148438
-2.3725996017456055,-3.6062819957733154,-1.5368133783340454
-6.5202598571777344,-23.9927387237548828,-1.5367742776870728
-10.6210794448852539,-26.3292980194091797,-1.5288596153259277
-13.3834257125854492,-53.5817031860351563,-1.5315122604370117
-3.7780430316925049,-42.1147308349609375,-1.5331270694732666
-22.2841529846191406,-43.4725685119628906,-1.5362081527709961
13.3748769760131836,-25.3395195007324219,-1.5384658575057983
-13.3791923522949219,-52.8830261230468750,-2.2437434196472168
12.2450370788574219,-21.4741382598876953,-2.2461359500885010
-10.6221237182617188,-12.8379535675048828,-2.2455728054046631
25.6968116760253906,-49.2492675781250000,-1.5372879505157471
1.6597800254821777,-25.0858688354492188,-1.5360448360443115
-12.3933715820312500,-25.4168949127197266,-1.5307388305664063
27.0946826934814453,-44.0821342468261719,-2.2436680793762207
1.4380798339843750,-53.4011764526367188,-1.5309249162673950
16.1365756988525391,-27.6252365112304688,-1.5355023145675659
-10.6984977722167969,-12.1477117538452148,-1.5356965065002441
2.1963195800781250,-32.8523864746093750,-1.5344530344009399
-22.4428768157958984,-38.0979919433593750,-2.2417597770690918
-27.3854312896728516,-48.2678298950195313,-2.2523488998413086
-5.8163876533508301,-20.5852928161621094,-1.5339764356613159
-3.7804005146026611,-24.9840412139892578,-2.2443113327026367
-12.1118106842041016,-40.8093643188476563,-1.5331020355224609
-25.0171871185302734,-56.4191169738769531,-2.2490172386169434
13.3754024505615234,-18.7454376220703125,-1.5326257944107056
-1.9760905504226685,-17.4481258392333984,-1.6668235063552856
1.0194261074066162,-31.2365798950195313,-1.5295631885528564
-17.6777839660644531,-30.3784599304199219,-1.5381180047988892
-3.6080150604248047,-14.3126401901245117,-1.5301690101623535
-2.2843198776245117,-20.8228912353515625,-2.2445459365844727
21.7821140289306641,-47.3113746643066406,-1.5387576818466187
-21.5955638885498047,-40.6425819396972656,-2.2461929321289063
-2.1667208671569824,-22.9080028533935547,-2.2414894104003906
11.7173719406127930,-17.0885467529296875,-2.2485108375549316
8.5800428390502930,-40.3430938720703125,-2.2443494796752930
-6.5764074325561523,-21.2301921844482422,-1.5306898355484009
12.0005359649658203,-31.2852802276611328,-2.2459089756011963
16.1070957183837891,-24.2449588775634766,-2.2462267875671387
3.1664640903472900,-19.8482379913330078,-2.2521831989288330
18.1854629516601563,-54.1815719604492188,-1.5368218421936035
-7.2294239997863770,-26.8201160430908203,-2.2472648620605469
-17.0207176208496094,-48.7916641235351563,-2.2529366016387939
-17.4215869903564453,-49.9248428344726563,-2.2507188320159912
-20.2196121215820313,-36.2999610900878906,-1.5355378389358521
12.3244323730468750,-15.7341499328613281,-1.5310090780258179
-20.9133110046386719,-44.1711578369140625,-2.2467148303985596
8.5796880722045898,-56.0356559753417969,-2.2576577663421631
-7.4131636619567871,-40.2073287963867188,-2.2463104724884033
16.1252098083496094,-39.6895027160644531,-2.2419409751892090
1.0223454236984253,-14.5544824600219727,-2.2481374740600586
8.5822238922119141,-16.7107982635498047,-2.2468197345733643
5.8158922195434570,-33.8810386657714844,-1.5301371812820435
20.2208328247070313,-49.9035110473632813,-1.5352864265441895
2.8530926704406738,-45.1825904846191406,-2.2422256469726563
15.9232397079467773,-47.7969245910644531,-1.5381264686584473
13.3849296569824219,-37.6647567749023438,-1.5362515449523926
2.2183451652526855,-13.3299617767333984,-1.5346941947937012
3.7765533924102783,-18.8185100555419922,-2.2415568828582764
12.0070333480834961,-54.1737632751464844,-1.5329965353012085
-20.2201881408691406,-39.1992950439453125,-2.2424488067626953
-17.6658935546875000,-42.8661613464355469,-1.5383365154266357
37.3056640625000000,-56.2709503173828125,-1.5351928472518921
17.4494590759277344,-27.3210792541503906,-1.5326007604598999
9.4114112854003906,-6.7635951042175293,-2.2412052154541016
31.0006866455078125,-54.4533576965332031,-2.2454795837402344
-18.1776924133300781,-24.7052822113037109,-2.1596598625183105
-18.1824302673339844,-26.2296829223632813,-1.5369729995727539
-10.6210689544677734,-53.6154556274414063,-2.2503454685211182
-1.0198866128921509,-53.0195808410644531,-1.5368754863739014
-20.9015712738037109,-41.3510932922363281,-2.2466084957122803
17.4531879425048828,-43.6894073486328125,-1.5382571220397949
-32.5822143554687500,-55.5676765441894531,-2.2433578968048096
-21.3202266693115234,-37.9130096435546875,-1.5365680456161499
11.5097961425781250,-10.1650953292846680,-2.2414007186889648
-3.7799425125122070,-53.9770469665527344,-2.2451839447021484
-8.5810728073120117,-47.8699645996093750,-1.5364345312118530
22.2905082702636719,-53.4627113342285156,-1.5341418981552124
15.9218330383300781,-44.1677055358886719,-2.2438783645629883
2.3484930992126465,-18.8321628570556641,-2.2617907524108887
10.6163854598999023,-28.4377231597900391,-2.2436776161193848
-3.7813916206359863,-45.1519050598144531,-2.2557535171508789
10.5641727447509766,-10.5298395156860352,-2.2433176040649414
-4.7084259986877441,-8.5435924530029297,-2.2441089153289795
-1.2290234565734863,-45.3671035766601563,-1.5238112211227417
-1.0197373628616333,-12.6430253982543945,-1.5376847982406616
3.7826147079467773,-32.2295265197753906,-2.2453374862670898
-15.4168128967285156,-51.7153778076171875,-1.5311965942382813
1.0258864164352417,-34.5814857482910156,-1.5298166275024414
-16.0654010772705078,-40.2593498229980469,-1.5389261245727539
27.7831192016601563,-48.5367507934570313,-1.5367958545684814
-27.7848930358886719,-55.6540832519531250,-1.5253324508666992
20.2169914245605469,-47.8073883056640625,-2.2434122562408447
16.9278373718261719,-43.2024803161621094,-2.2452518939971924
-13.3810606002807617,-16.4314670562744141,-1.5366332530975342
10.6185235977172852,-41.2067375183105469,-2.2435250282287598
22.9827499389648438,-49.2770347595214844,-2.2537305355072021
11.3077564239501953,-31.9941177368164063,-2.2449939250946045
-15.4197130203247070,-32.4174652099609375,-2.2499723434448242
3.7806646823883057,-54.3271102905273438,-2.2547957897186279
2.1587660312652588,-55.2217178344726563,-1.5269901752471924
-1.0127652883529663,-13.3579225540161133,-2.2481007575988770
11.3106365203857422,-35.5389709472656250,-1.5357009172439575
22.9843959808349609,-43.2362861633300781,-1.5280318260192871
20.9413070678710938,-44.0844192504882813,-1.5322638750076294
7.8677501678466797,-38.9622611999511719,-1.5362871885299683
1.7532184123992920,-48.6288452148437500,-1.5370154380798340
-2.0186290740966797,-18.7071475982666016,-1.5371174812316895
-13.3798761367797852,-24.4872341156005859,-1.5339709520339966
1.0864741802215576,-4.7859029769897461,-1.5334893465042114
-21.7627487182617188,-37.3671875000000000,-2.2428166866302490
-17.2203311920166016,-25.9925613403320313,-1.5318803787231445
3.2094457149505615,-21.4422607421875000,-1.5369611978530884
32.5787391662597656,-52.2063636779785156,-1.5364538431167603
3.0974187850952148,-31.5118560791015625,-2.2458872795104980
-6.4940514564514160,-49.9961051940917969,-1.5320799350738525
-8.5780897140502930,-40.3655128479003906,-1.5373762845993042
11.9957504272460938,-29.1468696594238281,-1.5343033075332642
27.0923423767089844,-45.6708183288574219,-2.2465970516204834
-11.9481744766235352,-53.5532989501953125,-1.5364079475402832
8.2687683105468750,-48.6439056396484375,-2.2427051067352295
-12.4627752304077148,-32.7920074462890625,-2.2504003047943115
1.7700829505920410,-11.9400148391723633,-1.5339702367782593
-11.2876949310302734,-44.0251045227050781,-2.2495801448822021
22.9778976440429688,-47.5962715148925781,-1.5353891849517822
22.2908115386962891,-56.2978630065917969,-1.5343674421310425
-12.4020442962646484,-12.8363981246948242,-2.2433981895446777
11.7405242919921875,-23.2652320861816406,-2.2480235099792480
27.0913810729980469,-51.3689384460449219,-2.2460060119628906
6.5557484626770020,-41.7061729431152344,-2.2471191883087158
29.8223247528076172,-52.5484580993652344,-2.2423574924468994
11.3686761856079102,-48.2178611755371094,-2.2490260601043701
-1.0791527032852173,-47.6333923339843750,-1.5260275602340698
26.4009399414062500,-53.4916038513183594,-2.2458703517913818
-12.5523614883422852,-37.0405769348144531,-1.5318163633346558
-18.1757755279541016,-49.9625434875488281,-1.5269874334335327
15.4180221557617188,-23.5257110595703125,-2.2439441680908203
-3.7799000740051270,-20.3252010345458984,-1.5366834402084351
-1.7190841436386108,-25.8912181854248047,-1.5339478254318237
2.4757790565490723,-31.1983375549316406,-1.5366221666336060
11.1540298461914063,-14.1386928558349609,-2.2411344051361084
16.1069641113281250,-52.0603179931640625,-1.5351097583770752
20.2131690979003906,-52.7571296691894531,-1.5355867147445679
2.0218982696533203,-6.1866464614868164,-2.2422552108764648
-8.0885267257690430,-21.7377929687500000,-2.2439336776733398
-31.8902759552001953,-56.2815971374511719,-2.2465376853942871
16.0771961212158203,-25.9518585205078125,-1.5318012237548828
-2.2064988613128662,-2.9188237190246582,-2.2413527965545654
7.0297079086303711,-39.8441658020019531,-1.5334348678588867
11.6222829818725586,-12.2840576171875000,-2.2473850250244141
-27.7817249298095703,-53.7315711975097656,-2.2574195861816406
1.0194402933120728,-56.3062973022460938,-2.2460930347442627
7.9494237899780273,-7.7409973144531250,-1.5354001522064209
-21.5508022308349609,-54.0100593566894531,-1.5300840139389038
21.5997905731201172,-56.2976760864257813,-2.2456398010253906
-36.7935066223144531,-53.3143615722656250,-2.2413585186004639
-13.3845367431640625,-46.4187316894531250,-1.5356985330581665
-3.0569527149200439,-26.6659927368164063,-2.2423720359802246
10.6146364212036133,-34.8337936401367188,-1.5368012189865112
-7.2614269256591797,-21.1830215454101563,-2.2483518123626709
8.5820674896240234,-43.4144058227539063,-1.5336374044418335
10.2034616470336914,-8.2487068176269531,-1.5372014045715332
15.4193620681762695,-50.6423835754394531,-2.2447021007537842
5.8211436271667480,-14.7324647903442383,-1.5334231853485107
27.7844886779785156,-49.2479133605957031,-2.2426776885986328
-1.0208653211593628,-50.9591293334960938,-2.2454416751861572
-2.5643324851989746,-44.6432533264160156,-2.2470631599426270
-25.0215396881103516,-44.3387184143066406,-2.2422788143157959
-1.0216464996337891,-28.5638504028320313,-1.5375812053680420
10.6223077774047852,-20.1890773773193359,-2.2439169883728027
27.0963363647460938,-52.0829238891601563,-1.5334987640380859
3.7800493240356445,-38.6868553161621094,-2.2497549057006836
11.3391256332397461,-42.5888404846191406,-1.5343499183654785
-1.3502285480499268,-8.2295312881469727,-2.2427990436553955
1.0287599563598633,-46.2618675231933594,-2.2485456466674805
35.2837638854980469,-57.0026512145996094,-1.5277513265609741
-1.0190190076828003,-25.8360710144042969,-2.2438786029815674
-16.7849655151367188,-25.4578113555908203,-2.2459769248962402
-4.0885992050170898,-7.4399886131286621,-2.2427496910095215
-22.9831314086914063,-51.9524955749511719,-2.2462921142578125
15.4192457199096680,-26.9264583587646484,-1.5340946912765503
8.5781097412109375,-25.7884025573730469,-2.2413604259490967
-7.8746380805969238,-57.0107460021972656,-1.5359177589416504
11.3133554458618164,-34.8343162536621094,-2.2435822486877441
26.3300876617431641,-43.4465370178222656,-2.1491122245788574
-12.1606540679931641,-39.5376701354980469,-1.5347083806991577
-13.3779916763305664,-26.8105354309082031,-1.5303087234497070
20.8908500671386719,-40.4346237182617188,-2.2479109764099121
12.3957405090332031,-15.0599365234375000,-2.2507979869842529
16.7849006652832031,-54.1757965087890625,-1.5337997674942017
-22.9874706268310547,-47.0032806396484375,-1.5367325544357300
29.8426818847656250,-50.2570571899414063,-2.2413432598114014
-10.7919111251831055,-52.9912185668945313,-1.5243288278579712
5.8179368972778320,-54.9040031433105469,-2.2424910068511963
-7.0310459136962891,-10.5875272750854492,-2.2445573806762695
15.9080467224121094,-43.1705627441406250,-2.2472887039184570
21.2088050842285156,-42.7769927978515625,-1.5354157686233521
-8.0524301528930664,-13.7812938690185547,-1.5376973152160645
-11.9657526016235352,-43.3026084899902344,-2.2440049648284912
-22.2680206298828125,-36.1636619567871094,-2.2423958778381348
-26.7053546905517578,-55.6983108520507813,-2.2454285621643066
36.6243591308593750,-56.2634506225585938,-2.2494220733642578
8.5853929519653320,-54.0662879943847656,-1.5343652963638306
-30.4248046875000000,-54.2105178833007813,-1.5387716293334961
20.2194366455078125,-49.2100753784179688,-2.2452583312988281
26.4104175567626953,-44.2309570312500000,-1.5359083414077759
-10.6162347793579102,-19.6221714019775391,-1.5294820070266724
10.6189708709716797,-14.6178417205810547,-1.5335896015167236
-12.0186548233032227,-50.6689567565917969,-1.5353413820266724
-20.9151134490966797,-48.4236869812011719,-2.2443456649780273
6.3274526596069336,-26.7482757568359375,-2.2419369220733643
-12.4808368682861328,-32.1060638427734375,-1.5333610773086548
-3.7797586917877197,-44.1640090942382813,-2.2458996772766113
-12.5384178161621094,-14.4581394195556641,-1.5309568643569946
17.4936256408691406,-56.2958450317382813,-1.5340217351913452
-10.6165084838867188,-34.8053359985351563,-1.5337406396865845
3.7416472434997559,-42.8835144042968750,-1.5262246131896973
-31.8769969940185547,-54.1525726318359375,-1.5369406938552856
-11.7855043411254883,-56.3239555358886719,-1.5371019840240479
6.5138521194458008,-54.1992111206054688,-2.2487571239471436
-6.3585610389709473,-7.8134403228759766,-1.5363237857818604
12.6770353317260742,-22.8970241546630859,-2.2442808151245117
-7.2043738365173340,-25.4079666137695313,-2.2461562156677246
-18.1899642944335938,-44.0150985717773438,-1.5329751968383789
6.3255910873413086,-25.7504081726074219,-2.2430200576782227
-21.5989837646484375,-44.1857643127441406,-1.5328104496002197
12.8899469375610352,-11.1581192016601563,-1.5380296707153320
20.9102077484130859,-39.6971626281738281,-1.5324175357818604
3.0161654949188232,-54.3324775695800781,-1.5342053174972534
-8.5842247009277344,-45.0755271911621094,-1.5304211378097534
21.5988407135009766,-54.8800201416015625,-2.2455832958221436
3.7828507423400879,-50.3423385620117188,-2.2478895187377930
-22.2715778350830078,-35.4575309753417969,-1.5373232364654541
-22.2718391418457031,-33.3351287841796875,-2.2412402629852295
-11.5105733871459961,-38.1278305053710938,-2.2451567649841309
-6.1636691093444824,-9.1620721817016602,-1.5373134613037109
18.1112022399902344,-42.7870903015136719,-2.2424573898315430
-1.5883967876434326,-33.8706054687500000,-2.2478027343750000
3.4369153976440430,-38.1084327697753906,-1.5261716842651367
-15.4208898544311523,-35.7320861816406250,-2.2502887248992920
-10.6125917434692383,-51.3444175720214844,-2.2472977638244629
-1.0172514915466309,-22.8169612884521484,-1.5268701314926147
-12.9009437561035156,-24.9681167602539063,-2.2497811317443848
-32.5785140991210938,-52.7407722473144531,-2.2424459457397461
6.3237037658691406,-27.7449798583984375,-2.2429575920104980
-25.3610591888427734,-57.0057754516601563,-1.5347043275833130
-11.9326572418212891,-42.6092834472656250,-1.5349487066268921
2.8663430213928223,-24.4868030548095703,-1.5358977317810059
17.4922695159912109,-55.5936584472656250,-2.2452268600463867
-5.8172826766967773,-26.8250217437744141,-2.2482163906097412
-6.6107091903686523,-41.4992141723632813,-1.5338827371597290
2.4635365009307861,-41.2460823059082031,-1.5317698717117310
2.2276148796081543,-3.1383097171783447,-1.5384675264358521
25.0167846679687500,-47.8226814270019531,-2.2440614700317383
16.1147270202636719,-21.3698062896728516,-2.2455921173095703
5.8218102455139160,-27.2487297058105469,-1.5385254621505737
5.8374524116516113,-45.0128173828125000,-1.5279282331466675
-5.8223142623901367,-35.8210563659667969,-1.5316329002380371
13.3812007904052734,-44.2609519958496094,-2.2420618534088135
11.9579477310180664,-51.3547897338867188,-1.5369706153869629
-2.3017613887786865,-19.8183403015136719,-2.2444207668304443
8.5816287994384766,-50.2649650573730469,-1.5354950428009033
-10.6212835311889648,-22.6570816040039063,-2.2486202716827393
3.7535457611083984,-36.9074363708496094,-1.5269399881362915
-16.2803974151611328,-45.6040420532226563,-1.5290148258209229
-26.0098667144775391,-56.4370994567871094,-2.2522673606872559
-17.0570125579833984,-41.8746795654296875,-2.2512044906616211
2.0099487304687500,-27.0121383666992188,-1.5331258773803711
-7.8775691986083984,-34.8763122558593750,-1.5310987234115601
15.4128808975219727,-31.7486019134521484,-2.2435944080352783
15.4231576919555664,-49.2864456176757813,-2.2476382255554199
3.0385217666625977,-36.9032325744628906,-2.2501177787780762
-3.7827410697937012,-39.7104988098144531,-2.2457683086395264
3.7726638317108154,-55.6406898498535156,-2.2501161098480225
-21.7673969268798828,-56.4983367919921875,-2.2452750205993652
-1.7717690467834473,-11.9892816543579102,-1.5338923931121826
8.0854911804199219,-11.7282581329345703,-2.2443597316741943
-7.1280102729797363,-45.1360130310058594,-1.5336008071899414
17.4939212799072266,-57.0080604553222656,-2.2467298507690430
-6.1091461181640625,-8.4657258987426758,-2.2451930046081543
2.3608429431915283,-46.0421638488769531,-2.2490913867950439
8.5812368392944336,-32.0869178771972656,-2.2449264526367188
1.0215389728546143,-57.0028610229492188,-1.5363246202468872
5.8292012214660645,-40.3451118469238281,-1.5297142267227173
-35.2993736267089844,-55.5080909729003906,-1.5308380126953125
16.7956447601318359,-54.8913002014160156,-2.2457530498504639
-37.3012962341308594,-53.8100090026855469,-1.5388454198837280
1.0167486667633057,-49.2838745117187500,-1.5316203832626343
10.6475601196289063,-48.2181320190429688,-1.5269756317138672
-11.3315906524658203,-29.3508815765380859,-1.5310845375061035
-1.8174755573272705,-49.6778335571289063,-1.5387283563613892
-22.2923870086669922,-45.5902099609375000,-2.2457854747772217
10.6171808242797852,-40.5027122497558594,-1.5366386175155640
11.3938856124877930,-47.5286331176757813,-1.5349050760269165
-5.4987545013427734,-9.9053068161010742,-1.5366976261138916
16.0837345123291016,-32.4688415527343750,-2.2475037574768066
-21.6085109710693359,-49.1338233947753906,-2.2452518939971924
-13.3865795135498047,-49.2460327148437500,-1.5361777544021606
-2.8026556968688965,-24.2985687255859375,-1.5285900831222534
3.7811763286590576,-48.9379806518554688,-2.2445354461669922
18.1810092926025391,-21.3647460937500000,-1.5349556207656860
15.4343147277832031,-27.6210422515869141,-2.2451815605163574
-2.4185402393341064,-25.9034881591796875,-2.2427675724029541
-15.4154005050659180,-55.4618072509765625,-1.5320563316345215
-7.4706435203552246,-43.8896369934082031,-2.2543933391571045
-1.0228332281112671,-57.0102043151855469,-2.2496643066406250
25.0130043029785156,-56.3106040954589844,-2.2456965446472168
1.6721678972244263,-11.2562255859375000,-2.2458894252777100
-16.1801013946533203,-50.1014099121093750,-1.5344711542129517
1.0145546197891235,-46.9427795410156250,-1.5308642387390137
-22.2451725006103516,-54.0054855346679688,-2.2475972175598145
7.8713550567626953,-41.3423271179199219,-1.5321377515792847
-22.9820976257324219,-38.5494270324707031,-1.5341755151748657
20.9320812225341797,-49.9053230285644531,-2.2440614700317383
11.6087255477905273,-18.6473464965820313,-1.5318175554275513
-26.5789184570312500,-46.9646453857421875,-1.5387108325958252
-3.7096338272094727,-12.2243146896362305,-1.5359556674957275
-12.3870325088500977,-22.5751800537109375,-1.5333127975463867
-12.6819972991943359,-16.5364608764648438,-2.2415742874145508
-8.0256834030151367,-52.6202087402343750,-2.2418415546417236
-22.2837047576904297,-42.7734832763671875,-2.2461764812469482
-11.9962511062622070,-24.5019397735595703,-1.5381007194519043
3.7821927070617676,-36.2454528808593750,-2.2528579235076904
26.4026718139648438,-45.6739921569824219,-1.5337841510772705
3.7792332172393799,-25.8980369567871094,-2.2426781654357910
-11.5826120376586914,-36.5329780578613281,-1.5256669521331787
-9.1284399032592773,-10.4354314804077148,-1.5356163978576660
-22.9778766632080078,-35.4588088989257813,-2.2424454689025879
-27.7828674316406250,-50.7939338684082031,-1.5399090051651001
1.7256313562393188,-30.5427513122558594,-1.5335605144500732
1.0185103416442871,-26.3100090026855469,-1.5302708148956299
1.0205446481704712,-40.5660972595214844,-2.2489254474639893
22.3043842315673828,-38.2752609252929688,-1.5318940877914429
5.8203763961791992,-43.3593330383300781,-2.2439429759979248
-13.1684474945068359,-32.0918121337890625,-2.2533042430877686
1.0209493637084961,-28.4958000183105469,-1.5334458351135254
-16.7722320556640625,-57.0093345642089844,-2.2471408843994141
12.6608924865722656,-50.6564025878906250,-1.5318535566329956
-20.9025192260742188,-45.5936355590820313,-2.2456171512603760
8.1859931945800781,-9.0220603942871094,-1.5372765064239502
-20.2152233123779297,-51.2388458251953125,-1.5314470529556274
5.8205389976501465,-55.6048088073730469,-1.5361810922622681
-18.1779022216796875,-20.7113513946533203,-2.2413208484649658
31.1268520355224609,-57.0041351318359375,-2.2438478469848633
-30.4989814758300781,-55.5816497802734375,-1.5323752164840698
-10.4189510345458984,-10.5485610961914063,-2.2443056106567383
12.6893520355224609,-56.2997627258300781,-1.5343477725982666
-18.1838798522949219,-54.9634399414062500,-1.5246647596359253
-25.0199546813964844,-55.7383041381835938,-1.5333545207977295
7.2422080039978027,-5.8754086494445801,-1.5381397008895874
-12.4916944503784180,-52.2380599975585938,-2.2459998130798340
35.2823677062988281,-56.2648353576660156,-2.2532651424407959
-6.6728382110595703,-32.2761154174804688,-2.2436842918395996
-2.1727199554443359,-40.6814842224121094,-2.2520637512207031
-10.2744779586791992,-9.0166425704956055,-1.5380737781524658
21.5989418029785156,-57.0074920654296875,-1.5336350202560425
-27.0462474822998047,-56.3059387207031250,-1.5358027219772339
7.5840120315551758,-29.7559432983398438,-2.2436878681182861
27.7861156463623047,-52.0770034790039063,-2.2442231178283691
7.8966941833496094,-30.5664176940917969,-1.5381714105606079
-32.5795593261718750,-53.4462089538574219,-1.5373657941818237
16.4090595245361328,-47.2602691650390625,-2.2507934570312500
27.7810688018798828,-46.3992576599121094,-2.2442476749420166
-29.8332767486572266,-51.1113777160644531,-2.2412571907043457
-7.4375386238098145,-53.8633384704589844,-2.2424869537353516
25.0189094543457031,-45.6656837463378906,-1.5366261005401611
2.1665363311767578,-5.4929437637329102,-1.5370200872421265
8.5776910781860352,-22.4918785095214844,-1.5305757522583008
20.9070358276367188,-55.5898284912109375,-2.2464451789855957
-2.4155814647674561,-39.7203216552734375,-2.2454159259796143
7.8883104324340820,-33.7701721191406250,-2.2521560192108154
7.3088374137878418,-7.4533843994140625,-2.2422647476196289
3.7823376655578613,-37.5639457702636719,-2.2568082809448242
6.2151255607604980,-10.7125530242919922,-2.2490630149841309
21.6091022491455078,-38.9899787902832031,-1.5331964492797852
-11.9108982086181641,-15.8658409118652344,-2.2493205070495605
17.3041343688964844,-40.2633552551269531,-1.5245184898376465
7.1232733726501465,-24.1637210845947266,-1.5326460599899292
7.6808934211730957,-5.3191108703613281,-2.2415127754211426
5.8194065093994141,-35.9379348754882813,-2.2459716796875000
-17.8183612823486328,-25.6329441070556641,-2.2442493438720703
-6.5615649223327637,-36.5001754760742188,-1.5321156978607178
36.5700836181640625,-54.0597076416015625,-1.5387692451477051
2.5601429939270020,-17.5009098052978516,-1.5329352617263794
11.3157587051391602,-39.7977981567382813,-1.5356694459915161
6.4074459075927734,-5.6900544166564941,-2.2412025928497314
-25.6871528625488281,-49.9123687744140625,-2.2468118667602539
-8.5848951339721680,-50.6923942565917969,-1.5359147787094116
-2.1952331066131592,-35.3837738037109375,-1.5271348953247070
-3.7811150550842285,-41.1243362426757813,-1.5349549055099487
-1.3378260135650635,-10.9586429595947266,-2.2420270442962646
-18.1779785156250000,-22.7091770172119141,-2.2416574954986572
-26.0593490600585938,-54.1152229309082031,-2.2522091865539551
-8.3381233215332031,-9.0827875137329102,-2.2442393302917480
-34.6167831420898438,-57.0013160705566406,-2.2484109401702881
0.8662531971931458,-2.6387224197387695,-1.5386481285095215
11.3130044937133789,-54.8816261291503906,-1.5357093811035156
7.8810563087463379,-53.3722686767578125,-1.5364676713943481
26.3949108123779297,-50.6616096496582031,-2.2456531524658203
-8.0925035476684570,-40.9219055175781250,-2.2492978572845459
5.3335113525390625,-8.7201766967773438,-2.2428646087646484
-12.3444652557373047,-12.1410322189331055,-1.5362910032272339
-21.5537853240966797,-36.1612052917480469,-1.5381089448928833
2.8937194347381592,-52.5174598693847656,-2.2412493228912354
-3.7827758789062500,-50.9265975952148438,-1.5326846837997437
-0.0140563510358334,-7.4075889587402344,-1.5342774391174316
6.5242881774902344,-54.8993148803710938,-1.5372529029846191
7.1468915939331055,-43.3692092895507813,-1.5264732837677002
-4.8427019119262695,-10.6536664962768555,-1.5363281965255737
17.4825019836425781,-52.7828178405761719,-2.2438614368438721
-25.9616146087646484,-45.3746604919433594,-2.2415874004364014
-1.0193649530410767,-24.1535568237304688,-1.5306420326232910
-1.6197476387023926,-41.0758018493652344,-1.5304765701293945
13.3798351287841797,-43.5519104003906250,-1.5370137691497803
-21.5989303588867188,-46.2989158630371094,-2.2455649375915527
13.3858394622802734,-16.6743793487548828,-2.2457585334777832
12.0085973739624023,-27.7191829681396484,-1.5340968370437622
16.1015415191650391,-52.7586669921875000,-2.2486414909362793
20.9163131713867188,-38.9906730651855469,-2.2448010444641113
17.4728488922119141,-25.9403705596923828,-1.5356409549713135
-1.0219545364379883,-14.2790441513061523,-1.5382952690124512
-2.7628352642059326,-23.3080558776855469,-1.5476489067077637
36.5941238403320313,-54.7682762145996094,-2.2415952682495117
-18.1779518127441406,-23.7097301483154297,-2.2415590286254883
-8.5787324905395508,-27.0878086090087891,-2.2423682212829590
20.9826545715332031,-45.4539527893066406,-1.5356149673461914
-20.2167091369628906,-56.3129005432128906,-2.2452986240386963
7.2365655899047852,-35.2570953369140625,-1.5304180383682251
-31.1719017028808594,-54.1596450805664063,-2.2424001693725586
6.9269995689392090,-26.1173496246337891,-1.5378900766372681
22.9791126251220703,-37.3442687988281250,-1.5373229980468750
1.0219168663024902,-47.6200408935546875,-2.2460937500000000
30.6623668670654297,-52.7178039550781250,-1.5364781618118286
-6.3188614845275879,-16.3241577148437500,-2.2428452968597412
-17.6810588836669922,-28.3819160461425781,-1.5362348556518555
-1.0181055068969727,-21.1602134704589844,-2.2420213222503662
18.1860942840576172,-52.7828483581542969,-1.5358675718307495
6.5368618965148926,-37.3207168579101563,-1.5351496934890747
-10.6184091567993164,-50.6601524353027344,-1.5337724685668945
-17.1914291381835938,-33.9917106628417969,-2.2437093257904053
35.9496688842773438,-56.2621078491210938,-1.5291731357574463
-5.8222045898437500,-45.2282638549804688,-2.2413082122802734
-36.6436195373535156,-55.5567817687988281,-1.5267739295959473
-11.9739465713500977,-44.0038604736328125,-1.5347739458084106
12.6746215820312500,-44.2568359375000000,-1.5369092226028442
-6.5168528556823730,-26.1243629455566406,-2.2444233894348145
3.0670530796051025,-53.6432037353515625,-2.2456858158111572
3.7794628143310547,-12.8142862319946289,-1.5320730209350586
11.3267478942871094,-26.3091812133789063,-2.2445311546325684
15.4206142425537109,-38.2891426086425781,-1.5358778238296509
-11.5450744628906250,-55.0723304748535156,-1.5380851030349731
12.6911020278930664,-31.2829399108886719,-1.5337930917739868
10.6234731674194336,-51.1598396301269531,-2.2400159835815430
7.9491934776306152,-45.3937988281250000,-1.5349566936492920
1.7516615390777588,-41.2460517883300781,-2.2480275630950928
-25.0202522277832031,-48.7435684204101563,-1.5351464748382568
2.2993254661560059,-22.4648818969726563,-1.5286293029785156
2.4366126060485840,-39.8510398864746094,-1.5332940816879272
-15.4223690032958984,-22.0915126800537109,-1.5389387607574463
-3.0878834724426270,-27.4805507659912109,-1.5385534763336182
-11.9534130096435547,-27.5215167999267578,-2.2467634677886963
-20.9257907867431641,-38.4936294555664063,-2.2431337833404541
10.6216192245483398,-48.8787193298339844,-2.2539560794830322
1.5178507566452026,-36.7425193786621094,-1.5352888107299805
-3.2740023136138916,-50.5117263793945313,-2.2588603496551514
20.9077777862548828,-54.1696205139160156,-2.2462522983551025
13.3818387985229492,-12.9572696685791016,-2.2473247051239014
26.3945198059082031,-54.9024124145507813,-2.2452499866485596
1.4792172908782959,-5.3530774116516113,-2.2451267242431641
12.6923637390136719,-33.4104270935058594,-2.2453656196594238
5.9845566749572754,-20.9316215515136719,-1.5344274044036865
-7.8885316848754883,-51.3964233398437500,-1.5326420068740845
-15.9468955993652344,-51.2628784179687500,-2.2425467967987061
3.0766220092773438,-57.0105171203613281,-1.5346926450729370
-2.5357410907745361,-16.0314388275146484,-1.5339229106903076
30.9655170440673828,-50.4336929321289063,-2.2426445484161377
10.9617481231689453,-8.8946981430053711,-1.5369976758956909
-3.8377759456634521,-5.4647150039672852,-1.5370728969573975
-3.7712154388427734,-26.6613941192626953,-1.5316183567047119
-8.5759172439575195,-20.5795421600341797,-2.2552056312561035
-18.1859550476074219,-53.2406272888183594,-2.2525274753570557
6.9478220939636230,-29.0667686462402344,-1.5371249914169312
-26.8017272949218750,-47.9374008178710938,-1.5310984849929810
7.6031703948974609,-6.8061909675598145,-1.5378878116607666
-7.3362994194030762,-18.0842227935791016,-1.5327668190002441
12.3663692474365234,-46.4688415527343750,-2.2487063407897949
-16.5102481842041016,-23.9866504669189453,-1.5376602411270142
-17.2739715576171875,-53.6149864196777344,-2.2455348968505859
-6.5396351814270020,-15.1383085250854492,-1.5332826375961304
-12.8353519439697266,-23.0885505676269531,-2.2482802867889404
22.9846553802490234,-52.7551002502441406,-1.5364220142364502
17.4848728179931641,-52.0896949768066406,-1.5334680080413818
6.7451567649841309,-11.5497941970825195,-2.2442972660064697
-21.5413646697998047,-52.6306800842285156,-1.5319523811340332
-11.2656898498535156,-37.4780693054199219,-1.5325094461441040
22.9817943572998047,-49.9438858032226563,-1.5313100814819336
8.5802297592163086,-29.7457466125488281,-2.2425160408020020
-10.6221733093261719,-40.0714569091796875,-2.2429440021514893
-1.0196745395660400,-19.6972351074218750,-1.5347195863723755
8.5796823501586914,-17.4070491790771484,-1.5364224910736084
11.9999885559082031,-37.6578216552734375,-1.5339344739913940
5.8191614151000977,-56.3048133850097656,-2.2438325881958008
8.5856781005859375,-52.6733474731445313,-1.5369093418121338
8.5723752975463867,-41.3357734680175781,-2.2444388866424561
5.8225140571594238,-34.5643615722656250,-2.2469890117645264
-2.3456823825836182,-7.4552717208862305,-2.2477424144744873
-35.6983833312988281,-53.4548034667968750,-2.2413249015808105
-21.6074008941650391,-47.7184677124023438,-2.2452936172485352
-10.2413520812988281,-8.3152360916137695,-2.2450892925262451
-16.5071010589599609,-21.9944915771484375,-1.5387343168258667
13.3860397338867188,-34.8302764892578125,-1.5354593992233276
-11.3682670593261719,-17.6113796234130859,-1.5351495742797852
2.6434292793273926,-38.1378669738769531,-2.2477092742919922
2.7088165283203125,-23.8192634582519531,-2.2492749691009521
12.6503534317016602,-18.0585098266601563,-1.5334883928298950
-10.6289854049682617,-35.4843673706054688,-2.2493326663970947
-11.9263715744018555,-19.4260234832763672,-2.2481794357299805
-10.6220798492431641,-29.3508720397949219,-2.2454717159271240
16.9617290496826172,-29.1346397399902344,-2.2478916645050049
16.1468009948730469,-33.2497901916503906,-1.5387233495712280
3.7814149856567383,-14.9666786193847656,-1.5342423915863037
12.6718492507934570,-17.3678684234619141,-2.2439653873443604
-3.1331281661987305,-9.9544115066528320,-2.2425093650817871
-1.7168163061141968,-53.0175933837890625,-2.2498302459716797
-15.4205904006958008,-30.1216869354248047,-2.2473046779632568
-13.3723869323730469,-27.4872722625732422,-2.2500052452087402
-10.6130571365356445,-38.3674812316894531,-1.5349465608596802
-12.6986351013183594,-49.2450561523437500,-2.2481694221496582
16.7501182556152344,-27.3099765777587891,-2.2447371482849121
-17.4658088684082031,-56.3092460632324219,-2.2469458580017090
-6.4399132728576660,-33.4844703674316406,-1.5345349311828613
-3.7829895019531250,-19.3299007415771484,-1.5330559015274048
-22.9808712005615234,-39.2304687500000000,-2.2475693225860596
-21.6149940490722656,-39.2139053344726563,-2.2468280792236328
20.9077091217041016,-56.2979545593261719,-1.5339831113815308
27.0889396667480469,-48.5385513305664063,-2.2454922199249268
10.6165933609008789,-56.2928314208984375,-2.2433390617370605
-11.1981773376464844,-42.6639289855957031,-2.2412371635437012
34.6981430053710938,-54.2686500549316406,-1.5389755964279175
-20.9123382568359375,-39.9178199768066406,-2.2448260784149170
12.6972341537475586,-55.5893516540527344,-2.2457664012908936
2.9427247047424316,-35.7099494934082031,-2.2506492137908936
-2.8224418163299561,-37.2526626586914063,-1.5369273424148560
11.0497961044311523,-24.4087009429931641,-2.2499508857727051
2.0043952465057373,-21.4082679748535156,-2.2417671680450439
3.5597918033599854,-41.6193733215332031,-1.5184276103973389
17.4559211730957031,-37.4538230895996094,-2.2476799488067627
-5.8191409111022949,-24.7029285430908203,-1.5367115736007690
-1.0408487319946289,-34.5022773742675781,-1.5343370437622070
8.0383234024047852,-19.3363151550292969,-2.2414860725402832
1.0231904983520508,-31.8984451293945313,-2.2537269592285156
1.4105157852172852,-22.9152412414550781,-1.5238021612167358
-11.8407936096191406,-15.1729602813720703,-1.5373338460922241
22.9819526672363281,-51.3337287902832031,-1.5359673500061035
7.9118313789367676,-22.7040805816650391,-2.2418377399444580
-32.0485916137695313,-51.2052154541015625,-1.7110491991043091
-21.5975589752197266,-45.5966148376464844,-1.5351822376251221
-17.0130577087402344,-23.4910240173339844,-2.2422509193420410
-9.7726383209228516,-6.6659331321716309,-1.5386276245117188
30.5224285125732422,-53.9605255126953125,-1.5322464704513550
-5.8255004882812500,-21.8961887359619141,-1.5387326478958130
-6.5448637008666992,-37.1833953857421875,-2.2500400543212891
3.5967128276824951,-52.3440856933593750,-1.5249176025390625
3.7848305702209473,-52.9683113098144531,-2.2515738010406494
-37.3045806884765625,-57.0022964477539063,-2.2436280250549316
18.1815700531005859,-24.2381992340087891,-1.5361793041229248
-13.3821287155151367,-31.4652900695800781,-1.5271264314651489
-3.0934283733367920,-47.8587951660156250,-1.5376765727996826
-20.2184047698974609,-52.6385650634765625,-1.8909664154052734
-10.6102533340454102,-45.0475044250488281,-1.5354349613189697
2.6469845771789551,-29.2805995941162109,-2.2467117309570313
20.2212352752685547,-36.8497924804687500,-2.2422883510589600
-16.1165008544921875,-30.1895332336425781,-1.5381561517715454
3.1927213668823242,-43.9277000427246094,-1.5366684198379517
-9.4539165496826172,-7.2990336418151855,-2.2418155670166016
-16.0359573364257813,-29.1233901977539063,-2.2439339160919189
13.3777465820312500,-21.1969947814941406,-2.2415218353271484
-0.1250570863485336,-11.0554170608520508,-2.2436788082122803
32.5801391601562500,-54.2894325256347656,-2.2478218078613281
7.4170041084289551,-10.3919067382812500,-2.2419400215148926
-7.8091664314270020,-16.2444648742675781,-2.2446897029876709
-12.0487031936645508,-30.0421123504638672,-1.5374925136566162
17.0463047027587891,-41.5425186157226563,-1.5282021760940552
-16.7145500183105469,-26.4493312835693359,-2.2454793453216553
22.9813327789306641,-39.7374877929687500,-2.2434926033020020
25.7059993743896484,-54.1938858032226563,-2.2461528778076172
-12.6060562133789063,-20.9013519287109375,-1.5386608839035034
-2.9761161804199219,-46.4787368774414063,-1.5355821847915649
-7.3330268859863281,-52.2159652709960938,-1.6471011638641357
15.4202051162719727,-45.6483917236328125,-1.5383563041687012
-20.8350963592529297,-53.3261489868164063,-1.5296641588211060
-1.0207901000976563,-29.5541820526123047,-1.5372158288955688
-8.5789556503295898,-44.4049072265625000,-2.2516200542449951
3.6788871288299561,-15.6571731567382813,-2.2440481185913086
-22.9778156280517578,-36.1631355285644531,-1.5368846654891968
-25.0223426818847656,-43.0541114807128906,-2.2412998676300049
-18.1851081848144531,-49.2989616394042969,-2.2508592605590820
-8.0989847183227539,-19.4345283508300781,-2.2450985908508301
-18.1776905059814453,-30.8780059814453125,-2.2435414791107178
-17.1893501281738281,-37.8564987182617188,-1.5323886871337891
-1.0203474760055542,-40.4439468383789063,-2.0125472545623779
-11.3054170608520508,-47.8362464904785156,-2.2460215091705322
22.2856655120849609,-45.0079994201660156,-1.5353773832321167
-8.5823307037353516,-47.1732406616210938,-2.2451403141021729
-5.8214020729064941,-14.4456453323364258,-1.5341619253158569
-6.7555384635925293,-39.4788398742675781,-2.2484033107757568
-10.6153059005737305,-47.8464012145996094,-1.5358428955078125
-3.0827808380126953,-33.6549797058105469,-1.5318787097930908
31.6835403442382813,-54.2875366210937500,-1.5369045734405518
-11.3395471572875977,-30.7338523864746094,-1.5376816987991333
-1.5191936492919922,-46.4796104431152344,-1.5384914875030518
-16.5502395629882813,-47.2219276428222656,-2.2456495761871338
-25.9223785400390625,-49.1612167358398438,-1.6318237781524658
-11.2900409698486328,-34.6046905517578125,-2.2431242465972900
-13.3782119750976563,-54.9343872070312500,-1.5319418907165527
32.5805931091308594,-55.6476516723632813,-2.2485430240631104
2.0710618495941162,-34.5688247680664063,-1.5365455150604248
-3.2878687381744385,-30.7992820739746094,-1.5335919857025146
-8.5820217132568359,-28.3718852996826172,-2.2479660511016846
3.7797276973724365,-35.5850563049316406,-1.5270558595657349
16.1168251037597656,-31.7687721252441406,-1.5376595258712769
-13.3821048736572266,-29.1531314849853516,-1.5386984348297119
18.1795024871826172,-26.6393451690673828,-1.5353140830993652
-10.6197738647460938,-33.4533767700195313,-2.2489378452301025
8.5867462158203125,-35.8575935363769531,-2.2518846988677979
-5.4094538688659668,-8.5044927597045898,-1.5371204614639282
-3.3340370655059814,-13.1475858688354492,-1.5334762334823608
2.9113850593566895,-41.7462120056152344,-2.2509140968322754
-17.1509876251220703,-54.4585647583007813,-1.5256251096725464
7.3960137367248535,-11.7788019180297852,-1.5304665565490723
13.3801660537719727,-27.0230712890625000,-2.2451941967010498
5.8222212791442871,-26.2544307708740234,-1.5383270978927612
-1.0123645067214966,-33.5095405578613281,-1.5312067270278931
-10.6183109283447266,-42.1052780151367188,-1.5327941179275513
12.6911106109619141,-32.7036819458007813,-1.5346900224685669
22.2800540924072266,-40.4450187683105469,-2.2443592548370361
20.2131843566894531,-40.4037475585937500,-1.5335317850112915
-7.3462667465209961,-13.7866134643554688,-2.2424926757812500
3.2198529243469238,-40.5941390991210938,-1.5387785434722900
-21.0135002136230469,-33.5922966003417969,-1.5387644767761230
-27.7785205841064453,-46.7215576171875000,-1.5372486114501953
-4.7456431388854980,-9.2506856918334961,-1.5377222299575806
-3.7797000408172607,-42.7930870056152344,-2.2478153705596924
2.5148594379425049,-29.9477100372314453,-1.5299296379089355
25.0166721343994141,-55.6223640441894531,-1.5327692031860352
-8.5781621932983398,-22.9550132751464844,-2.2420036792755127
11.3548440933227539,-17.6809978485107422,-1.5369702577590942
-13.3798751831054688,-54.2530899047851563,-2.2499935626983643
17.4867153167724609,-54.8808174133300781,-1.5337830781936646
10.6151895523071289,-22.5258579254150391,-2.2490766048431396
18.1779766082763672,-44.7744255065917969,-2.2406651973724365
-3.7877690792083740,-34.3419036865234375,-1.5367102622985840
-0.8803769350051880,-6.9127774238586426,-1.5362036228179932
16.7982482910156250,-55.5915260314941406,-1.5341634750366211
-12.5784740447998047,-30.8794727325439453,-1.5350644588470459
27.0879898071289063,-56.3089408874511719,-1.5346627235412598
-27.3910503387451172,-44.4453201293945313,-1.5371972322463989
25.0139732360839844,-51.3790168762207031,-1.5360491275787354
2.5151932239532471,-43.7451133728027344,-2.2441501617431641
-27.7772350311279297,-57.0054283142089844,-1.5355265140533447
-21.5602817535400391,-34.0435295104980469,-2.2417914867401123
3.9867398738861084,-6.8478779792785645,-1.5374486446380615
-12.6719360351562500,-42.6039466857910156,-2.2450573444366455
8.5777940750122070,-47.3075256347656250,-2.2420978546142578
-10.6140594482421875,-46.4218750000000000,-1.5363529920578003
16.0823879241943359,-25.2380695343017578,-2.2498791217803955
-13.3777418136596680,-37.7089958190917969,-1.5347359180450439
-10.9391508102416992,-8.2714385986328125,-1.5371505022048950
15.4219503402709961,-42.6649360656738281,-1.5379661321640015
16.1070709228515625,-55.5999565124511719,-2.2453682422637939
11.9976682662963867,-32.7047462463378906,-2.2461130619049072
15.4180116653442383,-37.5878906250000000,-2.2437994480133057
7.6162686347961426,-46.3318138122558594,-1.5342488288879395
7.1863479614257813,-20.2925014495849609,-2.2441046237945557
2.6910653114318848,-36.3296203613281250,-1.5260698795318604
-12.0013990402221680,-48.5421257019042969,-2.2466123104095459
-16.1631717681884766,-35.0635223388671875,-2.2415935993194580
7.0096702575683594,-44.5960617065429688,-1.5138131380081177
-22.2688732147216797,-34.0437278747558594,-1.5380265712738037
8.4056034088134766,-37.5968933105468750,-2.2437374591827393
10.4091892242431641,-9.3253822326660156,-2.2438576221466064
37.3023223876953125,-55.5297966003417969,-2.2422661781311035
3.4561750888824463,-24.9563312530517578,-2.2428658008575439
12.8510169982910156,-25.9118080139160156,-2.2484898567199707
-16.0656795501708984,-41.8354644775390625,-2.2474648952484131
-22.2852649688720703,-44.1722106933593750,-2.2463133335113525
-2.7862417697906494,-24.9826183319091797,-2.2446339130401611
1.0199887752532959,-18.3558139801025391,-1.5340807437896729
22.9834403991699219,-52.0338554382324219,-2.2451047897338867
-8.5867691040039063,-22.2271747589111328,-1.5367257595062256
-3.2128498554229736,-6.9627704620361328,-2.2429206371307373
30.0958480834960938,-51.8985404968261719,-1.5368727445602417
-7.3144111633300781,-37.8702239990234375,-2.2466769218444824
-27.2997455596923828,-51.3692970275878906,-2.2566664218902588
30.8889217376708984,-53.3776550292968750,-2.2452859878540039
3.7817251682281494,-26.8952751159667969,-2.2460763454437256
-20.9067382812500000,-46.3067626953125000,-1.5345336198806763
17.1420497894287109,-48.4656486511230469,-1.5376958847045898
-22.9872474670410156,-55.3519821166992188,-1.5295165777206421
15.4184160232543945,-30.3647346496582031,-2.2469718456268311
-7.3313298225402832,-6.1278738975524902,-2.2413585186004639
-15.4415960311889648,-39.0983390808105469,-1.5298856496810913
-0.8126427531242371,-9.8400421142578125,-2.2418699264526367
5.7050571441650391,-5.5900750160217285,-1.5387902259826660
-13.3780746459960938,-14.3521032333374023,-2.2448828220367432
-15.4219217300415039,-48.7596092224121094,-2.2481598854064941
-18.1737594604492188,-44.9971008300781250,-1.5287971496582031
-12.6513977050781250,-53.5683097839355469,-2.2467310428619385
-17.5646266937255859,-26.9553890228271484,-2.2463192939758301
18.1816082000732422,-52.0820236206054688,-2.2458777427673340
22.9846820831298828,-38.3073310852050781,-2.2457139492034912
-17.0124530792236328,-22.4934978485107422,-2.2421183586120605
-0.9373106956481934,-6.0615563392639160,-2.2422585487365723
-7.1385173797607422,-33.4937553405761719,-2.2438819408416748
3.7785115242004395,-19.5251846313476563,-1.5371259450912476
8.5821762084960938,-45.0947341918945313,-2.2423946857452393
18.1790370941162109,-47.4478225708007813,-1.5371725559234619
-6.8052868843078613,-54.7145805358886719,-2.2504830360412598
8.5861148834228516,-55.4222412109375000,-1.5189725160598755
-12.6799459457397461,-56.3161468505859375,-2.2465336322784424
18.1839084625244141,-50.4111061096191406,-1.5374827384948730
-4.7798633575439453,-9.9546575546264648,-2.2429568767547607
-8.5796566009521484,-29.7384605407714844,-2.2476162910461426
-1.0205562114715576,-44.7411155700683594,-2.2527723312377930
-17.4071178436279297,-51.2686843872070313,-2.2494497299194336
25.0146179199218750,-50.6720046997070313,-2.2435393333435059
25.0130310058593750,-54.1939849853515625,-1.5361715555191040
-2.9357538223266602,-14.4566478729248047,-2.2489686012268066
7.8523721694946289,-42.0271301269531250,-2.2473697662353516
-12.9049005508422852,-38.8810424804687500,-1.5334315299987793
-36.6278305053710938,-56.2707557678222656,-2.2487308979034424
13.3865890502929688,-34.1159248352050781,-2.2439203262329102
15.9222469329833984,-48.7957077026367188,-1.5368322134017944
22.9808254241943359,-39.0104827880859375,-1.5361151695251465
17.7080039978027344,-32.2183609008789063,-2.2471063137054443
16.8062763214111328,-21.3702144622802734,-1.5340483188629150
13.3830499649047852,-22.1929702758789063,-2.2479746341705322
13.3829879760742188,-47.6871566772460938,-1.5343517065048218
15.4163331985473633,-53.4726295471191406,-2.2450923919677734
10.6187591552734375,-43.9522514343261719,-2.2541279792785645
-6.7623176574707031,-6.5509681701660156,-1.5383374691009521
-1.7518273591995239,-4.6880254745483398,-1.5346283912658691
-6.3726410865783691,-11.3325366973876953,-2.2485756874084473
-17.4648551940917969,-25.0256767272949219,-1.5375462770462036
6.9884424209594727,-20.9584674835205078,-1.5318362712860107
-9.1060056686401367,-9.0985374450683594,-1.5382194519042969
-11.5208778381347656,-11.5837230682373047,-1.5374599695205688
-35.9434928894042969,-57.0011215209960938,-2.2515797615051270
-12.6450595855712891,-26.8033809661865234,-2.2468879222869873
-7.1184930801391602,-11.9848423004150391,-2.2455866336822510
3.3092696666717529,-23.5161514282226563,-1.5286073684692383
-27.7784080505371094,-45.7247734069824219,-1.5352362394332886
-15.4217357635498047,-26.4705390930175781,-1.5378255844116211
-20.2097244262695313,-49.8162956237792969,-1.5355669260025024
10.6219940185546875,-21.8525543212890625,-1.5286502838134766
-25.9930438995361328,-53.1273002624511719,-2.2505059242248535
8.5811567306518555,-54.7584838867187500,-2.2477965354919434
31.8661918640136719,-52.9054298400878906,-1.5357239246368408
7.8996834754943848,-51.0677375793457031,-2.2417535781860352
-15.9206733703613281,-44.2814598083496094,-1.5301502943038940
6.3011450767517090,-39.1662406921386719,-1.5339335203170776
25.6980285644531250,-48.5465736389160156,-2.2469623088836670
2.0167620182037354,-36.2593727111816406,-2.2464816570281982
-3.7802720069885254,-27.3447494506835938,-2.2452752590179443
12.6931896209716797,-34.1217117309570313,-1.5345993041992188
2.5956835746765137,-48.1077461242675781,-1.5309060811996460
-4.0732994079589844,-9.9886045455932617,-1.5375515222549438
-17.4514713287353516,-47.6378631591796875,-2.2471749782562256
-7.8495564460754395,-39.6663246154785156,-1.5353629589080811
3.0724895000457764,-32.9212570190429688,-2.2429673671722412
2.0491981506347656,-23.0808944702148438,-2.2538235187530518
5.8868179321289063,-12.0523996353149414,-2.2466478347778320
0.7791281342506409,-4.1688456535339355,-2.2466552257537842
-34.6177978515625000,-55.5084075927734375,-2.2451758384704590
8.7354459762573242,-11.4702091217041016,-1.5360209941864014
31.9949645996093750,-49.5764923095703125,-2.2415404319763184
10.6148252487182617,-29.8671035766601563,-2.2438697814941406
-12.6283760070800781,-19.4894504547119141,-1.5387732982635498
35.9530754089355469,-57.0025634765625000,-2.2505924701690674
7.8805055618286133,-42.7165260314941406,-1.5357627868652344
-17.5422992706298828,-31.8641986846923828,-2.2494199275970459
25.7154560089111328,-44.9514350891113281,-1.5345906019210815
5.8191194534301758,-33.2091598510742188,-2.2488031387329102
13.3853616714477539,-38.3689956665039063,-2.2441222667694092
-12.6754379272460938,-44.0000610351562500,-2.2434475421905518
20.2212677001953125,-46.4321136474609375,-2.2487747669219971
-13.3197345733642578,-12.3409185409545898,-1.5359874963760376
5.8167943954467773,-51.2390975952148438,-1.5342690944671631
-4.3962187767028809,-6.0589385032653809,-2.2412002086639404
6.1668562889099121,-8.1712083816528320,-2.2422051429748535
-11.0185680389404297,-9.6830492019653320,-1.5383260250091553
-15.4221143722534180,-23.0899238586425781,-1.5386013984680176
-7.8789930343627930,-22.8995018005371094,-1.5339503288269043
16.7807292938232422,-52.7882766723632813,-1.5326777696609497
13.3843994140625000,-31.2840747833251953,-2.2431507110595703
-10.6218929290771484,-23.3401794433593750,-1.5337096452713013
-16.1465129852294922,-52.3822517395019531,-1.5334677696228027
-22.9846191406250000,-44.8789482116699219,-2.2438962459564209
1.8873913288116455,-28.0023593902587891,-1.5382385253906250
-13.4293127059936523,-10.6462831497192383,-2.2400016784667969
-3.7791934013366699,-29.3161735534667969,-2.2214889526367188
13.3879404067993164,-35.5311965942382813,-2.2464635372161865
16.9577102661132813,-45.1906051635742188,-2.2413010597229004
-7.4521818161010742,-7.4761166572570801,-1.5371246337890625
-20.2149467468261719,-44.8775939941406250,-2.2451465129852295
-8.5603590011596680,-42.0169105529785156,-2.2535145282745361
17.4581279754638672,-31.0193309783935547,-1.5335371494293213
7.7300696372985840,-37.7765808105468750,-1.5325777530670166
-8.5793619155883789,-38.9742317199707031,-1.5365757942199707
15.4166440963745117,-41.0589141845703125,-1.5316128730773926
-2.6203722953796387,-33.1956138610839844,-2.2636971473693848
25.0114269256591797,-54.8961563110351563,-2.2446043491363525
7.1885323524475098,-52.6670341491699219,-1.5342624187469482
-8.5843763351440430,-55.6541175842285156,-2.2571406364440918
12.1867656707763672,-9.9524450302124023,-1.5386599302291870
-16.0334701538085938,-28.1262931823730469,-2.2449629306793213
12.0290098190307617,-53.4935188293457031,-2.2492673397064209
-31.2289352416992188,-51.7489585876464844,-1.5376271009445190
-12.6917524337768555,-47.8328514099121094,-2.2449815273284912
7.3124394416809082,-46.9472122192382813,-2.2486457824707031
25.7065505981445313,-47.8199386596679688,-1.5326633453369141
-8.5927076339721680,-26.0959968566894531,-1.5333995819091797
-12.5877628326416016,-15.1348295211791992,-2.2474448680877686
-4.0156269073486328,-8.5726709365844727,-1.5333927869796753
-6.5524373054504395,-38.5108108520507813,-2.2473468780517578
-26.2150306701660156,-47.5734367370605469,-2.2434163093566895
-11.7802257537841797,-28.8601989746093750,-2.2568774223327637
25.0184822082519531,-57.0034027099609375,-1.5334190130233765
1.0208727121353149,-42.6205253601074219,-1.5361225605010986
-10.6198701858520508,-25.6574878692626953,-2.2515509128570557
1.7323077917098999,-41.9257545471191406,-1.5288491249084473
-7.2157592773437500,-51.4264869689941406,-2.2479932308197021
6.9592661857604980,-6.5209527015686035,-2.2436361312866211
-18.1803665161132813,-35.0048179626464844,-2.2302374839782715
16.9850692749023438,-29.8280124664306641,-1.5353904962539673
9.7755823135375977,-7.6925168037414551,-2.2432234287261963
2.1462802886962891,-55.8805351257324219,-2.2536618709564209
-5.8722810745239258,-12.3699035644531250,-2.2465770244598389
-8.5211505889892578,-14.2998981475830078,-2.2491152286529541
5.8145637512207031,-16.0961093902587891,-1.5294063091278076
5.8195672035217285,-13.3920812606811523,-1.5341184139251709
27.7867527008056641,-53.4984855651855469,-2.2434277534484863
-3.7744827270507813,-30.3008155822753906,-2.2429199218750000
-11.3060808181762695,-46.4130706787109375,-2.2463819980621338
-5.8215732574462891,-54.5512924194335938,-2.2412760257720947
-1.0189474821090698,-43.0782279968261719,-1.5343732833862305
12.6099233627319336,-45.7049827575683594,-1.5386548042297363
8.5819616317749023,-13.5905809402465820,-2.2438986301422119
34.6222038269042969,-55.2642364501953125,-1.5387239456176758
20.2164821624755859,-57.0055274963378906,-1.5363875627517700
-1.4888372421264648,-31.4070472717285156,-1.5387929677963257
-6.6284294128417969,-37.8426361083984375,-1.5266177654266357
-8.3514308929443359,-8.3838825225830078,-1.5363672971725464
-2.6156728267669678,-41.9281387329101563,-1.5350953340530396
-3.0908939838409424,-48.8547058105468750,-1.5376850366592407
27.7826099395751953,-45.6781730651855469,-1.5359475612640381
-26.4270591735839844,-48.5484466552734375,-2.2414140701293945
-13.3880720138549805,-49.9564208984375000,-2.2459321022033691
15.4372453689575195,-33.9525108337402344,-1.5363807678222656
27.0944480895996094,-44.9570693969726563,-1.5323901176452637
-18.1827106475830078,-34.0111236572265625,-2.2434375286102295
-26.6598987579345703,-53.7599716186523438,-1.5382941961288452
15.4181118011474609,-38.9911117553710938,-2.2439603805541992
17.4840526580810547,-54.1813011169433594,-2.2441143989562988
-11.2953748703002930,-45.0181732177734375,-2.2462203502655029
22.9841766357421875,-53.4603233337402344,-2.2436711788177490
7.8703374862670898,-54.0707168579101563,-2.2461636066436768
6.6045947074890137,-48.4118957519531250,-1.5374670028686523
-13.3785400390625000,-30.1447257995605469,-1.5342831611633301
18.1810779571533203,-38.1337013244628906,-2.2435483932495117
-11.4138069152832031,-40.8225936889648438,-2.2471754550933838
-7.3054351806640625,-14.4910755157470703,-1.5373266935348511
-6.5634984970092773,-19.5646095275878906,-2.2436270713806152
-3.7211127281188965,-57.0072250366210938,-1.5328327417373657
-3.2883837223052979,-23.8087654113769531,-2.2447187900543213
2.2052464485168457,-56.5403709411621094,-1.5284795761108398
3.7787086963653564,-17.0514888763427734,-2.2420096397399902
16.1177406311035156,-38.2890968322753906,-2.2449557781219482
20.2218036651611328,-43.3929176330566406,-1.5361272096633911
-17.2098770141601563,-46.9801673889160156,-1.5373601913452148
-7.1798586845397949,-56.3039779663085938,-1.5348732471466064
-18.1802997589111328,-53.9103698730468750,-1.5279886722564697
0.5785548090934753,-10.0764923095703125,-1.5381360054016113
16.0341491699218750,-26.6271286010742188,-2.2492556571960449
27.7854385375976563,-51.3697433471679688,-1.5366977453231812
-3.7856683731079102,-53.2789497375488281,-1.5349602699279785
-22.9873447418212891,-48.4224700927734375,-1.5354007482528687
16.8493995666503906,-34.4471321105957031,-1.5352280139923096
18.1498374938964844,-46.4561347961425781,-1.5356427431106567
-1.6584966182708740,-2.1516141891479492,-1.8450672626495361
-7.9131517410278320,-26.1036148071289063,-2.2463669776916504
-3.4397382736206055,-8.1969070434570313,-2.2458128929138184
3.7777080535888672,-53.6512031555175781,-1.5324940681457520
12.6829433441162109,-43.5542297363281250,-2.2464265823364258
-3.8093836307525635,-4.4783635139465332,-2.2423458099365234
-7.0037469863891602,-30.6223564147949219,-1.5388348102569580
-17.9576244354248047,-37.3153533935546875,-2.2502551078796387
-7.8401074409484863,-12.6608037948608398,-2.2424917221069336
2.9458792209625244,-10.2277059555053711,-1.5359878540039063
1.0166498422622681,-22.3816986083984375,-2.2497434616088867
-6.9881038665771484,-23.4694576263427734,-2.2426519393920898
3.1212348937988281,-13.7573471069335938,-1.5374579429626465
-1.0132360458374023,-26.5851745605468750,-1.5328896045684814
22.9811229705810547,-46.6042213439941406,-1.5312085151672363
-5.8201889991760254,-22.6015148162841797,-2.2452502250671387
11.4556636810302734,-46.1317558288574219,-1.5370320081710815
10.9089488983154297,-8.1909074783325195,-2.2417778968811035
16.4728679656982422,-48.2414321899414063,-2.2424552440643311
3.0514769554138184,-55.6465225219726563,-1.5339289903640747
2.9260478019714355,-7.5807051658630371,-1.5357413291931152
16.1097660064697266,-57.0083236694335938,-2.2452878952026367
-5.8195724487304688,-46.2154273986816406,-2.2457695007324219
-0.2027026563882828,-6.7357540130615234,-2.2442946434020996
6.5264658927917480,-57.0047836303710938,-2.2430698871612549
12.1436233520507813,-11.8209276199340820,-1.5344989299774170
3.3258073329925537,-29.3798694610595703,-1.5277891159057617
-15.8913145065307617,-21.2095756530761719,-1.5384426116943359
-6.5301156044006348,-27.5182476043701172,-2.2460029125213623
-5.8118948936462402,-28.1849460601806641,-2.2513616085052490
-12.4014968872070313,-40.1850929260253906,-2.2473196983337402
-34.6215324401855469,-54.0543632507324219,-2.2413625717163086
-12.2068843841552734,-38.8410263061523438,-2.2437922954559326
20.2168979644775391,-47.1000823974609375,-1.5325007438659668
3.0478184223175049,-50.3305282592773438,-1.5330611467361450
5.1842303276062012,-9.4036760330200195,-1.5326772928237915
-5.8150839805603027,-39.1746673583984375,-2.2467546463012695
-5.8086495399475098,-47.2063179016113281,-2.2504174709320068
6.4596762657165527,-16.2585563659667969,-2.2522749900817871
-5.8184247016906738,-16.8161201477050781,-1.5365481376647949
-3.3557415008544922,-40.6026268005371094,-2.2536518573760986
-27.2890586853027344,-46.2217063903808594,-2.2444071769714355
2.9474792480468750,-35.0417022705078125,-1.5263416767120361
-16.6780891418457031,-50.5842285156250000,-2.2460455894470215
-11.7570724487304688,-35.8928146362304688,-2.2515103816986084
15.4195022583007813,-41.9615478515625000,-2.2448174953460693
-20.2147254943847656,-48.4230957031250000,-1.5358483791351318
-22.2915287017822266,-44.8901100158691406,-1.5344196557998657
17.7163619995117188,-41.6123008728027344,-2.2512195110321045
4.3482017517089844,-9.2177219390869141,-2.2413749694824219
-8.5776519775390625,-12.6081457138061523,-1.5370632410049438
-8.5781154632568359,-23.6631851196289063,-1.5387003421783447
8.5782203674316406,-35.1697349548339844,-1.5344302654266357
-12.5622940063476563,-20.1952247619628906,-2.2417373657226563
-13.3836603164672852,-34.7249450683593750,-2.2448375225067139
-15.4152717590332031,-47.7701377868652344,-2.2479741573333740
-15.4217300415039063,-24.0874595642089844,-1.5372179746627808
-1.6825774908065796,-26.5700054168701172,-2.2530920505523682
-5.8220605850219727,-18.8823356628417969,-2.2416141033172607
16.7971229553222656,-24.2439231872558594,-1.5337928533554077
15.4175882339477539,-52.7769355773925781,-1.5339093208312988
7.2471404075622559,-36.6335144042968750,-1.5352571010589600
-13.3794612884521484,-13.0322961807250977,-2.2464990615844727
-5.0976748466491699,-6.2142577171325684,-1.5386698246002197
1.0207958221435547,-55.6225700378417969,-1.5329214334487915
11.3857965469360352,-48.8895645141601563,-1.5284764766693115
7.1764864921569824,-53.3695335388183594,-2.2438471317291260
-16.9692211151123047,-37.2124557495117188,-2.2509031295776367
6.9751377105712891,-42.7043266296386719,-2.2455840110778809
-29.8175678253173828,-57.0046615600585938,-2.2434742450714111
2.2537348270416260,-10.3612632751464844,-2.2422056198120117
-10.6168088912963867,-44.0668792724609375,-1.5329090356826782
-6.5597786903381348,-35.1318168640136719,-1.5329809188842773
20.2190723419189453,-38.9803314208984375,-1.5370377302169800
-20.9307765960693359,-54.2592544555664063,-2.2475643157958984
1.8561775684356689,-46.9476814270019531,-2.2434282302856445
-10.6175098419189453,-40.7671508789062500,-1.5310198068618774
-18.1800422668457031,-37.9484252929687500,-1.5287432670593262
-3.3057250976562500,-44.6749954223632813,-1.5335191488265991
-12.6817417144775391,-37.7079772949218750,-2.2532665729522705
-13.3785886764526367,-51.4697341918945313,-2.2426605224609375
-0.6524227261543274,-8.1738662719726563,-1.5355950593948364
-6.7754082679748535,-54.0571098327636719,-1.5210549831390381
-5.8212251663208008,-29.8422832489013672,-1.5392581224441528
10.6100273132324219,-52.1366157531738281,-2.2492840290069580
7.1567115783691406,-42.0346603393554688,-1.5329836606979370
-3.2398068904876709,-29.8027229309082031,-1.5380086898803711
-16.1455459594726563,-53.0735054016113281,-2.2463667392730713
-21.6030750274658203,-49.8336868286132813,-1.5335805416107178
-3.7835850715637207,-32.9553604125976563,-1.5368717908859253
27.7848167419433594,-49.9572486877441406,-1.5364431142807007
-22.9786911010742188,-54.6790618896484375,-2.2495896816253662
11.7141065597534180,-14.9465808868408203,-1.5350017547607422
-5.8146128654479980,-48.5805053710937500,-2.2454495429992676
11.3175086975097656,-40.5041542053222656,-2.2439210414886475
7.2319436073303223,-57.0063591003417969,-1.5375343561172485
13.3844938278198242,-31.9935836791992188,-1.5368483066558838
-7.4395956993103027,-42.5540313720703125,-2.2519404888153076
-3.1571481227874756,-36.6262016296386719,-2.2419393062591553
16.8022632598876953,-56.3024139404296875,-2.2460136413574219
-10.6205453872680664,-24.3335876464843750,-1.5393124818801880
-12.6578216552734375,-41.9105148315429688,-1.5349539518356323
1.5362706184387207,-45.1188468933105469,-2.2446084022521973
-21.9947185516357422,-38.6424369812011719,-1.5350774526596069
1.4141376018524170,-15.7931547164916992,-2.2472043037414551
27.0865402221679688,-54.9089851379394531,-1.5344519615173340
10.6172752380371094,-24.9226303100585938,-1.5312225818634033
-13.3643350601196289,-17.4201869964599609,-1.5322585105895996
-1.8522516489028931,-37.5591773986816406,-1.5372684001922607
-3.0756511688232422,-12.4958372116088867,-2.2469220161437988
-22.2898197174072266,-40.6376457214355469,-1.5348017215728760
-26.3581867218017578,-50.0540390014648438,-1.5329267978668213
-1.6515315771102905,-6.1273427009582520,-1.5383147001266479
18.1822128295898438,-27.3279666900634766,-2.2492630481719971
5.5736155509948730,-6.3135385513305664,-2.2436811923980713
2.4381673336029053,-7.0890922546386719,-2.2443871498107910
5.8215441703796387,-30.2302513122558594,-1.5329602956771851
-17.2207908630371094,-31.2636508941650391,-1.5328054428100586
13.3783779144287109,-44.9643859863281250,-1.5359262228012085
-6.3243803977966309,-45.7282028198242188,-1.5376269817352295
-1.6988178491592407,-14.0791931152343750,-2.2434370517730713
12.6911859512329102,-31.9952468872070313,-2.2457253932952881
11.3108434677124023,-39.0920677185058594,-2.2470626831054688
-31.1699752807617188,-53.4485397338867188,-1.5372965335845947
4.6440377235412598,-8.5734195709228516,-1.5376752614974976
1.5299267768859863,-35.7449264526367188,-1.5384085178375244
12.6899261474609375,-29.1553897857666016,-2.2453069686889648
8.0933790206909180,-56.5112876892089844,-1.5351155996322632
8.5821390151977539,-53.3743095397949219,-2.2454702854156494
-10.4437036514282227,-7.4051756858825684,-1.5410349369049072
-20.2157325744628906,-44.1768798828125000,-1.5361870527267456
-16.3630371093750000,-43.3978958129882813,-1.5333368778228760
-16.9946022033691406,-41.1945228576660156,-1.5291850566864014
8.5789346694946289,-30.7309570312500000,-2.2473723888397217
-16.6778049468994141,-51.9500656127929688,-2.2482984066009521
12.0001459121704102,-56.2959861755371094,-2.2464115619659424
-25.0191211700439453,-54.0521774291992188,-2.2473056316375732
18.1825714111328125,-37.4331321716308594,-1.5329452753067017
8.4794292449951172,-18.1012611389160156,-2.2433328628540039
12.1423463821411133,-24.1742324829101563,-2.2498574256896973
13.3834085464477539,-30.5701141357421875,-1.5358935594558716
22.2739219665527344,-41.8537330627441406,-2.2439813613891602
-26.4947528839111328,-51.9541282653808594,-2.2436647415161133
-5.8143301010131836,-44.2408256530761719,-2.2446424961090088
8.0767259597778320,-28.2672557830810547,-1.5364053249359131
-12.6561145782470703,-54.9356384277343750,-2.2473790645599365
1.0204956531524658,-53.9410743713378906,-2.2470245361328125
-0.3491005003452301,-1.3977243900299072,-2.2411334514617920
3.7800440788269043,-29.8739871978759766,-2.2504737377166748
13.3813352584838867,-18.0603504180908203,-2.2466425895690918
-18.1808719635009766,-41.3671188354492188,-2.2477433681488037
13.3802909851074219,-52.0374412536621094,-2.2438428401947021
-7.1869997978210449,-49.2847633361816406,-1.5348118543624878
-10.6163396835327148,-49.2585220336914063,-1.5368385314941406
-10.6165618896484375,-37.6908073425292969,-2.2500045299530029
-17.5503940582275391,-22.0359191894531250,-1.5378291606903076
-3.0289616584777832,-3.8581290245056152,-2.2422323226928711
-25.8326721191406250,-48.1664466857910156,-1.5371117591857910
11.9968643188476563,-29.8640537261962891,-2.2455601692199707
21.4989376068115234,-36.0321350097656250,-1.6749099493026733
-16.2441692352294922,-31.8607597351074219,-2.2469530105590820
-1.0243772268295288,-55.3702850341796875,-1.5327776670455933
11.9993782043457031,-31.9945983886718750,-1.5340209007263184
-6.0532650947570801,-6.5761508941650391,-2.2415435314178467
18.1796379089355469,-34.7975273132324219,-1.5300995111465454
-26.1133823394775391,-44.6852226257324219,-1.5369696617126465
8.0730991363525391,-27.2758903503417969,-1.5374112129211426
-26.7553691864013672,-49.4893417358398438,-2.2457554340362549
17.4954338073730469,-21.3828697204589844,-2.2474400997161865
2.8012256622314453,-16.5381221771240234,-1.5382555723190308
11.7446193695068359,-44.9124412536621094,-1.5362751483917236
-16.8009052276611328,-39.2475547790527344,-1.5295057296752930
3.4849109649658203,-8.7138137817382813,-2.2486720085144043
-5.8201541900634766,-36.4987144470214844,-2.2506222724914551
20.9077796936035156,-53.4633178710937500,-1.5335774421691895
20.9091281890869141,-47.7966117858886719,-1.5321573019027710
-3.0413234233856201,-39.9994659423828125,-1.5324131250381470
15.4128046035766602,-25.2183952331542969,-1.5328613519668579
-7.2108497619628906,-46.4888305664062500,-1.5290796756744385
-15.8754682540893555,-54.9821586608886719,-2.2506332397460938
-1.5237774848937988,-18.2037162780761719,-2.2420279979705811
-17.0308780670166016,-35.9526290893554688,-2.2497897148132324
-18.1786975860595703,-31.5747299194335938,-1.5367511510848999
2.1831176280975342,-42.4165191650390625,-2.2479059696197510
-2.4319252967834473,-12.7358188629150391,-1.5332069396972656
-11.8049306869506836,-54.4130859375000000,-2.2412543296813965
-32.5814361572265625,-54.8574485778808594,-1.5366886854171753
15.4205093383789063,-43.6628990173339844,-1.5371444225311279
17.4784736633300781,-26.6350746154785156,-2.2462136745452881
-9.2974119186401367,-6.1391963958740234,-2.2411909103393555
11.3202991485595703,-52.8093910217285156,-2.2470960617065430
-5.8147721290588379,-33.7698402404785156,-2.2476274967193604
-2.5953490734100342,-49.4805679321289063,-2.2471694946289063
-26.2978191375732422,-46.3137550354003906,-2.2414479255676270
-17.3825111389160156,-51.9485931396484375,-1.5315911769866943
-2.0214588642120361,-57.0061111450195313,-2.2446675300598145
-1.0219568014144897,-22.1481533050537109,-2.2473497390747070
1.0201199054718018,-50.2681961059570313,-1.5366669893264771
13.3824768066406250,-39.7908515930175781,-2.2456090450286865
8.0758552551269531,-26.2861576080322266,-1.5370815992355347
-1.5723001956939697,-38.5878105163574219,-2.2410471439361572
7.2363038063049316,-56.3071022033691406,-2.2454738616943359
17.2018013000488281,-36.1096496582031250,-2.2445466518402100
-8.5793666839599609,-38.2683448791503906,-2.2426788806915283
22.4902286529541016,-47.0883445739746094,-2.2435841560363770
1.5003479719161987,-43.1303253173828125,-2.2469811439514160
36.6258010864257813,-57.0013961791992188,-1.5301685333251953
-18.1779479980468750,-21.7102146148681641,-2.2415447235107422
31.5623207092285156,-50.8095359802246094,-1.5376877784729004
-32.5814399719238281,-57.0012474060058594,-2.2448015213012695
26.3962249755859375,-54.2013435363769531,-1.5342899560928345
-6.5344877243041992,-21.9133930206298828,-2.2437965869903564
12.0038471221923828,-36.2454261779785156,-1.5355978012084961
15.4223928451538086,-46.6386070251464844,-1.5320434570312500
11.9947185516357422,-52.7652740478515625,-1.5320928096771240
12.0209465026855469,-40.4980583190917969,-1.5349117517471313
-20.2142219543457031,-46.3093681335449219,-2.2443659305572510
-18.1812076568603516,-55.6244583129882813,-2.2498140335083008
15.4185209274291992,-47.3107833862304688,-2.2485318183898926
-21.5628967285156250,-34.7503852844238281,-1.5377135276794434
-17.1790752410888672,-27.8752727508544922,-2.2414503097534180
-3.7782320976257324,-17.9704093933105469,-1.5328119993209839
-1.0214295387268066,-54.0125541687011719,-1.5345693826675415
25.7095108032226563,-51.3774833679199219,-2.2452874183654785
1.5396586656570435,-13.4548988342285156,-2.2494001388549805
-1.5626146793365479,-29.1137351989746094,-2.2433607578277588
16.4008369445800781,-28.3082733154296875,-2.2411966323852539
-2.2163372039794922,-54.4304161071777344,-1.5233294963836670
20.9208908081054688,-37.5624313354492188,-2.2442386150360107
20.9254322052001953,-50.6068000793457031,-1.5375432968139648
34.6154670715332031,-57.0035247802734375,-2.2474954128265381
-8.5789470672607422,-19.9263420104980469,-1.5279866456985474
-18.1811084747314453,-45.6468353271484375,-2.2553167343139648
-15.8682231903076172,-25.9312705993652344,-2.2458374500274658
3.3971500396728516,-12.2521228790283203,-2.2482419013977051
-1.7650549411773682,-3.9645402431488037,-2.2417385578155518
-2.7814383506774902,-20.3296737670898438,-1.5359904766082764
-3.1713926792144775,-51.5625076293945313,-2.2417962551116943
27.0854396820068359,-57.0095901489257813,-2.2438471317291260
-16.3972492218017578,-33.4070358276367188,-2.2435121536254883
1.0164160728454590,-41.2425498962402344,-1.5315672159194946
6.5302801132202148,-34.5654907226562500,-1.5335940122604370
12.6893348693847656,-29.8587322235107422,-1.5349493026733398
11.5378885269165039,-22.1704063415527344,-2.2453505992889404
32.5799789428710938,-57.0074234008789063,-2.2461831569671631
-17.5483207702636719,-24.0318622589111328,-1.5380599498748779
1.5866544246673584,-17.3182621002197266,-1.5328010320663452
-18.1816444396972656,-42.3596725463867188,-2.2460327148437500
5.3826990127563477,-7.0346755981445313,-1.5375721454620361
1.0194183588027954,-29.8454418182373047,-1.5350042581558228
-13.3835144042968750,-45.6995429992675781,-2.2438783645629883
20.9390239715576172,-47.1230621337890625,-2.2499046325683594
1.0204379558563232,-36.2467460632324219,-2.2419247627258301
2.3299753665924072,-20.3490695953369141,-1.5347555875778198
-25.0176067352294922,-49.7350311279296875,-1.5371717214584351
-8.5782842636108398,-29.0547447204589844,-1.5321332216262817
-16.6670589447021484,-27.3785781860351563,-1.5400036573410034
-10.9460411071777344,-36.7601509094238281,-2.2477178573608398
18.1819190979003906,-23.5308628082275391,-2.2432956695556641
16.1375560760498047,-29.6812992095947266,-2.2446494102478027
5.8540720939636230,-19.2500514984130859,-2.2400047779083252
3.7804858684539795,-24.0180435180664063,-2.2433559894561768
12.0115299224853516,-27.0256233215332031,-2.2497234344482422
3.7787294387817383,-57.0054321289062500,-2.2440264225006104
11.8397703170776367,-13.9583692550659180,-1.5374642610549927
7.2715997695922852,-41.0110778808593750,-2.2449855804443359
9.6489143371582031,-8.6822996139526367,-2.2441439628601074
-21.1870803833007813,-51.4550666809082031,-1.5264546871185303
-3.1205081939697266,-38.1918716430664063,-1.5351793766021729
10.6172094345092773,-27.7127609252929688,-1.5353649854660034
-12.6932172775268555,-48.5397186279296875,-1.5344717502593994
-12.6645965576171875,-57.0052032470703125,-1.5353207588195801
13.3809223175048828,-51.3421287536621094,-1.5343044996261597
10.6157341003417969,-34.1282997131347656,-2.2434344291687012
6.6793360710144043,-15.6050090789794922,-1.5356742143630981
-25.0200042724609375,-51.0520248413085938,-2.2492086887359619
10.6199760437011719,-45.5870933532714844,-1.5271439552307129
10.1203136444091797,-7.0750074386596680,-1.5386352539062500
-11.4043684005737305,-41.5077018737792969,-1.5328779220581055
-31.8948554992675781,-57.0039596557617188,-1.5324625968933105
-7.3588848114013672,-18.7687397003173828,-2.2477619647979736
0.0396671183407307,-8.0904817581176758,-2.2486310005187988
-3.7788877487182617,-47.0698928833007813,-1.5212827920913696
-1.9518170356750488,-55.0195503234863281,-2.2547681331634521
-2.2453980445861816,-46.4602699279785156,-2.2421183586120605
-6.3434267044067383,-30.3636569976806641,-2.2417166233062744
-10.6205682754516602,-15.5222549438476563,-1.5374108552932739
-20.2157344818115234,-54.9405746459960938,-2.2473309040069580
-3.1193051338195801,-16.4197235107421875,-2.2442350387573242
2.0009698867797852,-15.3798017501831055,-1.5356668233871460
-10.6211833953857422,-16.9179649353027344,-1.5321948528289795
-2.2502145767211914,-47.1586990356445313,-1.5318332910537720
16.1202468872070313,-51.3425712585449219,-2.2448310852050781
6.5247368812561035,-55.6057281494140625,-2.2434866428375244
-18.1728191375732422,-35.9975776672363281,-2.2459633350372314
11.3048229217529297,-29.8594112396240234,-1.5338327884674072
-3.7675733566284180,-31.9658126831054688,-1.5332126617431641
20.2146835327148438,-54.1717033386230469,-1.5364801883697510
12.2399682998657227,-49.0973854064941406,-2.0049717426300049
8.2880792617797852,-10.0104217529296875,-1.5381290912628174
-18.1804027557373047,-29.8832225799560547,-2.2419545650482178
35.8380470275878906,-54.0682487487792969,-2.2412385940551758
6.3185644149780273,-22.0941066741943359,-1.5363714694976807
3.3876216411590576,-6.4736418724060059,-2.2428469657897949
3.0829377174377441,-49.6389389038085938,-2.2474355697631836
-2.2331373691558838,-27.3799266815185547,-2.2410535812377930
12.6625118255615234,-51.3444747924804688,-2.2450361251831055
-20.6117897033691406,-35.7305793762207031,-2.2449936866760254
3.2323384284973145,-11.5837011337280273,-1.5340765714645386
11.9108619689941406,-45.5947074890136719,-2.2424092292785645
-15.5708122253417969,-45.7989768981933594,-2.2441403865814209
15.4154586791992188,-52.0435905456542969,-2.2451708316802979
17.4379405975341797,-36.7670783996582031,-1.5347555875778198
1.7281290292739868,-46.2632637023925781,-1.5314105749130249
16.7697200775146484,-25.9494056701660156,-2.2436542510986328
18.1782321929931641,-49.4251403808593750,-1.5380638837814331
12.7035284042358398,-14.4583473205566406,-1.5319805145263672
6.9506707191467285,-30.0462017059326172,-1.5329824686050415
10.5037755966186523,-11.5244474411010742,-2.2448782920837402
-1.0182189941406250,-30.5417518615722656,-1.5370217561721802
-1.5177541971206665,-3.0903983116149902,-1.5386309623718262
10.6198463439941406,-19.5005264282226563,-1.5324145555496216
-26.6358070373535156,-43.7934455871582031,-1.5382274389266968
22.5307006835937500,-48.7968940734863281,-1.5285161733627319
6.6059846878051758,-47.0318336486816406,-1.5320359468460083
-5.8223767280578613,-13.0608844757080078,-1.5346364974975586
-13.3820848464965820,-25.4736671447753906,-1.5312672853469849
20.2180633544921875,-39.7006912231445313,-2.2433483600616455
-0.2008941322565079,-9.4523687362670898,-1.5373202562332153
-15.4210395812988281,-34.3955421447753906,-2.2481026649475098
2.3034353256225586,-25.3727436065673828,-2.2437994480133057
16.7835655212402344,-53.4797782897949219,-2.2455210685729980
-3.0198872089385986,-57.0027313232421875,-2.2425720691680908
15.4169912338256836,-40.3787841796875000,-2.2469174861907959
25.0170135498046875,-47.1037712097167969,-1.5363627672195435
3.3074285984039307,-27.3984222412109375,-1.5304470062255859
15.4197216033935547,-35.9326400756835938,-1.5285871028900146
8.0646171569824219,-25.2981548309326172,-1.5380907058715820
7.2918496131896973,-45.7094726562500000,-2.2428801059722900
12.0399484634399414,-41.1870613098144531,-2.2452964782714844
12.1020917892456055,-47.5455818176269531,-2.2486102581024170
25.7146377563476563,-44.2270584106445313,-2.2453780174255371
7.3576507568359375,-23.1444568634033203,-1.5371659994125366
1.8647624254226685,-14.3941860198974609,-1.5376157760620117
3.4258420467376709,-20.4671726226806641,-1.5298348665237427
-7.5861506462097168,-53.1751136779785156,-1.5376906394958496
-15.4184799194335938,-25.4122619628906250,-1.5338077545166016
-10.6464958190917969,-32.7721824645996094,-1.5326471328735352
-3.0577569007873535,-42.8061485290527344,-1.5332784652709961
22.9789676666259766,-44.9464950561523438,-2.2469923496246338
32.5782623291015625,-51.2084121704101563,-1.5378170013427734
18.1809272766113281,-36.1056594848632813,-1.5265893936157227
-31.8860321044921875,-55.5684242248535156,-1.5352001190185547
30.8025798797607422,-51.4176712036132813,-2.2429554462432861
21.5840740203857422,-40.4317359924316406,-1.5354123115539551
-11.9614715576171875,-28.2124481201171875,-1.5328513383865356
22.9850330352783203,-55.5906143188476563,-1.5358328819274902
1.0186200141906738,-43.6112518310546875,-1.5336556434631348
18.1849613189697266,-53.4817962646484375,-2.2449707984924316
-2.0143823623657227,-56.3227806091308594,-1.5326406955718994
-1.0218670368194580,-27.5742855072021484,-1.6044846773147583
7.5420289039611816,-25.7717247009277344,-2.2424905300140381
-6.5300850868225098,-52.1358451843261719,-2.2455918788909912
6.8051700592041016,-23.5745010375976563,-2.2492997646331787
21.6177921295166016,-37.5533142089843750,-1.5355770587921143
-12.5949096679687500,-15.8268938064575195,-1.5339022874832153
7.2408175468444824,-37.3199920654296875,-2.2504708766937256
-1.0590845346450806,-4.6691517829895020,-2.2464711666107178
22.2611694335937500,-49.9645042419433594,-2.2496607303619385
7.5797061920166016,-28.7613430023193359,-2.2434730529785156
-7.8715949058532715,-31.1159687042236328,-1.5294250249862671
11.0691900253295898,-45.0782356262207031,-2.2507185935974121
27.0963306427001953,-52.7887077331542969,-2.2460200786590576
1.0208617448806763,-37.2372817993164063,-2.2422180175781250
18.1705703735351563,-31.0230941772460938,-2.2488570213317871
1.4898561239242554,-55.1213073730468750,-2.2494273185729980
32.0828475952148438,-51.7105674743652344,-2.2436418533325195
25.0131988525390625,-53.4893646240234375,-2.2438862323760986
-22.2863960266113281,-49.8589363098144531,-2.2468488216400146
12.6898469924926758,-57.0077209472656250,-2.2457313537597656
6.0261635780334473,-11.3748540878295898,-1.5344249010086060
-1.0180270671844482,-50.2763900756835938,-1.5251654386520386
15.4208784103393555,-31.0542716979980469,-1.5341384410858154
-13.3836135864257813,-37.0182876586914063,-2.2484152317047119
8.8005485534667969,-9.5241975784301758,-2.2420446872711182
-20.2167682647705078,-40.6291923522949219,-2.2434148788452148
15.4200706481933594,-20.6529560089111328,-2.2425844669342041
-12.8692922592163086,-22.0671615600585938,-2.2454028129577637
13.2812929153442383,-47.0138168334960938,-2.2494535446166992
6.5376515388488770,-36.6246643066406250,-2.2465100288391113
-15.4167184829711914,-53.0592575073242188,-1.5346851348876953
-16.1494102478027344,-36.4094810485839844,-2.2445871829986572
-20.2127838134765625,-45.6022186279296875,-1.5353722572326660
-7.8815722465515137,-38.2645683288574219,-1.5347993373870850
16.5908508300781250,-33.7987136840820313,-2.2444944381713867
-7.0242128372192383,-16.3256740570068359,-1.5368328094482422
-17.1938877105712891,-36.5908432006835938,-1.5253258943557739
-26.0418338775634766,-52.4678039550781250,-1.5254482030868530
16.0892143249511719,-35.8091163635253906,-2.2467675209045410
16.5903511047363281,-50.1982917785644531,-2.2565343379974365
18.1310176849365234,-35.4518051147460938,-2.2557237148284912
-20.9034080505371094,-44.8913574218750000,-1.5338360071182251
27.0913772583007813,-46.3937683105468750,-1.5335081815719604
6.5506448745727539,-33.8778038024902344,-2.2475445270538330
11.5111303329467773,-23.9138221740722656,-1.5302145481109619
-15.9198980331420898,-32.8954696655273438,-1.5359685420989990
16.4814224243164063,-49.2240562438964844,-2.2414057254791260
-13.3809919357299805,-43.2997856140136719,-2.2437779903411865
-7.2798328399658203,-13.0848455429077148,-1.5367698669433594
25.6979389190673828,-49.9518852233886719,-2.2467041015625000
5.8196849822998047,-38.0034675598144531,-1.5318546295166016
22.9847660064697266,-56.2994003295898438,-2.2438061237335205
2.5438611507415771,-11.7392063140869141,-2.2424461841583252
10.6144685745239258,-31.2864322662353516,-2.2439198493957520
-16.3999500274658203,-40.8841629028320313,-2.2494859695434570
15.4224052429199219,-33.2593574523925781,-2.2453436851501465
-16.2407379150390625,-49.4119300842285156,-2.2455656528472900
-16.1170272827148438,-53.7535820007324219,-1.5257848501205444
-15.4167909622192383,-38.4273643493652344,-2.2504456043243408
2.5783300399780273,-53.1494178771972656,-1.5357286930084229
15.4190540313720703,-22.0858879089355469,-2.2440457344055176
-11.1073522567749023,-21.4723663330078125,-2.2445690631866455
13.3837213516235352,-42.8490829467773438,-2.2459607124328613
-2.6619398593902588,-31.0812435150146484,-2.2503488063812256
-11.4688148498535156,-12.3081188201904297,-2.2412395477294922
17.4318656921386719,-35.4528045654296875,-1.5337994098663330
1.0222719907760620,-44.5965881347656250,-1.5536824464797974
-5.8222489356994629,-38.5065193176269531,-1.5266367197036743
-16.7440166473388672,-42.4818191528320313,-1.5356801748275757
13.3821649551391602,-40.4799728393554688,-1.5282058715820313
-8.5809478759765625,-34.1770782470703125,-1.5352610349655151
-8.5519247055053711,-6.8037509918212891,-2.2418487071990967
-1.0124692916870117,-5.3636279106140137,-1.5359852313995361
11.1843328475952148,-50.7233810424804688,-1.5387773513793945
-10.6160230636596680,-54.5958671569824219,-2.2430312633514404
3.8423652648925781,-4.4049997329711914,-1.5378683805465698
-21.7974815368652344,-55.8035011291503906,-1.5350061655044556
-22.9782905578613281,-34.7519721984863281,-1.5378885269165039
7.7514472007751465,-21.2924079895019531,-2.1211681365966797
11.3063726425170898,-37.6613502502441406,-2.2455611228942871
7.2208232879638672,-54.9003944396972656,-2.2480399608612061
35.8972930908203125,-55.4823760986328125,-2.2423856258392334
8.5818119049072266,-21.1685962677001953,-1.5300304889678955
-10.6170263290405273,-32.0876502990722656,-2.2479791641235352
1.3366254568099976,-26.9042472839355469,-2.2518477439880371
8.5779418945312500,-26.7798252105712891,-2.2419893741607666
-6.4955291748046875,-49.2971115112304688,-2.2480225563049316
-7.2581734657287598,-36.5087394714355469,-2.2452986240386963
2.0194299221038818,-12.5869522094726563,-2.2439248561859131
-21.5975074768066406,-42.7590827941894531,-1.5322889089584351
25.0222053527832031,-43.5083007812500000,-2.2227685451507568
5.8214097023010254,-25.2606601715087891,-1.5375033617019653
7.2087817192077637,-51.9480438232421875,-2.2470684051513672
-15.9058246612548828,-55.9727058410644531,-2.2470264434814453
32.2333030700683594,-50.5941696166992188,-2.2430551052093506
10.6140489578247070,-37.6541099548339844,-1.5358620882034302
-0.6594160199165344,-2.0359709262847900,-1.5385903120040894
-3.1095685958862305,-25.7538375854492188,-1.5383008718490601
-2.6902673244476318,-13.4327554702758789,-2.2415316104888916
1.6395994424819946,-33.6748199462890625,-1.5270855426788330
17.4868640899658203,-23.5262298583984375,-1.5343239307403564
-5.8184819221496582,-55.2611274719238281,-1.5388375520706177
-7.1950492858886719,-47.8571586608886719,-1.5312855243682861
10.6153421401977539,-33.4230766296386719,-1.5358684062957764
7.9454069137573242,-35.9394645690917969,-1.5263022184371948
7.9471187591552734,-49.4181137084960938,-1.5285331010818481
-25.9592208862304688,-43.9969139099121094,-2.2424018383026123
13.3858499526977539,-41.8000984191894531,-1.5259647369384766
11.2206220626831055,-16.6421604156494141,-1.5271229743957520
7.8825845718383789,-44.1221618652343750,-1.5357769727706909
-7.9258661270141602,-26.8258552551269531,-1.5371590852737427
17.4953136444091797,-22.0903892517089844,-1.5337067842483521
10.6162891387939453,-38.3793258666992188,-2.2441365718841553
2.3983092308044434,-15.9610710144042969,-2.2424106597900391
20.9067420959472656,-54.8807144165039063,-1.5338513851165771
-13.3794517517089844,-32.7229957580566406,-1.5278732776641846
-8.5782461166381836,-53.0627555847167969,-1.5387864112854004
20.9226856231689453,-48.5083541870117188,-2.2447857856750488
-36.0179748535156250,-54.7829399108886719,-1.5370788574218750
-7.8617520332336426,-33.4883689880371094,-1.5349004268646240
3.9625537395477295,-11.4334621429443359,-2.2426812648773193
0.0735355317592621,-2.3025708198547363,-2.2425057888031006
8.5811061859130859,-18.7960510253906250,-1.5380378961563110
22.9804935455322266,-41.1504478454589844,-2.2431707382202148
20.9022464752197266,-52.7481765747070313,-2.2467195987701416
20.2192840576171875,-50.6033439636230469,-2.2425067424774170
2.4417176246643066,-13.9939775466918945,-2.2431433200836182
3.7808544635772705,-54.9734115600585938,-1.5248899459838867
6.5141663551330566,-51.9426040649414063,-1.5360405445098877
2.7967708110809326,-22.0059318542480469,-2.2465245723724365
-7.8223247528076172,-11.9534244537353516,-1.5382883548736572
0.8193908929824829,-10.7403411865234375,-2.2420790195465088
-12.6880073547363281,-52.8860816955566406,-1.5297042131423950
16.8041400909423828,-57.0075798034667969,-1.5343321561813354
7.8924274444580078,-51.9704132080078125,-1.5322970151901245
1.9373140335083008,-54.2640914916992188,-1.5302791595458984
17.4902305603027344,-38.1332740783691406,-1.5294357538223267
-22.9839954376220703,-54.0011253356933594,-1.5294344425201416
26.3907680511474609,-56.3086471557617188,-2.2454621791839600
27.0892086029052734,-49.2481231689453125,-1.5342928171157837
-13.3786897659301758,-15.7396183013916016,-2.2458841800689697
11.7676858901977539,-25.0937728881835938,-2.2485685348510742
-5.8191747665405273,-23.9825820922851563,-2.2437627315521240
-15.4609098434448242,-35.0657234191894531,-1.5278757810592651
-20.9060096740722656,-49.8317070007324219,-2.2456669807434082
7.9782814979553223,-16.4093799591064453,-1.5273929834365845
8.3051242828369141,-8.3356266021728516,-2.2462258338928223
-11.1014146804809570,-25.2016487121582031,-1.5252279043197632
8.0785179138183594,-6.2822980880737305,-2.2417080402374268
-8.5808715820312500,-25.3614788055419922,-2.2457184791564941
12.7605581283569336,-42.5758895874023438,-1.5326789617538452
-15.5429315567016602,-31.1026878356933594,-2.2485883235931396
-8.5526218414306641,-14.9597415924072266,-1.5245571136474609
13.3817605972290039,-53.4706039428710938,-2.2457079887390137
2.8168635368347168,-20.8365249633789063,-2.2448327541351318
-11.4579286575317383,-53.0713005065917969,-2.2506368160247803
2.8538565635681152,-5.6350512504577637,-2.2432005405426025
-27.0316944122314453,-52.4320144653320313,-1.5379263162612915
-8.5795526504516602,-18.9379310607910156,-1.5304037332534790
-13.3793277740478516,-34.0486145019531250,-1.5291593074798584
-22.2913475036621094,-46.3008842468261719,-1.5343067646026611
5.8221688270568848,-28.2433795928955078,-1.5381158590316772
12.0097303390502930,-34.8393592834472656,-1.5336916446685791
10.9914960861206055,-18.9314079284667969,-2.2506356239318848
-1.0212280750274658,-18.7026348114013672,-1.5378776788711548
16.8151321411132813,-51.3666152954101563,-1.5343210697174072
15.4160995483398438,-57.0060729980468750,-1.5355571508407593
-7.5947060585021973,-23.8320426940917969,-1.5380302667617798
-12.0041894912719727,-46.4260978698730469,-1.5348536968231201
1.5012737512588501,-20.8936328887939453,-1.5352859497070313
-10.6195373535156250,-21.9729728698730469,-1.5341169834136963
-22.9868125915527344,-47.7117118835449219,-2.2439391613006592
12.3130140304565430,-25.4968986511230469,-1.5308462381362915
8.5795202255249023,-33.7802429199218750,-1.5360773801803589
20.2241744995117188,-42.0008506774902344,-1.5344952344894409
8.5852308273315430,-15.6324539184570313,-1.5353645086288452
-27.7084693908691406,-54.3715972900390625,-1.5226060152053833
10.6167821884155273,-26.3092155456542969,-1.5365861654281616
-5.8187069892883301,-51.4381027221679688,-2.2433328628540039
-12.1080007553100586,-26.3677062988281250,-1.5351608991622925
-1.6016756296157837,-30.1531257629394531,-2.2432005405426025
-21.0553970336914063,-36.6624298095703125,-2.2422761917114258
0.9765481352806091,-7.8485140800476074,-1.5367361307144165
11.1389284133911133,-11.7957801818847656,-1.5333783626556396
-3.5868871212005615,-15.6326131820678711,-1.5353288650512695
8.0758113861083984,-29.2615261077880859,-1.5354179143905640
-30.5108203887939453,-56.2956047058105469,-2.2455489635467529
-25.0156097412109375,-51.7335968017578125,-1.5308223962783813
1.0158151388168335,-33.9071769714355469,-2.2507419586181641
-10.1708288192749023,-11.2061147689819336,-1.5377216339111328
-1.0180679559707642,-45.9887886047363281,-2.2483017444610596
-27.7792968750000000,-45.0288619995117188,-2.2444102764129639
22.9798927307128906,-40.4434585571289063,-1.5372978448867798
1.0274740457534790,-19.0499305725097656,-2.2455050945281982
18.1872844696044922,-42.0944900512695313,-1.5325894355773926
-6.4818983078002930,-57.0052642822265625,-1.5278559923171997
18.1835250854492188,-57.0052604675292969,-1.5356262922286987
11.3370389938354492,-41.8957443237304688,-2.2456121444702148
-27.2129707336425781,-47.2845153808593750,-2.2410635948181152
12.6765880584716797,-52.0439872741699219,-1.5369236469268799
3.0791633129119873,-48.9616775512695313,-1.5321054458618164
-11.7211713790893555,-25.4472866058349609,-2.2505280971527100
-20.2133426666259766,-43.4736595153808594,-2.2430000305175781
-7.8858623504638672,-49.9901809692382813,-1.5353007316589355
22.3004856109619141,-36.6122360229492188,-1.5388249158859253
-3.7798643112182617,-22.3127155303955078,-1.5381432771682739
1.0230275392532349,-24.1383647918701172,-1.5307120084762573
-1.0185794830322266,-42.4032516479492188,-2.2511255741119385
15.4168357849121094,-32.5680274963378906,-1.5316998958587646
6.5466184616088867,-40.3338241577148438,-2.2470748424530029
2.1769425868988037,-16.9311199188232422,-2.2475619316101074
13.3785285949707031,-48.6712646484375000,-1.5287458896636963
18.1800022125244141,-45.7683296203613281,-2.2472884654998779
-3.1775548458099365,-10.8881578445434570,-1.5388574600219727
1.3326464891433716,-6.0413126945495605,-1.5376234054565430
-16.9859008789062500,-48.1245384216308594,-1.5283339023590088
-7.7532048225402832,-20.7010650634765625,-1.5329152345657349
21.5918769836425781,-39.7262268066406250,-2.2469539642333984
-7.8499426841735840,-32.7968254089355469,-2.2467565536499023
-20.9144668579101563,-42.7775077819824219,-2.2469811439514160
-18.1780185699462891,-50.6251144409179688,-2.2549424171447754
2.5286362171173096,-28.2969932556152344,-2.2418794631958008
-13.3808698654174805,-23.5062503814697266,-1.5362002849578857
-7.8836636543273926,-48.5765953063964844,-1.5345978736877441
-20.2151870727539063,-47.7206039428710938,-2.2440497875213623
-7.8784971237182617,-24.5595245361328125,-2.2418727874755859
-4.6750464439392090,-7.8247132301330566,-1.5358911752700806
-3.7782137393951416,-33.6480216979980469,-2.2465169429779053
-16.8602142333984375,-53.0698051452636719,-1.5335428714752197
-5.8219623565673828,-40.8294143676757813,-1.5264143943786621
-16.0885868072509766,-44.9456634521484375,-2.2467944622039795
-8.5807495117187500,-57.0075988769531250,-2.2436962127685547
1.0162544250488281,-54.6280975341796875,-1.5332380533218384
7.6164059638977051,-34.7177238464355469,-2.2500369548797607
1.3790147304534912,-25.7390747070312500,-2.2486040592193604
36.6006126403808594,-55.5075683593750000,-1.5367500782012939
17.2325649261474609,-33.5266113281250000,-1.5349655151367188
3.2396690845489502,-2.6539907455444336,-1.5387979745864868
-5.7899394035339355,-11.6802692413330078,-1.5325305461883545
-8.5780906677246094,-34.8754310607910156,-2.2442061901092529
27.7859401702880859,-55.6083526611328125,-1.5361354351043701
2.8773162364959717,-51.6630592346191406,-1.5316406488418579
-30.4713935852050781,-53.4536170959472656,-2.2463333606719971
11.2083120346069336,-10.8019618988037109,-1.5344287157058716
-0.5836504101753235,-8.8686847686767578,-2.2454447746276855
5.8196539878845215,-47.0503005981445313,-2.2498815059661865
-27.0188770294189453,-54.3676948547363281,-2.2440466880798340
-16.0139884948730469,-42.8208541870117188,-2.2511184215545654
-3.7792959213256836,-35.3606567382812500,-2.2426693439483643
2.9930720329284668,-33.6830253601074219,-1.5385726690292358
-21.5970706939697266,-44.8860206604003906,-2.2449157238006592
-21.5943355560302734,-41.3433647155761719,-1.5349994897842407
3.7867112159729004,-18.1106338500976563,-1.5372477769851685
7.0158290863037109,-16.6456127166748047,-1.5318696498870850
-5.3126444816589355,-11.1727027893066406,-2.2436339855194092
-37.3019409179687500,-54.8081550598144531,-1.5385951995849609
34.6164817810058594,-56.2618408203125000,-1.5317611694335938
-13.2905197143554688,-33.3835029602050781,-2.2515380382537842
20.2198276519775391,-51.3135757446289063,-1.5371031761169434
6.6706576347351074,-14.9065999984741211,-2.2441122531890869
-9.0579280853271484,-8.3925638198852539,-2.2422871589660645
15.8650684356689453,-37.0685997009277344,-1.5264427661895752
-3.4761073589324951,-39.1115417480468750,-1.5288250446319580
-11.3531780242919922,-16.9157314300537109,-2.2444837093353271
4.3719959259033203,-3.9333105087280273,-2.2412071228027344
-26.3553028106689453,-57.0101852416992188,-1.5328434705734253
-10.6220426559448242,-30.7282581329345703,-2.2476060390472412
27.0905361175537109,-54.2013473510742188,-2.2451031208038330
-20.2177276611328125,-50.5486526489257813,-2.2472629547119141
-2.0384392738342285,-39.1238250732421875,-1.5388203859329224
-13.3801965713500977,-39.3890037536621094,-2.2481338977813721
-12.6496114730834961,-54.2557640075683594,-1.5322053432464600
-12.3923826217651367,-29.1152954101562500,-1.5310600996017456
7.8832979202270508,-47.2971229553222656,-1.5249078273773193
10.6141853332519531,-54.8810157775878906,-2.2424230575561523
13.3799343109130859,-41.1344375610351563,-2.2540736198425293
-11.3763332366943359,-40.1394577026367188,-1.5314450263977051
-11.3145561218261719,-13.5572681427001953,-2.2442233562469482
16.1118144989013672,-23.5195026397705078,-1.5334998369216919
25.7119464874267578,-45.6674385070800781,-2.2460138797760010
5.8179121017456055,-36.6309890747070313,-1.5330113172531128
12.7007732391357422,-53.4608306884765625,-1.5301365852355957
2.8098347187042236,-54.9946937561035156,-2.2454884052276611
21.5987415313720703,-53.4567184448242188,-2.2457439899444580
-3.7818820476531982,-31.2872886657714844,-2.2471640110015869
-5.8186812400817871,-23.2885189056396484,-1.5330042839050293
-31.1897563934326172,-55.5709991455078125,-2.2448539733886719
-16.1407909393310547,-39.1075592041015625,-2.2487413883209229
-5.8180484771728516,-41.4946861267089844,-2.2481868267059326
2.7451050281524658,-38.8126449584960938,-1.5260938405990601
-1.4841984510421753,-55.8886260986328125,-2.2503130435943604
-9.1862049102783203,-11.1295299530029297,-2.2438733577728271
2.7004849910736084,-12.4250659942626953,-1.5355547666549683
-11.4086790084838867,-26.3896942138671875,-2.2444162368774414
-18.1813926696777344,-40.0074005126953125,-2.2474901676177979
-8.3159379959106445,-27.7395553588867188,-1.5342574119567871
12.3195171356201172,-19.3458862304687500,-1.5361287593841553
12.6982536315917969,-54.8840751647949219,-1.5320148468017578
-2.5983605384826660,-30.1000061035156250,-2.2416553497314453
12.0097427368164063,-35.5407791137695313,-2.2442002296447754
11.3265304565429688,-25.6177291870117188,-1.5337312221527100
-15.4196825027465820,-31.7578353881835938,-1.5256998538970947
21.6158180236816406,-38.2808570861816406,-2.2454736232757568
8.9927291870117188,-5.8569993972778320,-2.2412123680114746
2.5647585391998291,-14.9805774688720703,-2.2447261810302734
29.9955291748046875,-56.3327178955078125,-2.2471189498901367
-11.5659027099609375,-32.3679504394531250,-2.2519316673278809
-5.8211836814880371,-15.8258209228515625,-1.5354365110397339
11.5407886505126953,-15.9934949874877930,-2.2131254673004150
-11.3870344161987305,-18.9953784942626953,-1.5346213579177856
-4.9303417205810547,-6.9029827117919922,-2.2414093017578125
3.7792539596557617,-16.3494205474853516,-1.5363403558731079
29.8198719024658203,-51.2546348571777344,-2.2433097362518311
-26.1475429534912109,-50.8045959472656250,-2.2514674663543701
-1.7793627977371216,-9.5937976837158203,-2.2440798282623291
-8.5779924392700195,-17.6108207702636719,-1.5280164480209351
-5.8159961700439453,-49.2714805603027344,-1.5328519344329834
12.4414958953857422,-23.5537853240966797,-1.5350900888442993
6.5312695503234863,-56.3025474548339844,-1.5358747243881226
-12.1043272018432617,-21.4386463165283203,-2.2456734180450439
1.0209960937500000,-27.5051269531250000,-1.5352319478988647
17.4858741760253906,-53.4815254211425781,-1.5352915525436401
13.4598188400268555,-11.5753250122070313,-2.2421343326568604
22.5679798126220703,-43.7448730468750000,-2.2540040016174316
-20.9203987121582031,-39.1962432861328125,-1.5354138612747192
13.3834218978881836,-57.0044593811035156,-1.5358681678771973
-7.8863711357116699,-50.6960906982421875,-2.2445812225341797
18.1808471679687500,-20.6599845886230469,-2.2442774772644043
-16.5262660980224609,-54.2504386901855469,-2.2560708522796631
-22.2996864318847656,-49.1348266601562500,-1.5325666666030884
-7.8400082588195801,-38.9655151367187500,-2.2428121566772461
6.3027148246765137,-10.0402088165283203,-1.5299556255340576
-29.8166294097900391,-55.5832061767578125,-2.2456173896789551
29.8178100585937500,-54.6618118286132813,-1.5337635278701782
8.9955615997314453,-8.4387483596801758,-1.5360651016235352
-5.8220496177673340,-32.1037025451660156,-1.5297818183898926
-15.4167194366455078,-46.7794456481933594,-2.2459604740142822
-6.5243248939514160,-17.5104579925537109,-1.5341603755950928
4.8900184631347656,-6.1666359901428223,-1.5358891487121582
16.1479568481445313,-30.3709125518798828,-1.5333955287933350
30.2884044647216797,-55.1517181396484375,-2.2490270137786865
-12.2005720138549805,-38.1460914611816406,-1.5283457040786743
-11.1450967788696289,-15.0492582321166992,-2.2419347763061523
-3.7784500122070313,-23.3052482604980469,-1.5373212099075317
-31.8737354278564453,-52.7407264709472656,-1.5370993614196777
18.1839351654052734,-51.3948249816894531,-1.5336558818817139
8.3248281478881836,-5.6160163879394531,-1.5387405157089233
-13.3859577178955078,-47.1253433227539063,-2.2438075542449951
27.0902309417724609,-49.9564476013183594,-2.2454276084899902
-2.8005876541137695,-11.8124971389770508,-1.5352543592453003
-3.0602986812591553,-52.6059989929199219,-1.5311868190765381
-7.3574628829956055,-28.5951137542724609,-1.5281119346618652
11.9420328140258789,-49.9665679931640625,-1.5328197479248047
27.0858478546142578,-47.8257026672363281,-1.5348576307296753
15.4211711883544922,-19.9334983825683594,-1.5381368398666382
-3.5005662441253662,-36.0095291137695313,-1.5378625392913818
10.6164293289184570,-39.7986106872558594,-2.2430348396301270
-6.5068669319152832,-25.4265270233154297,-1.5342093706130981
-10.6145286560058594,-47.1242980957031250,-2.2445745468139648
25.7071933746337891,-50.6721878051757813,-1.5332268476486206
-7.3150830268859863,-22.5275936126708984,-2.2512907981872559
-20.2321414947509766,-54.2509651184082031,-1.5338656902313232
11.3087615966796875,-28.4270133972167969,-1.5333780050277710
-3.1427774429321289,-5.4101161956787109,-2.2437384128570557
2.9207644462585449,-3.2876443862915039,-2.2414164543151855
-13.3787565231323242,-19.4782009124755859,-2.2468233108520508
-21.6107139587402344,-48.4232139587402344,-1.5346845388412476
-2.7103073596954346,-18.6798305511474609,-2.2536561489105225
-17.4788703918457031,-44.9381179809570313,-2.2423739433288574
1.8289633989334106,-29.8534240722656250,-2.2440938949584961
-16.7539024353027344,-30.7583580017089844,-2.2486214637756348
25.7102241516113281,-52.0836486816406250,-1.5353361368179321
-12.0185880661010742,-49.9629783630371094,-2.2436528205871582
13.3869857788085938,-55.5971832275390625,-1.5354189872741699
-1.0216475725173950,-38.1090087890625000,-1.5326354503631592
-0.2295379936695099,-2.9375326633453369,-1.5368021726608276
-2.4385867118835449,-5.4106755256652832,-1.5372672080993652
-15.4174232482910156,-27.4675331115722656,-1.5329202413558960
-3.7807786464691162,-43.4824752807617188,-1.5323801040649414
8.5783996582031250,-12.5941848754882813,-2.2410545349121094
-2.9422845840454102,-47.1752967834472656,-2.2453370094299316
13.3782663345336914,-46.3420143127441406,-1.5311665534973145
-25.4900207519531250,-46.8945541381835938,-2.2475697994232178
5.2202005386352539,-10.4900836944580078,-1.5375109910964966
27.7810249328613281,-44.9440650939941406,-2.2447686195373535
-7.4009666442871094,-37.1854019165039063,-1.5332306623458862
-17.2081909179687500,-32.8399200439453125,-2.2467079162597656
20.9200973510742188,-38.2692832946777344,-1.5357284545898438
6.9239716529846191,-18.5233116149902344,-2.2499577999114990
-1.0196348428726196,-15.9856357574462891,-2.2454102039337158
16.7710475921630859,-25.2373199462890625,-1.5357109308242798
18.1776008605957031,-43.7798995971679688,-2.2413549423217773
-1.0162332057952881,-52.3236770629882813,-2.2475438117980957
5.8171572685241699,-44.3490333557128906,-2.2525258064270020
-2.8168258666992188,-28.1658954620361328,-2.2115914821624756
-26.8042449951171875,-50.9401397705078125,-1.5264321565628052
17.6681842803955078,-46.9690589904785156,-2.2431864738464355
5.8911938667297363,-4.8359866142272949,-2.2190713882446289
6.5650672912597656,-41.0198745727539063,-1.5329489707946777
6.6692667007446289,-14.2093496322631836,-1.5356088876724243
25.7086086273193359,-47.1067886352539063,-2.2465331554412842
-22.2905387878417969,-42.0532722473144531,-1.5342074632644653
-6.4901828765869141,-20.5546855926513672,-2.2498018741607666
29.8207950592041016,-53.2535896301269531,-1.5377459526062012
12.6891632080078125,-52.7523956298828125,-2.2449235916137695
-22.3017063140869141,-48.4274978637695313,-2.2477202415466309
-2.5909874439239502,-48.3570251464843750,-2.2424395084381104
-17.4531764984130859,-40.0014915466308594,-1.5331877470016479
20.2191619873046875,-45.4483528137207031,-2.2452702522277832
5.8215579986572266,-20.2479286193847656,-2.2421884536743164
0.5032309293746948,-9.3719215393066406,-2.2412846088409424
1.3662310838699341,-9.9049034118652344,-2.2459273338317871
20.2144927978515625,-53.4614257812500000,-2.2434318065643311
-29.8153362274169922,-56.3015861511230469,-1.5366005897521973
-17.7034015655517578,-48.8149948120117188,-1.5324889421463013
-7.8563899993896484,-29.0560626983642578,-2.2462487220764160
32.5780830383300781,-49.9783554077148438,-1.5381879806518555
12.4348134994506836,-10.6164417266845703,-2.2416369915008545
-26.7488517761230469,-45.7667999267578125,-1.5385624170303345
16.1178493499755859,-20.6483726501464844,-1.5353957414627075
3.5426647663116455,-5.7872443199157715,-1.5369633436203003
-22.9819774627685547,-49.8568496704101563,-1.5365015268325806
32.5714569091796875,-52.9058876037597656,-2.2442197799682617
7.4212718009948730,-16.0040550231933594,-2.2442405223846436
30.5334892272949219,-49.5346069335937500,-2.2411346435546875
-7.2554059028625488,-35.1250953674316406,-2.2495379447937012
-17.2277603149414063,-43.8598518371582031,-1.5357214212417603
3.7846560478210449,-22.0297317504882813,-2.2442629337310791
-12.7330837249755859,-29.8643550872802734,-2.2417724132537842
-3.3066253662109375,-9.2713527679443359,-1.5381267070770264
-5.8217029571533203,-53.7782936096191406,-1.6085230112075806
-4.2377328872680664,-6.7499456405639648,-1.5381591320037842
25.7004642486572266,-55.6028213500976563,-2.2477285861968994
30.9810504913330078,-55.8617744445800781,-2.2422199249267578
17.1496982574462891,-49.4624595642089844,-1.5389394760131836
-25.1754493713378906,-45.0251274108886719,-1.5364674329757690
27.7868194580078125,-52.7939186096191406,-1.5358712673187256
3.7903954982757568,-10.7584657669067383,-1.5356128215789795
-11.6126661300659180,-21.9569396972656250,-1.5360083580017090
-7.8771576881408691,-32.1069564819335938,-1.5345934629440308
26.4047431945800781,-52.0815658569335938,-2.2456855773925781
-7.1208128929138184,-38.9018630981445313,-1.5330079793930054
-5.8185210227966309,-35.1355018615722656,-2.2472877502441406
3.2925603389739990,-22.5196590423583984,-1.5355682373046875
12.7107858657836914,-20.9760780334472656,-1.5319602489471436
12.0034933090209961,-36.9521789550781250,-2.2446665763854980
6.8990769386291504,-32.2632331848144531,-1.5356259346008301
-5.8223633766174316,-27.5062198638916016,-1.5319224596023560
5.8216943740844727,-29.2375831604003906,-1.5385274887084961
1.5441672801971436,-7.0266108512878418,-1.5387816429138184
-2.1221797466278076,-30.6350421905517578,-1.5387744903564453
-1.0165424346923828,-39.0935783386230469,-1.5273294448852539
17.6877117156982422,-29.8438930511474609,-2.2435755729675293
4.5237956047058105,-10.6087913513183594,-2.2418913841247559
-20.9088611602783203,-40.6221008300781250,-1.5334671735763550
17.4711017608642578,-25.2393302917480469,-2.2432241439819336
13.3855810165405273,-28.4486484527587891,-2.2441468238830566
-17.1854248046875000,-29.8679313659667969,-2.2430250644683838
2.6287813186645508,-27.3100261688232422,-2.2467646598815918
8.5782470703125000,-57.0132446289062500,-2.2431771755218506
8.5781679153442383,-19.7913284301757813,-1.5358300209045410
18.1819934844970703,-22.8140640258789063,-1.5362290143966675
-2.4651901721954346,-55.4386787414550781,-1.5272908210754395
7.8714485168457031,-12.6585063934326172,-1.5385880470275879
-8.4864549636840820,-11.2021999359130859,-1.5370334386825562
17.5617733001708984,-34.4671516418457031,-2.2412312030792236
13.3841857910156250,-26.3366680145263672,-1.5322878360748291
16.0998535156250000,-54.8878974914550781,-1.5342805385589600
12.5987358093261719,-47.0888442993164063,-1.5273201465606689
1.4639619588851929,-33.0208358764648438,-2.2528948783874512
7.6319971084594727,-13.3150892257690430,-2.2512371540069580
22.9809913635253906,-44.2703590393066406,-1.5293735265731812
10.6155519485473633,-16.3536033630371094,-2.2484462261199951
-15.8970127105712891,-33.8938751220703125,-1.5331254005432129
-7.1883172988891602,-49.9984703063964844,-2.2439734935760498
29.8221073150634766,-48.8344802856445313,-2.2389185428619385
-12.8750095367431641,-11.1979551315307617,-1.5382237434387207
12.8360366821289063,-48.2330741882324219,-2.2419507503509521
-36.3027839660644531,-53.8265457153320313,-1.5386551618576050
-16.4722557067871094,-46.2274208068847656,-2.2573187351226807
16.0986289978027344,-54.1900138854980469,-2.2473864555358887
-12.1269388198852539,-18.3255863189697266,-1.5378415584564209
6.9957914352416992,-39.1550827026367188,-2.2465968132019043
17.8656520843505859,-33.2718467712402344,-2.2612457275390625
12.6948337554931641,-27.7397727966308594,-2.2477507591247559
-10.0147085189819336,-9.9785223007202148,-1.5369228124618530
12.5269470214843750,-13.7806320190429688,-2.2419517040252686
15.4196701049804688,-21.3649406433105469,-1.5369440317153931
1.9097779989242554,-29.1516456604003906,-1.5387575626373291
-8.5799732208251953,-15.6154527664184570,-2.2532694339752197
-13.3778038024902344,-41.2194786071777344,-1.5331985950469971
-3.2950122356414795,-19.8228282928466797,-2.2443492412567139
10.6220874786376953,-49.5307846069335938,-1.5231297016143799
-13.3207368850708008,-20.8440570831298828,-2.2472958564758301
-22.4988765716552734,-55.8279533386230469,-2.2450089454650879
16.5400676727294922,-36.3361244201660156,-1.5357332229614258
22.9854011535644531,-50.6367759704589844,-2.2439408302307129
12.6892919540405273,-37.6667518615722656,-2.2461183071136475
2.6738462448120117,-37.4659233093261719,-1.5277009010314941
10.6146640777587891,-31.9961261749267578,-1.5364931821823120
6.6483454704284668,-47.7162017822265625,-2.2458598613739014
13.3867692947387695,-39.0687904357910156,-1.5358903408050537
11.6632299423217773,-13.2799539566040039,-2.2430958747863770
-8.5284070968627930,-11.9064579010009766,-2.2426354885101318
-35.3296699523925781,-54.0604476928710938,-1.5383802652359009
18.1777381896972656,-19.6618709564208984,-2.2412600517272949
-2.1916804313659668,-36.9451217651367188,-2.2435441017150879
-8.4280796051025391,-10.4812002182006836,-2.2436678409576416
17.4545860290527344,-28.6795120239257813,-1.5287309885025024
27.0892009735107422,-50.6635322570800781,-1.5351281166076660
-16.3058891296386719,-24.9597091674804688,-1.5352811813354492
-22.2930393218994141,-47.0055885314941406,-2.2456457614898682
11.9498920440673828,-18.0535869598388672,-2.2454550266265869
-13.3819942474365234,-55.6169548034667969,-2.2463076114654541
-13.0505924224853516,-39.9676856994628906,-1.5250047445297241
-17.5506572723388672,-23.0340785980224609,-1.5376615524291992
-16.0038585662841797,-27.1322822570800781,-2.2467489242553711
-12.0133619308471680,-49.2599754333496094,-1.5339795351028442
-11.1109428405761719,-10.6760683059692383,-1.5381549596786499
7.1739292144775391,-54.0672454833984375,-1.5319503545761108
-35.9759712219238281,-55.5173225402832031,-2.2502365112304688
-8.5812206268310547,-56.3175010681152344,-1.5311447381973267
25.0126342773437500,-49.9675102233886719,-1.5349353551864624
-3.7862961292266846,-24.2964382171630859,-1.5340940952301025
-7.2019600868225098,-27.5034713745117188,-1.5266118049621582
-18.1780319213867188,-51.9210128784179688,-2.2535300254821777
-10.6215314865112305,-41.4355850219726563,-2.2525670528411865
1.9463306665420532,-23.7575187683105469,-1.5342253446578979
12.1330223083496094,-48.2293281555175781,-1.5340760946273804
6.9199051856994629,-22.5918350219726563,-2.2418627738952637
-7.8386082649230957,-17.6167659759521484,-2.2471122741699219
-5.8191318511962891,-26.1393146514892578,-1.5339697599411011
27.7859306335449219,-54.2057037353515625,-1.5360804796218872
6.6030397415161133,-30.9672775268554688,-1.5279997587203979
17.4990577697753906,-20.5426445007324219,-1.5342627763748169
-1.7199984788894653,-50.9644889831542969,-1.5337789058685303
2.3096871376037598,-4.7995390892028809,-2.2415673732757568
10.6198091506958008,-23.5175857543945313,-2.2424681186676025
26.3937225341796875,-49.9563636779785156,-1.5357269048690796
4.5078153610229492,-7.8798637390136719,-2.2415454387664795
13.3840160369873047,-52.7403144836425781,-1.5360721349716187
7.5681409835815430,-27.7659931182861328,-2.2426335811614990
-7.3066806793212891,-41.5676841735839844,-2.2457847595214844
-20.2222099304199219,-34.1677589416503906,-1.7386647462844849
-5.8436036109924316,-13.7539854049682617,-2.2456111907958984
-12.6790390014648438,-51.4727439880371094,-1.5338381528854370
10.6171665191650391,-57.0040893554687500,-1.5364733934402466
-5.8221492767333984,-40.1627044677734375,-2.2478182315826416
6.5449323654174805,-35.2536315917968750,-2.2467954158782959
-12.0217380523681641,-23.5042915344238281,-1.5652227401733398
-7.1584091186523438,-34.1886024475097656,-1.5322167873382568
-6.8005528450012207,-55.3942604064941406,-1.5353231430053711
15.9328947067260742,-45.1652793884277344,-2.2429409027099609
3.3765125274658203,-14.4105148315429688,-2.2455813884735107
1.0197558403015137,-38.2260856628417969,-2.2448573112487793
5.8795437812805176,-47.7163696289062500,-1.5275976657867432
-20.2149162292480469,-49.1209106445312500,-2.2455542087554932
3.0438084602355957,-42.8990364074707031,-2.2416872978210449
3.0505106449127197,-51.0144958496093750,-2.2502491474151611
6.9196677207946777,-25.1307449340820313,-1.5374042987823486
-2.3027684688568115,-34.2616043090820313,-1.5308223962783813
11.9980363845825195,-57.0078430175781250,-1.5340832471847534
-7.4050650596618652,-31.6028900146484375,-2.2492120265960693
-25.1435565948486328,-48.0695762634277344,-2.2491266727447510
18.1837596893310547,-22.1025867462158203,-2.2446596622467041
-3.7779872417449951,-48.6954612731933594,-2.2427401542663574
12.0020704269409180,-34.1213035583496094,-2.2472255229949951
32.5785827636718750,-56.3293952941894531,-1.5306547880172729
-31.2015438079833984,-56.2891311645507813,-1.5338023900985718
2.3542995452880859,-50.3007431030273438,-2.2470936775207520
-22.9785346984863281,-36.8627738952636719,-2.2447643280029297
5.8288269042968750,-41.6948471069335938,-1.5299662351608276
2.2018907070159912,-43.1160240173339844,-1.5372790098190308
11.3047637939453125,-29.1534862518310547,-2.2470927238464355
31.3892688751220703,-51.7917137145996094,-1.5335884094238281
20.2205638885498047,-38.2742881774902344,-2.2426698207855225
18.1797351837158203,-39.1289482116699219,-2.2464060783386230
8.5783262252807617,-28.7585659027099609,-2.2423183917999268
13.3824443817138672,-54.8687171936035156,-2.2463002204895020
-6.5243697166442871,-42.1843986511230469,-2.2463548183441162
16.6084651947021484,-46.6476173400878906,-1.5229458808898926
-6.6760764122009277,-29.3304443359375000,-1.5268322229385376
-18.1789970397949219,-27.8979244232177734,-2.2477927207946777
-29.8213901519775391,-51.8200454711914063,-1.5382924079895020
9.7033662796020508,-10.0293035507202148,-2.2449634075164795
-8.5847139358520508,-52.0848312377929688,-1.5346053838729858
2.1818721294403076,-45.3756332397460938,-1.5337263345718384
-1.7541399002075195,-23.4785690307617188,-1.5337402820587158
-11.2941198348999023,-24.5467033386230469,-2.2446799278259277
0.6734114885330200,-7.2138357162475586,-2.2423405647277832
-1.0146033763885498,-54.6975402832031250,-2.2497551441192627
-32.5786170959472656,-52.0336685180664063,-1.5377711057662964
-15.8291902542114258,-41.2289848327636719,-1.5165090560913086
-11.5385780334472656,-19.9827423095703125,-1.5345642566680908
-17.4518985748291016,-46.3177261352539063,-2.2425963878631592
-11.6829004287719727,-33.0267944335937500,-1.5298105478286743
-7.1890687942504883,-47.1662254333496094,-2.2465553283691406
1.8456673622131348,-19.8361816406250000,-2.2412323951721191
1.0512433052062988,-48.6088790893554688,-2.2470939159393311
11.3432989120483398,-43.2813034057617188,-2.2453427314758301
8.5807104110717773,-51.2568092346191406,-1.5371314287185669
-2.0626628398895264,-28.6153202056884766,-1.5374368429183960
-11.3129396438598633,-48.5539360046386719,-1.5343619585037231
21.8484897613525391,-43.0579414367675781,-2.2489941120147705
-13.1713800430297852,-13.6887941360473633,-1.5340356826782227
7.0118284225463867,-38.4661674499511719,-1.5310868024826050
-11.1053256988525391,-56.5036354064941406,-2.2452015876770020
-1.6999752521514893,-32.3710670471191406,-1.5326901674270630
6.2669253349304199,-6.4159998893737793,-1.5363409519195557
5.9023013114929199,-48.3756790161132813,-2.2548248767852783
1.2380815744400024,-2.0342564582824707,-2.2411832809448242
-3.1061265468597412,-55.6106529235839844,-2.2512264251708984
-13.3831739425659180,-50.7665405273437500,-1.5340051651000977
-13.3792705535888672,-44.0010185241699219,-1.5372556447982788
-16.7983093261718750,-44.7563591003417969,-1.5378301143646240
-18.1777191162109375,-43.3453598022460938,-2.2483458518981934
-2.0186789035797119,-15.0195941925048828,-2.2437484264373779
-20.9319362640380859,-55.6283226013183594,-2.2441875934600830
12.6947002410888672,-39.7743949890136719,-1.5322481393814087
11.1566867828369141,-12.7923851013183594,-1.5355224609375000
-12.1926774978637695,-17.0484848022460938,-1.5383757352828979
-3.2803232669830322,-21.8168754577636719,-2.2439429759979248
27.0868740081787109,-55.6082191467285156,-2.2442810535430908
-0.4155960381031036,-10.4204330444335938,-1.5363194942474365
-6.5106787681579590,-24.6953411102294922,-2.2468698024749756
1.0147258043289185,-21.3892765045166016,-2.2454173564910889
-30.5281181335449219,-51.8305053710937500,-2.2424237728118896
-1.7449343204498291,-51.6441345214843750,-2.2473502159118652
12.0445566177368164,-41.8866348266601563,-1.5369803905487061
-16.2903118133544922,-37.0851745605468750,-1.5329421758651733
8.5841264724731445,-38.2722892761230469,-1.5343494415283203
6.4823489189147949,-53.3638610839843750,-1.5324413776397705
22.9850044250488281,-54.8800544738769531,-2.2431621551513672
-17.7881011962890625,-32.4885940551757813,-1.5249562263488770
22.9824104309082031,-41.8500671386718750,-1.5364766120910645
-11.7153787612915039,-33.7013206481933594,-2.2493703365325928
15.4169921875000000,-24.2266578674316406,-1.5351110696792603
-22.2593002319335938,-53.3216285705566406,-1.5306640863418579
6.4969806671142578,-9.3862915039062500,-2.2455732822418213
17.4097862243652344,-42.6988182067871094,-1.5374048948287964
-22.9532470703125000,-57.0072212219238281,-2.2469897270202637
-2.7800157070159912,-21.3226108551025391,-1.5378037691116333
-8.5809221267700195,-54.0397987365722656,-1.5321035385131836
-6.7163510322570801,-31.5786609649658203,-1.5341533422470093
11.5278053283691406,-20.7769527435302734,-2.2466621398925781
-1.0254776477813721,-23.4815464019775391,-2.2518472671508789
-2.7838201522827148,-22.3155250549316406,-1.5367859601974487
-7.1508049964904785,-32.7887458801269531,-1.5368098020553589
-13.3871955871582031,-47.8332214355468750,-1.5362296104431152
6.9397783279418945,-27.1019248962402344,-1.5378344058990479
10.6167249679565430,-29.1420764923095703,-1.5354852676391602
11.9985589981079102,-30.5711574554443359,-1.5338935852050781
-8.5847921371459961,-49.9931182861328125,-2.2443552017211914
-1.0172919034957886,-36.4540176391601563,-2.2446947097778320
-8.5851068496704102,-41.3599739074707031,-1.5253939628601074
1.5131396055221558,-49.7684288024902344,-2.2436087131500244
-2.3899135589599609,-42.5918006896972656,-2.2432141304016113
27.7793216705322266,-44.2311706542968750,-1.5374349355697632
-10.9903793334960938,-8.9767217636108398,-2.2418823242187500
-22.2773056030273438,-50.5609397888183594,-1.5366263389587402
7.8652734756469727,-20.4903297424316406,-1.5386035442352295
-27.7778491973876953,-43.8533859252929688,-2.2413601875305176
-5.8239288330078125,-43.5565223693847656,-1.5309385061264038
-20.2300224304199219,-55.6244163513183594,-1.5327527523040771
-12.5334157943725586,-24.0402793884277344,-2.2413237094879150
-8.5779752731323242,-36.5604629516601563,-1.5383578538894653
7.6189398765563965,-17.6663379669189453,-1.5358303785324097
-2.3976643085479736,-6.7872223854064941,-1.5289793014526367
15.4139127731323242,-56.3046875000000000,-2.2443614006042480
1.7302911281585693,-19.0518455505371094,-1.5325843095779419
-8.7684335708618164,-7.4764518737792969,-1.5377166271209717
1.7195891141891479,-57.0081977844238281,-2.2465450763702393
-20.9131755828857422,-49.1246490478515625,-1.5357403755187988
-7.8869428634643555,-46.4637489318847656,-2.2482917308807373
13.3104963302612305,-12.2639665603637695,-1.5361322164535522
3.7806742191314697,-23.0219154357910156,-2.2451210021972656
-5.8221092224121094,-15.1361141204833984,-2.2464776039123535
18.1811008453369141,-29.3548545837402344,-1.5321197509765625
22.2762851715087891,-42.5444641113281250,-1.5305610895156860
-8.5777063369750977,-16.9471302032470703,-2.2530345916748047
-20.2152805328369141,-41.3341598510742188,-1.5352581739425659
7.3441705703735352,-49.1086578369140625,-2.2514684200286865
-18.1857109069824219,-46.9767379760742188,-2.2510273456573486
8.5791893005371094,-21.8319873809814453,-2.2542760372161865
-10.6222438812255859,-16.2235202789306641,-2.2440698146820068
2.0484223365783691,-35.2651290893554688,-2.2435448169708252
-20.6152114868164063,-37.2122192382812500,-1.5367194414138794
3.4915161132812500,-9.3956136703491211,-1.5334942340850830
-7.2137579917907715,-26.1282711029052734,-1.5348488092422485
21.8391590118408203,-49.0787162780761719,-2.2507450580596924
25.0188159942626953,-46.3871231079101563,-2.2444980144500732
-10.6200790405273438,-13.5316991806030273,-1.5347093343734741
-1.0812211036682129,-11.9489402770996094,-2.2485251426696777
-16.4151496887207031,-56.4312286376953125,-1.5314908027648926
2.7530980110168457,-47.4721527099609375,-2.2526204586029053
-22.9782638549804688,-37.5576553344726563,-1.5363928079605103
-1.8974989652633667,-45.5256233215332031,-2.2447409629821777
31.8466701507568359,-55.6527938842773438,-1.5309767723083496
-1.0202685594558716,-17.0174999237060547,-2.2473871707916260
-6.5595946311950684,-42.8721733093261719,-1.5337615013122559
6.6513509750366211,-17.9023914337158203,-1.5303025245666504
22.3159217834472656,-37.5690193176269531,-2.2441284656524658
5.8157482147216797,-53.4908065795898438,-2.2459859848022461
-6.5125427246093750,-47.8840560913085938,-2.2468376159667969
1.4873677492141724,-50.7784729003906250,-2.2492473125457764
11.3032083511352539,-38.3673324584960938,-1.5332679748535156
-29.8210277557373047,-52.5374565124511719,-2.2424833774566650
16.9619712829589844,-30.5263118743896484,-2.2433664798736572
-25.5276699066162109,-55.2600288391113281,-2.2434043884277344
-25.5136680603027344,-50.5915718078613281,-1.5288051366806030
2.0082385540008545,-26.0168285369873047,-1.5331254005432129
-8.5814132690429688,-21.2440471649169922,-1.5322322845458984
-3.2790999412536621,-22.8126049041748047,-2.2435789108276367
7.5935349464416504,-50.3398818969726563,-1.5351513624191284
17.1691627502441406,-47.4691848754882813,-1.5372177362442017
29.8203563690185547,-57.0037422180175781,-1.5366597175598145
30.6706581115722656,-56.4852333068847656,-1.5326973199844360
2.4613795280456543,-4.1088676452636719,-1.5378361940383911
10.6215953826904297,-47.5574378967285156,-2.2527544498443604
-10.6205396652221680,-36.1636085510253906,-1.5314762592315674
16.4468574523925781,-43.7050781250000000,-1.5360044240951538
-7.0324769020080566,-17.0291023254394531,-2.2428684234619141
-5.4488177299499512,-9.2110128402709961,-2.2438991069793701
3.2320182323455811,-28.3902873992919922,-1.5390255451202393
2.1535575389862061,-50.9462203979492188,-1.5276846885681152
20.2205600738525391,-48.5136222839355469,-1.5363600254058838
17.5036144256591797,-45.6706581115722656,-1.5295356512069702
21.5988235473632813,-54.1729888916015625,-1.5342495441436768
18.1794033050537109,-28.6817035675048828,-2.2498807907104492
1.7785804271697998,-31.2230701446533203,-2.2493391036987305
3.0033717155456543,-4.9473681449890137,-1.5373934507369995
-7.8018569946289063,-14.9923677444458008,-2.2416255474090576
-15.4208688735961914,-28.4587364196777344,-1.5370633602142334
8.5795774459838867,-14.9529275894165039,-2.2504611015319824
-2.9921612739562988,-34.3946495056152344,-2.2413620948791504
37.3018417358398438,-54.7976722717285156,-1.5387101173400879
21.5967960357666016,-48.4838218688964844,-1.5217113494873047
0.1589285582304001,-3.8574674129486084,-1.5349057912826538
-12.7090024948120117,-50.6800117492675781,-2.2480480670928955
8.2377462387084961,-46.0253486633300781,-2.2490520477294922
-1.7997672557830811,-22.2122001647949219,-1.6259046792984009
-3.7791504859924316,-36.9652061462402344,-1.5370686054229736
-6.6051049232482910,-14.4546585083007813,-2.2470593452453613
3.7808439731597900,-28.8787612915039063,-2.2457051277160645
-2.8359551429748535,-35.6865615844726563,-2.2464621067047119
22.2908554077148438,-39.0182952880859375,-2.2477822303771973
12.0112743377685547,-39.7989845275878906,-2.2467019557952881
-15.4184541702270508,-37.0830192565917969,-2.2514777183532715
-11.4823541641235352,-38.8191757202148438,-1.5294879674911499
26.4022197723388672,-51.3766136169433594,-1.5340459346771240
2.1941406726837158,-51.6117286682128906,-2.2523529529571533
-8.5761842727661133,-33.4883193969726563,-2.2473027706146240
-15.4139595031738281,-40.7610893249511719,-2.2544279098510742
26.4074077606201172,-44.9445762634277344,-2.2461633682250977
-13.3820323944091797,-44.9955139160156250,-1.5360704660415649
-16.6883525848388672,-29.3740081787109375,-1.5356868505477905
9.1141805648803711,-7.4482040405273438,-1.5381191968917847
6.0848879814147949,-49.6062774658203125,-2.2517488002777100
-1.9840505123138428,-33.3196907043457031,-1.5284057855606079
6.2900204658508301,-43.8713150024414063,-1.5311964750289917
-6.5831294059753418,-18.8759422302246094,-1.5319970846176147
-16.5104084014892578,-22.9912567138671875,-1.5381077527999878
-22.2590885162353516,-36.8677291870117188,-1.5372573137283325
20.9400157928466797,-44.7697830200195313,-2.2476480007171631
-10.6617422103881836,-18.9498767852783203,-2.2499542236328125
3.7803483009338379,-41.0134696960449219,-2.2508323192596436
-2.2048392295837402,-11.4527797698974609,-2.2457013130187988
-20.9447269439697266,-56.3204193115234375,-1.5339026451110840
-3.0112688541412354,-56.3007774353027344,-1.5371910333633423
8.5786352157592773,-42.7196083068847656,-2.2454702854156494
6.4995169639587402,-52.6494865417480469,-2.2470340728759766
8.5783586502075195,-27.7696037292480469,-2.2417664527893066
-10.6419248580932617,-39.3656234741210938,-1.5384263992309570
6.5094814300537109,-20.0889530181884766,-1.5382524728775024
-3.6906526088714600,-45.7838897705078125,-1.5208972692489624
-11.3198242187500000,-50.6610069274902344,-2.2440247535705566
6.6629405021667480,-17.2299079895019531,-2.2500374317169189
-35.2859802246093750,-56.2492752075195313,-2.2530322074890137
-7.5216503143310547,-54.7074737548828125,-1.5297780036926270
22.2856979370117188,-39.7252235412597656,-1.5350407361984253
-12.5895891189575195,-33.4433746337890625,-1.5272139310836792
-10.6218700408935547,-17.5964488983154297,-2.2494521141052246
35.1631240844726563,-54.8056678771972656,-2.2412967681884766
6.3232192993164063,-28.7418403625488281,-2.2428491115570068
-11.9935483932495117,-44.9964027404785156,-1.5361255407333374
-15.4218397140502930,-42.1354980468750000,-1.5453194379806519
9.1720228195190430,-10.4717283248901367,-1.5336525440216064
32.5791053771972656,-53.6018981933593750,-1.5341864824295044
-22.9825267791748047,-42.7676544189453125,-1.5367259979248047
6.3382878303527832,-12.9409770965576172,-2.2483725547790527
7.1750330924987793,-32.9240570068359375,-2.2416961193084717
-26.0295372009277344,-54.7781181335449219,-1.5312753915786743
22.2760143280029297,-41.1491928100585938,-1.5367360115051270
-22.9857521057128906,-46.2979774475097656,-2.2437419891357422
-27.5902118682861328,-49.8197135925292969,-1.5298421382904053
13.3843870162963867,-29.1506156921386719,-1.5361094474792480
25.7078952789306641,-53.4912185668945313,-1.5346523523330688
25.0135574340820313,-52.0816955566406250,-2.2435932159423828
-7.8751907348632813,-30.4417819976806641,-2.2489879131317139
-2.0069510936737061,-43.1824760437011719,-1.5380760431289673
18.1841182708740234,-54.8838081359863281,-2.2443125247955322
15.4166545867919922,-54.1654853820800781,-1.5333039760589600
-2.5213611125946045,-36.3147315979003906,-1.5377979278564453
-15.4126367568969727,-43.1291580200195313,-1.5317599773406982
16.0962867736816406,-41.1062660217285156,-2.2485141754150391
-17.6154937744140625,-35.5671081542968750,-1.5384533405303955
-15.4209966659545898,-43.8168792724609375,-2.2470798492431641
-20.9104843139648438,-47.0133476257324219,-2.2453641891479492
-2.6576941013336182,-50.6957168579101563,-1.5286899805068970
15.4195499420166016,-49.9581565856933594,-1.5301690101623535
-21.5673179626464844,-35.4548530578613281,-2.2428550720214844
11.3068485260009766,-33.4160499572753906,-2.2449586391448975
-17.2795486450195313,-45.6315383911132813,-1.5386288166046143
18.1779041290283203,-25.2339706420898438,-1.5376031398773193
6.8145236968994141,-21.6085624694824219,-2.2485728263854980
6.9835343360900879,-50.0359001159667969,-2.2507233619689941
11.3078622817993164,-30.5766849517822266,-2.2460525035858154
-16.1464481353759766,-37.7590904235839844,-2.2479577064514160
-21.5760517120361328,-51.9620475769042969,-2.2565822601318359
-20.2148704528808594,-47.0169486999511719,-1.5359791517257690
16.9681968688964844,-32.8835105895996094,-2.2453138828277588
6.5488128662109375,-19.1009731292724609,-1.5363702774047852
1.5357419252395630,-2.9874010086059570,-2.2419145107269287
18.1802768707275391,-28.0010566711425781,-1.5307809114456177
18.1813392639160156,-30.3417472839355469,-1.5339729785919189
-5.8186163902282715,-50.7297592163085938,-1.5367434024810791
13.3787059783935547,-49.3183135986328125,-2.2567944526672363
6.5294075012207031,-38.0058708190917969,-2.2507817745208740
-2.0869140625000000,-24.9773807525634766,-1.5345981121063232
2.9844381809234619,-39.4412155151367188,-2.2486603260040283
-6.7473406791687012,-44.5691795349121094,-2.2458155155181885
22.1905193328857422,-45.9973754882812500,-1.5348651409149170
10.6201114654541016,-18.3524093627929688,-1.5357112884521484
5.9893951416015625,-14.0630407333374023,-2.2469334602355957
20.2187576293945313,-41.3078689575195313,-2.2466413974761963
7.5351228713989258,-24.7733039855957031,-2.2399158477783203
7.8857517242431641,-52.6704254150390625,-2.2443621158599854
-11.4184265136718750,-27.0840244293212891,-1.5346195697784424
-5.8211021423339844,-56.2590065002441406,-1.5382934808731079
27.7837543487548828,-57.0074310302734375,-1.5362031459808350
3.7816576957702637,-40.0270080566406250,-2.2444422245025635
17.4885959625244141,-24.2455673217773438,-2.2458729743957520
16.8226108551025391,-19.8089618682861328,-1.5385878086090088
-11.4231653213500977,-18.3036022186279297,-2.2454831600189209
6.9556913375854492,-43.9767646789550781,-2.2630853652954102
6.5228552818298340,-51.2372894287109375,-2.2434098720550537
7.9493536949157715,-36.6243820190429688,-2.2451572418212891
27.7852497100830078,-56.3091621398925781,-2.2447896003723145
-22.9863033294677734,-45.5947036743164063,-1.5358976125717163
3.7787806987762451,-33.6209182739257813,-2.2471175193786621
1.9393084049224854,-24.4478187561035156,-2.2456085681915283
7.1195049285888672,-4.8848295211791992,-1.5387476682662964
-13.3818626403808594,-22.5208053588867188,-1.5345579385757446
6.2964925765991211,-42.8541374206542969,-1.5327006578445435
-17.4532299041748047,-40.6885833740234375,-2.2468981742858887
5.8199200630187988,-15.4185581207275391,-2.2483162879943848
12.7057991027832031,-35.5504760742187500,-1.5324646234512329
-0.7576897144317627,-11.3519372940063477,-1.5326110124588013
-15.9245243072509766,-23.5906257629394531,-2.2418212890625000
-2.2255995273590088,-23.9619178771972656,-2.2514586448669434
20.9238109588623047,-36.8368377685546875,-1.5371968746185303
-1.0223792791366577,-37.4397048950195313,-2.2485299110412598
-15.4255237579345703,-52.3824157714843750,-2.2521419525146484
-8.1580448150634766,-54.5412559509277344,-2.2609443664550781
-7.8591580390930176,-34.1839523315429688,-2.2445728778839111
1.0170209407806396,-13.8726615905761719,-1.5295664072036743
-11.1362323760986328,-54.1282997131347656,-1.5373307466506958
-3.0608949661254883,-43.4778633117675781,-2.2535445690155029
-2.3945991992950439,-14.0672101974487305,-1.5302852392196655
-5.8179020881652832,-42.8781051635742188,-2.2478909492492676
-7.6668877601623535,-27.9881420135498047,-2.2486116886138916
-5.6225695610046387,-7.1381931304931641,-1.5381214618682861
12.0035276412963867,-55.5882949829101563,-1.5343663692474365
-17.0092525482177734,-21.4951457977294922,-2.2417423725128174
-3.7788507938385010,-47.7151832580566406,-2.2498998641967773
-1.0217179059982300,-14.9876995086669922,-2.2411894798278809
13.3825635910034180,-20.3065395355224609,-1.7943874597549438
8.5808792114257813,-14.2791175842285156,-1.5308699607849121
-22.9844856262207031,-49.1499137878417969,-2.2445526123046875
17.0560035705566406,-40.8691329956054688,-2.2514610290527344
-3.1455025672912598,-4.7052302360534668,-1.5363373756408691
-1.8939337730407715,-48.3016967773437500,-1.5317424535751343
2.7952113151550293,-30.5687446594238281,-2.2448651790618896
5.4777703285217285,-8.0274839401245117,-1.5378687381744385
1.0221785306930542,-41.9285011291503906,-2.2464408874511719
37.3240242004394531,58.3190536499023438,-2.4000051021575928
27.7823867797851563,-47.8263397216796875,-2.2429018020629883
5.8213376998901367,-57.0035324096679688,-1.5370551347732544
-11.6113147735595703,-20.9658718109130859,-1.5337922573089600
11.9978399276733398,-28.4443397521972656,-2.2456524372100830
-15.4214639663696289,-29.4478969573974609,-1.5316501855850220
-20.9197387695312500,-57.0099525451660156,-2.2449376583099365
-21.5782165527343750,-50.5617828369140625,-2.2459459304809570
12.6910562515258789,-30.5734291076660156,-2.2459599971771240
22.2919349670410156,-55.5887069702148438,-2.2457454204559326
7.7922868728637695,-23.6945953369140625,-2.2455642223358154
-6.5110774040222168,-50.7270584106445313,-2.2477161884307861
27.0926284790039063,-53.4998321533203125,-1.5343890190124512
5.3386964797973633,-11.1866111755371094,-2.2414453029632568
26.4005012512207031,-46.3898696899414063,-2.2455883026123047
16.1096363067626953,-22.0857620239257813,-1.5335628986358643
2.5470907688140869,-46.8216133117675781,-1.5332349538803101
3.6113131046295166,-7.4398894309997559,-2.2469098567962646
6.9501719474792480,-13.2528219223022461,-1.5335500240325928
10.6209220886230469,-52.8176231384277344,-1.5311381816864014
-27.7794990539550781,-53.0874862670898438,-1.5233190059661865
-1.9883894920349121,-41.6544570922851563,-2.2507431507110596
12.6920614242553711,-28.4384708404541016,-1.5344936847686768
-3.1977586746215820,-28.8051719665527344,-1.5400029420852661
12.6959609985351563,-34.8252677917480469,-2.2464995384216309
-1.8593465089797974,-44.6040382385253906,-1.5389860868453979
-1.7486307621002197,-48.9725189208984375,-2.2437672615051270
3.0477159023284912,-56.3275451660156250,-2.2486264705657959
-16.4088973999023438,-55.4357528686523438,-1.5358480215072632
-17.7246208190917969,-41.8682937622070313,-1.5257667303085327
10.6147623062133789,-35.5382461547851563,-2.2440176010131836
-6.5081701278686523,-56.0953712463378906,-2.2422003746032715
-6.5784659385681152,-13.0768604278564453,-2.2463705539703369
21.5759716033935547,-41.1503829956054688,-2.2447540760040283
17.5030727386474609,-39.1166114807128906,-1.5231622457504272
25.0200023651123047,-44.2357521057128906,-1.5366250276565552
-22.2653961181640625,-51.9510765075683594,-1.5350345373153687
-5.8159842491149902,-57.0015144348144531,-2.2473869323730469
-2.2544956207275391,-53.4343872070312500,-1.5345331430435181
-16.2304801940917969,-38.4307136535644531,-1.5303474664688110
16.1654586791992188,-28.9771747589111328,-1.5383510589599609
-17.8082408905029297,-54.4473953247070313,-2.2607657909393311
-6.5232295989990234,-51.4338340759277344,-1.5363352298736572
-16.6458396911621094,-34.5469932556152344,-1.5362464189529419
-5.8156237602233887,-37.8451499938964844,-2.2516896724700928
-3.1530756950378418,-49.8469543457031250,-1.5257062911987305
22.2921199798583984,-52.7469978332519531,-2.2455296516418457
-12.4619846343994141,-17.7032985687255859,-2.2417991161346436
5.8161344528198242,-23.5822544097900391,-2.2460906505584717
12.0133161544799805,-54.8761291503906250,-2.2450790405273438
13.5402727127075195,-10.5800743103027344,-2.2410323619842529
-11.9549818038940430,-41.9156913757324219,-2.2461490631103516
-10.6168766021728516,-49.9611320495605469,-2.2436888217926025
-6.2599768638610840,-46.7285499572753906,-1.5266116857528687
-18.1780300140380859,-40.6875991821289063,-1.5309702157974243
7.5990977287292480,-18.6566276550292969,-1.5362256765365601
18.1839637756347656,-32.7009315490722656,-1.5281093120574951
-3.2595589160919189,-41.6394920349121094,-2.2414848804473877
6.3206152915954590,-29.7398509979248047,-2.2426908016204834
-12.6950845718383789,-46.4161262512207031,-2.2470309734344482
-37.3068618774414063,-55.5192680358886719,-2.2481040954589844
10.6158905029296875,-55.5873947143554688,-1.5365887880325317
-7.7832660675048828,-11.2431116104125977,-2.2423057556152344
-16.6475620269775391,-51.2704200744628906,-1.5316193103790283
1.4809283018112183,-38.7318458557128906,-1.5266702175140381
-8.5824432373046875,-13.3120880126953125,-2.2417528629302979
-27.1352634429931641,-48.9088172912597656,-1.5346258878707886
-35.2789459228515625,-57.0032081604003906,-1.5259187221527100
-25.9726486206054688,-51.4774894714355469,-1.5375465154647827
-1.0196958780288696,-48.2979698181152344,-2.2494447231292725
-2.6139390468597412,-43.9638442993164063,-1.5288879871368408
-17.4508686065673828,-55.6324768066406250,-1.5303580760955811
11.4127578735351563,-46.8316421508789063,-2.2438025474548340
4.6905159950256348,-6.8979835510253906,-2.2423276901245117
16.8010597229003906,-22.0943641662597656,-2.2450530529022217
20.2212104797363281,-42.6934471130371094,-2.2448084354400635
-20.2149314880371094,-53.5665817260742188,-2.2512550354003906
1.0223025083541870,-30.5449295043945313,-2.2438726425170898
17.6648445129394531,-47.9630393981933594,-2.2443718910217285
-10.6200628280639648,-30.0438919067382813,-1.5332634449005127
11.5450763702392578,-21.4724178314208984,-1.5356662273406982
-5.8205509185791016,-47.8913459777832031,-1.5323261022567749
16.8232135772705078,-35.1390037536621094,-2.2469525337219238
16.1251144409179688,-50.6545257568359375,-1.5286515951156616
-17.6805400848388672,-33.4941558837890625,-1.5354170799255371
6.3100757598876953,-23.0915050506591797,-1.5348279476165771
2.2035958766937256,-49.6138191223144531,-1.5386117696762085
-12.0042123794555664,-45.7079010009765625,-2.2467663288116455
2.2228350639343262,-44.3810462951660156,-1.5370913743972778
21.6957416534423828,-45.4839324951171875,-2.2360787391662598
-2.9428110122680664,-53.2918205261230469,-2.2435317039489746
2.0823507308959961,-53.6306838989257813,-2.2538945674896240
7.8865728378295898,-10.9182691574096680,-1.5363149642944336
-17.4020156860351563,-52.6314163208007813,-2.2455673217773438
10.6123762130737305,-53.4938430786132813,-2.2487070560455322
-13.3807048797607422,-26.1379852294921875,-2.2523739337921143
-11.2874193191528320,-23.5540218353271484,-2.2421894073486328
-20.2219142913818359,-35.1458091735839844,-1.5381773710250854
16.4197540283203125,-42.7160987854003906,-1.5333421230316162
26.3922634124755859,-47.8309478759765625,-2.2462666034698486
-8.1858472824096680,-43.2060050964355469,-2.2539300918579102
13.3784255981445313,-50.6525077819824219,-2.2478113174438477
-13.4232139587402344,-11.6447153091430664,-2.2422177791595459
-6.5217404365539551,-53.4852218627929688,-2.2578902244567871
15.4136524200439453,-55.6015472412109375,-1.5357421636581421
12.6139774322509766,-12.3310575485229492,-2.2443592548370361
6.5290451049804688,-46.3558578491210938,-2.2498714923858643
11.3105001449584961,-27.7265911102294922,-2.2448651790618896
-7.1915893554687500,-48.5903244018554688,-2.2450706958770752
-25.0181007385253906,-52.8306732177734375,-1.5352516174316406
-22.9856319427490234,-40.6454429626464844,-2.2434189319610596
3.7820656299591064,-49.6553916931152344,-1.5353496074676514
3.7237498760223389,-30.5507564544677734,-1.5349590778350830
17.6260547637939453,-19.2160301208496094,-1.5387500524520874
6.5461912155151367,-45.0244522094726563,-2.2543227672576904
-1.0220320224761963,-25.1471672058105469,-1.5342435836791992
7.2435998916625977,-9.7049493789672852,-1.5387308597564697
-1.8345043659210205,-40.1012954711914063,-1.5285241603851318
12.6915340423583984,-39.0780220031738281,-2.2454419136047363
-1.0169258117675781,-51.6513786315917969,-1.5311175584793091
-22.9792461395263672,-56.3357162475585938,-1.5321341753005981
-20.2205123901367188,-37.7882843017578125,-2.2441327571868896
-1.4350470304489136,-39.5766868591308594,-2.2582533359527588
-2.7874825000762939,-40.9581527709960938,-1.5303415060043335
-3.8441534042358398,-10.6524505615234375,-2.2439849376678467
22.9847602844238281,-54.1726226806640625,-1.5367432832717896
-21.7753257751464844,-55.1164131164550781,-2.2514121532440186
8.5799827575683594,-36.9174346923828125,-1.5362148284912109
-10.6086339950561523,-52.0292167663574219,-1.5335079431533813
-3.7825334072113037,-38.5049171447753906,-2.2453777790069580
12.3468303680419922,-13.0954303741455078,-1.5386730432510376
-13.3794879913330078,-56.3107414245605469,-1.5350775718688965
16.8984508514404297,-42.2089195251464844,-2.2450721263885498
6.7339143753051758,-49.4007873535156250,-1.5304770469665527
-3.7786076068878174,-21.3193588256835938,-1.5374652147293091
21.6079273223876953,-49.7345123291015625,-1.5352603197097778
17.4751853942871094,-44.6806182861328125,-1.5388199090957642
11.0544509887695313,-15.1313581466674805,-2.2518432140350342
3.7816433906555176,-13.5053195953369141,-2.2432746887207031
25.0135478973388672,-52.7860832214355469,-1.5360606908798218
13.3799972534179688,-24.6343135833740234,-2.2434568405151367
-11.0963792800903320,-28.1437473297119141,-2.2457015514373779
15.4178476333618164,-22.8054981231689453,-1.5358655452728271
-20.8969917297363281,-50.5190429687500000,-1.5293751955032349
22.2909832000732422,-52.0451965332031250,-1.5346227884292603
7.2065291404724121,-30.6729793548583984,-2.2508480548858643
3.7820706367492676,-45.8008460998535156,-2.2457203865051270
-7.2918434143066406,-35.8143310546875000,-1.5351996421813965
-27.0229816436767578,-43.1994972229003906,-2.2412075996398926
3.7828090190887451,-46.8846549987792969,-1.5304331779479980
11.3582906723022461,-43.9703216552734375,-1.5328761339187622
11.5286464691162109,-19.7710933685302734,-2.2427976131439209
16.9996318817138672,-31.5225124359130859,-2.2488942146301270
4.3366460800170898,-9.9260044097900391,-1.5382788181304932
-29.8222541809082031,-54.5849609375000000,-2.2412338256835938
-7.1514763832092285,-29.7768554687500000,-2.2498977184295654
3.1582281589508057,-17.8295345306396484,-2.2492468357086182
13.3817110061645508,-49.9760017395019531,-1.5285209417343140
11.9771404266357422,-44.2547683715820313,-2.2473657131195068
7.8439207077026367,-43.4197921752929688,-2.2422046661376953
-8.5787000656127930,-18.2785320281982422,-2.2534270286560059
-32.5818901062011719,-56.2830162048339844,-1.5361996889114380
11.3103437423706055,-36.2439956665039063,-2.2453308105468750
-18.1774158477783203,-52.5839729309082031,-1.5263290405273438
-8.5883569717407227,-35.5633201599121094,-1.5276681184768677
7.2176737785339355,-51.2478675842285156,-1.5360054969787598
12.6344451904296875,-49.9758224487304688,-2.2475202083587646
-26.9854927062988281,-55.0611343383789063,-1.5350458621978760
22.2914276123046875,-54.8814048767089844,-1.5342433452606201
2.3847169876098633,-11.0540370941162109,-1.5372698307037354
-1.6560710668563843,-7.5918684005737305,-1.5385360717773438
-3.7346401214599609,-3.7743878364562988,-1.5386686325073242
13.3347434997558594,-15.9862298965454102,-1.5334624052047729
-8.5815458297729492,-55.0251426696777344,-1.5210041999816895
17.1100902557373047,-39.6349601745605469,-2.2546474933624268
-11.4930238723754883,-35.2720069885253906,-1.5326449871063232
-13.3804101943969727,-41.9076843261718750,-2.2457954883575439
1.0224208831787109,-12.8748073577880859,-1.5387866497039795
-11.9628086090087891,-57.0051651000976563,-2.2425408363342285
11.3918447494506836,-49.5617294311523438,-2.2495601177215576
-8.0861921310424805,-37.0644874572753906,-2.2447571754455566
-20.5970764160156250,-51.7968482971191406,-2.2492134571075439
11.3662366867065430,-7.6487751007080078,-1.5387338399887085
-6.5368423461914063,-43.5650291442871094,-2.2427802085876465
-10.6159276962280273,-56.0262718200683594,-1.5271064043045044
11.3059558868408203,-32.7075119018554688,-1.5341625213623047
-29.8186340332031250,-53.2424278259277344,-1.5348805189132690
-22.2723503112792969,-34.7502593994140625,-2.2423200607299805
27.7813892364501953,-47.1130676269531250,-1.5370628833770752
1.5665100812911987,-44.1232757568359375,-2.2422075271606445
10.6203393936157227,-13.6257772445678711,-1.5707721710205078
-3.4499537944793701,-11.5698270797729492,-2.2453911304473877
-7.0302658081054688,-15.6245517730712891,-2.2446477413177490
1.7697323560714722,-3.9601187705993652,-2.2419712543487549
-11.3291740417480469,-16.2206840515136719,-1.5336271524429321
-8.5781211853027344,-16.2821140289306641,-1.5279915332794189
15.4180507659912109,-34.9457511901855469,-1.5343390703201294
2.8748614788055420,-13.0989370346069336,-2.2449841499328613
6.5325689315795898,-12.2794151306152344,-1.5316687822341919
5.8114495277404785,-52.6374855041503906,-1.5353260040283203
-15.4903678894042969,-50.0705528259277344,-2.2553203105926514
-31.1738395690917969,-52.7430076599121094,-2.2456829547882080
-4.0160675048828125,-9.2831068038940430,-2.2413401603698730
-5.8142213821411133,-50.0219230651855469,-2.2454044818878174
26.4040298461914063,-52.7894134521484375,-1.5345788002014160
-12.6337804794311523,-36.3602561950683594,-2.2454776763916016
12.0590782165527344,-43.2767066955566406,-1.5315644741058350
18.1850910186767578,-55.5867500305175781,-1.5364412069320679
2.9884302616119385,-25.4713134765625000,-1.5340908765792847
-2.8540868759155273,-32.6064796447753906,-1.5222206115722656
-6.5606465339660645,-12.3879241943359375,-1.5315996408462524
-26.0259532928466797,-43.0739479064941406,-1.8668323755264282
-22.2973632812500000,-47.7119598388671875,-1.5331385135650635
-1.5254542827606201,-15.5090227127075195,-1.5348966121673584
-27.7812271118164063,-49.1746673583984375,-2.2470781803131104
-7.8313755989074707,-45.0961761474609375,-2.2490465641021729
2.3040883541107178,-33.5414772033691406,-2.2457695007324219
13.3663358688354492,-15.2953548431396484,-2.2440171241760254
-12.2183885574340820,-31.4676227569580078,-2.2475638389587402
-3.7087783813476563,-18.6517715454101563,-2.2479112148284912
25.7020072937011719,-57.0119819641113281,-2.2482628822326660
-8.5813350677490234,-42.6809692382812500,-1.5268869400024414
30.9839782714843750,-55.1546936035156250,-1.5369186401367188
6.8919839859008789,-10.8639879226684570,-1.5363095998764038
15.4222021102905273,-39.6860809326171875,-1.5343824625015259
8.5824165344238281,-23.4650955200195313,-1.6870368719100952
-1.7641471624374390,-47.6330146789550781,-2.2494518756866455
9.4878492355346680,-9.3648300170898438,-1.5362725257873535
-18.1791515350341797,-47.6420288085937500,-1.5278148651123047
-21.6078739166259766,-39.9132232666015625,-1.5337837934494019
-7.0694694519042969,-11.2886791229248047,-1.5363713502883911
-17.1859626770019531,-34.9816398620605469,-2.2447786331176758
37.3056793212890625,-57.0014114379882813,-2.2452473640441895
-22.9812660217285156,-51.2596435546875000,-1.5350282192230225
-17.4750366210937500,-39.3137702941894531,-2.2480862140655518
-8.5814485549926758,-46.4816131591796875,-1.5349243879318237
11.3090419769287109,-36.9498596191406250,-1.5347464084625244
18.1855278015136719,-33.8149719238281250,-1.5281598567962646
-3.7530860900878906,-52.5954551696777344,-2.2491238117218018
-18.1795520782470703,-48.3129539489746094,-2.2475185394287109
-7.6703863143920898,-9.8233499526977539,-2.2411792278289795
-11.3451623916625977,-30.0388374328613281,-2.2458326816558838
-25.3183860778808594,-43.6975288391113281,-1.5379395484924316
3.7827515602111816,-31.5387077331542969,-1.5326577425003052
4.2295165061950684,-5.9397411346435547,-2.2432863712310791
8.5784101486206055,-38.9627876281738281,-2.2465679645538330
-31.8819179534912109,-54.8589477539062500,-2.2439050674438477
2.0185329914093018,-37.2556724548339844,-2.2447931766510010
13.3782415390014648,-22.8844299316406250,-1.5358548164367676
0.6148769259452820,-5.8509469032287598,-2.2421793937683105
6.7288823127746582,-4.2926092147827148,-2.2412137985229492
2.5018544197082520,-40.5491104125976563,-2.2426497936248779
10.6202678680419922,-21.1812324523925781,-2.2472426891326904
-5.8179388046264648,-25.4117584228515625,-2.2443549633026123
12.0274724960327148,-22.6483974456787109,-1.5308158397674561
6.6201715469360352,-7.6124439239501953,-1.5369596481323242
18.1816806793212891,-25.9358882904052734,-2.2427122592926025
-6.6691098213195801,-22.7728328704833984,-1.5373289585113525
10.6224355697631836,-46.8935356140136719,-1.5273743867874146
-10.6178503036499023,-31.4118728637695313,-1.5307353734970093
-2.3585369586944580,-26.6862545013427734,-1.5348080396652222
17.5030498504638672,-51.2283477783203125,-2.2425217628479004
-11.7919092178344727,-52.4806632995605469,-1.5280549526214600
-10.6227340698242188,-14.5273246765136719,-1.5401464700698853
8.5663175582885742,-10.7968282699584961,-2.2479896545410156
-2.4748194217681885,-51.6657409667968750,-1.5347304344177246
10.6149015426635742,-32.7047996520996094,-2.2447686195373535
18.1890296936035156,-39.8192901611328125,-1.5320817232131958
11.9073877334594727,-50.6597099304199219,-2.2447440624237061
-11.9609022140502930,-55.6430664062500000,-2.2435159683227539
-2.7915711402893066,-19.3384704589843750,-1.5300624370574951
-11.3180036544799805,-49.9617958068847656,-1.5354548692703247
10.6191339492797852,-27.0109310150146484,-2.2438681125640869
22.9797630310058594,-48.2827911376953125,-2.2473318576812744
-18.1791744232177734,-28.8894710540771484,-2.2433128356933594
-12.6124277114868164,-34.1144142150878906,-2.2478172779083252
21.5987625122070313,-55.5895500183105469,-1.5347912311553955
-2.8400809764862061,-38.8268127441406250,-2.2436420917510986
21.8793010711669922,-43.7506980895996094,-1.5354425907135010
-7.8397626876831055,-44.4242286682128906,-1.5262502431869507
20.2157440185546875,-44.0896148681640625,-2.2464654445648193
-3.4427371025085449,-37.5755729675292969,-2.2454228401184082
3.6224229335784912,-34.9413719177246094,-2.2537331581115723
3.7777769565582275,-51.0247955322265625,-1.5316778421401978
1.9854819774627686,-17.9075908660888672,-2.2410545349121094
1.7433891296386719,-40.5653038024902344,-1.5302252769470215
-6.5330648422241211,-34.4453964233398438,-2.2487962245941162
-22.2783756256103516,-51.2591247558593750,-2.2448654174804688
-11.8674325942993164,-37.1432647705078125,-2.2480192184448242
-21.0980434417724609,-54.9424057006835938,-1.5384577512741089
-22.9823970794677734,-53.3333015441894531,-2.2496337890625000
1.1695680618286133,-3.5900976657867432,-1.5365657806396484
8.5811662673950195,-51.9569053649902344,-2.2451229095458984
5.8178844451904297,-31.5639762878417969,-1.5270833969116211
-13.2634735107421875,-30.8112125396728516,-2.2526373863220215
8.5694169998168945,-20.4834270477294922,-2.2466564178466797
-13.3843050003051758,-40.5369682312011719,-2.2499694824218750
-17.0081748962402344,-24.4876499176025391,-2.2424175739288330
16.5048103332519531,-39.0916976928710938,-1.5385936498641968
-2.5584580898284912,-29.1160030364990234,-2.2422783374786377
13.3851842880249023,-56.3014755249023438,-2.2435922622680664
8.5796651840209961,-44.1022644042968750,-2.2455668449401855
29.8208885192871094,-55.6619567871093750,-1.5352393388748169
3.7797157764434814,-27.8899040222167969,-2.2450151443481445
11.9999599456787109,-20.2838668823242188,-1.5328073501586914
18.1785221099853516,-36.7671623229980469,-2.2529988288879395
-15.4453077316284180,-49.4218521118164063,-1.5239636898040771
-34.6164093017578125,-56.2575683593750000,-1.5332812070846558
-17.6811695098876953,-34.4932556152343750,-1.5343072414398193
-11.9737119674682617,-34.3985176086425781,-1.5381045341491699
-1.0197869539260864,-41.4112701416015625,-2.2442021369934082
10.6146078109741211,-36.9501533508300781,-2.2436289787292480
-1.4659672975540161,-16.5055465698242188,-1.5285165309906006
-8.1093826293945313,-7.7251672744750977,-2.2436270713806152
-2.9129247665405273,-15.4497089385986328,-2.2447893619537354
20.9089279174804688,-57.0067863464355469,-2.2460877895355225
8.7449893951416016,-6.5215430259704590,-1.5382622480392456
21.8749427795410156,-44.4503936767578125,-2.2450761795043945
26.3847274780273438,-57.0055313110351563,-1.5336903333663940
-8.5815267562866211,-30.4256210327148438,-1.5355463027954102
3.7817001342773438,-42.2283744812011719,-2.2546021938323975
-16.9211044311523438,-38.4890174865722656,-2.2451910972595215
-15.6386480331420898,-24.7521133422851563,-2.2450361251831055
16.1238918304443359,-31.0632057189941406,-2.2434949874877930
-35.3186378479003906,-54.7682075500488281,-2.2445285320281982
-13.3816947937011719,-18.0914325714111328,-2.2493908405303955
20.8998279571533203,-52.0441169738769531,-1.5328006744384766
9.9451875686645508,-11.1007566452026367,-1.5378226041793823
11.0984945297241211,-23.0083103179931641,-1.5332366228103638
8.5829114913940430,-33.0737380981445313,-2.2412557601928711
1.7624917030334473,-31.9042205810546875,-1.5324295759201050
-13.3804264068603516,-35.7056007385253906,-2.2497222423553467
-22.9819393157958984,-52.6422767639160156,-1.5347214937210083
7.8547859191894531,-31.4147777557373047,-2.2442359924316406
3.7777857780456543,-47.5696601867675781,-2.2473640441894531
10.6199674606323242,-46.2350997924804688,-2.2558047771453857
2.6590945720672607,-19.4148845672607422,-1.5289323329925537
1.0158947706222534,-32.5575485229492188,-1.5232195854187012
-3.7818789482116699,-55.6684951782226563,-1.5311913490295410
-2.7821424007415771,-18.0204181671142578,-1.5272907018661499
-12.6907520294189453,-45.7077255249023438,-1.5331803560256958
-36.6161003112792969,-57.0054283142089844,-1.5312095880508423
7.2026896476745605,-12.4303045272827148,-2.2469553947448730
-2.0712246894836426,-29.6277122497558594,-1.5376777648925781
20.2147827148437500,-54.8804931640625000,-2.2435586452484131
-20.9024143218994141,-42.0525817871093750,-1.5336884260177612
17.6617183685302734,-49.9505348205566406,-2.2454814910888672
5.6239180564880371,-9.9173030853271484,-2.2477765083312988
31.8344097137451172,-57.0049552917480469,-1.5339933633804321
-22.9778404235839844,-34.0433464050292969,-2.2413203716278076
6.5174522399902344,-50.5360221862792969,-1.5350172519683838
3.7793421745300293,-34.2973747253417969,-1.5281863212585449
-3.0149104595184326,-45.7928466796875000,-2.2514379024505615
-26.0154972076416016,-55.7667503356933594,-1.5317245721817017
16.8136730194091797,-20.6568222045898438,-2.2447788715362549
11.6973180770874023,-11.2895412445068359,-2.2455909252166748
31.8585453033447266,-53.6054306030273438,-2.2430963516235352
-5.8309664726257324,-34.4510612487792969,-1.5316158533096313
5.8153800964355469,-51.9346656799316406,-2.2441215515136719
-12.6381464004516602,-35.6565132141113281,-1.5376921892166138
30.9048156738281250,-48.9295082092285156,-1.5388625860214233
16.0593509674072266,-19.1682529449462891,-1.6043498516082764
-26.9881305694580078,-53.1328468322753906,-2.2425875663757324
-6.6151847839355469,-40.8082199096679688,-2.2455284595489502
32.5755386352539063,-54.9700660705566406,-1.5307633876800537
-17.3816528320312500,-50.5949630737304688,-1.5291255712509155
1.6695866584777832,-7.7240772247314453,-2.2420532703399658
-10.6161346435546875,-27.6652507781982422,-1.5290246009826660
-3.7799625396728516,-46.4268150329589844,-2.2560329437255859
10.6458253860473633,-17.6467609405517578,-2.2413108348846436
31.8567276000976563,-56.3279991149902344,-2.2509937286376953
-1.2903041839599609,-32.9000129699707031,-2.2525379657745361
-12.6936511993408203,-47.1313056945800781,-1.5343663692474365
3.7791712284088135,-45.1316261291503906,-1.5256990194320679
-27.7860450744628906,-51.7876739501953125,-1.5223035812377930
10.6145658493041992,-36.2428359985351563,-1.5362781286239624
-12.6483278274536133,-27.4921512603759766,-1.5350090265274048
-15.4199981689453125,-54.4643974304199219,-1.5358875989913940
-7.8874578475952148,-49.2905654907226563,-2.2445926666259766
10.6203546524047852,-25.6103763580322266,-2.2448441982269287
12.4383344650268555,-16.4049568176269531,-2.2450780868530273
0.4698618352413177,-1.7177313566207886,-1.5383994579315186
-11.5702733993530273,-31.6983375549316406,-1.5309284925460815
7.5345101356506348,-55.6851005554199219,-1.5355879068374634
-17.4679317474365234,-57.0047302246093750,-1.5359747409820557
-15.4189004898071289,-50.7332229614257813,-1.5333106517791748
1.1033411026000977,-12.1702089309692383,-2.2412848472595215
1.7228000164031982,-47.6359138488769531,-1.5369520187377930
-1.2326521873474121,-35.8118896484375000,-1.5275182723999023
5.8299212455749512,-46.3681449890136719,-1.5327411890029907
-13.3677387237548828,-20.1611690521240234,-1.5317982435226440
-0.9211441278457642,-2.6945140361785889,-2.2415516376495361
12.6610603332519531,-18.7478122711181641,-2.2468342781066895
1.0985256433486938,-8.5420417785644531,-2.2436947822570801
-5.8205332756042480,-52.1333618164062500,-1.5325725078582764
-1.9259194135665894,-34.7989768981933594,-2.2576897144317627
13.3798313140869141,-45.6609687805175781,-2.2468094825744629
-16.5715732574462891,-44.0709342956542969,-2.2468695640563965
-1.5177088975906372,-19.2026596069335938,-2.2429270744323730
21.6302146911621094,-36.8440628051757813,-2.2417016029357910
3.3064570426940918,-26.4067707061767578,-1.5310993194580078
12.6875791549682617,-24.5831851959228516,-1.5335494279861450
2.6263382434844971,-26.3154163360595703,-2.2467179298400879
12.6748895645141602,-44.9618186950683594,-2.2424499988555908
-12.6885461807250977,-44.9897766113281250,-2.2455611228942871
25.7079620361328125,-46.3863754272460938,-1.5337027311325073
-1.7161910533905029,-5.4190330505371094,-2.2412891387939453
5.9834394454956055,-17.0772438049316406,-1.5362185239791870
17.1963768005371094,-50.4575233459472656,-1.5301101207733154
-16.1543903350830078,-48.7197189331054688,-1.5371470451354980
-10.6227779388427734,-43.0865516662597656,-1.5434277057647705
7.6374011039733887,-15.3416862487792969,-1.5348600149154663
-15.4221353530883789,-53.7617797851562500,-2.2426431179046631
-6.0386376380920410,-31.4698543548583984,-2.2528285980224609
-25.4068641662597656,-52.2761154174804688,-2.2545950412750244
-16.0811653137207031,-47.7265930175781250,-1.5304002761840820
-8.5805931091308594,-37.5579872131347656,-1.5372700691223145
-12.8869237899780273,-28.6388015747070313,-2.2459726333618164
30.3907508850097656,-50.8430442810058594,-1.5375378131866455
6.0252909660339355,-8.8651676177978516,-1.5379936695098877
-13.3851165771484375,-38.3979988098144531,-2.2482290267944336
-11.5706615447998047,-14.2129211425781250,-1.5384104251861572
-1.0209560394287109,-44.0676574707031250,-1.5330882072448730
21.5933895111083984,-52.0407600402832031,-2.2444376945495605
16.3215007781982422,-40.4416313171386719,-1.5386881828308105
16.8033828735351563,-52.0588645935058594,-2.2477121353149414
-3.7795791625976563,-56.3415222167968750,-2.2519605159759521
-1.5841416120529175,-10.2946605682373047,-1.5386106967926025
-37.3092842102050781,-56.2968940734863281,-1.5347625017166138
-1.7078078985214233,-43.9110069274902344,-2.2413148880004883
-1.7151737213134766,-21.2235031127929688,-1.5354614257812500
-22.2918853759765625,-39.9392547607421875,-2.2475645542144775
16.4159297943115234,-45.6804656982421875,-1.5387760400772095
-7.0220007896423340,-45.8244667053222656,-2.2443029880523682
336.3520202636718750,-141.8803863525390625,-1.7036902904510498
-7.8164796829223633,-16.9324798583984375,-1.5322905778884888
-21.5257949829101563,-53.3182029724121094,-2.2459776401519775
-6.5461573600769043,-18.1958389282226563,-2.2484102249145508
-20.9121417999267578,-47.7206916809082031,-1.5355623960494995
-8.5797491073608398,-43.7381019592285156,-1.5276589393615723
-5.3724775314331055,-7.7974944114685059,-2.2434642314910889
16.7973690032958984,-23.5285530090332031,-2.2469396591186523
25.7090072631835938,-52.7854766845703125,-2.2450277805328369
25.0200729370117188,-44.9470787048339844,-2.2431874275207520
35.8728713989257813,-54.7762145996093750,-1.5382518768310547
-15.4166479110717773,-56.4503974914550781,-1.5290827751159668
-1.0159593820571899,-35.1811714172363281,-2.2515473365783691
-3.1401360034942627,-35.0813179016113281,-1.5321979522705078
-18.1785545349121094,-57.0049629211425781,-2.2432897090911865
-27.7801456451416016,-47.7154464721679688,-1.5351686477661133
29.8231296539306641,-49.5484008789062500,-1.5386871099472046
-2.4697763919830322,-37.9025573730468750,-2.2415287494659424
-11.0878868103027344,-33.9388389587402344,-1.5292073488235474
26.3929176330566406,-48.5394134521484375,-1.5359196662902832
1.0182155370712280,-39.2162284851074219,-2.2517678737640381
29.8218784332275391,-53.9603576660156250,-2.2424538135528564
11.9961242675781250,-39.0749320983886719,-1.5336217880249023
-10.6185092926025391,-20.9785156250000000,-1.5337498188018799
-8.0169496536254883,-35.8856315612792969,-2.2494964599609375
16.1081924438476563,-22.8080272674560547,-2.2461907863616943
1.0223059654235840,-35.2575073242187500,-2.2462654113769531
-17.0320663452148438,-43.1821861267089844,-2.2418591976165771
-7.1584501266479492,-57.0063400268554688,-2.2457125186920166
12.7041568756103516,-36.2489662170410156,-2.2431643009185791
20.2147445678710938,-56.2997779846191406,-2.2438232898712158
-11.4210767745971680,-39.4736747741699219,-2.2540123462677002
17.4518718719482422,-28.0065879821777344,-2.2486982345581055
-12.6632671356201172,-41.2172813415527344,-2.2465062141418457
10.8195276260375977,-7.1963162422180176,-2.2412643432617188
-15.4182786941528320,-39.7792129516601563,-2.2441887855529785
-7.7295174598693848,-10.5402250289916992,-1.5362706184387207
-20.2183265686035156,-39.9050178527832031,-1.5361980199813843
-13.3817682266235352,-28.1619091033935547,-1.5313696861267090
8.5851869583129883,-49.5838356018066406,-2.2519724369049072
-13.3767890930175781,-18.7834987640380859,-1.5353722572326660
11.3074407577514648,-31.2851428985595703,-1.5347659587860107
8.4393482208251953,-7.2335743904113770,-2.2415866851806641
-31.8743743896484375,-52.0325775146484375,-2.2427949905395508
22.9795513153076172,-42.5526809692382813,-2.2445764541625977
11.9998779296875000,-33.4143066406250000,-1.5342330932617188
-2.8757393360137939,-54.6415481567382813,-2.2424092292785645
31.3190860748291016,-52.4783554077148438,-2.2464404106140137
11.3226594924926758,-41.2029037475585938,-1.5350064039230347
6.0723361968994141,-7.1772165298461914,-2.2434930801391602
-1.6721686124801636,-42.2470169067382813,-1.5296564102172852
-7.1947345733642578,-24.7197856903076172,-1.5330878496170044
-26.8014602661132813,-44.8353157043457031,-2.2421114444732666
-6.5509066581726074,-13.7664785385131836,-1.5339907407760620
10.6153850555419922,-30.5731620788574219,-1.5365515947341919
-3.0874421596527100,-53.9750061035156250,-1.5341994762420654
15.9943380355834961,-34.5872306823730469,-2.2463226318359375
1.5039002895355225,-10.5841073989868164,-1.5341695547103882
3.7756445407867432,-8.0980777740478516,-1.5307509899139404
18.1785907745361328,-48.4379119873046875,-1.5377954244613647
-17.5489902496337891,-21.0372543334960938,-1.5383142232894897
-12.6717672348022461,-43.2987670898437500,-1.5358037948608398
-18.1821517944335938,-27.2246112823486328,-1.5285723209381104
1.0220679044723511,-16.6928768157958984,-2.0683069229125977
8.5784101486206055,-48.0131950378417969,-1.5372673273086548
1.0209205150604248,-20.3991222381591797,-2.2499561309814453
12.7422723770141602,-21.9653911590576172,-1.5341800451278687
5.8156013488769531,-49.0177383422851563,-1.5221217870712280
7.6358876228332520,-13.9777469635009766,-1.5283288955688477
-25.0203895568847656,-47.3964233398437500,-1.5331842899322510
22.0333595275878906,-47.9704399108886719,-2.2452442646026611
2.0982248783111572,-52.2780799865722656,-1.5287212133407593
-27.7779560089111328,-55.0118789672851563,-2.2580702304840088
17.0403308868408203,-38.6390495300292969,-2.2498762607574463
-25.5681018829345703,-53.6559486389160156,-1.5281647443771362
-5.8210425376892090,-30.8332443237304688,-1.5333921909332275
25.7008361816406250,-54.9051818847656250,-1.5334885120391846
-13.3448257446289063,-36.3598022460937500,-1.5240930318832397
-6.0899271965026855,-10.7043743133544922,-1.5359479188919067
16.0851211547851563,-41.7903060913085938,-1.5329072475433350
16.8007850646972656,-22.8036041259765625,-1.5343196392059326
-7.8468437194824219,-29.7508354187011719,-1.5349990129470825
-22.9832401275634766,-42.0657691955566406,-2.2444164752960205
11.3081827163696289,-57.0061264038085938,-2.2469398975372314
13.2433271408081055,-13.6222925186157227,-1.5320297479629517
-1.7149844169616699,-54.0009384155273438,-2.2487940788269043
-4.0918297767639160,-11.3044862747192383,-1.5356307029724121
10.6190500259399414,-50.1820945739746094,-2.2495172023773193
13.3870353698730469,-36.9633712768554688,-2.2452330589294434
-7.8955640792846680,-25.4053554534912109,-1.5332065820693970
16.9587802886962891,-44.1960906982421875,-2.2421033382415771
-30.5143489837646484,-57.0055732727050781,-1.5351593494415283
16.0237121582031250,-46.2757987976074219,-2.2415313720703125
13.3820409774780273,-27.7214012145996094,-1.5350414514541626
-12.7119369506835938,-49.9700584411621094,-1.5313159227371216
21.5920581817626953,-51.3424110412597656,-1.5315251350402832
-3.7843084335327148,-14.9720458984375000,-2.2470381259918213
21.5966720581054688,-52.7522201538085938,-1.5357613563537598
-5.8217315673828125,-37.1711006164550781,-1.5299209356307983
-18.1846179962158203,-33.0200538635253906,-2.2492220401763916
-22.2687435150146484,-54.6846237182617188,-1.5279573202133179
-3.7808763980865479,-13.6572704315185547,-2.2497222423553467
3.7847449779510498,-21.0412979125976563,-2.2454979419708252
-6.0342855453491211,-5.8671555519104004,-1.5387953519821167
-22.2428398132324219,-57.0047454833984375,-1.5369176864624023
10.6178045272827148,-54.1769866943359375,-1.5342503786087036
16.1101207733154297,-56.3031692504882813,-1.5350091457366943
18.1862525939941406,-56.3004264831542969,-2.2440512180328369
-6.5475463867187500,-52.8181266784667969,-1.5305589437484741
11.3121776580810547,-55.5827674865722656,-2.2459733486175537
2.8591060638427734,-18.4437236785888672,-1.5267550945281982
-15.4488744735717773,-37.7529869079589844,-1.5294749736785889
-1.0183453559875488,-49.6402854919433594,-2.2579605579376221
-3.7899396419525146,-49.6754837036132813,-2.2462091445922852
-8.5778942108154297,-24.6610984802246094,-1.5375014543533325
-11.3248386383056641,-7.6775736808776855,-2.2411639690399170
-17.0144519805908203,-55.1174583435058594,-2.2515137195587158
-10.6219224929809570,-57.0098991394042969,-1.5375280380249023
10.6105747222900391,-44.6024589538574219,-1.5244700908660889
5.8218469619750977,-41.0193099975585938,-2.2500572204589844
-1.6822017431259155,-13.3838577270507813,-1.5311961174011230
-8.3762187957763672,-9.7804975509643555,-1.5364149808883667
6.3281807899475098,-24.7516174316406250,-2.2430808544158936
-3.7810606956481934,-54.6788978576660156,-1.5377486944198608
1.8128862380981445,-16.3525104522705078,-1.5325027704238892
-22.9850807189941406,-41.3470230102539063,-1.5360354185104370
20.8816280364990234,-41.1368598937988281,-1.5336881875991821
-34.6207237243652344,-54.7750892639160156,-1.5370290279388428
-1.5637481212615967,-28.1168117523193359,-2.2430796623229980
8.5814371109008789,-39.6511421203613281,-1.5339032411575317
12.4035196304321289,-26.4825630187988281,-1.5322347879409790
13.3796663284301758,-14.3001117706298828,-2.2445635795593262
3.7831470966339111,-56.3170814514160156,-1.5319951772689819
-1.0176309347152710,-56.3591690063476563,-1.5241869688034058
3.7850861549377441,-43.5506439208984375,-2.2457063198089600
17.6482601165771484,-48.9572563171386719,-2.2419509887695313
16.5513534545898438,-37.0401077270507813,-2.2434372901916504
-5.8232498168945313,-42.1867561340332031,-1.5351295471191406
-5.8194942474365234,-32.7835121154785156,-2.2446036338806152
3.6690649986267090,-39.3524169921875000,-1.5301110744476318
22.2908592224121094,-54.1698532104492188,-2.2456817626953125
-1.0219103097915649,-31.9393138885498047,-2.2414350509643555
-2.4510951042175293,-9.7819080352783203,-1.5354967117309570
-7.3995747566223145,-21.8529510498046875,-1.5317561626434326
-10.9910507202148438,-55.4974098205566406,-2.2510986328125000
11.3099184036254883,-56.2954368591308594,-1.5336853265762329
-10.6198720932006836,-28.6572341918945313,-1.5358248949050903
11.3197469711303711,-27.0077896118164063,-1.5353496074676514