x,y,z
-2.3476328849792480,-29.7418975830078125,-2.2434823513031006
-12.0163402557373047,-15.8524560928344727,-2.2439010143280029
-1.7167254686355591,-53.9047431945800781,-1.5363129377365112
17.4780101776123047,-55.6035270690917969,-2.2437381744384766
-15.5478363037109375,-38.5830307006835938,-2.2580718994140625
-2.6086213588714600,-7.4652242660522461,-1.5372759103775024
5.8209242820739746,-24.9683551788330078,-2.2469036579132080
16.4334049224853516,-54.2398910522460938,-2.2453601360321045
15.4195070266723633,-24.2313556671142578,-2.2483856678009033
16.1015357971191406,-32.3026809692382813,-1.5324124097824097
-12.9004020690917969,-23.9975547790527344,-1.5351759195327759
-25.7024593353271484,-45.7246551513671875,-1.5308769941329956
-0.6558253169059753,-10.1617984771728516,-2.2475390434265137
-7.4374337196350098,-18.7668743133544922,-2.2466230392456055
-18.1858119964599609,-25.6026954650878906,-1.5303437709808350
7.2776994705200195,-18.5910625457763672,-2.2469410896301270
-8.5790224075317383,-40.1220016479492188,-1.5349195003509521
3.7784802913665771,-12.8503999710083008,-1.5335985422134399
5.8159599304199219,-32.4060173034667969,-1.5334454774856567
1.1727005243301392,-3.2487003803253174,-1.5387387275695801
11.5777645111083984,-39.7100715637207031,-1.5385288000106812
-6.1734728813171387,-8.1554975509643555,-2.2421646118164063
0.8591669797897339,-11.4593048095703125,-1.5383305549621582
3.7807805538177490,-23.0041103363037109,-1.5372587442398071
22.9784221649169922,-47.8919792175292969,-1.5343564748764038
-13.3795700073242188,-19.4447803497314453,-1.5365064144134521
-3.1060738563537598,-53.8972396850585938,-1.5310977697372437
-10.8008298873901367,-42.5904121398925781,-1.5294009447097778
-6.4435667991638184,-31.0777702331542969,-1.5297337770462036
31.2869129180908203,-50.9024009704589844,-2.2413868904113770
-4.5247178077697754,-10.3935546875000000,-1.5356832742691040
-7.1410894393920898,-35.7560157775878906,-2.2437729835510254
-2.3975675106048584,-54.8868980407714844,-2.2453665733337402
22.8098354339599609,-53.4767494201660156,-2.2580492496490479
4.2100062370300293,-6.8105902671813965,-2.2443439960479736
13.3777294158935547,-17.7302494049072266,-2.2413394451141357
3.7809953689575195,-16.1965675354003906,-1.5347129106521606
20.2193603515625000,-41.2061920166015625,-1.5366361141204834
7.3152112960815430,-29.1763610839843750,-2.2453150749206543
-3.7475180625915527,-33.3581542968750000,-2.2577664852142334
6.3293638229370117,-52.8883781433105469,-1.5377858877182007
8.5815172195434570,-19.5725326538085938,-1.5329591035842896
-3.7777121067047119,-30.4113903045654297,-1.5313577651977539
1.0208480358123779,-52.8194389343261719,-1.5327138900756836
16.1526241302490234,-21.8916778564453125,-1.5369740724563599
-11.6983060836791992,-44.4503402709960938,-1.5257997512817383
-7.2004523277282715,-56.2869300842285156,-1.5330104827880859
17.1806106567382813,-50.9893074035644531,-1.5366582870483398
8.5792636871337891,-34.9906196594238281,-1.5372368097305298
-0.9151200056076050,-10.7976865768432617,-1.5328608751296997
12.0965118408203125,-23.0909004211425781,-2.2464554309844971
-7.2952604293823242,-39.9836502075195313,-2.2438814640045166
-10.6143569946289063,-54.6618232727050781,-1.5281145572662354
-17.2427120208740234,-29.3416824340820313,-2.2463469505310059
-11.2995519638061523,-10.9208993911743164,-2.2413964271545410
-25.7135028839111328,-52.1427955627441406,-2.2444636821746826
12.6919136047363281,-19.2085876464843750,-2.2486245632171631
-3.7852957248687744,-23.5958156585693359,-2.2462754249572754
-17.1816959381103516,-23.3600196838378906,-1.5380892753601074
9.5732603073120117,-9.5132284164428711,-2.2434473037719727
-8.5798025131225586,-19.5452232360839844,-2.2429015636444092
-10.6207189559936523,-14.1522798538208008,-1.5371552705764771
-17.0026454925537109,-26.7707748413085938,-2.2470352649688721
25.5240325927734375,-49.0792694091796875,-2.2412347793579102
15.4170722961425781,-47.4065933227539063,-1.5327601432800293
-0.2827015817165375,-11.0869512557983398,-2.2436559200286865
10.6113805770874023,-41.2520751953125000,-1.5294237136840820
20.9146633148193359,-56.2979431152343750,-1.5356386899948120
-11.4332256317138672,-46.7673912048339844,-1.5277918577194214
-7.4332647323608398,-17.1628665924072266,-1.5387594699859619
6.8429403305053711,-48.6585617065429688,-2.2443690299987793
30.2587223052978516,-50.3113327026367188,-1.5365293025970459
20.9286155700683594,-32.7569541931152344,-2.2413158416748047
-8.5777702331542969,-41.1084823608398438,-1.5383075475692749
1.7336933612823486,-52.8247871398925781,-2.2425727844238281
-3.7911348342895508,-13.8428344726562500,-2.2472622394561768
17.3069572448730469,-15.5098495483398438,-2.2413287162780762
-34.6148948669433594,-57.0036087036132813,-2.2483398914337158
-13.3765830993652344,-24.5198822021484375,-2.2412843704223633
2.7124855518341064,-3.6430809497833252,-1.5385743379592896
-25.0139713287353516,-52.8415718078613281,-2.2444186210632324
18.1802310943603516,-43.5141601562500000,-1.5348858833312988
-11.5842914581298828,-21.8326644897460938,-1.5361404418945313
-13.3765420913696289,-31.2012081146240234,-2.2473201751708984
22.3028278350830078,-40.4781417846679688,-1.5323492288589478
-13.1792812347412109,-10.4517574310302734,-1.5388150215148926
-3.1078002452850342,-46.6530952453613281,-2.2492446899414063
-16.5725936889648438,-26.2040271759033203,-1.5341085195541382
10.6223583221435547,-41.9333877563476563,-2.2474169731140137
18.1800270080566406,-17.9477176666259766,-1.5340129137039185
-18.1779956817626953,-24.2838249206542969,-1.5366313457489014
12.0166616439819336,-16.5764141082763672,-1.5356703996658325
-18.1789627075195313,-33.6323738098144531,-2.2506928443908691
27.0917396545410156,-57.0079078674316406,-2.2458350658416748
-30.5189476013183594,-51.7417221069335938,-1.5351254940032959
-16.3767623901367188,-41.8127708435058594,-2.2424125671386719
11.3454980850219727,-53.4625358581542969,-2.2432138919830322
-18.1798458099365234,-51.9837532043457031,-1.5311501026153564
0.9335763454437256,-10.0281190872192383,-1.5368274450302124
3.0232090950012207,-12.8873548507690430,-2.2455546855926514
-10.6196527481079102,-41.9329261779785156,-2.2458055019378662
25.0219001770019531,-49.5744895935058594,-1.5343929529190063
6.5305514335632324,-21.4822521209716797,-1.5343689918518066
16.7425060272216797,-24.9549617767333984,-2.2410862445831299
-13.3801288604736328,-39.5973777770996094,-2.2422380447387695
-1.0135118961334229,-14.5283069610595703,-2.2472825050354004
-22.9809665679931641,-56.0231132507324219,-2.2435278892517090
-21.7502288818359375,-44.4833946228027344,-2.2479574680328369
25.0214653015136719,-47.2606849670410156,-1.5334843397140503
-5.8216023445129395,-18.8446559906005859,-1.5358574390411377
-17.4508743286132813,-49.2774772644042969,-2.2480008602142334
20.9405536651611328,-55.3061523437500000,-1.5375725030899048
10.8059272766113281,-25.3578186035156250,-1.5383802652359009
26.8209285736083984,-51.1652069091796875,-1.5360425710678101
1.5112080574035645,-19.5027790069580078,-1.5364217758178711
-7.2127614021301270,-54.8795814514160156,-1.5326275825500488
-12.6209726333618164,-20.1958827972412109,-1.5379542112350464
7.6027607917785645,-38.4411315917968750,-2.2467823028564453
22.9854946136474609,-47.1958351135253906,-2.2438132762908936
-8.5924816131591797,-54.2177200317382813,-2.2512409687042236
12.7661542892456055,-27.7742843627929688,-2.2563490867614746
-21.5523872375488281,-54.6576232910156250,-2.2488148212432861
-8.5791397094726563,-23.2275180816650391,-2.2449331283569336
-3.3780024051666260,-27.1735324859619141,-2.2548971176147461
-7.4177927970886230,-29.1665287017822266,-1.5302568674087524
27.0909786224365234,-56.2917976379394531,-1.5338071584701538
26.6218872070312500,-52.9221725463867188,-2.2413742542266846
8.5813407897949219,-21.7423343658447266,-2.2461533546447754
-21.3709392547607422,-48.5968132019042969,-2.2462251186370850
-12.2076940536499023,-22.1482830047607422,-2.2452576160430908
1.0182374715805054,-49.7303886413574219,-2.2427623271942139
-2.6554002761840820,-21.9864883422851563,-2.2526695728302002
-5.8299050331115723,-14.0987997055053711,-1.5357648134231567
-3.0566668510437012,-48.0643539428710938,-2.2442409992218018
10.6222515106201172,-31.0954837799072266,-1.5356742143630981
-3.7580368518829346,-6.8547372817993164,-1.5358617305755615
16.1204853057861328,-39.1739158630371094,-2.2453229427337646
2.3875906467437744,-28.8870296478271484,-1.5306168794631958
-8.5864830017089844,-42.0938720703125000,-1.5348048210144043
3.7820687294006348,-15.2011051177978516,-1.5328258275985718
5.8282804489135742,-43.3975219726562500,-1.5272116661071777
20.2414665222167969,-36.3892707824707031,-1.5348598957061768
-29.8217945098876953,-57.0025558471679688,-1.5366777181625366
32.5824699401855469,-56.2715492248535156,-1.5352379083633423
-1.2912888526916504,-9.8777275085449219,-1.5326800346374512
-6.8974738121032715,-37.7150268554687500,-1.5290794372558594
6.8119339942932129,-36.0687866210937500,-2.2445857524871826
26.6575145721435547,-44.0875511169433594,-2.2418005466461182
-11.9920997619628906,-47.1383132934570313,-2.2489814758300781
-1.9536041021347046,-38.5062942504882813,-1.5420637130737305
-17.2581787109375000,-28.6436252593994141,-1.5363938808441162
12.6332454681396484,-29.6839275360107422,-1.5328286886215210
8.0063695907592773,-20.9319839477539063,-2.2455122470855713
-10.6221628189086914,-47.7730789184570313,-1.5379915237426758
7.2087721824645996,-11.0368375778198242,-2.2441761493682861
16.6700096130371094,-36.6614990234375000,-2.2417364120483398
20.2190761566162109,-41.9058341979980469,-2.2455925941467285
-6.4963164329528809,-21.4222698211669922,-1.5292924642562866
-1.0153090953826904,-56.3051795959472656,-2.2439289093017578
-12.0471115112304688,-10.2453222274780273,-2.2412555217742920
-7.2449731826782227,-45.9878234863281250,-1.5298880338668823
11.0913991928100586,-10.7941951751708984,-2.2453684806823730
26.3858127593994141,-55.5922355651855469,-1.5343921184539795
-6.7361087799072266,-20.2934894561767578,-1.5326646566390991
10.9109420776367188,-8.6686687469482422,-1.5383529663085938
-11.1925477981567383,-33.2096214294433594,-2.2412214279174805
31.9094219207763672,-57.0064315795898438,-1.5312585830688477
-11.0881967544555664,-32.1367568969726563,-2.2518057823181152
-21.6432933807373047,-51.6460037231445313,-2.2463643550872803
7.5379462242126465,-33.9999046325683594,-1.5400100946426392
-22.0324745178222656,-45.1196899414062500,-1.5355374813079834
-26.4018592834472656,-49.3091163635253906,-1.5339282751083374
3.7060897350311279,-5.0193185806274414,-2.2413308620452881
5.8209228515625000,-27.7287654876708984,-2.2434325218200684
-7.3165612220764160,-33.5127525329589844,-1.5316309928894043
-27.7777328491210938,-43.2004165649414063,-2.2412846088409424
12.6132650375366211,-32.4168319702148438,-1.5372579097747803
-6.5597963333129883,-39.3101272583007813,-2.2521762847900391
-17.3371124267578125,-31.3780899047851563,-1.5345001220703125
1.0195394754409790,-57.0031013488769531,-1.5365937948226929
11.9804220199584961,-15.1360940933227539,-1.5325876474380493
5.8196239471435547,-21.4708290100097656,-2.2445232868194580
2.7909369468688965,-17.1813659667968750,-1.5350277423858643
-7.2231702804565430,-54.1602363586425781,-2.2424464225769043
18.0063228607177734,-40.4696731567382813,-2.2522048950195313
16.9179954528808594,-33.3956565856933594,-1.5365328788757324
-15.4220075607299805,-44.3826103210449219,-2.2475526332855225
13.3857965469360352,-16.5421848297119141,-1.5333982706069946
-27.7864170074462891,-50.7264785766601563,-1.5363045930862427
13.3815298080444336,-13.7342300415039063,-1.5364211797714233
26.2027835845947266,-49.8114204406738281,-2.2601342201232910
22.9796886444091797,-52.8670387268066406,-1.5170176029205322
18.1784267425537109,-49.9743270874023438,-1.5371712446212769
-7.8992733955383301,-11.0278921127319336,-2.2456376552581787
5.8215360641479492,-54.3743057250976563,-2.2423748970031738
-7.2027120590209961,-10.9811277389526367,-1.5363072156906128
1.0177735090255737,-14.6265058517456055,-2.2497065067291260
-22.0338058471679688,-45.8249588012695313,-2.2421910762786865
16.4062747955322266,-45.4281044006347656,-2.2501070499420166
37.3027229309082031,-55.2272071838378906,-1.5376468896865845
21.6136302947998047,-44.0059471130371094,-1.5306993722915649
-12.0068178176879883,-18.6990680694580078,-2.2466471195220947
-8.3812875747680664,-27.8960208892822266,-2.2539019584655762
7.0021643638610840,-30.1426601409912109,-2.2467386722564697
-3.0783960819244385,-18.1964263916015625,-1.5334017276763916
15.4222812652587891,-39.1672973632812500,-1.5335252285003662
8.5862960815429688,-40.5797843933105469,-1.5292400121688843
27.0656242370605469,-47.0437736511230469,-1.5370360612869263
-31.1698875427246094,-54.6238403320312500,-2.2429697513580322
-10.8063888549804688,-12.4626636505126953,-2.2410752773284912
-3.7786464691162109,-48.7504844665527344,-2.2438981533050537
6.1950764656066895,-12.1768159866333008,-2.2413728237152100
-25.0151386260986328,-52.1422653198242188,-1.5359255075454712
-32.5791244506835938,-54.6219520568847656,-2.2436854839324951
-3.2427856922149658,-16.0528964996337891,-2.2433280944824219
-11.7852878570556641,-37.9822349548339844,-1.5361057519912720
-18.1250762939453125,-31.9863281250000000,-1.5264304876327515
-1.0159354209899902,-25.1477432250976563,-1.5299917459487915
-1.4783067703247070,-29.2722015380859375,-2.2488670349121094
-5.8217315673828125,-42.8824539184570313,-2.2421777248382568
18.1832313537597656,-54.9147453308105469,-2.2494926452636719
22.9776573181152344,-50.5845108032226563,-1.5289568901062012
1.7187306880950928,-56.2957534790039063,-1.5363516807556152
16.1245975494384766,-27.2683544158935547,-2.2458739280700684
21.6684055328369141,-30.6505565643310547,-2.2421357631683350
3.7771663665771484,-27.9700336456298828,-2.2553956508636475
-3.0441024303436279,-45.6640586853027344,-2.2509639263153076
-1.0173114538192749,-52.4941558837890625,-2.2452268600463867
-9.5172462463378906,-6.3956117630004883,-1.9929707050323486
31.8668746948242188,-52.7218322753906250,-1.5377944707870483
3.2985293865203857,-26.1634502410888672,-1.5341435670852661
-15.4220399856567383,-55.0440711975097656,-1.5326163768768311
-11.7682933807373047,-55.0105018615722656,-1.5377093553543091
31.9966373443603516,-50.9036483764648438,-1.5386594533920288
-12.4018726348876953,-50.0583801269531250,-2.2486932277679443
-7.0712018013000488,-21.9266719818115234,-2.2417376041412354
-15.4495716094970703,-45.7375488281250000,-2.2510170936584473
-22.0305900573730469,-46.5467224121093750,-1.5375841856002808
-16.1502838134765625,-52.3527526855468750,-2.2498373985290527
18.1795387268066406,-46.6479034423828125,-2.2450766563415527
-20.2214317321777344,-50.9782638549804688,-1.5342029333114624
-10.3210601806640625,-10.8091659545898438,-1.5375745296478271
-3.0290725231170654,-39.7558517456054688,-2.2479739189147949
1.0771368741989136,-4.7284913063049316,-1.5375925302505493
3.1499843597412109,-5.4876461029052734,-1.5373198986053467
-7.8533849716186523,-35.0593338012695313,-2.2467875480651855
-1.0173298120498657,-23.2296142578125000,-2.2453939914703369
36.0141983032226563,-56.2935142517089844,-2.2463188171386719
-15.4201707839965820,-56.3621635437011719,-1.5212045907974243
2.1167106628417969,-34.2717514038085938,-1.5296093225479126
-11.7542552947998047,-36.3659667968750000,-2.2423806190490723
12.2052536010742188,-35.5841560363769531,-2.2490873336791992
-22.9819145202636719,-46.8208160400390625,-1.5304213762283325
7.6283268928527832,-29.7984657287597656,-1.5374659299850464
16.2827167510986328,-23.0171413421630859,-1.5343474149703979
-8.5835838317871094,-35.7329292297363281,-2.2465503215789795
20.2214183807373047,-35.0277862548828125,-1.5304765701293945
15.8920106887817383,-52.1490211486816406,-2.2494924068450928
-22.9781723022460938,-43.2477302551269531,-1.5313265323638916
10.6178998947143555,-16.5874271392822266,-1.5368148088455200
25.7417869567871094,-44.4860038757324219,-2.2414572238922119
-8.5799541473388672,-37.1309852600097656,-2.2421290874481201
-11.3353519439697266,-49.8827056884765625,-1.5361344814300537
-17.6883487701416016,-53.8211517333984375,-2.2437324523925781
-26.3527259826660156,-55.6725425720214844,-2.2449002265930176
16.4094467163085938,-35.5569305419921875,-1.5350476503372192
-3.9371194839477539,-4.2643799781799316,-1.5387469530105591
5.8214340209960938,-42.7327957153320313,-2.2484767436981201
21.6142520904541016,-45.1429443359375000,-2.2410707473754883
32.5842094421386719,-57.0019111633300781,-2.2465102672576904
-1.7231242656707764,-20.3047084808349609,-2.2501275539398193
-15.4199171066284180,-37.2857894897460938,-2.2524404525756836
-13.3832960128784180,-31.8886814117431641,-1.5350621938705444
7.4700074195861816,-55.3912086486816406,-1.5344183444976807
5.8174457550048828,-50.3595848083496094,-1.5336303710937500
-2.0175528526306152,-16.9030532836914063,-2.2446763515472412
7.6447634696960449,-45.5859985351562500,-2.2414968013763428
2.4218013286590576,-18.1071434020996094,-1.5369330644607544
12.7843675613403320,-17.3350696563720703,-1.5399918556213379
-20.2221336364746094,-39.7037315368652344,-1.5356302261352539
-12.5121946334838867,-55.6740036010742188,-1.5302670001983643
-16.1546268463134766,-35.2552108764648438,-2.2482526302337646
18.1903095245361328,-47.3453102111816406,-1.5378102064132690
-8.5773401260375977,-24.9055156707763672,-1.5339474678039551
-5.8181285858154297,-39.9738769531250000,-2.2515146732330322
-6.5683736801147461,-35.3535308837890625,-1.5365060567855835
-16.9055919647216797,-53.0500717163085938,-2.2486793994903564
7.8080916404724121,-32.9501495361328125,-1.5285429954528809
3.0432410240173340,-42.6532058715820313,-2.2474901676177979
-10.6170063018798828,-53.3180465698242188,-1.5291982889175415
-13.3460645675659180,-12.4340419769287109,-1.5381059646606445
-5.8197088241577148,-51.3830375671386719,-2.2478151321411133
-13.3787422180175781,-57.0084953308105469,-2.2463860511779785
3.1277925968170166,-51.4164962768554688,-2.2488343715667725
3.7776222229003906,-18.6450920104980469,-1.5386731624603271
-3.7810044288635254,-18.8906192779541016,-1.5310870409011841
5.4262647628784180,-8.6622819900512695,-2.2430844306945801
17.4840202331542969,-29.4084281921386719,-1.5349678993225098
5.8214325904846191,-57.0076980590820313,-1.5334721803665161
-1.0210040807723999,-37.5265197753906250,-2.2467908859252930
32.5777587890625000,-51.3085327148437500,-2.2418696880340576
7.8082513809204102,-41.9284667968750000,-2.2448749542236328
-11.6176033020019531,-21.1350288391113281,-2.2431125640869141
13.5912551879882813,-11.4017839431762695,-1.5386010408401489
1.7112613916397095,-54.1953277587890625,-2.2455163002014160
2.2821581363677979,-39.4191551208496094,-2.2522480487823486
26.0683326721191406,-53.3612442016601563,-1.5356993675231934
-10.6157493591308594,-29.6195125579833984,-1.5372732877731323
13.3806114196777344,-15.8402738571166992,-2.2428762912750244
-6.5186700820922852,-54.1661109924316406,-1.5361735820770264
-30.5077877044677734,-53.1712112426757813,-1.5316841602325439
25.0195732116699219,-57.0033187866210938,-1.5339812040328979
21.9094467163085938,-29.6814270019531250,-2.2411196231842041
-27.3437595367431641,-43.7598419189453125,-1.5376996994018555
22.2852935791015625,-38.3626022338867188,-2.2449636459350586
13.3808546066284180,-54.9041290283203125,-1.5343289375305176
15.4194831848144531,-44.4283485412597656,-2.2419111728668213
12.6834335327148438,-49.3081932067871094,-2.2470245361328125
35.5776557922363281,-54.5797882080078125,-2.2414507865905762
17.1945629119873047,-19.5146007537841797,-1.5359412431716919
6.5431690216064453,-25.6573925018310547,-2.2468309402465820
6.0737314224243164,-9.4427261352539063,-2.2469801902770996
5.8212213516235352,-38.7379837036132813,-1.5320726633071899
-16.1843338012695313,-57.0026016235351563,-1.5370371341705322
7.1415729522705078,-22.3995361328125000,-1.5319625139236450
-1.0185073614120483,-51.7992439270019531,-1.5367418527603149
1.6155178546905518,-41.9585571289062500,-1.5379210710525513
35.3195304870605469,-55.5800209045410156,-2.2450141906738281
18.1856994628906250,-33.2102203369140625,-2.2541730403900146
10.2821912765502930,-7.3479757308959961,-2.2412204742431641
-5.8155827522277832,-30.8132438659667969,-2.2443091869354248
16.7853050231933594,-30.8048725128173828,-2.2510070800781250
5.8133597373962402,-18.1439342498779297,-1.5328457355499268
-2.2874662876129150,-13.4711523056030273,-1.5349854230880737
-26.5175304412841797,-43.2464714050292969,-1.7634767293930054
1.0209746360778809,-17.0048484802246094,-2.2453780174255371
-36.6268653869628906,-55.5324897766113281,-1.5297167301177979
5.8211307525634766,-23.5813045501708984,-2.2448554039001465
2.9972617626190186,-13.5890474319458008,-1.5383033752441406
-1.0206886529922485,-41.5246505737304688,-1.5259333848953247
1.0188637971878052,-51.4253768920898438,-1.5365017652511597
27.2819347381591797,-49.6824302673339844,-2.2429537773132324
-8.1850833892822266,-8.0649938583374023,-2.2417843341827393
1.0165584087371826,-33.3330726623535156,-2.2484736442565918
8.0654792785644531,-25.5527667999267578,-2.2417411804199219
12.7117433547973633,-45.1126899719238281,-2.2535641193389893
-12.4128131866455078,-46.6047286987304688,-1.5266466140747070
-10.6190023422241211,-49.8845748901367188,-2.2448489665985107
15.4568586349487305,-33.7948417663574219,-2.2412381172180176
-22.9780178070068359,-48.2024154663085938,-1.5382513999938965
27.0886669158935547,-55.5909004211425781,-2.2440726757049561
-7.9629426002502441,-16.6930866241455078,-2.2430999279022217
-15.9143419265747070,-23.3340988159179688,-1.5357190370559692
-1.0171452760696411,-28.7934131622314453,-1.5249478816986084
-20.6335754394531250,-35.3938865661621094,-1.5388561487197876
12.5875272750854492,-12.1518716812133789,-1.5333695411682129
-27.0833015441894531,-47.1622924804687500,-1.5354720354080200
-1.5378524065017700,-16.3891410827636719,-1.5376975536346436
8.1120204925537109,-49.1144104003906250,-1.5293178558349609
-29.8219223022460938,-51.0282745361328125,-1.5386596918106079
10.6185150146484375,-45.7506523132324219,-2.2434818744659424
-15.9370460510253906,-21.3345127105712891,-1.5388906002044678
-6.1505780220031738,-8.8543109893798828,-1.5332771539688110
-3.7848961353302002,-56.3015060424804688,-2.2438426017761230
-8.5781049728393555,-52.2465438842773438,-2.2487711906433105
-8.1474819183349609,-45.5964698791503906,-1.5259274244308472
15.4221944808959961,-34.5033264160156250,-1.5387889146804810
-22.9873237609863281,-43.9236297607421875,-2.2506225109100342
-16.2917098999023438,-37.9264068603515625,-2.2457582950592041
3.7860741615295410,-22.0092010498046875,-1.5384875535964966
0.2098864465951920,-6.0211992263793945,-2.2436659336090088
6.5436444282531738,-20.0957717895507813,-1.5329883098602295
-2.3519442081451416,-25.3874835968017578,-2.2415695190429688
11.4154224395751953,-40.6830825805664063,-1.5315154790878296
-8.5850763320922852,-30.2026100158691406,-2.2497332096099854
-11.9783802032470703,-24.3585090637207031,-2.2440805435180664
10.6188859939575195,-15.1528501510620117,-1.5354176759719849
17.1866474151611328,-52.6523666381835938,-2.2478897571563721
31.8784694671630859,-54.1384010314941406,-1.5350542068481445
-7.6901602745056152,-49.8504867553710938,-1.5277030467987061
-3.7765588760375977,-34.0072174072265625,-1.5257402658462524
-1.8258208036422729,-41.5941619873046875,-2.2420969009399414
12.6955690383911133,-54.9052734375000000,-2.2493104934692383
-27.0921154022216797,-49.2993049621582031,-2.2459721565246582
-6.5279583930969238,-48.7072410583496094,-2.2555339336395264
-3.7849073410034180,-31.0838031768798828,-2.2557585239410400
-7.6905121803283691,-18.1271114349365234,-1.5319478511810303
-12.7408170700073242,-25.5352725982666016,-2.2412199974060059
16.7809772491455078,-30.1136150360107422,-1.5356291532516479
-27.7844753265380859,-53.5813560485839844,-1.5361293554306030
-7.1980137825012207,-55.5897560119628906,-2.2443184852600098
6.6920700073242188,-45.8857688903808594,-2.2553298473358154
-6.5192880630493164,-25.1126823425292969,-1.5270678997039795
-7.8809585571289063,-36.4250755310058594,-2.2454495429992676
12.6733818054199219,-47.9116554260253906,-2.2441003322601318
20.9088611602783203,-40.4886741638183594,-1.5353922843933105
-10.6174764633178711,-15.8608198165893555,-2.2433521747589111
-1.8731102943420410,-14.9647245407104492,-1.9955372810363770
7.3063344955444336,-20.8303298950195313,-1.5387046337127686
17.1798610687255859,-37.1483535766601563,-1.5364234447479248
12.6671266555786133,-21.3005084991455078,-1.5360872745513916
13.3814487457275391,-36.7524681091308594,-1.5343919992446899
-31.3839015960693359,-56.5010948181152344,-2.2442789077758789
-20.2181777954101563,-54.2685050964355469,-1.5339474678039551
-13.3799390792846680,-36.9197349548339844,-1.5337436199188232
10.6202144622802734,-50.7772521972656250,-1.5340054035186768
12.7080259323120117,-16.5778198242187500,-2.2479255199432373
-17.5008964538574219,-42.3238182067871094,-2.2481887340545654
-1.0195277929306030,-18.9341392517089844,-1.5332992076873779
-2.7858145236968994,-16.5892677307128906,-1.5384079217910767
-7.0530567169189453,-17.8459281921386719,-2.2438051700592041
-17.4460010528564453,-43.3106803894042969,-2.2467272281646729
-6.9326467514038086,-43.7191658020019531,-2.2438290119171143
-10.9619731903076172,-8.1956739425659180,-2.2420966625213623
11.5447769165039063,-33.6510200500488281,-2.2494041919708252
11.8036403656005859,-36.8789787292480469,-2.2513027191162109
-31.2081203460693359,-52.4634895324707031,-1.5325208902359009
-10.6182889938354492,-15.1499681472778320,-1.5367937088012695
-12.7109842300415039,-26.9297351837158203,-1.5276924371719360
-3.7811810970306396,-40.3949584960937500,-2.2459046840667725
-20.2183513641357422,-44.0340423583984375,-1.5265974998474121
1.9347695112228394,-22.4973831176757813,-1.5359966754913330
3.0536723136901855,-4.2640628814697266,-2.2415623664855957
-2.2376735210418701,-30.9810733795166016,-2.2448859214782715
-17.7106857299804688,-26.0808219909667969,-2.2469503879547119
15.4166440963745117,-30.1880588531494141,-1.5318489074707031
1.0192563533782959,-43.6618270874023438,-2.2512412071228027
-11.3536787033081055,-51.9577331542968750,-2.2496194839477539
22.5131072998046875,-36.1378440856933594,-1.5278834104537964
21.6347064971923828,-32.8325042724609375,-1.5389394760131836
-15.9059448242187500,-30.7303352355957031,-2.2451214790344238
12.6646890640258789,-19.9096984863281250,-1.5389504432678223
2.6341269016265869,-45.4668083190917969,-1.5308425426483154
-8.5782251358032227,-29.5263481140136719,-1.5322666168212891
1.7460802793502808,-38.9919319152832031,-1.5359120368957520
-1.2670651674270630,-43.4735755920410156,-2.2473225593566895
6.3208112716674805,-14.2757892608642578,-2.2432746887207031
15.9299144744873047,-47.8846015930175781,-2.2421333789825439
-15.4220552444458008,-23.8357429504394531,-2.2429163455963135
1.5781872272491455,-9.2659521102905273,-1.5285307168960571
1.0290759801864624,-38.9923629760742188,-2.2486336231231689
3.0594651699066162,-41.9678688049316406,-1.5328634977340698
2.6752715110778809,-14.5327367782592773,-1.5311099290847778
-16.1573219299316406,-53.7010841369628906,-2.2490141391754150
-7.8093681335449219,-6.1124925613403320,-2.2413558959960938
3.6158263683319092,-6.0122823715209961,-2.2425253391265869
-20.9698677062988281,-55.0045166015625000,-1.5339975357055664
-26.4030570983886719,-50.0159530639648438,-2.2456393241882324
-10.6201658248901367,-35.5593299865722656,-2.2455387115478516
-2.6221346855163574,-36.2475166320800781,-2.2597393989562988
-22.9794921875000000,-38.9694633483886719,-2.2452187538146973
16.1027355194091797,-32.9880180358886719,-2.2472622394561768
-1.0222182273864746,-26.4826412200927734,-1.5298646688461304
2.7374420166015625,-7.4986968040466309,-1.5381256341934204
5.8198146820068359,-48.7317314147949219,-2.2550203800201416
2.4123246669769287,-55.5824699401855469,-1.5314079523086548
-3.7777857780456543,-29.7304897308349609,-2.2480504512786865
17.7336769104003906,-32.7396659851074219,-1.5260289907455444
-8.5651149749755859,-13.1342382431030273,-2.2482161521911621
-3.2740828990936279,-40.8901672363281250,-1.5388116836547852
-27.7827625274658203,-48.5827445983886719,-2.2437019348144531
-5.8171868324279785,-21.4208412170410156,-2.2452378273010254
-10.8135499954223633,-47.0913009643554688,-2.2414176464080811
-13.3814344406127930,-22.5100593566894531,-2.2454106807708740
-1.0190948247909546,-48.8269462585449219,-1.5360045433044434
7.8534040451049805,-41.2457847595214844,-1.5309603214263916
-20.3024253845214844,-47.6706123352050781,-1.5212805271148682
-17.4868831634521484,-21.4271812438964844,-1.5372096300125122
3.2779529094696045,-23.5110397338867188,-2.2444827556610107
-11.3471412658691406,-57.0039024353027344,-2.2427949905395508
-16.4495563507080078,-34.6391792297363281,-1.5330281257629395
-32.5793914794921875,-53.9177665710449219,-1.5374348163604736
-13.3791742324829102,-41.2809219360351563,-1.5355099439620972
-9.0656976699829102,-7.6007018089294434,-2.2421734333038330
-13.3817739486694336,-45.6984519958496094,-2.2466220855712891
-27.7785091400146484,-44.3163948059082031,-2.2418684959411621
1.0946056842803955,-12.1224822998046875,-2.2456135749816895
-3.2186834812164307,-3.5708510875701904,-1.5387462377548218
-6.5244131088256836,-52.7549781799316406,-1.5353587865829468
22.9789638519287109,-44.0940322875976563,-1.5377017259597778
13.3856668472290039,-45.1217994689941406,-1.5338371992111206
1.3474638462066650,-31.3760414123535156,-1.5324048995971680
-17.4357509613037109,-40.2917480468750000,-1.5373681783676147
2.1542196273803711,-15.0509700775146484,-2.2458851337432861
11.1604309082031250,-21.3105621337890625,-1.5388170480728149
11.7645740509033203,-39.0413246154785156,-2.2515909671783447
-1.7423657178878784,-26.4954872131347656,-2.2438862323760986
8.2632188796997070,-9.9721746444702148,-2.2456269264221191
-22.2585124969482422,-54.6548156738281250,-1.5341613292694092
1.0183830261230469,-50.7216377258300781,-2.2426679134368896
30.4604797363281250,-49.3353919982910156,-1.5982142686843872
8.5807304382324219,-47.2937088012695313,-2.2491133213043213
6.2901043891906738,-48.2456207275390625,-1.5313127040863037
-7.1450366973876953,-11.6796789169311523,-2.2421464920043945
-7.7338123321533203,-15.3277177810668945,-1.5300503969192505
22.9788856506347656,-31.9990673065185547,-1.5376490354537964
6.4898815155029297,-22.2032012939453125,-2.2495143413543701
-17.4832725524902344,-39.5853576660156250,-2.2433321475982666
-10.6185274124145508,-17.9833183288574219,-1.5362991094589233
17.2411117553710938,-21.5177288055419922,-2.2474997043609619
-1.0222319364547729,-15.1995201110839844,-1.5285406112670898
10.6129407882690430,-26.3363723754882813,-1.5310211181640625
-18.1775035858154297,-27.3017349243164063,-2.2439067363739014
16.0856456756591797,-57.0058746337890625,-2.2497742176055908
16.7109947204589844,-21.0748672485351563,-1.5359292030334473
-3.7781746387481689,-44.3608665466308594,-1.5262970924377441
5.8211908340454102,-31.4167137145996094,-1.5387408733367920
1.7916415929794312,-4.0318703651428223,-1.5386744737625122
-1.9283614158630371,-45.4800300598144531,-1.5325310230255127
6.6852588653564453,-42.2263679504394531,-2.2482688426971436
15.4136962890625000,-31.5818939208984375,-1.5348663330078125
1.6328779458999634,-9.9378023147583008,-2.2499952316284180
27.7782707214355469,-45.3475303649902344,-1.5380609035491943
12.6597471237182617,-35.0750885009765625,-1.5330257415771484
-27.0980110168457031,-51.4377746582031250,-1.5339306592941284
-8.5845460891723633,-34.3825988769531250,-2.2512407302856445
-1.7415882349014282,-36.8390617370605469,-2.2434761524200439
16.6190109252929688,-22.4094772338867188,-2.2455277442932129
-1.0166649818420410,-42.8429794311523438,-1.5291475057601929
2.7124173641204834,-10.4481115341186523,-2.2446346282958984
20.2192630767822266,-49.6601524353027344,-1.5322136878967285
11.2499313354492188,-26.1778831481933594,-2.2528953552246094
-8.5482177734375000,-12.4532976150512695,-1.5316927433013916
-34.6190910339355469,-54.0590553283691406,-2.2446403503417969
-12.6333093643188477,-34.5880508422851563,-2.2531709671020508
10.7979383468627930,-37.3012886047363281,-2.2486877441406250
7.7008504867553711,-11.5257596969604492,-1.5331904888153076
5.8208565711975098,-28.4325237274169922,-1.5366376638412476
-10.6180047988891602,-16.5697288513183594,-1.5372991561889648
10.6136302947998047,-48.6534042358398438,-2.2450358867645264
6.5318946838378906,-6.6280741691589355,-2.2411944866180420
31.8985652923583984,-56.2792358398437500,-2.2489819526672363
16.7934665679931641,-28.6984024047851563,-1.5316842794418335
-31.8712806701660156,-57.0075531005859375,-1.5376647710800171
5.8185195922851563,-47.7477455139160156,-2.2495927810668945
-27.0349388122558594,-57.0087509155273438,-1.5324488878250122
-21.9329910278320313,-40.7938117980957031,-2.2481143474578857
-15.4178028106689453,-39.2070159912109375,-1.5207169055938721
-17.8565158843994141,-35.8444595336914063,-2.2570793628692627
6.1316480636596680,-18.7564334869384766,-2.2447681427001953
7.8346552848815918,-22.4033412933349609,-2.2441911697387695
-8.3454265594482422,-16.1164112091064453,-1.5326702594757080
13.3810987472534180,-47.9109039306640625,-1.5353248119354248
-2.0112602710723877,-48.8901901245117188,-1.5214685201644897
17.4910316467285156,-27.9914627075195313,-1.5307615995407104
-21.0684471130371094,-44.5418357849121094,-1.5315773487091064
-5.5688929557800293,-9.2201585769653320,-2.2465114593505859
-2.3901915550231934,-20.3785514831542969,-1.5323512554168701
-18.1778697967529297,-47.6191368103027344,-2.2468557357788086
-20.9227504730224609,-50.9629478454589844,-2.2428379058837891
1.0197335481643677,-34.0097732543945313,-1.5317467451095581
-12.7037830352783203,-17.9963283538818359,-2.2480173110961914
-2.3271605968475342,-29.0413684844970703,-1.5373464822769165
-2.3847546577453613,-35.6024131774902344,-1.5377284288406372
-20.2286071777343750,-46.3676414489746094,-1.5275595188140869
37.8002891540527344,59.1721229553222656,-2.2411053180694580
-8.9884042739868164,-11.2339725494384766,-1.5337499380111694
-7.7025756835937500,-50.5089721679687500,-2.2520186901092529
11.3522396087646484,-23.1597976684570313,-1.5360512733459473
-21.5409584045410156,-53.2713890075683594,-2.2450153827667236
-13.3804283142089844,-37.6123313903808594,-2.2436385154724121
21.3802776336669922,-46.1132850646972656,-2.2541904449462891
27.7819824218750000,-51.4049606323242188,-1.5376607179641724
12.6858415603637695,-57.0067634582519531,-1.5343837738037109
-11.9300928115844727,-54.3285522460937500,-2.2470016479492188
27.0663547515869141,-52.1276245117187500,-1.5374944210052490
-2.7025883197784424,-15.5977277755737305,-1.5379979610443115
-8.5779113769531250,-35.0553741455078125,-1.5298690795898438
-18.1786384582519531,-40.9551353454589844,-1.5242794752120972
-12.3609380722045898,-23.4369869232177734,-2.2412807941436768
7.4266676902770996,-44.3862495422363281,-2.2447881698608398
-1.9155105352401733,-46.8604393005371094,-1.5292915105819702
-7.8858561515808105,-57.0055313110351563,-1.5348179340362549
-29.8223171234130859,-55.5996932983398438,-1.5370169878005981
18.1783847808837891,-18.6392612457275391,-2.2462072372436523
12.0231056213378906,-17.2983608245849609,-2.2452776432037354
16.5710678100585938,-55.2068710327148438,-2.2516374588012695
-13.3818387985229492,-46.3878364562988281,-1.5337430238723755
5.8172426223754883,-41.7468070983886719,-2.2476139068603516
2.7963051795959473,-54.3288383483886719,-1.5298360586166382
17.1886157989501953,-24.0657405853271484,-2.2475786209106445
-7.3336949348449707,-46.6623840332031250,-2.2480666637420654
-22.5964164733886719,-40.5835838317871094,-1.5365437269210815
-1.0188241004943848,-48.1377487182617188,-2.2485055923461914
18.1832981109619141,-38.8531265258789063,-2.2519047260284424
-22.9799671173095703,-45.4646224975585938,-1.5300465822219849
-8.5787658691406250,-17.0840873718261719,-1.5364136695861816
-2.0679168701171875,-15.9095153808593750,-2.2417252063751221
-31.1699104309082031,-55.3304672241210938,-1.5360611677169800
-16.7020549774169922,-19.1609992980957031,-1.5387789011001587
12.6735277175903320,-34.3866996765136719,-2.2477855682373047
-6.5443177223205566,-44.6235351562500000,-2.2459862232208252
-8.5811643600463867,-42.7907752990722656,-2.2467718124389648
-16.7133903503417969,-43.9862899780273438,-2.2465412616729736
-12.6910429000854492,-18.7248191833496094,-1.5327593088150024
-16.8765926361083984,-32.5739822387695313,-1.5377187728881836
-12.6890792846679688,-43.6138648986816406,-2.2432756423950195
8.1478033065795898,-19.0592193603515625,-2.2505133152008057
-12.7014322280883789,-16.5661659240722656,-2.2481582164764404
-12.0630149841308594,-25.7782630920410156,-1.5301622152328491
-16.8746166229248047,-46.4465599060058594,-1.5353045463562012
25.0165805816650391,-54.2399978637695313,-1.5296126604080200
3.7863852977752686,-56.3083038330078125,-2.2438952922821045
15.8871088027954102,-16.5422859191894531,-1.5369341373443604
11.3125352859497070,-44.3442306518554688,-1.5332498550415039
-1.7195377349853516,-57.0039520263671875,-2.2463028430938721
10.6176223754882813,-45.0494117736816406,-1.5375292301177979
0.2767956554889679,-9.8032188415527344,-2.2463541030883789
36.6055335998535156,-55.9403266906738281,-1.5340334177017212
2.2033417224884033,-20.2167758941650391,-1.5324473381042480
3.7449069023132324,-27.3140220642089844,-1.5257620811462402
-2.0931107997894287,-3.6213676929473877,-2.2414674758911133
21.5288581848144531,-48.5446243286132813,-2.2451784610748291
1.8355938196182251,-5.5528388023376465,-1.5386855602264404
-3.7777545452117920,-39.7173500061035156,-1.5295677185058594
22.9808864593505859,-35.6537628173828125,-2.2460882663726807
8.5828065872192383,-52.4051361083984375,-2.2464652061462402
-22.9402046203613281,-37.0216941833496094,-2.2418627738952637
-3.7797567844390869,-51.7639656066894531,-1.5334925651550293
-17.6038246154785156,-19.5904121398925781,-1.5387221574783325
16.4652061462402344,-18.0291595458984375,-2.2417945861816406
-2.2218668460845947,-12.4798126220703125,-1.5339746475219727
-18.1821403503417969,-43.9683876037597656,-2.2507011890411377
-7.9714493751525879,-33.1611289978027344,-2.2473928928375244
-12.6389656066894531,-30.5245208740234375,-2.2445957660675049
2.5067596435546875,-5.7830028533935547,-2.2415654659271240
21.6020774841308594,-39.0803451538085938,-2.2480378150939941
-17.4436588287353516,-29.9981060028076172,-1.5338454246520996
-15.4201393127441406,-30.2313613891601563,-1.5352325439453125
26.9171943664550781,-43.4280166625976563,-1.5387854576110840
20.2222518920898438,-45.6705551147460938,-2.2455868721008301
13.3802204132080078,-24.3064002990722656,-1.5307450294494629
3.2585940361022949,-11.2791337966918945,-2.2459838390350342
-20.2169075012207031,-51.6637039184570313,-2.2468647956848145
-1.0188845396041870,-53.9087448120117188,-2.2438063621520996
17.6939182281494141,-35.6800308227539063,-2.2462725639343262
11.3273801803588867,-50.0804023742675781,-1.5374240875244141
-1.7169312238693237,-55.6077690124511719,-2.2464947700500488
-8.5716772079467773,-22.5469799041748047,-1.5305511951446533
-20.2169532775878906,-45.6999588012695313,-2.2481708526611328
17.3590507507324219,-39.7159767150878906,-2.2443711757659912
-29.8186874389648438,-53.1638336181640625,-2.2440819740295410
-2.7528223991394043,-6.3129711151123047,-1.5350571870803833
15.4208459854125977,-27.2617492675781250,-1.5353825092315674
20.2183532714843750,-39.0734367370605469,-2.2434957027435303
-22.9812164306640625,-51.2076568603515625,-1.5317440032958984
15.4193792343139648,-26.5719528198242188,-2.2487542629241943
-7.0268959999084473,-36.4463272094726563,-1.5360093116760254
5.8215250968933105,-33.0903892517089844,-2.2448184490203857
8.5777454376220703,-41.2560119628906250,-2.2492644786834717
20.2215328216552734,-33.7199745178222656,-1.5355771780014038
0.9477499127388000,-9.0651855468750000,-2.2530331611633301
-3.3157985210418701,-22.1144275665283203,-1.5281759500503540
16.9158878326416016,-17.4870929718017578,-1.5345906019210815
-3.2967782020568848,-23.1112804412841797,-1.5349524021148682
32.5809402465820313,-54.8462562561035156,-1.5369749069213867
17.6843338012695313,-51.4748420715332031,-2.2442646026611328
27.7797813415527344,-54.8744316101074219,-2.2430338859558105
-0.1166986674070358,-7.3904070854187012,-2.2411878108978271
-7.8640975952148438,-11.7272834777832031,-1.5364353656768799
-1.3572411537170410,-21.5924644470214844,-1.5323837995529175
-13.3777465820312500,-27.7472610473632813,-1.5349203348159790
-10.6196937561035156,-44.2442398071289063,-2.2482264041900635
1.0192571878433228,-22.1142444610595703,-1.5382649898529053
12.6379213333129883,-22.6599597930908203,-1.5340038537979126
-27.0940456390380859,-50.0178184509277344,-1.5337935686111450
6.3614974021911621,-16.9866504669189453,-1.5381524562835693
-20.7594642639160156,-37.4578514099121094,-1.5368790626525879
-13.3792438507080078,-54.3278312683105469,-2.2505218982696533
-18.1786365509033203,-31.3249435424804688,-2.2532739639282227
-5.8174524307250977,-24.4180507659912109,-1.5320167541503906
-5.3471670150756836,-7.6058831214904785,-2.2437336444854736
-25.7101154327392578,-50.0219154357910156,-1.5343381166458130
-18.1792888641357422,-50.6333808898925781,-1.5303816795349121
3.0879437923431396,-56.3035011291503906,-1.5350912809371948
-18.1779956817626953,-52.6632270812988281,-2.2493541240692139
11.8798990249633789,-51.0366783142089844,-2.2507827281951904
-16.1885299682617188,-33.2927207946777344,-1.5358030796051025
5.8152155876159668,-52.4122543334960938,-2.2462742328643799
11.9623479843139648,-20.6126308441162109,-1.5384060144424438
-10.6223106384277344,-53.9899559020996094,-2.2500238418579102
-22.2668819427490234,-56.0184783935546875,-1.5306780338287354
6.5367770195007324,-24.2763690948486328,-2.2471737861633301
20.9464817047119141,-36.3811874389648438,-2.2418787479400635
-1.0207036733627319,-44.4317436218261719,-2.2506835460662842
-6.3112907409667969,-50.8929367065429688,-1.5349211692810059
3.0809676647186279,-57.0041732788085938,-2.2459011077880859
-11.3595666885375977,-39.8207664489746094,-2.2423141002655029
20.9576454162597656,-50.3239936828613281,-1.5314859151840210
-3.9840395450592041,-7.8431553840637207,-1.5334757566452026
-16.6385974884033203,-50.7213706970214844,-1.5387538671493530
2.2941827774047852,-37.2488670349121094,-2.2468798160552979
8.5813789367675781,-29.4106979370117188,-2.2490675449371338
11.3138399124145508,-45.7595252990722656,-1.5326842069625854
-27.7822208404541016,-56.3481979370117188,-1.5295422077178955
21.4956264495849609,-49.2358779907226563,-1.5344325304031372
7.6174588203430176,-31.3647136688232422,-2.2478783130645752
-22.9826278686523438,-47.4978218078613281,-2.2453272342681885
25.8611698150634766,-51.4147605895996094,-1.5383440256118774
1.7203621864318848,-20.7030334472656250,-2.2467632293701172
1.0193468332290649,-29.0109443664550781,-1.5353523492813110
-5.4347834587097168,-10.8110637664794922,-1.5379841327667236
-2.1216068267822266,-11.4886445999145508,-1.5372135639190674
3.0590875148773193,-12.0069446563720703,-1.5292408466339111
-12.7149133682250977,-10.9876127243041992,-2.2418038845062256
1.0198149681091309,-44.3353919982910156,-1.5318434238433838
-13.3870506286621094,-49.9463768005371094,-2.2502176761627197
-21.3419647216796875,-45.8331336975097656,-1.5259441137313843
22.3122463226318359,-54.8482017517089844,-1.5311149358749390
-25.0209579467773438,-57.0028610229492188,-1.5369093418121338
1.9016033411026001,-47.9034805297851563,-2.2514641284942627
12.6776142120361328,-45.8112220764160156,-1.5348492860794067
-8.5792121887207031,-27.2593936920166016,-1.5282220840454102
-16.9654712677001953,-48.7976837158203125,-1.5312486886978149
-2.7270002365112305,-26.4326286315917969,-2.2462379932403564
11.0592689514160156,-7.9756102561950684,-2.2412793636322021
3.2796056270599365,-44.5010490417480469,-2.2435345649719238
-1.7445245981216431,-19.6198959350585938,-1.5334000587463379
-1.0192867517471313,-13.4372224807739258,-2.2433605194091797
-6.5488409996032715,-48.0322341918945313,-1.5329210758209229
-0.9643103480339050,-4.0133719444274902,-1.5383573770523071
-15.4175062179565430,-35.9231948852539063,-2.2489094734191895
-6.5712275505065918,-39.9800758361816406,-1.5299090147018433
17.0948810577392578,-27.4555072784423828,-2.2512981891632080
6.9832320213317871,-31.6621055603027344,-1.5362867116928101
17.4804286956787109,-41.8105163574218750,-1.5301314592361450
-35.3058433532714844,-54.0245590209960938,-1.5319807529449463
7.4510321617126465,-46.8014183044433594,-2.2599782943725586
22.9810180664062500,-41.8841857910156250,-2.2453439235687256
-22.0266551971435547,-48.8076591491699219,-1.5278664827346802
20.8838214874267578,-37.3736877441406250,-2.2502143383026123
18.1780605316162109,-41.8162384033203125,-2.2432227134704590
-18.1803054809570313,-27.9986782073974609,-1.5338432788848877
13.3784313201904297,-29.0209884643554688,-1.5323415994644165
-5.8260564804077148,-23.0829563140869141,-1.5278627872467041
-22.9804534912109375,-53.9654655456542969,-1.5329109430313110
36.5946884155273438,-54.4852905273437500,-1.5385023355484009
10.6145248413085938,-39.9172668457031250,-1.5292418003082275
3.7801606655120850,-45.0036315917968750,-1.5353783369064331
17.1054496765136719,-44.3153686523437500,-1.5378360748291016
-2.0563828945159912,-6.2495169639587402,-2.2434194087982178
-20.2165870666503906,-41.3962821960449219,-2.2469973564147949
2.4434378147125244,-16.1768207550048828,-2.2487494945526123
-37.3082084655761719,-54.8048820495605469,-1.5328673124313354
25.1117401123046875,-52.2658538818359375,-1.5349010229110718
-13.8485126495361328,-11.1930370330810547,-1.5388784408569336
11.8691987991333008,-22.0139446258544922,-1.5369149446487427
7.7573838233947754,-9.4901628494262695,-1.5374356508255005
-13.3795862197875977,-45.0166397094726563,-1.5316547155380249
-8.0242891311645508,-23.7830295562744141,-1.5382899045944214
1.6992731094360352,-46.5900955200195313,-2.2500853538513184
-16.1382484436035156,-36.6047286987304688,-2.2530188560485840
5.8177976608276367,-44.0690460205078125,-2.2476518154144287
3.7791626453399658,-41.2838897705078125,-1.5305132865905762
22.9801654815673828,-44.8023300170898438,-2.2417476177215576
3.0619561672210693,-35.2096023559570313,-2.2475926876068115
-16.2294273376464844,-38.6311035156250000,-1.5354113578796387
20.9313373565673828,-41.9033508300781250,-1.5345717668533325
-11.9038972854614258,-30.5684642791748047,-1.5328390598297119
-15.4205579757690430,-22.8375587463378906,-2.2439882755279541
-7.9058618545532227,-14.6694059371948242,-2.2473936080932617
-27.0907268524169922,-53.5709266662597656,-2.2452311515808105
-12.2233533859252930,-48.0980987548828125,-2.2442350387573242
-1.0280387401580811,-33.4951667785644531,-1.5284312963485718
-13.3795270919799805,-25.2283897399902344,-1.5380910634994507
20.9209346771240234,-41.2059249877929688,-2.2451534271240234
-1.0106647014617920,-8.0192298889160156,-2.2445464134216309
-17.4269714355468750,-51.9859466552734375,-2.2481150627136230
-5.8547477722167969,-28.4756145477294922,-2.2454972267150879
11.1001148223876953,-19.2604351043701172,-1.5359480381011963
11.1202030181884766,-36.1526222229003906,-2.2415635585784912
-20.9014396667480469,-38.1474342346191406,-2.2438204288482666
-11.2559299468994141,-30.2967090606689453,-2.2417762279510498
16.9967536926269531,-38.7370414733886719,-2.2595486640930176
8.4235916137695313,-24.4104442596435547,-2.2578759193420410
-31.8755207061767578,-53.9171371459960938,-2.2431778907775879
2.3034949302673340,-31.1038894653320313,-1.5265009403228760
-2.6287646293640137,-46.1792488098144531,-1.5277556180953979
-12.8806266784667969,-39.1078987121582031,-1.5355156660079956
-11.1012258529663086,-11.8120613098144531,-1.5367240905761719
-27.7816734313964844,-54.9802360534667969,-1.5331845283508301
-13.3782520294189453,-29.1348381042480469,-1.5351597070693970
13.3801317214965820,-19.9221916198730469,-2.2457828521728516
-7.6946296691894531,-48.5058631896972656,-1.5258625745773315
-2.6794450283050537,-14.6031579971313477,-1.5346457958221436
-16.8449001312255859,-21.7169666290283203,-2.2420229911804199
-21.0831165313720703,-45.2184715270996094,-2.2503964900970459
13.2829713821411133,-12.0407867431640625,-2.2415912151336670
-13.3823852539062500,-28.4401321411132813,-2.2461264133453369
-16.6189231872558594,-42.7720565795898438,-2.2486636638641357
11.3079376220703125,-57.0045127868652344,-1.5334125757217407
-22.0684432983398438,-42.1529159545898438,-2.2449674606323242
8.5816974639892578,-43.2321510314941406,-1.5248247385025024
17.7016582489013672,-53.1105957031250000,-1.5332543849945068
13.3795757293701172,-31.7253131866455078,-1.5285735130310059
6.5342197418212891,-51.0376205444335938,-1.5329953432083130
13.3782520294189453,-31.0463638305664063,-2.2475132942199707
-22.2644386291503906,-55.3415565490722656,-2.2478842735290527
-11.9473438262939453,-22.7964477539062500,-1.5373373031616211
16.7731952667236328,-45.9761009216308594,-1.5303795337677002
-1.8559874296188354,-10.2727832794189453,-2.2439854145050049
5.1965966224670410,-6.6479892730712891,-2.2414541244506836
-20.2221698760986328,-36.3039169311523438,-1.5382021665573120
-27.7819404602050781,-47.1590957641601563,-2.2426130771636963
6.7074337005615234,-11.5521984100341797,-1.5389515161514282
-12.9156875610351563,-51.4784889221191406,-1.5325113534927368
-11.1496915817260742,-20.6042633056640625,-1.5386565923690796
17.4677581787109375,-45.9515686035156250,-2.2431533336639404
17.4783554077148438,-16.8679790496826172,-2.2429435253143311
5.8221359252929688,-16.4647655487060547,-2.2429323196411133
12.3194160461425781,-12.7961072921752930,-2.2436509132385254
2.5453655719757080,-29.5560321807861328,-2.2461540699005127
12.1761837005615234,-23.7709827423095703,-1.5322154760360718
8.5838661193847656,-36.6563262939453125,-2.2505395412445068
5.8154172897338867,-27.0265541076660156,-1.5352112054824829
25.0310192108154297,-44.4717979431152344,-1.5380027294158936
-15.9154844284057617,-20.3185768127441406,-1.5377826690673828
1.0373003482818604,-4.0218758583068848,-2.2413375377655029
7.2094039916992188,-51.0277633666992188,-2.2507960796356201
3.7803318500518799,-21.0137062072753906,-1.5359216928482056
-10.6239843368530273,-57.0056343078613281,-1.5356606245040894
2.4201047420501709,-52.1143531799316406,-2.2514848709106445
-7.2586145401000977,-44.6450080871582031,-1.5332696437835693
-16.9308185577392578,-45.7489967346191406,-2.2431249618530273
7.8883233070373535,-50.3151435852050781,-2.2452728748321533
22.9822616577148438,-51.2607231140136719,-2.2464261054992676
-15.4221057891845703,-51.0205154418945313,-1.5297166109085083
-20.2127971649169922,-49.3031616210937500,-2.2490687370300293
5.8212628364562988,-53.3926353454589844,-2.2426052093505859
2.3413500785827637,-42.6527442932128906,-1.5332028865814209
-15.4865360260009766,-57.0093612670898438,-2.2491836547851563
11.9983596801757813,-55.5929489135742188,-2.2443740367889404
3.7793927192687988,-53.5592384338378906,-2.2508032321929932
31.8782577514648438,-53.4261093139648438,-2.2432212829589844
-7.7841801643371582,-21.9072208404541016,-1.5370619297027588
-12.8219451904296875,-48.5281410217285156,-1.5374281406402588
-15.4183750152587891,-27.9050884246826172,-1.5280390977859497
-22.3130722045898438,-49.4185066223144531,-2.2487285137176514
3.7804796695709229,-33.1607742309570313,-2.2518184185028076
7.2897715568542480,-36.9342803955078125,-2.2456650733947754
-9.3805046081542969,-10.3189430236816406,-1.5361375808715820
2.2002744674682617,-24.3717403411865234,-2.2464966773986816
15.4139862060546875,-56.0181961059570313,-1.5379762649536133
16.3931961059570313,-48.4033012390136719,-1.5270514488220215
11.9875936508178711,-36.2289314270019531,-1.5312483310699463
-2.4172201156616211,-53.8991737365722656,-2.2447848320007324
6.3153567314147949,-36.5631065368652344,-1.5369387865066528
11.2276124954223633,-9.6169977188110352,-2.2412400245666504
1.6470006704330444,-30.7483768463134766,-2.2438623905181885
10.6156435012817383,-18.7661991119384766,-2.2507534027099609
2.6512081623077393,-15.5269498825073242,-1.5310484170913696
-16.7232761383056641,-49.9576339721679688,-2.2432861328125000
1.0207802057266235,-45.7004737854003906,-1.5343189239501953
2.7872133255004883,-24.0116596221923828,-1.5349562168121338
12.7382631301879883,-36.4623718261718750,-2.2413613796234131
-11.3388204574584961,-10.2132740020751953,-1.5381201505661011
-20.9358940124511719,-57.0058631896972656,-2.2416796684265137
3.0275802612304688,-37.9196777343750000,-2.2470028400421143
10.6223125457763672,-24.6741142272949219,-2.2415373325347900
-7.6278843879699707,-43.7333412170410156,-1.5360445976257324
-16.1827888488769531,-39.8448867797851563,-1.5348671674728394
-26.4061603546142578,-51.4360427856445313,-2.2455782890319824
-7.6306591033935547,-32.5687789916992188,-1.5321712493896484
-15.4144220352172852,-47.0650138854980469,-2.2484319210052490
-12.6032342910766602,-13.0907516479492188,-1.5312886238098145
-26.4095687866210938,-52.1472282409667969,-1.5348056554794312
-5.8185358047485352,-37.9737701416015625,-1.5284028053283691
-3.6016888618469238,-9.6135711669921875,-1.5333091020584106
-20.6771106719970703,-42.8861694335937500,-1.5279489755630493
3.7784171104431152,-43.3299140930175781,-2.2480533123016357
7.7857136726379395,-7.6152753829956055,-1.5383701324462891
15.4232015609741211,-40.4852333068847656,-1.5210182666778564
-1.0356996059417725,-11.7829713821411133,-1.5364329814910889
-31.1880264282226563,-53.1960487365722656,-2.2473812103271484
16.0453968048095703,-20.8423271179199219,-2.2419409751892090
13.3728961944580078,-21.2969837188720703,-2.2458326816558838
2.7836391925811768,-21.0230484008789063,-1.5384496450424194
-20.2219944000244141,-49.9867858886718750,-1.5354367494583130
12.0156154632568359,-54.8812675476074219,-1.5341898202896118
-8.5637817382812500,-11.7697839736938477,-2.2483160495758057
-7.8899970054626465,-54.8947906494140625,-2.2483079433441162
-2.4087486267089844,-53.1999626159667969,-1.5331579446792603
-5.6707305908203125,-11.4765882492065430,-2.2422919273376465
-3.7817549705505371,-41.3769493103027344,-2.2474906444549561
11.0450239181518555,-20.2553691864013672,-1.5262787342071533
-7.9540519714355469,-52.7593040466308594,-1.5389497280120850
-7.0627622604370117,-25.4831085205078125,-2.2494151592254639
17.9917049407958984,-27.0226249694824219,-2.2447838783264160
2.4696948528289795,-46.4497909545898438,-1.5376423597335815
1.0171177387237549,-54.1834640502929688,-1.5341367721557617
-7.8429040908813477,-35.7407608032226563,-1.5315701961517334
-3.7798943519592285,-34.6699943542480469,-2.2503619194030762
2.4030184745788574,-49.7314910888671875,-2.2477486133575439
-5.8191237449645996,-53.4573135375976563,-1.5367014408111572
17.7821846008300781,-19.8832664489746094,-2.2490391731262207
12.3731975555419922,-52.5975570678710938,-1.5377115011215210
25.0223884582519531,-46.5700912475585938,-2.2456901073455811
-1.0217875242233276,-45.7730178833007813,-2.2478818893432617
11.3161983489990234,-16.5929050445556641,-2.2454192638397217
-5.2080078125000000,-8.5271253585815430,-1.5385185480117798
-7.5330557823181152,-10.0997762680053711,-2.2418687343597412
-7.6301393508911133,-20.9227294921875000,-1.5353997945785522
30.5202255249023438,-57.0058708190917969,-1.5362353324890137
-15.4215383529663086,-29.2399921417236328,-1.5321406126022339
32.5771141052246094,-49.3858528137207031,-2.2412407398223877
-20.2272167205810547,-52.3557891845703125,-1.5347381830215454
6.6083683967590332,-31.0617237091064453,-2.2410728931427002
-1.9132748842239380,-43.2643203735351563,-1.5243084430694580
18.1798324584960938,-31.5214061737060547,-1.5363684892654419
13.3789396286010742,-52.5883255004882813,-1.5460497140884399
7.6591897010803223,-23.7829265594482422,-2.2455897331237793
-13.0011091232299805,-50.4874610900878906,-1.5227766036987305
20.2137088775634766,-54.6458015441894531,-1.5314950942993164
8.0608749389648438,-12.6415328979492188,-2.2450025081634521
1.5143926143646240,-15.8156185150146484,-2.2431170940399170
22.9841728210449219,-39.0625419616699219,-2.2437338829040527
10.6306381225585938,-11.7621736526489258,-1.5380460023880005
21.0435905456542969,-35.1504669189453125,-2.2420957088470459
-6.0715451240539551,-20.4654426574707031,-2.2488183975219727
21.6041164398193359,-39.7790145874023438,-1.5358622074127197
-2.7077043056488037,-27.2986297607421875,-1.5346856117248535
-16.9103450775146484,-54.4402542114257813,-2.2422680854797363
17.2763328552246094,-41.1465835571289063,-2.2428624629974365
16.6679058074951172,-51.5202865600585938,-2.2438344955444336
16.4038257598876953,-53.2574996948242188,-2.2463078498840332
2.1618185043334961,-21.8610363006591797,-2.2582032680511475
-3.7779784202575684,-48.0640220642089844,-1.5321366786956787
22.9821434020996094,-57.0070838928222656,-1.5330288410186768
18.1827125549316406,-41.1167144775390625,-1.5333763360977173
20.7147312164306641,-54.1717109680175781,-2.2439053058624268
1.0202226638793945,-29.7399501800537109,-2.2436542510986328
3.1518640518188477,-24.6710929870605469,-2.2418792247772217
-21.5540275573730469,-52.5838928222656250,-1.5299099683761597
11.3103199005126953,-49.3606185913085938,-2.2452373504638672
22.2860355377197266,-39.0548858642578125,-1.5325686931610107
-25.0190219879150391,-45.7186126708984375,-2.2447872161865234
-31.8802261352539063,-53.2055358886718750,-1.5355421304702759
3.0542955398559570,-33.8435897827148438,-2.2482430934906006
10.6171684265136719,-46.4711456298828125,-1.5336575508117676
-4.8194303512573242,-6.0410113334655762,-1.5377918481826782
-1.0224000215530396,-20.3100452423095703,-1.5348396301269531
-15.4580125808715820,-49.3594856262207031,-2.2503950595855713
12.8661365509033203,-52.0963439941406250,-2.2438404560089111
6.3227648735046387,-13.2747468948364258,-2.2418251037597656
-20.2208709716796875,-38.3014831542968750,-1.5360494852066040
7.2610435485839844,-53.2463989257812500,-1.5292022228240967
-17.0157833099365234,-55.4304237365722656,-2.2620792388916016
1.0191416740417480,-49.0283203125000000,-1.5345098972320557
29.8176403045654297,-56.3039550781250000,-1.5366039276123047
8.5776424407958984,-44.9100685119628906,-2.2466080188751221
-7.8672904968261719,-24.9040241241455078,-2.2415506839752197
7.2171969413757324,-21.5287609100341797,-2.2462007999420166
-15.4287872314453125,-52.3577766418457031,-1.5300016403198242
1.0184787511825562,-20.6852893829345703,-1.5367852449417114
-31.8708629608154297,-55.3248329162597656,-2.2445244789123535
1.0214959383010864,-13.6281576156616211,-2.2418863773345947
-10.1422719955444336,-9.6786260604858398,-1.5359100103378296
-13.3627653121948242,-54.9990501403808594,-1.5296634435653687
-2.5981190204620361,-42.5433616638183594,-1.5257207155227661
-10.6429853439331055,-7.5667281150817871,-1.5377534627914429
12.6353998184204102,-40.7353477478027344,-1.5363655090332031
3.4660317897796631,-10.6060838699340820,-1.5386911630630493
25.7736320495605469,-45.2177238464355469,-1.5388417243957520
16.4944133758544922,-18.7351055145263672,-1.5374832153320313
22.1179790496826172,-52.7577018737792969,-2.2184164524078369
-12.8900251388549805,-22.0079269409179688,-1.5355193614959717
-17.1882400512695313,-56.0346527099609375,-1.5262336730957031
21.6059417724609375,-55.0641822814941406,-2.2419540882110596
5.9779582023620605,-7.3902525901794434,-1.5384320020675659
-12.9136266708374023,-23.0043525695800781,-1.5317955017089844
30.3495674133300781,-53.4659538269042969,-2.2411203384399414
3.1223628520965576,-28.7456951141357422,-2.2467260360717773
16.3419151306152344,-41.4913520812988281,-2.2483811378479004
-3.0008869171142578,-48.7619438171386719,-1.5375746488571167
-6.5414323806762695,-14.0900459289550781,-2.2370898723602295
-22.2597179412841797,-53.9618911743164063,-2.2466225624084473
-3.0474407672882080,-49.7560920715332031,-1.5358737707138062
-12.6250524520874023,-33.9208793640136719,-1.5296927690505981
7.8674664497375488,-14.8258657455444336,-1.5384808778762817
21.6158714294433594,-57.0031433105468750,-1.5357136726379395
7.8517947196960449,-46.2597084045410156,-1.5350564718246460
-37.3025894165039063,-53.7162513732910156,-2.2425019741058350
18.1825790405273438,-29.4020214080810547,-2.2435348033905029
-21.5918731689453125,-38.0060119628906250,-1.5374231338500977
15.4288311004638672,-46.7324676513671875,-2.2500431537628174
-12.3841457366943359,-39.6081695556640625,-2.2412846088409424
22.2442359924316406,-48.5681457519531250,-1.5305444002151489
-10.6134691238403320,-45.5420913696289063,-2.2491073608398438
22.9784774780273438,-52.2446594238281250,-2.2569203376770020
16.9374904632568359,-53.7516632080078125,-1.5379065275192261
-17.7162475585937500,-48.1343116760253906,-1.5299332141876221
-11.1208896636962891,-28.1434669494628906,-2.2444043159484863
-7.2157149314880371,-27.5288391113281250,-2.2501130104064941
12.0036859512329102,-49.3504409790039063,-1.5329155921936035
-17.1413307189941406,-22.3606414794921875,-1.5353032350540161
-27.1007270812988281,-52.1444854736328125,-2.2466068267822266
-7.2186188697814941,-41.3663597106933594,-2.2448425292968750
2.3650348186492920,-41.2582397460937500,-1.5352905988693237
-1.0157761573791504,-19.6160926818847656,-2.2465798854827881
7.4921383857727051,-39.1214942932128906,-1.5360475778579712
8.5784397125244141,-22.4298229217529297,-1.5323582887649536
-26.3976268768310547,-48.5886306762695313,-2.2461590766906738
-18.1821708679199219,-53.3379936218261719,-1.5311510562896729
-6.5230679512023926,-45.3031120300292969,-1.5310767889022827
1.0204645395278931,-21.4111614227294922,-2.2431521415710449
16.1707000732421875,-50.0235519409179688,-1.5371415615081787
-1.0208270549774170,-35.8389472961425781,-1.5346155166625977
-22.9780406951904297,-41.1721763610839844,-2.2435352802276611
-1.7243202924728394,-18.2401885986328125,-1.5328649282455444
-5.8173251152038574,-57.0047302246093750,-2.2441017627716064
-3.0848083496093750,-35.3776283264160156,-2.2443244457244873
32.5791778564453125,-50.0941467285156250,-1.5375674962997437
-13.3812332153320313,-40.5861358642578125,-2.2439038753509521
-10.6150932312011719,-46.2252769470214844,-1.5364958047866821
-15.9043455123901367,-29.7358551025390625,-2.2461757659912109
16.2080039978027344,-42.8612937927246094,-2.2423596382141113
-7.1902956962585449,-42.7672233581542969,-2.2451453208923340
-6.5277023315429688,-33.6530036926269531,-2.2414472103118896
-3.7793285846710205,-28.3597698211669922,-2.2474677562713623
7.5121231079101563,-34.9979553222656250,-1.5355547666549683
20.9141521453857422,-57.0104713439941406,-2.2440991401672363
17.4785232543945313,-30.8184890747070313,-1.5361162424087524
8.5851812362670898,-44.2269706726074219,-1.5294870138168335
-1.5480107069015503,-9.2361516952514648,-2.2447295188903809
-7.8016028404235840,-22.6059761047363281,-2.2447040081024170
3.3416478633880615,-50.0243797302246094,-2.2536282539367676
15.9632682800292969,-54.8628540039062500,-1.5384298563003540
-11.3431119918823242,-53.9958457946777344,-1.5306687355041504
22.9851150512695313,-54.7604293823242188,-2.2514016628265381
10.6188716888427734,-35.6583747863769531,-1.5347006320953369
-3.6036801338195801,-25.9552383422851563,-2.2463858127593994
-7.3437952995300293,-45.3197708129882813,-2.2497117519378662
20.2206916809082031,-52.3345069885253906,-1.5294826030731201
-15.4204101562500000,-25.2318267822265625,-2.2466404438018799
17.2198314666748047,-54.9455528259277344,-1.5386390686035156
1.4792588949203491,-17.5156250000000000,-1.5285284519195557
-3.7014548778533936,-4.9324040412902832,-2.2421493530273438
-29.8212699890136719,-54.8950271606445313,-2.2429225444793701
-8.5784034729003906,-49.6171875000000000,-2.2503545284271240
-8.5792169570922852,-15.4782352447509766,-2.2495322227478027
-25.0130901336669922,-54.9838447570800781,-1.5315461158752441
-35.9885215759277344,-54.0607948303222656,-2.2473111152648926
6.3179068565368652,-34.5732841491699219,-1.5352227687835693
-1.0142976045608521,-53.2059669494628906,-1.5372918844223022
6.2116127014160156,-11.0460987091064453,-2.2429130077362061
-8.5804519653320313,-24.2152614593505859,-2.2450208663940430
11.3148803710937500,-54.8731384277343750,-2.2439069747924805
8.5782756805419922,-35.9811172485351563,-1.5329424142837524
-35.2905044555664063,-55.5107116699218750,-1.5284966230392456
22.2756366729736328,-44.8842315673828125,-1.5387839078903198
11.1357154846191406,-38.8160209655761719,-1.5262408256530762
27.7783184051513672,-49.1830368041992188,-1.5378792285919189
7.2341170310974121,-12.0348157882690430,-2.2459397315979004
3.7814564704895020,-44.0160369873046875,-1.5344232320785522
-3.7795982360839844,-21.6100025177001953,-2.2468800544738770
1.6324307918548584,-27.9498653411865234,-1.5384426116943359
-11.1172857284545898,-27.1489639282226563,-2.2444660663604736
-29.8131694793701172,-53.8815765380859375,-1.5323663949966431
-25.9170684814453125,-42.6070632934570313,-2.2410631179809570
20.2180824279785156,-42.5942192077636719,-1.5328985452651978
12.0272579193115234,-54.1802024841308594,-2.2450742721557617
7.3597044944763184,-15.3187837600708008,-2.2419695854187012
11.9928779602050781,-38.3094062805175781,-1.5351845026016235
-13.3790397644042969,-44.3306808471679688,-2.2463231086730957
-25.4854850769042969,-56.4868621826171875,-2.2469305992126465
-1.5264587402343750,-4.4435009956359863,-2.2418859004974365
-3.7814097404479980,-47.3802108764648438,-2.2469093799591064
-18.1841316223144531,-48.6098251342773438,-2.2515418529510498
-20.9538421630859375,-46.3684005737304688,-2.2506535053253174
-20.2214908599853516,-37.0095062255859375,-2.2432239055633545
29.8218994140625000,-50.8592147827148438,-2.2435159683227539
17.6862926483154297,-37.6737861633300781,-2.2457134723663330
-21.9473495483398438,-47.2460174560546875,-2.2424345016479492
13.3813629150390625,-26.3383712768554688,-2.2469320297241211
-22.3291225433349609,-39.8827362060546875,-2.2465844154357910
12.0552091598510742,-18.9848518371582031,-1.5314590930938721
-30.4860267639160156,-53.9047393798828125,-2.2495703697204590
-16.1476345062255859,-31.8960361480712891,-1.5357244014739990
-8.0336542129516602,-46.6712303161621094,-1.5377509593963623
27.7824897766113281,-57.0035362243652344,-1.5357587337493896
-16.3406944274902344,-47.4057044982910156,-2.2473640441894531
-18.1817893981933594,-37.0697975158691406,-2.2530171871185303
-6.3732213973999023,-11.5357341766357422,-1.5371665954589844
-21.3038825988769531,-55.6376876831054688,-2.2411997318267822
1.7214823961257935,-55.5998725891113281,-2.2451300621032715
18.1830673217773438,-26.3640213012695313,-1.5336031913757324
16.6929397583007813,-39.5443382263183594,-1.5299240350723267
-30.4692592620849609,-54.6265678405761719,-1.5363324880599976
-6.5016307830810547,-42.0591735839843750,-2.2450182437896729
-3.0834670066833496,-57.0040092468261719,-2.2459936141967773
16.4184474945068359,-34.5685424804687500,-1.5279119014739990
2.1598865985870361,-17.4579830169677734,-2.2471802234649658
7.0951623916625977,-7.4522414207458496,-2.2411172389984131
-3.0319039821624756,-42.0258255004882813,-2.2478127479553223
1.7459499835968018,-10.6011600494384766,-1.5294479131698608
-0.8105894327163696,-7.2130889892578125,-1.5371605157852173
6.8137326240539551,-49.3597602844238281,-1.5356934070587158
12.4263057708740234,-28.3541679382324219,-1.5297640562057495
11.3247699737548828,-17.2866725921630859,-1.5364005565643311
-15.4216623306274414,-19.8115406036376953,-2.2413299083709717
-7.8808021545410156,-42.7804870605468750,-1.5357396602630615
12.6824808120727539,-13.7237539291381836,-2.2444822788238525
2.5804231166839600,-11.1357650756835938,-1.5354919433593750
3.3771140575408936,-32.6435699462890625,-1.5200363397598267
-10.6199293136596680,-32.6273040771484375,-1.5350443124771118
22.9798545837402344,-32.9975852966308594,-1.5358370542526245
-18.1806526184082031,-56.0078773498535156,-1.5379312038421631
-8.6045541763305664,-6.7158780097961426,-2.2415337562561035
-18.1816577911376953,-42.2886085510253906,-1.5324763059616089
-2.9255440235137939,-24.7994575500488281,-1.5342819690704346
-7.2580051422119141,-14.3741283416748047,-1.5360410213470459
-2.5011200904846191,-49.3439178466796875,-2.2495448589324951
7.1945710182189941,-56.1328887939453125,-2.2425031661987305
-8.3280124664306641,-10.4852600097656250,-1.5339188575744629
1.1866981983184814,-37.6699142456054688,-2.2535378932952881
-11.8070516586303711,-56.4796524047851563,-1.5354380607604980
-12.0632553100585938,-37.0267066955566406,-1.5308073759078979
-7.8984808921813965,-44.3786468505859375,-2.2460105419158936
13.3826160430908203,-28.0329914093017578,-1.5345206260681152
-26.4083499908447266,-52.8494110107421875,-2.2457256317138672
-12.0132312774658203,-15.1559047698974609,-1.5355055332183838
-7.3766856193542480,-15.8963394165039063,-2.2506418228149414
-10.6214265823364258,-21.0885944366455078,-2.2339506149291992
-5.6921606063842773,-4.3055944442749023,-1.6307704448699951
-10.6216259002685547,-41.2327270507812500,-1.5377212762832642
3.7861952781677246,-49.5251731872558594,-1.5298796892166138
15.4197120666503906,-20.1767349243164063,-1.5373328924179077
-31.2080821990966797,-51.0194625854492188,-1.5388116836547852
-3.0910937786102295,-54.8830375671386719,-1.5339711904525757
-16.5114250183105469,-22.6554164886474609,-2.2451949119567871
-12.8907194137573242,-52.4844284057617188,-1.5351679325103760
-29.8198165893554688,-56.3023223876953125,-2.2433359622955322
-12.7181739807128906,-40.3443450927734375,-1.5383073091506958
-1.9411582946777344,-24.8143787384033203,-1.5341341495513916
1.9779773950576782,-45.6430740356445313,-2.2496922016143799
-12.3981809616088867,-36.1008529663085938,-1.5302106142044067
3.2920970916748047,-46.4934349060058594,-2.2440440654754639
1.0178601741790771,-38.3147163391113281,-1.5294389724731445
-11.2982978820800781,-24.6793422698974609,-1.5288084745407104
2.4237878322601318,-50.7185325622558594,-2.2435100078582764
3.6021981239318848,-19.3312778472900391,-2.2419528961181641
16.9835624694824219,-42.2464942932128906,-2.2539660930633545
-26.3674831390380859,-54.9746551513671875,-1.5355690717697144
-16.3208770751953125,-37.2406578063964844,-1.5296624898910522
-17.1856803894042969,-35.3128471374511719,-1.5378125905990601
11.3730821609497070,-51.4885292053222656,-1.5348478555679321
-16.7411956787109375,-40.2503814697265625,-2.2473425865173340
-5.8851194381713867,-18.1569805145263672,-2.2445828914642334
-11.1385602951049805,-9.2351560592651367,-1.5389456748962402
-13.3835983276367188,-11.7285652160644531,-2.2419927120208740
-22.2629032135009766,-53.2773399353027344,-1.5330469608306885
-16.8766689300537109,-45.0497703552246094,-1.5347406864166260
6.5483393669128418,-24.9678936004638672,-1.5342069864273071
-5.8154706954956055,-32.2516288757324219,-1.5327225923538208
15.4230136871337891,-18.7761154174804688,-1.5367963314056396
17.4772357940673828,-56.3018836975097656,-1.5354940891265869
-3.7779574394226074,-18.1978034973144531,-2.2446343898773193
8.5779180526733398,-53.6070709228515625,-1.5385452508926392
2.7859344482421875,-23.0137290954589844,-1.5357785224914551
18.1789321899414063,-38.1729965209960938,-1.5346230268478394
15.9046316146850586,-36.0209846496582031,-2.2479741573333740
2.5357832908630371,-26.8057708740234375,-1.5379114151000977
-11.0260810852050781,-24.0626850128173828,-2.2479524612426758
-15.4147129058837891,-54.3606719970703125,-2.2511525154113770
-6.6709036827087402,-29.3234443664550781,-2.1789288520812988
8.5845947265625000,-26.6864452362060547,-2.2489628791809082
-15.4337739944458008,-24.5368061065673828,-1.5359165668487549
36.7106666564941406,-57.0037193298339844,-2.2461686134338379
-0.4061156809329987,-3.1850519180297852,-1.5387614965438843
10.6206769943237305,-12.7588434219360352,-1.5381611585617065
15.4182405471801758,-38.4793701171875000,-2.2505455017089844
1.6037937402725220,-7.7850866317749023,-2.2431962490081787
-5.8169922828674316,-25.8065986633300781,-1.5363283157348633
-3.0102903842926025,-10.4134845733642578,-1.5344539880752563
6.1739234924316406,-30.4923191070556641,-1.5386196374893188
22.3007602691650391,-39.7830429077148438,-2.2464649677276611
21.6025390625000000,-56.3089256286621094,-2.2523899078369141
6.8171830177307129,-13.7795152664184570,-1.5371336936950684
16.8060779571533203,-46.6942901611328125,-2.2509529590606689
-1.0181576013565063,-50.8115043640136719,-1.5363337993621826
15.5551853179931641,-42.1114463806152344,-2.2476632595062256
13.3779640197753906,-37.4332962036132813,-2.2491319179534912
-3.6764705181121826,-14.5241632461547852,-1.5360000133514404
15.8929243087768555,-15.4841747283935547,-1.5386894941329956
-8.5838165283203125,-32.8495178222656250,-1.5328317880630493
-11.9154443740844727,-20.1841716766357422,-2.2420270442962646
-36.9864768981933594,-53.0819778442382813,-1.5388822555541992
-1.2223871946334839,-5.6973352432250977,-2.2427041530609131
-32.5814628601074219,-51.7697486877441406,-2.2455954551696777
-13.3790454864501953,-20.1454696655273438,-2.2447485923767090
-20.9833374023437500,-47.6803054809570313,-2.2469792366027832
1.7464998960494995,-44.3403701782226563,-2.2477369308471680
13.3777055740356445,-32.3898658752441406,-2.2536756992340088
3.0747039318084717,-52.1781082153320313,-1.5277473926544189
22.9813671112060547,-38.3451690673828125,-1.5359377861022949
8.5776014328002930,-46.2987480163574219,-2.2422776222229004
8.5841817855834961,-55.6033515930175781,-1.5344514846801758
12.4789934158325195,-33.3028602600097656,-2.2431428432464600
10.6155662536621094,-47.9228553771972656,-1.5320141315460205
18.1824073791503906,-30.1128005981445313,-1.5356394052505493
29.8101158142089844,-54.9299850463867188,-1.5241945981979370
3.7833054065704346,-38.9447135925292969,-1.5296020507812500
-16.5830497741699219,-40.9239616394042969,-1.5356304645538330
22.2404384613037109,-49.2447967529296875,-2.2492630481719971
-12.2430801391601563,-51.2725677490234375,-2.2413921356201172
-10.6206445693969727,-13.4437904357910156,-2.2422525882720947
-37.3054122924804688,-56.2696113586425781,-1.5354057550430298
-6.9650554656982422,-49.1809272766113281,-1.5268542766571045
22.9833393096923828,-56.0192527770996094,-1.5328935384750366
17.6855869293212891,-49.4797210693359375,-2.2456653118133545
6.9505677223205566,-47.5031547546386719,-1.5366865396499634
-15.4173059463500977,-50.0323677062988281,-1.5324378013610840
-1.9358206987380981,-46.1721992492675781,-2.2454142570495605
22.9786701202392578,-37.6462821960449219,-2.2430071830749512
-5.8422436714172363,-5.2883896827697754,-1.5378906726837158
31.1858749389648438,-54.1359519958496094,-2.2441334724426270
-11.3144559860229492,-15.1491975784301758,-2.2442855834960938
10.6161403656005859,-28.7260246276855469,-1.5313967466354370
-5.8212704658508301,-48.7137413024902344,-1.5339313745498657
-10.4823417663574219,-11.4940948486328125,-2.2441375255584717
-5.8170700073242188,-55.5722351074218750,-2.2441604137420654
-5.8203654289245605,-19.8361930847167969,-1.5331441164016724
8.5809917449951172,-54.6093902587890625,-1.5344643592834473
16.6655502319335938,-49.5189247131347656,-2.2429890632629395
25.0972366333007813,-50.2491989135742188,-2.2513437271118164
-15.4221038818359375,-33.2577362060546875,-2.2499482631683350
6.4006390571594238,-32.0383186340332031,-2.2459380626678467
-27.7794589996337891,-45.0240669250488281,-1.5371063947677612
1.0170233249664307,-56.2990722656250000,-2.2431776523590088
-10.3180341720581055,-6.9382081031799316,-2.2414667606353760
18.1787357330322266,-45.9486312866210938,-1.5357884168624878
-27.7813835144042969,-47.8744544982910156,-1.5368540287017822
1.0214967727661133,-26.2683582305908203,-2.2418711185455322
-3.0570750236511230,-51.0739860534667969,-1.5376230478286743
-3.2165884971618652,-12.3957281112670898,-1.5387632846832275
-2.2240891456604004,-4.3176436424255371,-1.5381300449371338
-5.8185133934020996,-49.4006004333496094,-2.2483978271484375
10.6205348968505859,-13.7536621093750000,-1.5342000722885132
-15.8891820907592773,-40.9524078369140625,-2.2477519512176514
-10.6173362731933594,-37.8546447753906250,-2.2526459693908691
-20.7355346679687500,-40.9583053588867188,-1.5330307483673096
-13.3811769485473633,-21.5190162658691406,-2.2467579841613770
-26.3310356140136719,-57.0079917907714844,-2.2439076900482178
-15.4221410751342773,-45.0641670227050781,-1.5307301282882690
16.5493564605712891,-37.8443031311035156,-2.2411794662475586
6.5552821159362793,-44.0819969177246094,-1.5318204164505005
-1.0948287248611450,-5.0033140182495117,-1.5379680395126343
-12.6665983200073242,-31.9033336639404297,-2.2487428188323975
11.3886241912841797,-52.7610092163085938,-1.5377191305160522
22.9787349700927734,-46.4967803955078125,-1.5352505445480347
-10.6182298660278320,-19.4054813385009766,-1.5342966318130493
-5.1933865547180176,-10.1454973220825195,-2.2418394088745117
10.6199398040771484,-14.4479770660400391,-2.2431199550628662
16.6654548645019531,-50.5173873901367188,-2.2446031570434570
22.2629489898681641,-47.1968612670898438,-1.5341849327087402
-17.1059856414794922,-36.6213798522949219,-1.5387564897537231
1.9661167860031128,-33.6210136413574219,-2.2510657310485840
-21.5717277526855469,-49.6917724609375000,-1.5340068340301514
11.4974555969238281,-25.2192478179931641,-2.2446799278259277
1.0209834575653076,-37.0145950317382813,-1.5338541269302368
-5.9624919891357422,-6.8635644912719727,-1.5379610061645508
11.0494508743286133,-29.2392539978027344,-2.2502954006195068
-1.2780212163925171,-47.1733245849609375,-2.2411220073699951
16.3594379425048828,-31.3157100677490234,-1.5324050188064575
7.8858370780944824,-51.0091400146484375,-1.5321718454360962
-6.8821854591369629,-6.0948009490966797,-1.5381393432617188
2.8144459724426270,-47.7943916320800781,-1.5348956584930420
6.5171070098876953,-27.7186832427978516,-1.5325981378555298
-25.0186367034912109,-47.1510429382324219,-2.2460942268371582
22.3067417144775391,-57.0043983459472656,-2.2489089965820313
-36.6784896850585938,-54.0318908691406250,-1.5349954366683960
-21.3595485687255859,-42.8538513183593750,-2.2449326515197754
2.3906562328338623,-9.8349962234497070,-1.5359575748443604
-15.8988828659057617,-22.3321552276611328,-1.5337678194046021
16.4499950408935547,-33.9091377258300781,-2.2498912811279297
-13.3777685165405273,-53.6527099609375000,-1.5302977561950684
-7.2449474334716797,-28.5157871246337891,-2.2510697841644287
27.7791786193847656,-48.4766845703125000,-2.2429606914520264
-15.4412584304809570,-31.9035129547119141,-2.2490928173065186
-5.8199172019958496,-45.2999153137207031,-2.2440183162689209
7.9337463378906250,-31.9719696044921875,-1.5344548225402832
21.3430366516113281,-35.7961044311523438,-1.5381375551223755
-11.6138162612915039,-28.6441020965576172,-1.5355252027511597
-2.1971473693847656,-34.9203376770019531,-2.2416927814483643
13.3462591171264648,-40.7453804016113281,-2.2523629665374756
26.2235050201416016,-50.8097343444824219,-2.2461030483245850
-10.6266670227050781,-30.6059055328369141,-1.5318250656127930
-7.7104802131652832,-28.0138130187988281,-1.5331689119338989
-10.6165962219238281,-23.1671676635742188,-2.2485132217407227
-6.5526628494262695,-45.9853668212890625,-2.2475216388702393
-12.3823604583740234,-38.6164283752441406,-2.2429940700531006
8.5857563018798828,-45.5999603271484375,-1.5346740484237671
3.7803988456726074,-52.8751754760742188,-1.5352722406387329
-11.3243856430053711,-49.1881637573242188,-2.2478058338165283
11.9659471511840820,-14.4187870025634766,-2.2412664890289307
2.9685409069061279,-28.0496730804443359,-1.5387067794799805
6.2207612991333008,-8.0544795989990234,-2.2423207759857178
7.5256943702697754,-26.3938655853271484,-2.2413661479949951
-21.4618339538574219,-40.2835922241210938,-1.5372111797332764
15.4222068786621094,-54.3299865722656250,-2.2412562370300293
-12.1082000732421875,-43.2134132385253906,-1.5363930463790894
1.9519170522689819,-16.6462154388427734,-1.5349329710006714
-26.4041080474853516,-50.7297973632812500,-1.5344343185424805
0.0332275405526161,-10.4601097106933594,-1.5372432470321655
-17.2228488922119141,-34.0138473510742188,-1.5386511087417603
-8.5810861587524414,-53.2282485961914063,-2.2476623058319092
20.2162361145019531,-40.5026855468750000,-2.2442142963409424
-7.8106088638305664,-12.4211683273315430,-2.2472712993621826
-16.9794654846191406,-37.9812088012695313,-1.5321676731109619
10.6192951202392578,-44.3428230285644531,-2.2437639236450195
8.0899028778076172,-18.0182247161865234,-2.2438952922821045
6.4815611839294434,-55.2943344116210938,-1.5289458036422729
-10.6222057342529297,-48.4786682128906250,-2.2424860000610352
-17.6829376220703125,-56.5140686035156250,-2.2442572116851807
-13.3826570510864258,-32.5857734680175781,-2.2456204891204834
20.9249782562255859,-32.0212593078613281,-1.5354782342910767
1.5094344615936279,-24.3733215332031250,-1.5335724353790283
15.4192438125610352,-28.6668491363525391,-1.5367956161499023
10.6173572540283203,-42.6155929565429688,-1.5282992124557495
-11.3142442703247070,-15.8600702285766602,-1.5360890626907349
8.5802669525146484,-57.0026092529296875,-1.5373994112014771
-31.2115440368652344,-51.7347526550292969,-2.2460820674896240
-8.5779647827148438,-20.5371246337890625,-2.2477428913116455
-6.4205846786499023,-17.5351505279541016,-1.5378764867782593
-11.6118373870849609,-27.6534938812255859,-1.5319626331329346
11.9863948822021484,-13.7065715789794922,-1.5350126028060913
-3.4914698600769043,-8.9022855758666992,-2.2411894798278809
-3.7821574211120605,-19.5588207244873047,-2.2525267601013184
22.2754535675048828,-41.9079322814941406,-1.5369778871536255
-16.2194156646728516,-33.9876785278320313,-2.2453289031982422
21.0728893280029297,-50.9950942993164063,-2.2485289573669434
7.4375314712524414,-40.7048301696777344,-2.2474560737609863
2.6207149028778076,-30.5382976531982422,-2.2558124065399170
22.9777526855468750,-49.2513694763183594,-1.5282565355300903
18.1793479919433594,-53.6013259887695313,-2.2518491744995117
-13.3801212310791016,-56.3350830078125000,-1.5280900001525879
10.6194324493408203,-52.7896347045898438,-2.2515408992767334
-2.3845252990722656,-47.3262710571289063,-2.2520933151245117
-17.0294685363769531,-48.1214942932128906,-2.2483417987823486
13.3777465820312500,-22.6481838226318359,-2.2525675296783447
7.9685244560241699,-6.9300212860107422,-2.2411861419677734
-11.8254079818725586,-55.7827377319335938,-2.2437679767608643
-12.2057437896728516,-52.6312332153320313,-2.2447695732116699
6.8373041152954102,-16.4640655517578125,-2.2435777187347412
17.1778163909912109,-49.0159339904785156,-1.5312684774398804
-1.0207681655883789,-49.8213386535644531,-1.5359051227569580
-26.7230930328369141,-44.0988883972167969,-2.2418525218963623
29.8198738098144531,-55.6042213439941406,-2.2463638782501221
11.8419675827026367,-33.0450630187988281,-1.5278353691101074
11.2988452911376953,-13.6142482757568359,-2.2455327510833740
5.0894131660461426,-9.6010713577270508,-2.2428734302520752
31.1983928680419922,-55.5710372924804688,-2.2490286827087402
-27.0808162689208984,-54.2811012268066406,-1.5354371070861816
-16.8153991699218750,-25.5657310485839844,-2.2498807907104492
11.0334777832031250,-43.1238594055175781,-2.2557492256164551
-20.2191371917724609,-47.0328750610351563,-2.2549672126770020
10.6291990280151367,-40.5857505798339844,-2.2522580623626709
10.6199579238891602,-32.7867164611816406,-2.2482128143310547
15.4222164154052734,-24.9123935699462891,-1.5347778797149658
-1.7753615379333496,-40.1851806640625000,-2.2420616149902344
3.0473663806915283,-35.8987312316894531,-1.5338525772094727
21.8021869659423828,-34.5028190612792969,-2.2438619136810303
-18.1783866882324219,-36.4113769531250000,-1.5255215167999268
25.7862644195556641,-45.9274330139160156,-2.2411787509918213
6.5268115997314453,-57.0071716308593750,-2.2477509975433350
-3.7788794040679932,-26.6231346130371094,-1.5337580442428589
12.0066337585449219,-11.7998600006103516,-2.2492992877960205
20.2234287261962891,-29.8987960815429688,-1.5387634038925171
-1.0101556777954102,-38.2159805297851563,-1.5353484153747559
11.4316291809082031,-31.2247371673583984,-2.2471544742584229
22.1272373199462891,-53.4879722595214844,-1.5354007482528687
-1.6512602567672729,-7.7469058036804199,-1.5345251560211182
22.9803810119628906,-41.2011528015136719,-1.5326457023620605
-12.7064371109008789,-17.2771549224853516,-1.5327849388122559
-6.5631403923034668,-24.4403266906738281,-2.2496366500854492
-6.3132653236389160,-15.2999763488769531,-1.5356682538986206
15.4165782928466797,-32.2729377746582031,-2.2460229396820068
20.2213134765625000,-32.0224151611328125,-2.2426042556762695
-22.0714893341064453,-41.4620704650878906,-1.5326278209686279
6.3176474571228027,-53.8858757019042969,-1.5340961217880249
-22.2754344940185547,-57.0075035095214844,-1.5355746746063232
-3.7797737121582031,-24.2897739410400391,-1.5368247032165527
-6.6257886886596680,-7.6082134246826172,-1.5389659404754639
-6.7806029319763184,-16.8881282806396484,-2.2425267696380615
-7.2822532653808594,-34.6669807434082031,-1.5328720808029175
7.2238621711730957,-51.7520828247070313,-1.5370919704437256
-17.3236675262451172,-25.1147460937500000,-1.5328557491302490
10.2071971893310547,-8.7350807189941406,-2.2429239749908447
1.8800331354141235,-25.3122234344482422,-2.2413322925567627
5.8218374252319336,-34.0800628662109375,-2.2429687976837158
13.3801841735839844,-44.1292686462402344,-1.5355951786041260
5.8199758529663086,-39.4215888977050781,-2.2486748695373535
-18.1820793151855469,-32.6455192565917969,-2.2493515014648438
-21.4521999359130859,-37.3147926330566406,-2.2425460815429688
9.8536558151245117,-10.5945596694946289,-1.5362253189086914
3.2695553302764893,-30.4196357727050781,-1.5269522666931152
-17.2156448364257813,-37.3215026855468750,-2.2418773174285889
-21.8559684753417969,-35.7879219055175781,-1.5388145446777344
3.7825357913970947,-52.1734657287597656,-2.2463552951812744
10.6166181564331055,-19.7551612854003906,-2.2505557537078857
-7.4270339012145996,-31.2250194549560547,-1.5274596214294434
5.8219370841979980,-19.3835239410400391,-1.5364396572113037
20.2167491912841797,-38.3700218200683594,-1.5371652841567993
1.5574473142623901,-36.5612831115722656,-2.2420010566711426
8.5795669555664063,-14.1251831054687500,-1.5354602336883545
-1.0218133926391602,-18.2367572784423828,-2.2438230514526367
10.6244907379150391,-22.4637317657470703,-1.5352190732955933
10.6156568527221680,-56.2914657592773438,-1.5363830327987671
-12.5021848678588867,-42.6370697021484375,-2.2461688518524170
26.4895305633544922,-45.1475257873535156,-2.2422375679016113
-22.9798278808593750,-53.2763900756835938,-2.2468223571777344
-15.8645820617675781,-27.4160270690917969,-2.2566835880279541
-36.1660804748535156,59.1785011291503906,-2.3999998569488525
-5.8195080757141113,-40.6486625671386719,-1.5329413414001465
-10.6214027404785156,-36.5495796203613281,-2.2478067874908447
18.1787815093994141,-45.2551193237304688,-2.2461817264556885
8.5814371109008789,-47.9734611511230469,-1.5267419815063477
8.3876113891601563,-39.9509239196777344,-2.2557039260864258
6.9813117980957031,-52.6213340759277344,-2.2446322441101074
12.5651397705078125,-21.9788913726806641,-2.2487154006958008
-8.2147893905639648,-47.6627540588378906,-1.5301303863525391
1.0215222835540771,-15.3147859573364258,-1.5358824729919434
-15.6811227798461914,-43.0900917053222656,-2.2483735084533691
-17.4416618347167969,-44.6604156494140625,-2.2486870288848877
1.7196542024612427,-49.7282409667968750,-1.5342622995376587
-6.9464278221130371,-15.0003261566162109,-2.2434422969818115
-10.8694868087768555,-34.2470169067382813,-2.2517488002777100
16.0539855957031250,-25.6680717468261719,-2.2454409599304199
1.0208377838134766,-30.4355640411376953,-1.5356599092483521
8.5782489776611328,-41.9279022216796875,-1.5266739130020142
7.8793644905090332,-56.2968750000000000,-1.5366117954254150
-6.6037387847900391,-23.0892524719238281,-2.2501606941223145
-6.3232259750366211,-36.4851150512695313,-2.2421445846557617
2.8021624088287354,-22.0176219940185547,-1.5302158594131470
27.2748489379882813,-45.8460121154785156,-2.2414629459381104
-8.5827789306640625,-57.0049781799316406,-2.2429800033569336
-7.2708563804626465,-47.3459320068359375,-1.5333192348480225
15.4134035110473633,-22.5496673583984375,-1.5355488061904907
-18.1813545227050781,-41.6078758239746094,-2.2515509128570557
-20.9325580596923828,-39.0021858215332031,-1.5390229225158691
1.0218830108642578,-32.6488075256347656,-1.5322705507278442
37.3043327331542969,-56.6531105041503906,-1.5357240438461304
21.3871593475341797,-54.3907089233398438,-1.5386004447937012
7.9588894844055176,-36.8801269531250000,-1.5248500108718872
22.2205657958984375,-49.9227561950683594,-1.5308241844177246
26.3959102630615234,-48.5449981689453125,-2.2474858760833740
31.2186813354492188,-56.3004913330078125,-1.5328872203826904
8.3858814239501953,-11.3994626998901367,-2.2436404228210449
13.3796281814575195,-34.3885955810546875,-1.5343916416168213
-13.3792238235473633,-13.7167024612426758,-1.5521986484527588
15.4210271835327148,-16.0133552551269531,-2.2417895793914795
-1.0218549966812134,-32.8227195739746094,-2.2494969367980957
-7.5530877113342285,-13.7425384521484375,-2.2460427284240723
-8.5795164108276367,-54.9049415588378906,-1.5333099365234375
34.6204490661621094,-55.5759391784667969,-1.5373451709747314
-12.8831787109375000,-38.1102867126464844,-1.5355664491653442
-11.9115905761718750,-33.2227249145507813,-1.5359684228897095
17.4303379058837891,-54.2613563537597656,-2.2411124706268311
-12.2389106750488281,-27.4073410034179688,-2.2516787052154541
-1.0205760002136230,-24.4637470245361328,-2.2464106082916260
1.0203973054885864,-52.1268081665039063,-2.2441251277923584
-13.3852014541625977,-43.6364746093750000,-1.5348681211471558
-16.9845638275146484,-33.3456878662109375,-2.2412149906158447
11.6176061630249023,-12.7787666320800781,-1.5375052690505981
20.9319934844970703,-43.2849731445312500,-1.5354388952255249
-6.2730011940002441,-49.8968963623046875,-1.5257911682128906
17.4820899963378906,-28.6937942504882813,-2.2445888519287109
5.8219714164733887,-29.8790054321289063,-2.2416455745697021
5.8139195442199707,-22.1678867340087891,-1.5331459045410156
2.1891355514526367,-23.3747978210449219,-2.2439296245574951
-22.9831752777099609,-52.5906600952148438,-1.5337679386138916
-9.5007305145263672,-8.7541046142578125,-2.2414627075195313
17.4842243194580078,-30.1069927215576172,-2.2441089153289795
-16.7942066192626953,-24.2784595489501953,-1.5329899787902832
25.7047271728515625,-55.6084861755371094,-2.2491433620452881
18.1811332702636719,-42.5165252685546875,-1.5351389646530151
-8.5807332992553711,-21.2113761901855469,-1.5290485620498657
10.6120309829711914,-33.9825477600097656,-2.2518081665039063
10.6212711334228516,-34.9749908447265625,-2.2469363212585449
18.1784915924072266,-16.9507923126220703,-1.5381559133529663
10.6253108978271484,-28.0320835113525391,-2.2441596984863281
-4.9314103126525879,-9.4864807128906250,-1.5354214906692505
-11.9290924072265625,-12.3623561859130859,-1.5379316806793213
-17.5460319519042969,-38.3665313720703125,-2.2472510337829590
-3.7817163467407227,-17.4984207153320313,-1.5363008975982666
16.8908691406250000,-16.4823532104492188,-1.5366992950439453
16.4122428894042969,-20.1292419433593750,-1.5365104675292969
-2.2896175384521484,-34.0318222045898438,-1.5364006757736206
-6.5359640121459961,-46.6710319519042969,-1.5307644605636597
-11.1196479797363281,-36.0554008483886719,-1.5379559993743896
16.2866573333740234,-24.4133415222167969,-1.5382256507873535
36.6004295349121094,-55.2377891540527344,-2.2436864376068115
-1.7848501205444336,-40.8897476196289063,-1.5374567508697510
7.7962913513183594,-27.9979724884033203,-1.5297210216522217
10.1089982986450195,-8.0354528427124023,-1.5382899045944214
6.8858256340026855,-46.4982986450195313,-1.5185816287994385
-11.3295068740844727,-41.2348785400390625,-2.2419371604919434
-1.3306335210800171,-23.8466930389404297,-1.5332580804824829
10.6215896606445313,-50.0806312561035156,-2.2435259819030762
1.7435263395309448,-45.0167121887207031,-1.5289218425750732
-10.4536628723144531,-9.0524597167968750,-2.2426481246948242
6.4959335327148438,-41.0195922851562500,-2.2484016418457031
-16.2627811431884766,-48.0892295837402344,-1.5326392650604248
20.3039054870605469,-48.0040664672851563,-2.2507078647613525
13.3776569366455078,-42.7484283447265625,-1.5318989753723145
2.3203330039978027,-41.9569664001464844,-2.2439000606536865
-6.3171157836914063,-43.3820381164550781,-1.5367696285247803
-12.6795587539672852,-19.4367179870605469,-2.2441616058349609
-2.9290668964385986,-9.7269830703735352,-2.2499139308929443
7.2480282783508301,-27.0407009124755859,-1.5331809520721436
-5.8207945823669434,-13.4011096954345703,-2.2444143295288086
18.1804370880126953,-55.6018791198730469,-1.5353032350540161
-13.3794050216674805,-38.6058845520019531,-2.2422561645507813
11.8778772354125977,-32.3738937377929688,-2.2503676414489746
13.3789339065551758,-33.0481986999511719,-1.5249770879745483
13.3802433013916016,-14.4337339401245117,-2.2440412044525146
21.6248645782470703,-43.3152770996093750,-2.2482321262359619
18.1789722442626953,-22.0884208679199219,-2.2448630332946777
2.3605360984802246,-12.7163667678833008,-1.5309569835662842
21.9357910156250000,-36.4849395751953125,-2.2476263046264648
-22.6723403930664063,-44.8629837036132813,-2.2485842704772949
12.6601552963256836,-43.4416046142578125,-1.5332299470901489
-3.7843866348266602,-36.5890083312988281,-2.2517466545104980
3.7804245948791504,-45.9956932067871094,-1.5351983308792114
21.9795055389404297,-35.4923667907714844,-2.2446246147155762
2.1402785778045654,-48.5218276977539063,-1.5258111953735352
-6.4611306190490723,-19.5462951660156250,-2.2416229248046875
-1.0567466020584106,-15.8760538101196289,-2.2454433441162109
-16.5424423217773438,-39.2515296936035156,-2.2460148334503174
-10.6186199188232422,-17.2748603820800781,-2.2428941726684570
27.4209442138671875,-50.7976493835449219,-2.2424974441528320
26.4739379882812500,-49.2234191894531250,-1.5281859636306763
-12.0134468078613281,-17.9916019439697266,-1.5350110530853271
-2.5777890682220459,-10.9550676345825195,-2.2451696395874023
-8.4643774032592773,-32.1766891479492188,-2.2485239505767822
2.0190107822418213,-26.2895050048828125,-2.2220757007598877
-12.2475776672363281,-35.1281127929687500,-1.5315814018249512
-35.2804412841796875,-56.2647972106933594,-2.2535972595214844
22.9861450195312500,-39.7603302001953125,-1.5343401432037354
-11.3165569305419922,-51.2796592712402344,-1.5327003002166748
6.8179173469543457,-35.0786132812500000,-2.2436122894287109
-9.6344871520996094,-10.9717798233032227,-2.2437710762023926
6.9510755538940430,-45.2793121337890625,-1.5272412300109863
10.1856231689453125,-11.2151975631713867,-2.2424945831298828
1.4498763084411621,-35.5044937133789063,-2.2531232833862305
-1.5965675115585327,-12.1901130676269531,-2.2468047142028809
26.5475578308105469,-45.8490791320800781,-1.5368009805679321
-3.0591146945953369,-30.4244461059570313,-2.2417171001434326
8.0837097167968750,-13.6397209167480469,-2.2452473640441895
15.9219732284545898,-17.5746841430664063,-1.5379492044448853
-5.8196749687194824,-50.3947830200195313,-2.2460520267486572
-12.0132780075073242,-17.2790966033935547,-2.2449381351470947
13.3834981918334961,-40.0758628845214844,-1.5294128656387329
-17.4705371856689453,-27.3014602661132813,-1.5389479398727417
11.7983722686767578,-52.1832809448242188,-2.2413675785064697
-7.7809410095214844,-13.0996990203857422,-1.5305216312408447
18.1801452636718750,-20.7974624633789063,-2.2443988323211670
29.8222236633300781,-49.7558746337890625,-2.2414090633392334
-1.0171544551849365,-21.0017013549804688,-2.2477438449859619
26.7804546356201172,-50.1727981567382813,-1.5360684394836426
13.3799800872802734,-49.3083610534667969,-1.5340722799301147
5.8183994293212891,-37.0538406372070313,-2.2486548423767090
-1.9601261615753174,-24.1347789764404297,-2.2482731342315674
15.4217786788940430,-37.8207702636718750,-1.5255551338195801
-7.0199389457702637,-12.4529514312744141,-1.5388051271438599
15.4122838973999023,-39.8474998474121094,-2.2551445960998535
-25.0150146484375000,-47.8924293518066406,-1.5351570844650269
13.3806838989257813,-23.3190708160400391,-1.5323321819305420
26.0013084411621094,-54.3497962951660156,-1.5314797163009644
1.8548023700714111,-47.2368278503417969,-1.5271916389465332
5.8107128143310547,-45.4374923706054688,-2.2526957988739014
10.6174726486206055,-54.8629226684570313,-1.5364768505096436
-13.3834609985351563,-41.9778060913085938,-2.2478797435760498
12.6752185821533203,-15.1363506317138672,-2.2432756423950195
7.1950917243957520,-57.0070915222167969,-1.5298379659652710
-11.6438865661621094,-23.7434997558593750,-1.5363233089447021
-26.3845558166503906,-54.2681350708007813,-2.2447304725646973
-2.9181194305419922,-31.2201633453369141,-1.5521883964538574
-22.3611373901367188,-44.1774635314941406,-1.5308444499969482
25.0194530487060547,-55.6058731079101563,-1.5346401929855347
1.6116890907287598,-6.2258377075195313,-2.2412238121032715
22.2781105041503906,-47.8884429931640625,-2.2467677593231201
15.4164161682128906,-57.0061302185058594,-1.5319033861160278
18.1795177459716797,-19.3282470703125000,-1.5327303409576416
8.5819435119628906,-50.3011474609375000,-1.5341631174087524
-1.7867935895919800,-32.8460922241210938,-1.5352684259414673
-8.5840396881103516,-55.5990295410156250,-2.2441823482513428
8.5747404098510742,-14.8251285552978516,-2.2434856891632080
-13.3791809082031250,-15.1483545303344727,-1.5350927114486694
-18.1796207427978516,-30.6628551483154297,-1.5286320447921753
-18.1693725585937500,-29.9806995391845703,-2.2470459938049316
-3.5693707466125488,-10.8383789062500000,-2.2426595687866211
27.0141067504882813,-47.7455673217773438,-2.2428250312805176
25.0205116271972656,-48.5823554992675781,-1.5360407829284668
8.5376224517822266,-23.1091384887695313,-2.2510676383972168
12.2491893768310547,-44.6447677612304688,-1.5280930995941162
20.2186794281005859,-57.0059242248535156,-1.5350078344345093
-1.7750335931777954,-25.7969093322753906,-1.5370730161666870
17.7524642944335938,-44.0523796081542969,-2.2498590946197510
-2.7504436969757080,-12.9361343383789063,-2.2435891628265381
-3.1067831516265869,-20.7110080718994141,-2.2423861026763916
-7.4634056091308594,-38.8893775939941406,-2.2444572448730469
-1.0205931663513184,-29.7887039184570313,-1.5367432832717896
3.7707479000091553,-7.3594455718994141,-1.5363546609878540
-16.3760452270507813,-28.1786079406738281,-1.5336920022964478
-17.0143318176269531,-47.4346275329589844,-1.5276751518249512
15.4188508987426758,-49.3710517883300781,-1.5290166139602661
-7.6354651451110840,-34.0935249328613281,-2.2527532577514648
-3.2552957534790039,-5.8255982398986816,-2.2430543899536133
7.4705953598022461,-43.6864814758300781,-1.5364278554916382
22.3055248260498047,-43.2999534606933594,-1.5313355922698975
18.1781311035156250,-34.5385437011718750,-2.2535402774810791
17.4421539306640625,-33.8676986694335938,-2.2428674697875977
-35.2766227722167969,-57.0018348693847656,-1.5262943506240845
27.7847747802734375,-52.8039054870605469,-1.5324127674102783
-12.6560392379760742,-53.6456298828125000,-2.2490844726562500
13.3796787261962891,-27.0408554077148438,-1.5383933782577515
0.5048241019248962,-8.1722354888916016,-2.2474715709686279
-2.5275516510009766,-41.5533828735351563,-1.5340518951416016
-12.6466703414916992,-56.3368453979492188,-2.2502939701080322
-3.2659895420074463,-36.1932640075683594,-1.5229587554931641
2.0096328258514404,-27.2734775543212891,-2.2424590587615967
-31.8987426757812500,-51.7425918579101563,-1.5318970680236816
-5.8195271492004395,-42.1767883300781250,-1.5359146595001221
-15.4222459793090820,-32.5807991027832031,-1.5306864976882935
22.9776020050048828,-49.9179382324218750,-2.2523052692413330
-6.2137947082519531,-31.7154941558837891,-2.2543709278106689
30.2551002502441406,-54.4599456787109375,-2.2537815570831299
11.7542066574096680,-27.5178985595703125,-2.2484166622161865
-3.7784581184387207,-37.9680290222167969,-2.2462642192840576
12.0329647064208984,-17.9887485504150391,-1.5331552028656006
-7.7347197532653809,-38.2468681335449219,-1.5360643863677979
31.2930583953857422,-51.6100921630859375,-1.5378547906875610
-10.6153802871704102,-39.1723709106445313,-2.2524435520172119
13.3829259872436523,-48.6071624755859375,-2.2434201240539551
-0.6533384323120117,-6.5236845016479492,-2.2413866519927979
3.7814285755157471,-55.5937995910644531,-1.5359140634536743
5.8345594406127930,-46.1009330749511719,-1.5324655771255493
1.5815638303756714,-11.2579631805419922,-2.2466642856597900
-6.9484176635742188,-49.8649444580078125,-2.2468326091766357
-35.9577026367187500,-55.5377883911132813,-2.2516932487487793
-13.3792648315429688,-20.8365097045898438,-1.5326637029647827
18.1812667846679688,-35.2003479003906250,-1.5295792818069458
16.0903759002685547,-29.4028053283691406,-1.5322109460830688
27.7828521728515625,-55.5772323608398438,-1.5356447696685791
32.5794830322265625,-53.4285507202148438,-1.5373883247375488
-12.0244865417480469,-41.2142066955566406,-1.5272828340530396
-6.5572609901428223,-28.4908027648925781,-1.5365355014801025
8.5805883407592773,-48.6249122619628906,-2.2525484561920166
-10.6185989379882813,-50.5773620605468750,-1.5358027219772339
22.3568820953369141,-34.9190864562988281,-1.5301043987274170
-25.6772174835205078,-54.9641609191894531,-2.2502408027648926
3.7828781604766846,-40.6106834411621094,-2.2475762367248535
25.0223941802978516,-43.7642250061035156,-2.2415549755096436
16.1839351654052734,-37.1773796081542969,-1.5383003950119019
20.9166812896728516,-38.3642082214355469,-2.2432808876037598
12.1292161941528320,-24.4507770538330078,-2.2500073909759521
-11.9875612258911133,-19.4301147460937500,-1.5323836803436279
21.6187629699707031,-32.0349922180175781,-2.2443287372589111
-26.3877506256103516,-47.1583290100097656,-2.2455987930297852
1.0208054780960083,-28.3069114685058594,-2.2418994903564453
27.0562534332275391,-53.4803504943847656,-1.5367968082427979
-3.0621716976165771,-47.3696098327636719,-1.5332108736038208
8.5819272994995117,-23.7747821807861328,-1.5269700288772583
-6.5482773780822754,-9.4250421524047852,-2.2449276447296143
-35.9706916809082031,-54.7796020507812500,-1.5299888849258423
-18.1797084808349609,-57.0039939880371094,-1.5367631912231445
21.1646728515625000,-33.7268600463867188,-2.2420842647552490
-5.8167324066162109,-48.0243453979492188,-2.2478368282318115
-17.1752204895019531,-38.9584197998046875,-1.5354592800140381
-13.3781328201293945,-26.2108821868896484,-1.7094324827194214
-7.3934559822082520,-20.0440540313720703,-2.2437784671783447
5.8195090293884277,-40.1010589599609375,-1.5350918769836426
-7.3907585144042969,-7.4617304801940918,-2.2420372962951660
-7.9011626243591309,-42.0741004943847656,-2.2454984188079834
-10.6184110641479492,-27.6410217285156250,-1.5380598306655884
27.7705078125000000,-47.0426673889160156,-2.2447314262390137
-5.8186407089233398,-33.6471710205078125,-1.5382964611053467
20.2217712402343750,-53.0025596618652344,-2.2530622482299805
9.0549287796020508,-11.1905927658081055,-1.5367951393127441
31.8709812164306641,-52.0152740478515625,-2.2423257827758789
-12.6757802963256836,-32.5797424316406250,-1.5289350748062134
-12.2060794830322266,-29.3043060302734375,-2.2476599216461182
-13.3811397552490234,-35.9246139526367188,-1.5343073606491089
10.6158380508422852,-43.6429481506347656,-1.5330685377120972
20.7865447998046875,-49.2451744079589844,-2.2412312030792236
-25.0159091949462891,-50.0193672180175781,-2.2433426380157471
-1.5980293750762939,-47.7962760925292969,-1.5291591882705688
3.2844192981719971,-22.5140323638916016,-2.2444305419921875
8.5807847976684570,-51.0268898010253906,-2.2445373535156250
22.4847469329833984,-37.1456031799316406,-1.5353140830993652
22.9789810180664063,-45.7962608337402344,-2.2420072555541992
15.4222574234008789,-50.0345916748046875,-2.2477166652679443
30.5808982849121094,-51.6072044372558594,-2.2414412498474121
1.4941866397857666,-23.3792552947998047,-1.5315215587615967
11.7189798355102539,-43.1150779724121094,-1.5343232154846191
-6.5440435409545898,-52.0653610229492188,-2.2444195747375488
-5.8366355895996094,-35.3151016235351563,-2.2493522167205811
-15.4204273223876953,-53.0288925170898438,-2.2509551048278809
-1.0169270038604736,-54.9023780822753906,-2.2451879978179932
-5.8213224411010742,-38.6407394409179688,-2.2510838508605957
-21.6502857208251953,-47.8851699829101563,-1.5364327430725098
7.2580113410949707,-24.9664268493652344,-2.2438180446624756
8.1063108444213867,-37.5272483825683594,-2.2579793930053711
1.0222656726837158,-22.8597469329833984,-2.2412860393524170
9.4074792861938477,-8.1381464004516602,-2.2416763305664063
-8.0989437103271484,-29.0274295806884766,-2.2454214096069336
-12.6501302719116211,-31.2191658020019531,-1.5336850881576538
12.3938331604003906,-50.6081542968750000,-1.5271525382995605
-21.8586978912353516,-39.3749122619628906,-1.5341913700103760
-1.3639311790466309,-6.3855972290039063,-1.5368640422821045
3.7805860042572021,-39.6284141540527344,-2.2440330982208252
-7.9790296554565430,-9.5497007369995117,-1.5384788513183594
-4.1938219070434570,-8.8164520263671875,-1.5368645191192627
-3.0467622280120850,-29.0342044830322266,-2.2453508377075195
-25.0215034484863281,-44.0005950927734375,-1.5386251211166382
10.6222982406616211,-17.5786190032958984,-2.2413175106048584
-17.3082904815673828,-41.1227416992187500,-2.2412431240081787
26.3969421386718750,-57.0035820007324219,-1.5339112281799316
-22.9792938232421875,-54.6488075256347656,-2.2478952407836914
-12.6599626541137695,-47.5576858520507813,-1.5344325304031372
12.8806362152099609,-51.1001167297363281,-2.2432544231414795
-1.0156304836273193,-46.4619407653808594,-1.5370645523071289
-15.5737905502319336,-48.0426521301269531,-2.2495462894439697
-8.5800085067749023,-31.5061206817626953,-1.5311377048492432
1.0549658536911011,-42.9943428039550781,-1.5276362895965576
13.3796329498291016,-20.6066207885742188,-1.5323152542114258
1.0114549398422241,-5.4292693138122559,-2.2423400878906250
20.2232208251953125,-30.6076927185058594,-2.2416598796844482
-3.7775413990020752,-15.5131244659423828,-1.5386433601379395
-11.5995922088623047,-35.3802566528320313,-2.2423799037933350
-3.0878858566284180,-56.3009338378906250,-1.5362676382064819
-5.8181905746459961,-47.3499908447265625,-1.5316514968872070
15.4167661666870117,-27.9623870849609375,-2.2426671981811523
-11.5983819961547852,-25.2816314697265625,-2.2490713596343994
-12.6744184494018555,-44.3154754638671875,-1.5343700647354126
17.7837486267089844,-16.0344944000244141,-1.5386346578598022
8.9452552795410156,-9.8251218795776367,-1.5358703136444092
17.4558200836181641,-45.2497863769531250,-1.5375813245773315
3.3074398040771484,-45.4974708557128906,-2.2512819766998291
-12.6388463973999023,-44.9989051818847656,-2.2449944019317627
10.6194858551025391,-27.3323936462402344,-1.5371807813644409
-0.3619302511215210,-9.5423965454101563,-1.5330028533935547
-26.0159873962402344,-44.0800209045410156,-1.5381623506546021
5.7134065628051758,-11.5413093566894531,-1.5376120805740356
-13.0889301300048828,-47.0122795104980469,-2.2456276416778564
3.7805926799774170,-33.8332672119140625,-1.5321930646896362
11.7439155578613281,-42.4275932312011719,-2.2516241073608398
6.5556912422180176,-38.7544364929199219,-2.2475407123565674
2.5645608901977539,-43.7796287536621094,-2.2491898536682129
-34.6171302795410156,-56.2518424987792969,-1.5315418243408203
-27.0696601867675781,-54.9803314208984375,-2.2448427677154541
3.7804248332977295,-35.2201309204101563,-1.5327126979827881
13.3856630325317383,-54.2133941650390625,-2.2519726753234863
-27.0634727478027344,-55.6704597473144531,-1.5317428112030029
6.7617106437683105,-9.5483245849609375,-1.5368667840957642
5.8196320533752441,-41.0847778320312500,-1.5278122425079346
8.5060234069824219,-12.1056165695190430,-1.5365128517150879
8.0413103103637695,-34.5454864501953125,-2.2448270320892334
-25.7132225036621094,-52.8463439941406250,-1.5354257822036743
-11.9137802124023438,-13.8071670532226563,-1.5358734130859375
-15.4562635421752930,-39.8402671813964844,-2.2597110271453857
-5.8222665786743164,-43.8861122131347656,-2.2418272495269775
-2.0095839500427246,-50.8639717102050781,-1.5601944923400879
-11.2687854766845703,-31.3739795684814453,-1.5293743610382080
-15.4183311462402344,-31.2217960357666016,-1.5330752134323120
-2.5632984638214111,-19.0502281188964844,-1.5383487939834595
8.5825166702270508,-37.9716720581054688,-1.5260807275772095
6.8201150894165039,-15.7707443237304688,-1.5352687835693359
-7.6693892478942871,-49.1757431030273438,-2.2494487762451172
25.0230197906494141,-51.5910339355468750,-2.2499010562896729
-4.2811975479125977,-9.7404394149780273,-2.2456486225128174
11.1270704269409180,-12.2696409225463867,-2.2423303127288818
16.7855224609375000,-29.4001998901367188,-2.2438747882843018
32.5789260864257813,-52.7191886901855469,-2.2421162128448486
20.9593067169189453,-53.0052223205566406,-1.5292786359786987
8.0782604217529297,-33.5543441772460938,-2.2533235549926758
15.4142389297485352,-29.3680248260498047,-2.2469501495361328
22.9781455993652344,-30.2936725616455078,-2.2422020435333252
18.1822700500488281,-25.3740806579589844,-1.5316072702407837
18.1829700469970703,-28.7009735107421875,-1.5363664627075195
-16.9873695373535156,-53.7418518066406250,-1.5367127656936646
22.9895668029785156,-42.5870399475097656,-1.5361456871032715
1.0184798240661621,-23.8585739135742188,-2.2462680339813232
-7.5206866264343262,-29.8386764526367188,-2.2481126785278320
-8.4549646377563477,-9.0239696502685547,-2.2412629127502441
11.4426479339599609,-24.5337905883789063,-1.5321714878082275
15.9130449295043945,-35.0227088928222656,-2.2473936080932617
-27.7842731475830078,-49.3044319152832031,-1.5361367464065552
-3.7850534915924072,-25.2862625122070313,-1.5359462499618530
-7.8715615272521973,-25.6123123168945313,-1.5380580425262451
8.5804548263549805,-17.5199890136718750,-1.5370272397994995
20.2200679779052734,-53.6656074523925781,-1.5317955017089844
12.6668615341186523,-28.9950046539306641,-2.2463929653167725
-16.8743743896484375,-35.9439315795898438,-2.2430005073547363
-7.6567206382751465,-51.8698730468750000,-2.2434887886047363
-10.6342220306396484,-10.1774444580078125,-2.2433085441589355
18.1832141876220703,-30.8134727478027344,-2.2425282001495361
16.3743438720703125,-55.8157958984375000,-1.5202425718307495
1.5269168615341187,-7.0759811401367188,-1.5379945039749146
22.4898204803466797,-33.5011558532714844,-2.2448465824127197
-25.7087478637695313,-48.6012611389160156,-1.5335115194320679
11.9711141586303711,-46.5108947753906250,-1.5335891246795654
-27.7839889526367188,-57.0142593383789063,-2.2485835552215576
27.7847614288330078,-56.2983207702636719,-2.2432656288146973
3.4523689746856689,-47.5627708435058594,-2.2545483112335205
-27.7856960296630859,-52.8617935180664063,-2.2446219921112061
-27.0904464721679688,-48.5921936035156250,-1.5344232320785522
10.9109954833984375,-33.3898200988769531,-1.5268356800079346
-20.2194366455078125,-43.3778762817382813,-2.2528243064880371
-2.9863965511322021,-34.0032234191894531,-2.2476913928985596
-5.8222165107727051,-25.1102390289306641,-2.2447655200958252
13.3853092193603516,-42.0702247619628906,-2.2503607273101807
22.0239620208740234,-45.8504486083984375,-1.5382082462310791
-6.5414543151855469,-26.7890853881835938,-2.2412683963775635
20.2167053222656250,-56.3103561401367188,-2.2444691658020020
1.0140612125396729,-53.4994354248046875,-2.2484800815582275
16.1353034973144531,-46.7345123291015625,-1.5324498414993286
16.7814140319824219,-47.4864082336425781,-1.5471931695938110
15.4888563156127930,-37.1619529724121094,-2.2525644302368164
-20.2220058441162109,-57.0042953491210938,-1.5352452993392944
5.8212542533874512,-20.7799091339111328,-1.5344046354293823
20.6587810516357422,-46.8141593933105469,-2.2526929378509521
22.4931831359863281,-32.5043182373046875,-2.2447874546051025
-11.4405469894409180,-46.0920257568359375,-2.2474150657653809
-6.9531207084655762,-51.1605453491210938,-2.2441384792327881
1.0199134349822998,-19.9944496154785156,-2.2459080219268799
-12.6768751144409180,-11.6938228607177734,-1.5376648902893066
-2.8784527778625488,-43.6915702819824219,-1.5350323915481567
16.8838462829589844,-43.5811653137207031,-2.2453575134277344
15.4215707778930664,-52.6614112854003906,-1.5330556631088257
12.8377103805541992,-38.6687278747558594,-2.2481698989868164
1.0180332660675049,-55.5947914123535156,-1.5363084077835083
34.6215324401855469,-54.8676338195800781,-2.2414464950561523
-3.7843704223632813,-46.6899375915527344,-1.5325044393539429
-11.4764881134033203,-45.0631523132324219,-2.2544646263122559
3.7819962501525879,-57.0068664550781250,-1.5371221303939819
25.9987640380859375,-43.8257865905761719,-1.5384899377822876
1.0647612810134888,-47.3585395812988281,-2.2470977306365967
-22.9786205291748047,-49.2001991271972656,-1.5385329723358154
-31.8731250762939453,-54.6220664978027344,-1.5371216535568237
-3.2917900085449219,-7.9086141586303711,-2.2428922653198242
-6.5257382392883301,-27.4957370758056641,-1.5363889932632446
11.3272857666015625,-54.1646156311035156,-1.5370267629623413
6.5086302757263184,-56.2874412536621094,-1.5362588167190552
20.2671279907226563,-50.3281440734863281,-2.2521293163299561
-10.8102703094482422,-44.8965187072753906,-1.5299379825592041
-11.7502479553222656,-32.2413253784179688,-1.5329570770263672
-25.7131824493408203,-51.4398117065429688,-1.5347656011581421
-1.0733766555786133,-8.7197475433349609,-1.5370364189147949
11.7404165267944336,-29.2394027709960938,-1.5337063074111938
20.2211494445800781,-31.3147888183593750,-1.5378520488739014
-1.0220531225204468,-40.8625831604003906,-2.2524089813232422
3.7806167602539063,-32.1373138427734375,-2.2552621364593506
6.7074465751647949,-10.5449523925781250,-1.5373568534851074
5.8204550743103027,-35.0712738037109375,-2.2419447898864746
8.5797576904296875,-18.5196304321289063,-1.5362014770507813
21.7803668975830078,-31.3493442535400391,-1.5380324125289917
-10.6204833984375000,-33.6198463439941406,-1.5331907272338867
-8.2669954299926758,-33.7914466857910156,-1.5324378013610840
2.0193569660186768,-30.1466827392578125,-1.5388941764831543
-5.8179683685302734,-35.9966773986816406,-1.5351020097732544
-22.9793033599853516,-51.8960647583007813,-2.2454929351806641
-18.1778831481933594,-20.0056343078613281,-2.2418344020843506
12.0031652450561523,-15.8729324340820313,-2.2470924854278564
-3.3211741447448730,-20.0436191558837891,-1.5327548980712891
31.0591068267822266,-53.4415206909179688,-1.5385684967041016
-21.2082881927490234,-41.4746131896972656,-2.2440605163574219
-25.0194683074951172,-46.4473686218261719,-1.5388444662094116
-16.5676841735839844,-29.5262107849121094,-1.5354603528976440
-25.5590324401855469,-43.5392417907714844,-2.2416884899139404
-12.0657815933227539,-53.3117065429687500,-1.5329552888870239
6.7800211906433105,-40.3916931152343750,-1.5358226299285889
-3.0210375785827637,-37.2238960266113281,-2.2450022697448730
16.4169769287109375,-15.9614171981811523,-2.2420523166656494
11.7574434280395508,-29.9327564239501953,-2.2460260391235352
10.6197471618652344,-39.2406768798828125,-2.2500455379486084
30.5224075317382813,-56.3026542663574219,-2.2439444065093994
-2.3686192035675049,-51.7812080383300781,-1.5355501174926758
8.5793619155883789,-51.7205848693847656,-1.5332236289978027
-12.2711067199707031,-26.4158535003662109,-2.2500698566436768
26.0711460113525391,-47.4135665893554688,-2.2429409027099609
13.3863039016723633,-43.4343948364257813,-2.2450435161590576
16.3643112182617188,-40.1421775817871094,-2.2487852573394775
-3.7829844951629639,-53.8915328979492188,-2.2462959289550781
30.5899639129638672,-52.3153877258300781,-1.5381133556365967
17.0511684417724609,-32.0244102478027344,-1.5304260253906250
-2.4008138179779053,-57.0101242065429688,-1.5304695367813110
-32.5814361572265625,-56.0156173706054688,-2.2437758445739746
-9.1254806518554688,-9.3535528182983398,-1.5376783609390259
1.0163199901580811,-35.0025138854980469,-1.5290876626968384
-8.5816917419433594,-56.2967872619628906,-1.5356318950653076
-22.9791297912597656,-41.8710556030273438,-1.5350028276443481
20.9186153411865234,-43.9951705932617188,-2.2447752952575684
-3.7824687957763672,-52.4585418701171875,-2.2437360286712646
-12.6500396728515625,-57.0100593566894531,-1.5340013504028320
18.1823348999023438,-56.3035125732421875,-2.2430198192596436
2.3748967647552490,-40.5537071228027344,-2.2426283359527588
-18.1452980041503906,-43.2831611633300781,-1.5354135036468506
8.5780420303344727,-32.7019309997558594,-2.1140260696411133
17.4832515716552734,-46.6617469787597656,-1.5327587127685547
17.1838130950927734,-38.1328277587890625,-1.5244874954223633
4.1704587936401367,-10.8363990783691406,-2.2413995265960693
-5.8219084739685059,-44.5935935974121094,-1.5384143590927124
2.7264401912689209,-32.7156829833984375,-2.2551167011260986
17.5191249847412109,-22.8359966278076172,-2.2570459842681885
16.4166660308837891,-19.4334487915039063,-2.2442333698272705
26.1035671234130859,-52.3738479614257813,-1.5356349945068359
6.9138860702514648,-41.5735321044921875,-1.5356091260910034
22.9828128814697266,-48.5799636840820313,-2.2494115829467773
0.6244345903396606,-7.4993743896484375,-1.5332685708999634
-13.3828210830688477,-55.6706962585449219,-2.2509503364562988
-7.8024187088012695,-39.4991531372070313,-1.5363069772720337
7.4760413169860840,-48.3490333557128906,-1.5382518768310547
-5.8203353881835938,-29.1561203002929688,-1.5294703245162964
12.3814945220947266,-53.5912933349609375,-1.5344114303588867
1.7303156852722168,-52.1232185363769531,-1.5355966091156006
12.6843461990356445,-15.8396329879760742,-1.5332697629928589
16.1762676239013672,-51.0217781066894531,-1.5361953973770142
-22.7104015350341797,-36.3517074584960938,-1.5384583473205566
-20.8345413208007813,-49.0224113464355469,-1.5324254035949707
6.2555580139160156,-28.9799060821533203,-2.2440896034240723
-18.1832809448242188,-46.2892189025878906,-2.2482500076293945
-18.1785202026367188,-49.2830772399902344,-1.5304976701736450
15.4160318374633789,-43.4457893371582031,-2.2462615966796875
13.3834714889526367,-57.0053672790527344,-2.2417926788330078
-3.7798786163330078,-32.7107048034667969,-1.5288258790969849
5.8392076492309570,-17.4586982727050781,-2.2454612255096436
-22.0038871765136719,-36.4815483093261719,-2.2415966987609863
18.1820163726806641,-44.5687789916992188,-1.5312255620956421
27.7363243103027344,-44.6424827575683594,-2.2419703006744385
-25.0204830169677734,-55.9781303405761719,-1.5358973741531372
-1.0173529386520386,-35.1508445739746094,-2.2459197044372559
-2.9270465373992920,-25.7894668579101563,-1.5315848588943481
-27.7864494323730469,-52.1500129699707031,-1.5343364477157593
-3.2159557342529297,-15.0565843582153320,-2.2422633171081543
8.5788803100585938,-39.3132324218750000,-1.5299844741821289
-18.1783123016357422,-40.2989921569824219,-2.2529664039611816
-4.7684741020202637,-11.0479478836059570,-2.2429642677307129
-8.5817165374755859,-45.1166801452636719,-2.2561297416687012
3.7788422107696533,-26.6534519195556641,-2.2508292198181152
11.2856769561767578,-47.9244918823242188,-2.2511219978332520
16.1473007202148438,-26.5769481658935547,-1.5346810817718506
-3.0650632381439209,-6.9366035461425781,-2.2454428672790527
-3.7779726982116699,-29.0456142425537109,-1.5329642295837402
11.9694776535034180,-47.2094650268554688,-2.2427897453308105
13.2337703704833984,-38.1011199951171875,-1.5341231822967529
6.5430431365966797,-39.4248886108398438,-1.5283787250518799
22.9808998107910156,-34.6621284484863281,-2.2517626285552979
8.4707660675048828,-7.7933635711669922,-2.2419109344482422
17.2839088439941406,-22.2040519714355469,-1.5321569442749023
-17.9941959381103516,-24.9495353698730469,-2.2487413883209229
16.4144210815429688,-52.5822143554687500,-1.5298112630844116
-6.5147471427917480,-41.3555374145507813,-1.5362422466278076
-3.7774190902709961,-31.7286243438720703,-1.5291427373886108
-7.0033693313598633,-30.6859569549560547,-2.2465164661407471
11.9199047088623047,-31.7006244659423828,-1.5305367708206177
-12.6487884521484375,-55.0084037780761719,-2.2482552528381348
15.4219779968261719,-18.0728855133056641,-2.2424986362457275
8.5798082351684570,-30.0985660552978516,-1.5354731082916260
20.2171421051025391,-39.7751846313476563,-1.5355827808380127
-6.5050907135009766,-56.2928733825683594,-2.2454099655151367
-6.6649289131164551,-6.7780685424804688,-2.2414159774780273
1.0204871892929077,-46.6877899169921875,-1.5307632684707642
-16.1824436187744141,-35.9345664978027344,-1.5289943218231201
-8.4827117919921875,-21.8771877288818359,-2.2499375343322754
18.1807575225830078,-52.6132469177246094,-2.2495403289794922
18.1811237335205078,-57.0041046142578125,-1.5352665185928345
-34.6159973144531250,-55.5228462219238281,-2.2462100982666016
7.5449748039245605,-16.5263843536376953,-1.5400027036666870
1.0128327608108521,-24.8512325286865234,-2.2443118095397949
27.7807388305664063,-47.7396888732910156,-1.5369161367416382
-11.3189926147460938,-16.5657386779785156,-2.2439684867858887
-10.6209659576416016,-56.3231124877929688,-2.2500650882720947
15.4121990203857422,-48.3868865966796875,-1.5365366935729980
3.2857301235198975,-21.5173721313476563,-2.2440228462219238
-3.7794175148010254,-16.5066986083984375,-1.5382710695266724
-7.2008051872253418,-42.0657348632812500,-1.5355896949768066
6.3349623680114746,-33.5749359130859375,-1.5386409759521484
21.3768215179443359,-47.4904708862304688,-2.2460548877716064
-6.3292894363403320,-4.7738385200500488,-2.2412495613098145
-20.8385219573974609,-53.2773551940917969,-1.5309044122695923
6.9302515983581543,-42.8491783142089844,-1.5255495309829712
26.3995513916015625,-56.3037452697753906,-2.2442219257354736
27.7783355712890625,-50.1875762939453125,-1.5385272502899170
12.6596784591674805,-31.0403919219970703,-1.5309326648712158
-22.0641555786132813,-42.8502693176269531,-1.5353596210479736
17.5580806732177734,-39.0574760437011719,-1.5245240926742554
17.6884803771972656,-36.6763229370117188,-2.2459735870361328
-8.5834121704101563,-50.9506759643554688,-2.2564172744750977
8.1063804626464844,-54.1237983703613281,-2.2499015331268311
-18.1779212951660156,-49.9595642089843750,-2.2497229576110840
-3.0320148468017578,-5.1553988456726074,-1.5370141267776489
1.6835087537765503,-14.5493097305297852,-1.5302613973617554
11.9949951171875000,-57.0080642700195313,-2.2459378242492676
-6.7773137092590332,-13.1196985244750977,-2.2412135601043701
-21.3524398803710938,-42.1538696289062500,-1.5355228185653687
-16.5359001159667969,-23.6470451354980469,-2.2467565536499023
-31.1751232147216797,-53.9123153686523438,-1.5355201959609985
21.8364887237548828,-55.7128829956054688,-1.5211102962493896
17.2947235107421875,-26.8066158294677734,-1.5322034358978271
-5.8201756477355957,-32.9463233947753906,-2.2451293468475342
-7.8875665664672852,-56.3011894226074219,-2.2462995052337646
-6.7650742530822754,-16.1902885437011719,-1.5338574647903442
-12.6600084304809570,-13.7598495483398438,-2.2512242794036865
-11.6052398681640625,-29.6332683563232422,-1.5340276956558228
-5.8152785301208496,-56.2899589538574219,-1.5357203483581543
3.7809209823608398,-34.5247306823730469,-2.2445468902587891
-26.3893108367919922,-45.0048484802246094,-1.5357357263565063
3.7780508995056152,-20.0152320861816406,-1.5377112627029419
17.4142551422119141,-34.5676536560058594,-1.5372563600540161
31.1736240386962891,-54.8474044799804688,-1.5387535095214844
7.8804459571838379,-57.0039710998535156,-2.2450518608093262
7.7448182106018066,-24.4740600585937500,-1.5336056947708130
2.5650658607482910,-32.0621376037597656,-1.5328459739685059
-5.8193960189819336,-52.0591278076171875,-1.5316808223724365
2.0963335037231445,-35.2646408081054688,-1.5344984531402588
21.7973423004150391,-51.7899208068847656,-2.2421965599060059
1.8600454330444336,-37.7836685180664063,-1.5341061353683472
3.0613579750061035,-36.5869445800781250,-2.2495062351226807
12.4145336151123047,-37.7703666687011719,-2.2501926422119141
32.5796661376953125,-54.1362419128417969,-2.2420628070831299
-16.4197540283203125,-20.8146114349365234,-2.2419593334197998
7.5014801025390625,-19.3111991882324219,-1.5361447334289551
-3.0849239826202393,-55.6014175415039063,-2.2465870380401611
-25.0160026550292969,-51.4376754760742188,-2.2433197498321533
-11.5187597274780273,-42.8084526062011719,-2.2445538043975830
1.7213112115859985,-50.7203979492187500,-1.5358383655548096
-11.0812931060791016,-55.1337356567382813,-2.2493927478790283
11.5256261825561523,-11.3214712142944336,-1.5311201810836792
-29.8191604614257813,-52.4517898559570313,-1.5375761985778809
-15.4207181930541992,-37.9416961669921875,-1.5252603292465210
-2.6424338817596436,-50.4999580383300781,-2.2414102554321289
3.7856786251068115,-28.6225910186767578,-1.5264339447021484
8.1558866500854492,-43.7254905700683594,-2.2563891410827637
-22.9776496887207031,-35.6950759887695313,-2.2412476539611816
-18.1797027587890625,-20.7118835449218750,-1.5372363328933716
2.3519260883331299,-35.9006729125976563,-2.2496826648712158
4.8983097076416016,-8.2002820968627930,-1.5361822843551636
21.0134983062744141,-48.0772476196289063,-1.5348902940750122
27.0760612487792969,-54.8762016296386719,-1.5356708765029907
-17.4744091033935547,-24.0970954895019531,-2.2411584854125977
3.7792725563049316,-29.8423309326171875,-2.2432653903961182
-11.7740459442138672,-39.2460632324218750,-1.5386183261871338
3.7822828292846680,-17.1889190673828125,-1.5330110788345337
-15.4211463928222656,-46.4036979675292969,-1.5259747505187988
-20.9873523712158203,-39.7583656311035156,-2.2412142753601074
-17.4080600738525391,-43.9847068786621094,-1.5291491746902466
3.2938070297241211,-16.6962814331054688,-2.2450237274169922
-0.2685243785381317,-3.8806226253509521,-2.2415790557861328
1.0202083587646484,-40.3443412780761719,-2.2499856948852539
-12.6878976821899414,-14.4342947006225586,-1.5323361158370972
3.8611509799957275,-8.3518352508544922,-1.5371167659759521
5.8209142684936523,-10.0861034393310547,-1.5340545177459717
3.7825469970703125,-54.2268409729003906,-1.5290021896362305
25.5663509368896484,-52.8172569274902344,-2.2448797225952148
2.0096919536590576,-19.0054664611816406,-2.2442085742950439
-1.4952372312545776,-7.0730824470520020,-2.2459273338317871
10.6196660995483398,-23.1624946594238281,-2.2425436973571777
-17.6489276885986328,-22.8360939025878906,-2.2456066608428955
1.7367019653320313,-32.6542816162109375,-2.2414746284484863
-21.1548824310302734,-47.0195121765136719,-1.5321012735366821
4.3134603500366211,-7.8085107803344727,-2.2423663139343262
6.8199510574340820,-14.7759580612182617,-1.5372840166091919
21.8624782562255859,-33.8045806884765625,-1.5352935791015625
7.8883843421936035,-21.7057781219482422,-1.5347021818161011
31.8811893463134766,-54.8478431701660156,-2.2430472373962402
5.8222150802612305,-24.2773323059082031,-1.5346859693527222
-16.2323169708251953,-49.4693565368652344,-1.5343837738037109
-16.1716289520263672,-32.5941772460937500,-2.2441184520721436
-8.5123777389526367,-6.0129508972167969,-1.5387227535247803
-18.1827602386474609,-45.3092803955078125,-2.2446582317352295
-20.2234249114990234,-40.4015388488769531,-2.2432334423065186
-3.7600672245025635,-43.0347633361816406,-1.5325422286987305
22.2987022399902344,-42.6008377075195313,-2.2461411952972412
11.6779184341430664,-19.9633102416992188,-2.2413473129272461
18.1831130981445313,-51.9518051147460938,-1.5284500122070313
-11.3323087692260742,-50.5816001892089844,-2.2445375919342041
2.2842073440551758,-28.2160034179687500,-2.2459757328033447
-5.8146409988403320,-45.9883270263671875,-1.5309014320373535
13.3817834854125977,-25.5701160430908203,-1.5352327823638916
16.1259021759033203,-27.9638938903808594,-1.5366162061691284
17.5628089904785156,-48.0986747741699219,-1.5179609060287476
2.5883412361145020,-38.4602127075195313,-1.5349121093750000
10.6160440444946289,-55.5813903808593750,-2.2431552410125732
26.5669746398925781,-46.5496711730957031,-2.2435255050659180
-1.0355187654495239,-31.4634037017822266,-2.2483899593353271
20.2220535278320313,-51.6626243591308594,-2.2516274452209473
-12.6633749008178711,-41.9721603393554688,-1.5323017835617065
-5.8216733932495117,-39.3102951049804688,-1.5281801223754883
8.5788402557373047,-38.6389656066894531,-2.2504675388336182
-11.3666486740112305,-53.3165893554687500,-2.2488815784454346
-27.0833244323730469,-46.4490623474121094,-2.2446553707122803
8.5790758132934570,-27.3836688995361328,-1.5380052328109741
-30.5261135101318359,-57.0038948059082031,-2.2419219017028809
-12.3871145248413086,-37.6260223388671875,-2.2472622394561768
-1.4828817844390869,-11.1989402770996094,-2.2438549995422363
11.5406904220581055,-10.2526321411132813,-1.5379314422607422
-7.3178911209106445,-23.7872600555419922,-2.2433578968048096
-13.3788700103759766,-48.9523925781250000,-2.2427291870117188
17.1945686340332031,-51.9750251770019531,-1.5325608253479004
5.3172936439514160,-7.6394963264465332,-2.2444941997528076
12.8745441436767578,-53.0939598083496094,-2.2433879375457764
-1.0171028375625610,-45.0947380065917969,-1.5285022258758545
34.6196517944335938,-56.2905998229980469,-2.2422952651977539
-3.7868673801422119,-45.0207061767578125,-2.2517902851104736
12.7969264984130859,-39.7530517578125000,-2.2504048347473145
3.7780809402465820,-13.5352878570556641,-2.2496261596679688
6.8723230361938477,-28.6447734832763672,-1.5334322452545166
11.3281917572021484,-22.4606437683105469,-2.2436983585357666
2.5594055652618408,-53.6943321228027344,-2.2472257614135742
13.3868112564086914,-45.8241310119628906,-2.2440724372863770
7.6101436614990234,-42.9005470275878906,-2.2435584068298340
21.4092063903808594,-36.9322700500488281,-1.5342020988464355
-18.1824779510498047,-35.2822074890136719,-1.5289810895919800
3.7848687171936035,-25.6627674102783203,-2.2462437152862549
0.8168765306472778,-6.8293242454528809,-2.2431728839874268
7.8721718788146973,-44.9164123535156250,-1.5364917516708374
13.3831739425659180,-50.6230239868164063,-1.5271687507629395
-2.4029347896575928,-18.1898307800292969,-2.2500479221343994
-10.6189298629760742,-22.0747680664062500,-2.2498061656951904
-37.3071365356445313,-55.5579147338867188,-2.2447168827056885
-10.6176462173461914,-20.1017303466796875,-2.2433626651763916
-2.4910504817962646,-32.8289909362792969,-2.2433202266693115
15.4282979965209961,-55.3232383728027344,-2.2440054416656494
-3.0811688899993896,-52.4718284606933594,-1.5367605686187744
-15.4196491241455078,-34.5842819213867188,-2.2534086704254150
8.5795269012451172,-31.7119197845458984,-2.2442595958709717
-12.0076866149902344,-10.9535369873046875,-1.5380150079727173
11.3293647766113281,-41.9244728088378906,-1.5266007184982300
9.1571073532104492,-10.4949741363525391,-2.2431209087371826
3.7780067920684814,-48.1566390991210938,-1.5326398611068726
5.8208866119384766,-13.7751274108886719,-1.5387829542160034
2.3988146781921387,-57.0102233886718750,-1.5308159589767456
16.7969074249267578,-26.3307018280029297,-2.2459440231323242
7.5047793388366699,-35.9947052001953125,-1.5360690355300903
8.5780725479125977,-42.5800247192382813,-2.2561616897583008
5.8189582824707031,-36.0624847412109375,-2.2423725128173828
8.3262023925781250,-31.0585002899169922,-1.5373511314392090
27.7775840759277344,-43.9353485107421875,-1.5387123823165894
-13.3786754608154297,-30.5154724121093750,-1.5328537225723267
22.4711303710937500,-55.6008949279785156,-2.2557220458984375
-22.4230995178222656,-38.5545806884765625,-1.5357828140258789
-5.8744344711303711,-34.6358947753906250,-1.5342880487442017
-12.6406679153442383,-12.3973503112792969,-2.2434964179992676
-15.4169702529907227,-40.4786796569824219,-1.5253175497055054
10.6222620010375977,-23.9645595550537109,-1.5388722419738770
12.5115051269531250,-25.6820602416992188,-2.2537927627563477
3.3034117221832275,-7.9218707084655762,-2.2423679828643799
-6.8292641639709473,-10.0599670410156250,-1.5358752012252808
-20.8353214263916016,-53.9703216552734375,-2.2456948757171631
-8.5787858963012695,-51.5946998596191406,-1.5224312543869019
20.2175197601318359,-43.9761734008789063,-1.5359674692153931
-10.6195545196533203,-28.6313419342041016,-1.5373826026916504
-15.4223442077636719,-41.4666061401367188,-1.5315450429916382
3.3140060901641846,-15.6977672576904297,-2.2495951652526855
-18.1789875030517578,-23.2886981964111328,-1.5369672775268555
-18.1783142089843750,-29.2925910949707031,-1.5330256223678589
11.2931976318359375,-46.4807014465332031,-2.2511162757873535
8.5779676437377930,-16.5235366821289063,-1.5380308628082275
11.5715570449829102,-18.4979763031005859,-2.2471182346343994
29.8222942352294922,-51.5592880249023438,-1.5358817577362061
12.6735668182373047,-46.5119056701660156,-2.2434082031250000
-3.7761347293853760,-12.8447294235229492,-2.2354142665863037
-21.1149082183837891,-56.3211784362792969,-1.5383397340774536
4.6048283576965332,-10.0998153686523438,-1.5334393978118896
17.4948196411132813,-17.8651618957519531,-2.2461338043212891
15.9249954223632813,-43.9316864013671875,-1.5382342338562012
-1.0194078683853149,-30.7799186706542969,-1.5333622694015503
-3.0438797473907471,-44.3688812255859375,-2.2445991039276123
8.6816539764404297,-9.0665245056152344,-2.2421951293945313
-1.0215438604354858,-32.1447944641113281,-1.5312602519989014
-17.4470500946044922,-51.3078193664550781,-1.5296614170074463
-3.7844970226287842,-53.1739730834960938,-1.5363059043884277
12.9751462936401367,-18.3136405944824219,-1.5386720895767212
-5.8217606544494629,-17.1664619445800781,-2.2450528144836426
-2.4644355773925781,-27.9500122070312500,-2.2457392215728760
-27.7804870605468750,-46.4495582580566406,-1.5372171401977539
-13.3827333450317383,-33.9482574462890625,-2.2454533576965332
17.3063564300537109,-40.4397964477539063,-1.5386757850646973
1.0183987617492676,-16.3091888427734375,-1.5356212854385376
-26.3950061798095703,-47.8823547363281250,-1.5346370935440063
-2.7355539798736572,-21.3074455261230469,-1.5351337194442749
15.4518976211547852,-21.8622684478759766,-2.2471599578857422
27.0282859802246094,-44.6897163391113281,-1.5381052494049072
-11.6177358627319336,-26.6617641448974609,-1.5368896722793579
-25.0127315521240234,-53.5411567687988281,-1.5353281497955322
-18.1776237487792969,-21.5841503143310547,-2.2413914203643799
-2.8159883022308350,-13.9277906417846680,-2.2457687854766846
31.4358272552490234,-49.5423393249511719,-1.5386751890182495
-8.4189691543579102,-38.1101913452148438,-2.2467761039733887
-25.0209064483642578,-44.9984817504882813,-1.5385609865188599
-15.4189691543579102,-26.9103851318359375,-1.5331784486770630
3.7777276039123535,-37.9537162780761719,-1.5349738597869873
10.3641681671142578,-10.1189584732055664,-2.2449934482574463
-11.3896589279174805,-38.5547218322753906,-2.2430775165557861
-27.0946750640869141,-50.7237739562988281,-2.2459635734558105
-4.1046600341796875,-11.2946081161499023,-1.5375665426254272
4.5019960403442383,-9.1131668090820313,-1.5492743253707886
-17.4459896087646484,-50.6376380920410156,-2.2506749629974365
17.4851951599121094,-57.0088081359863281,-2.2432436943054199
10.6198453903198242,-53.4666175842285156,-1.5324549674987793
7.4798593521118164,-54.3845634460449219,-1.5301737785339355
1.0189201831817627,-42.3252906799316406,-2.2479214668273926
5.8216352462768555,-25.6548461914062500,-1.5330163240432739
-22.2867698669433594,-37.8642578125000000,-2.2429571151733398
6.7791938781738281,-32.6299438476562500,-1.5302224159240723
20.9348888397216797,-29.9019432067871094,-2.2412555217742920
20.4099636077880859,-34.3782958984375000,-2.2499070167541504
-6.3202648162841797,-12.2346029281616211,-2.2456753253936768
-11.3179225921630859,-14.1553306579589844,-2.2459466457366943
-21.3773288726806641,-43.5945930480957031,-1.5372776985168457
-20.2728309631347656,-54.9613304138183594,-2.2454347610473633
-1.6916259527206421,-51.5866394042968750,-2.2419216632843018
18.1784076690673828,-48.9811515808105469,-1.5360615253448486
-2.4087848663330078,-2.9863421916961670,-1.5387737751007080
6.8855862617492676,-17.4565448760986328,-2.2459766864776611
-8.8068809509277344,-8.4072065353393555,-1.5388935804367065
22.9763450622558594,-31.0013446807861328,-1.5385440587997437
-3.7814424037933350,-54.8885726928710938,-2.2442233562469482
13.3864641189575195,-49.9858779907226563,-2.2565343379974365
12.6742410659790039,-47.2130737304687500,-1.5360380411148071
-27.0860748291015625,-47.8702850341796875,-2.2456512451171875
20.2207603454589844,-50.9960327148437500,-1.5282628536224365
1.0174456834793091,-31.9673538208007813,-2.2495045661926270
-11.9318256378173828,-31.2418804168701172,-2.2498757839202881
6.3210244178771973,-15.2741479873657227,-2.2428333759307861
31.8758049011230469,-50.0970687866210938,-2.2424793243408203
-22.0738334655761719,-43.5435943603515625,-2.2453267574310303
9.1132144927978516,-7.4932770729064941,-1.5386550426483154
-12.0489673614501953,-51.9513740539550781,-1.5356283187866211
6.5396575927734375,-26.3464183807373047,-1.5361726284027100
-6.5703873634338379,-23.7653388977050781,-1.5301406383514404
5.8213496208190918,-26.3422431945800781,-2.2477841377258301
-5.8220777511596680,-23.7482318878173828,-2.2521786689758301
-13.3807678222656250,-42.6539115905761719,-1.5336532592773438
16.7875041961669922,-56.3130645751953125,-2.2515318393707275
3.2205457687377930,-29.4324836730957031,-1.5324822664260864
2.2564375400543213,-36.5686187744140625,-1.5302011966705322
3.0754053592681885,-52.8610458374023438,-2.2426717281341553
8.5804700851440430,-25.0425243377685547,-1.5314254760742188
3.7788324356079102,-54.9014930725097656,-2.2474725246429443
-1.8106732368469238,-28.1902942657470703,-1.5362075567245483
-10.6215696334838867,-24.9683513641357422,-2.2450630664825439
-3.7754318714141846,-49.7392234802246094,-2.2469387054443359
7.7276725769042969,-40.0861892700195313,-1.5296306610107422
35.3165397644042969,-57.0035820007324219,-2.2444429397583008
3.7809963226318359,-46.9868621826171875,-1.5306723117828369
2.4124286174774170,-11.8111324310302734,-2.2499878406524658
17.6842689514160156,-25.8792057037353516,-2.2430186271667480
-11.8937664031982422,-45.5777435302734375,-1.5270918607711792
12.0312500000000000,-40.3847274780273438,-2.2459430694580078
-12.0150823593139648,-16.5628967285156250,-1.5344079732894897
15.4173660278320313,-35.5012779235839844,-1.5363734960556030
1.0188578367233276,-36.0231513977050781,-1.5347377061843872
-22.2613449096679688,-52.5859603881835938,-2.2465054988861084
1.9740643501281738,-31.6919269561767578,-2.2459976673126221
-2.0800025463104248,-48.2604827880859375,-2.2562403678894043
-18.1671409606933594,-44.6338081359863281,-1.5280754566192627
-10.6208562850952148,-26.6493377685546875,-1.5372892618179321
-11.9029674530029297,-33.9114418029785156,-2.2495267391204834
22.9827175140380859,-40.5083808898925781,-2.2470221519470215
8.5778398513793945,-15.5277147293090820,-1.5379343032836914
16.7764892578125000,-57.0049934387207031,-1.5359286069869995
15.4218349456787109,-42.7689208984375000,-1.5287549495697021
-5.8485937118530273,-9.8803853988647461,-1.5383781194686890
8.0775203704833984,-17.0201454162597656,-2.2426297664642334
-6.7631769180297852,-26.1144924163818359,-1.5384272336959839
1.0193146467208862,-39.6719894409179688,-1.5303415060043335
-15.4191665649414063,-51.6822624206542969,-2.2516720294952393
-6.5420064926147461,-47.3434867858886719,-2.2481050491333008
1.0213401317596436,-12.8375501632690430,-1.5377591848373413
-21.3093280792236328,-36.6238822937011719,-1.5379680395126343
17.0110683441162109,-25.6595249176025391,-1.5386714935302734
-25.7075595855712891,-44.8283538818359375,-2.2420334815979004
7.1327438354492188,-39.7543525695800781,-2.2484951019287109
1.1909960508346558,-8.3476991653442383,-1.5366868972778320
-3.9234628677368164,-5.6027593612670898,-1.5370906591415405
-1.7167812585830688,-27.1983146667480469,-1.5373177528381348
2.5790002346038818,-44.4725303649902344,-1.5364097356796265
-13.3801689147949219,-51.9862327575683594,-2.2449300289154053
3.0057218074798584,-18.4840106964111328,-2.2488694190979004
-2.4010319709777832,-55.5908164978027344,-1.5316805839538574
5.3332376480102539,-10.5731887817382813,-2.2471990585327148
-16.3732070922851563,-28.8591957092285156,-2.2471427917480469
25.5534229278564453,-53.8194580078125000,-2.2478115558624268
2.4327793121337891,-51.4174232482910156,-1.5361186265945435
-7.2542238235473633,-48.0267524719238281,-2.2533090114593506
-2.6877276897430420,-19.7449111938476563,-2.2427752017974854
-6.9516558647155762,-20.9362297058105469,-2.2539098262786865
11.3107261657714844,-15.8726415634155273,-1.5347127914428711
-35.9447898864746094,-57.0053634643554688,-2.2493176460266113
-18.1842041015625000,-54.3237266540527344,-1.5388213396072388
-2.4922926425933838,-32.1232261657714844,-1.5384598970413208
-10.0143861770629883,-7.8975801467895508,-2.2412889003753662
-16.2175922393798828,-53.0242309570312500,-1.5296653509140015
10.6205129623413086,-36.6481742858886719,-1.5331078767776489
-20.9287414550781250,-52.3525581359863281,-2.2497370243072510
5.8197288513183594,-38.0602912902832031,-2.2497689723968506
-17.3394680023193359,-30.6840267181396484,-2.2450246810913086
-17.6561336517333984,-45.8250007629394531,-1.5387836694717407
-22.9782562255859375,-42.5622825622558594,-2.2466180324554443
-27.0806427001953125,-45.7363662719726563,-1.5363569259643555
-22.4944877624511719,-50.0716476440429688,-1.5274883508682251
-25.7004623413085938,-47.1722984313964844,-1.5314242839813232
-13.3819341659545898,-33.2716064453125000,-1.5303113460540771
8.5805368423461914,-13.1171073913574219,-1.5386846065521240
-15.4586105346679688,-35.2502899169921875,-1.5291676521301270
7.2676405906677246,-10.0408449172973633,-2.2414419651031494
-7.8822288513183594,-37.2594566345214844,-1.5389611721038818
-27.0819816589355469,-45.0299377441406250,-2.2454183101654053
-11.3192062377929688,-17.2765293121337891,-1.5355314016342163
-1.0215013027191162,-16.8657073974609375,-2.2470753192901611
30.5215816497802734,-55.6031227111816406,-1.5338697433471680
-21.7936019897460938,-56.5082130432128906,-2.2469167709350586
13.3808422088623047,-46.5156364440917969,-1.5344899892807007
-1.0223321914672852,-22.5309505462646484,-1.5373996496200562
12.3824071884155273,-27.2408466339111328,-1.5279780626296997
-10.6221551895141602,-55.6510047912597656,-1.5321449041366577
18.1793327331542969,-37.1799964904785156,-1.5374134778976440
-6.5080556869506836,-57.0037536621093750,-1.5330789089202881
37.3025970458984375,-55.9479026794433594,-2.2429823875427246
12.7168493270874023,-26.3037834167480469,-1.5198975801467896
-16.2254199981689453,-55.7742538452148438,-1.5708110332489014
6.5270500183105469,-51.7370491027832031,-2.2433171272277832
7.8421306610107422,-23.1070423126220703,-1.5368862152099609
1.7160795927047729,-54.8852005004882813,-1.5347726345062256
18.1804523468017578,-32.2172241210937500,-2.2448623180389404
-2.2038526535034180,-43.8473815917968750,-2.2515835762023926
-2.4339878559112549,-36.8569030761718750,-1.5273358821868896
-15.4143610000610352,-43.7006988525390625,-1.5291455984115601
7.5873408317565918,-13.1525516510009766,-1.5354497432708740
-36.6410522460937500,-54.8142013549804688,-2.2522621154785156
-6.5174589157104492,-32.9465789794921875,-1.5367542505264282
20.2403926849365234,-55.3222770690917969,-2.2468769550323486
-8.5802822113037109,-46.1141204833984375,-2.2453005313873291
5.8205518722534180,-49.3783226013183594,-1.5291583538055420
25.0211715698242188,-53.2521362304687500,-1.5367996692657471
-25.7100105285644531,-49.3077354431152344,-2.2456550598144531
-10.6159782409667969,-18.6865291595458984,-2.2431914806365967
13.3803424835205078,-35.0811271667480469,-2.2473826408386230
-10.6166620254516602,-39.8431625366210938,-1.5328615903854370
-16.1626148223876953,-24.5708866119384766,-2.2432332038879395
-1.5324958562850952,-34.6797294616699219,-1.5371142625808716
-35.9482688903808594,-56.2653045654296875,-1.5294076204299927
-10.9750127792358398,-22.6199588775634766,-1.5223037004470825
20.9426040649414063,-42.5913543701171875,-2.2462420463562012
17.6800918579101563,-50.4768905639648438,-2.2444756031036377
2.5442016124725342,-47.1475143432617188,-2.2433671951293945
1.7164753675460815,-49.0297737121582031,-2.2482292652130127
-12.6560249328613281,-29.8285503387451172,-1.5345839262008667
8.0690164566040039,-16.0220260620117188,-2.2410638332366943
-1.7514811754226685,-39.1879539489746094,-2.2416710853576660
25.0219783782958984,-45.1768188476562500,-2.2430534362792969
-3.7777462005615234,-51.0813293457031250,-2.2496685981750488
-1.0160784721374512,-55.6021041870117188,-1.5365949869155884
26.4640083312988281,-51.7762641906738281,-2.2450280189514160
16.1161499023437500,-28.6642799377441406,-2.2473845481872559
-15.9106616973876953,-26.4189701080322266,-2.2447926998138428
12.6338272094726563,-31.7233867645263672,-2.2466073036193848
25.0223102569580078,-45.8758964538574219,-1.5353407859802246
3.7826185226440430,-17.8750858306884766,-2.2439451217651367
-13.3811149597167969,-27.0521068572998047,-2.2459917068481445
-2.6700849533081055,-11.9451780319213867,-2.2434420585632324
11.3077220916748047,-55.5780715942382813,-1.5332356691360474
17.1910362243652344,-36.1595687866210938,-1.5367356538772583
12.0676860809326172,-34.0814437866210938,-1.5296217203140259
21.6015968322753906,-38.1954956054687500,-1.5380014181137085
16.9105186462402344,-35.0624122619628906,-2.2421357631683350
13.3804836273193359,-47.2123336791992188,-2.2436866760253906
-2.6498169898986816,-39.2021179199218750,-1.5310521125793457
-1.7943584918975830,-33.5415725708007813,-2.2447533607482910
18.1448135375976563,-54.2537231445312500,-1.5249668359756470
10.6170539855957031,-37.9709434509277344,-1.5376456975936890
17.4812812805175781,-31.5122013092041016,-2.2492816448211670
25.8838500976562500,-48.0837821960449219,-1.5335386991500854
3.7833859920501709,-30.8387508392333984,-2.2514631748199463
-10.6132698059082031,-31.2702331542968750,-2.2533342838287354
15.4166126251220703,-46.0593986511230469,-1.5267312526702881
-2.1591055393218994,-44.8402061462402344,-2.2484884262084961
-25.0161972045898438,-48.5985183715820313,-2.2434132099151611
-6.5805816650390625,-34.6492729187011719,-2.2421472072601318
-7.3856096267700195,-26.8897914886474609,-1.5261317491531372
11.3067388534545898,-56.2959785461425781,-2.2458088397979736
-15.4201421737670898,-28.5699901580810547,-2.2522869110107422
5.8147883415222168,-56.3309288024902344,-2.2479970455169678
-32.5808372497558594,-52.4950141906738281,-1.5364809036254883
-3.7821080684661865,-57.0052909851074219,-1.5372058153152466
-27.7814121246337891,-45.7402496337890625,-2.2422342300415039
27.0818996429443359,-48.4428024291992188,-1.5346750020980835
-11.2038612365722656,-13.0493621826171875,-1.5370645523071289
-1.0164273977279663,-27.1657810211181641,-2.2449645996093750
-11.6202554702758789,-47.7369041442871094,-1.5383884906768799
-13.3856849670410156,-50.9960060119628906,-2.2543621063232422
29.8204956054687500,-53.9357604980468750,-1.5359357595443726
-25.7017021179199219,-47.8774414062500000,-2.2466440200805664
17.1970005035400391,-18.8145065307617188,-2.2425878047943115
11.3118295669555664,-38.1520919799804688,-2.2442958354949951
10.2692327499389648,-9.4320774078369141,-1.5346059799194336
11.7266168594360352,-34.6768493652343750,-2.2495398521423340
-27.7849159240722656,-55.6641120910644531,-2.2474317550659180
2.2278511524200439,-7.0093326568603516,-2.2428479194641113
-10.6217565536499023,-25.6566219329833984,-1.5349994897842407
-16.1767616271972656,-46.4255447387695313,-2.2449321746826172
6.2438149452209473,-37.5528907775878906,-1.5185822248458862
-1.7155950069427490,-53.1999969482421875,-2.2454130649566650
8.5800104141235352,-56.2983551025390625,-2.2445642948150635
1.8140323162078857,-4.8362684249877930,-2.2414391040802002
3.2911775112152100,-20.5226554870605469,-2.2447395324707031
3.6430404186248779,-31.4936084747314453,-1.5270614624023438
-5.8157911300659180,-41.3449478149414063,-2.2437672615051270
6.8220219612121582,-19.4732971191406250,-2.2466599941253662
21.1010551452636719,-34.4493904113769531,-1.5363951921463013
-34.6221504211425781,-53.2998466491699219,-1.5938377380371094
3.0719444751739502,-34.5282974243164063,-1.5320186614990234
-5.8201169967651367,-12.7058496475219727,-1.5336009263992310
10.6156358718872070,-47.1986923217773438,-2.2166266441345215
1.7138127088546753,-13.5576257705688477,-1.5289918184280396
20.9352455139160156,-30.6107139587402344,-1.5382438898086548
1.7094200849533081,-29.0258750915527344,-2.2454760074615479
-5.8198084831237793,-29.8292407989501953,-2.2463703155517578
4.0560989379882813,-9.6879367828369141,-2.2458953857421875
8.5777902603149414,-28.4107456207275391,-2.2413687705993652
17.0206146240234375,-48.3810653686523438,-2.2685618400573730
-20.2241573333740234,-39.0035514831542969,-2.2432892322540283
2.4153108596801758,-54.8896751403808594,-2.2463190555572510
-8.0821809768676758,-19.0450382232666016,-1.5367804765701294
-7.2471728324890137,-52.7736091613769531,-2.2444920539855957
1.8817189931869507,-53.5144004821777344,-1.5373643636703491
-3.7828071117401123,-35.3507003784179688,-1.5345985889434814
-17.6965694427490234,-33.1377143859863281,-1.5354853868484497
18.1830024719238281,-39.8212814331054688,-1.5327926874160767
9.3536787033081055,-8.8436555862426758,-1.5378937721252441
20.2183341979980469,-35.7056503295898438,-2.2486691474914551
3.3615107536315918,-9.6130132675170898,-1.5370851755142212
7.4961538314819336,-37.7677841186523438,-1.5260201692581177
-29.8204727172851563,-51.7390174865722656,-2.2425205707550049
8.5829658508300781,-49.6128768920898438,-2.2466619014739990
-32.5780715942382813,-57.0057106018066406,-2.2414667606353760
2.1843042373657227,-14.0537900924682617,-2.2466478347778320
-22.9804210662841797,-39.6638450622558594,-1.5336668491363525
2.6891429424285889,-19.7355480194091797,-2.2490625381469727
1.2272747755050659,-25.5906620025634766,-1.5386056900024414
15.4192237854003906,-33.0783157348632813,-1.5362993478775024
-12.6246757507324219,-54.3259582519531250,-1.5317089557647705
-16.3616218566894531,-43.3999519348144531,-1.5314122438430786
8.5769710540771484,-26.0265979766845703,-1.5292459726333618
15.8981933593750000,-53.8134078979492188,-1.5315580368041992
-18.1793441772460938,-55.3067703247070313,-2.2442560195922852
-18.1791305541992188,-26.6000804901123047,-1.5369871854782104
15.9003124237060547,-48.8823394775390625,-2.2464654445648193
-11.3081464767456055,-19.3976802825927734,-2.2476997375488281
3.4345061779022217,-8.9112939834594727,-2.2425816059112549
13.3858528137207031,-33.7053222656250000,-2.2507092952728271
13.3816900253295898,-12.7419366836547852,-1.5383410453796387
-6.7485704421997070,-18.4784049987792969,-1.5379230976104736
-7.3003931045532227,-23.0869483947753906,-1.5354018211364746
-1.7451980113983154,-31.4604282379150391,-1.5331100225448608
-8.5800657272338867,-44.4581184387207031,-1.5295623540878296
-7.2830944061279297,-40.6790580749511719,-1.5337684154510498
10.6181879043579102,-49.3781585693359375,-1.5356370210647583
-11.7101593017578125,-43.7820625305175781,-2.2501602172851563
27.0677661895751953,-54.1763725280761719,-2.2444727420806885
-7.5989046096801758,-6.7882237434387207,-1.5376654863357544
-12.5908565521240234,-20.9157333374023438,-2.2289545536041260
10.9483604431152344,-18.1972885131835938,-1.5291534662246704
-29.8536396026611328,-50.3199691772460938,-2.2412965297698975
-36.6226959228515625,-56.2792129516601563,-2.2491953372955322
-2.6656117439270020,-38.5114517211914063,-2.2451670169830322
0.9086848497390747,-6.1296567916870117,-1.5381753444671631
-2.8237073421478271,-45.0211181640625000,-1.5312860012054443
1.0185084342956543,-27.3106613159179688,-2.2417483329772949
-7.0925397872924805,-5.4176626205444336,-2.2411859035491943
17.4915561676025391,-47.4188041687011719,-2.2435839176177979
-17.0749511718750000,-41.7873573303222656,-1.5337934494018555
-16.1591815948486328,-45.7382507324218750,-1.5327724218368530
12.6709537506103516,-42.7537727355957031,-2.2451102733612061
15.4170265197753906,-25.9012813568115234,-1.5290180444717407
11.2968730926513672,-48.6489334106445313,-1.5316392183303833
20.2212028503417969,-32.7260627746582031,-1.5376344919204712
-16.1822948455810547,-25.2749004364013672,-1.5373473167419434
-11.1202774047851563,-26.1536369323730469,-2.2424614429473877
-1.1197792291641235,-28.1465835571289063,-2.2509744167327881
-20.2200374603271484,-42.3844375610351563,-2.2446913719177246
7.8979339599609375,-52.4757041931152344,-1.5323261022567749
-6.8169298171997070,-32.0035095214843750,-1.5334677696228027
13.3759441375732422,-41.4053573608398438,-1.5262986421585083
-6.2664775848388672,-37.4807739257812500,-2.2549726963043213
-7.6481466293334961,-26.2760486602783203,-2.2480819225311279
7.9608416557312012,-30.4271812438964844,-2.2431015968322754
-11.3138465881347656,-18.6969852447509766,-1.5352572202682495
-3.1158103942871094,-11.4041538238525391,-1.5365915298461914
-36.6243515014648438,-57.0008773803710938,-1.5314872264862061
32.5779647827148438,-52.0146446228027344,-1.5373384952545166
10.6198301315307617,-20.7756290435791016,-2.2457485198974609
3.3235542774200439,-14.6996612548828125,-2.2532618045806885
-16.1209526062011719,-55.0448150634765625,-2.2451524734497070
1.7529052495956421,-42.9926910400390625,-2.2483623027801514
-3.2815759181976318,-32.2203521728515625,-2.2416739463806152
11.6407270431518555,-41.3231582641601563,-2.2485392093658447
7.6727194786071777,-19.9940052032470703,-2.2417623996734619
5.8173751831054688,-47.0867652893066406,-1.5267269611358643
2.6818251609802246,-6.4688491821289063,-1.5378508567810059
-9.6899633407592773,-7.2678456306457520,-1.5382361412048340
15.4173469543457031,-41.1360664367675781,-2.2488014698028564
-21.5450344085693359,-53.9685630798339844,-1.5349255800247192
7.1887531280517578,-50.2851066589355469,-1.5373823642730713
-20.9461536407470703,-51.6625442504882813,-1.5348126888275146
15.4154453277587891,-53.3358650207519531,-2.2498974800109863
31.1557750701904297,-52.7385902404785156,-2.2417662143707275
11.9669599533081055,-47.9108428955078125,-1.5342696905136108
-17.0489673614501953,-27.9684448242187500,-2.2413256168365479
-3.0506231784820557,-29.7283077239990234,-1.5346736907958984
-7.1477584838867188,-19.3910293579101563,-1.5343788862228394
1.0175204277038574,-41.3397216796875000,-2.2473945617675781
6.8324170112609863,-37.8099288940429688,-2.2537894248962402
-2.4329066276550293,-22.6197109222412109,-1.5305575132369995
22.9790744781494141,-54.1050567626953125,-1.5249948501586914
10.6194982528686523,-21.7664375305175781,-2.2434234619140625
-26.3842601776123047,-46.4503479003906250,-1.5375264883041382
2.5126073360443115,-4.7214555740356445,-1.5383118391036987
-16.0256481170654297,-42.4377288818359375,-1.5316197872161865
-22.9830341339111328,-55.3323059082031250,-1.5332450866699219
-25.0090541839599609,-54.2394866943359375,-2.2461361885070801
10.6195268630981445,-31.7948455810546875,-2.2424199581146240
25.2107791900634766,-47.9205932617187500,-2.2481799125671387
2.8520641326904297,-49.2070732116699219,-1.5363368988037109
-10.6223297119140625,-49.1833648681640625,-1.5371583700180054
-1.7200345993041992,-35.8452796936035156,-2.2424056529998779
-6.5335063934326172,-40.6577110290527344,-2.2464199066162109
13.3891611099243164,-39.0827217102050781,-1.5368349552154541
6.5207362174987793,-44.7641983032226563,-2.2488107681274414
-12.6391115188598633,-33.2462081909179688,-2.2507646083831787
-3.0396087169647217,-28.3419361114501953,-1.5349088907241821
-17.5370235443115234,-55.0616950988769531,-1.5276765823364258
-12.8066015243530273,-35.5605850219726563,-2.2495515346527100
-7.6496267318725586,-51.1823158264160156,-1.5311999320983887
17.5377750396728516,-20.5249538421630859,-1.5347043275833130
-10.6123456954956055,-51.9654083251953125,-1.5323086977005005
20.2134857177734375,-44.6803932189941406,-2.2437140941619873
-3.7865729331970215,-50.4110832214355469,-1.5275348424911499
29.8205604553222656,-52.9458198547363281,-1.5356101989746094
13.3730049133300781,-51.6059532165527344,-1.5372653007507324
-2.3479626178741455,-5.0101723670959473,-2.2450397014617920
25.0160026550292969,-54.9081802368164063,-2.2475576400756836
2.0559661388397217,-3.3742389678955078,-2.2414393424987793
7.9338450431823730,-53.1542129516601563,-2.2486443519592285
-27.7848777770996094,-50.0107803344726563,-2.2443153858184814
11.4787073135375977,-26.8310813903808594,-1.5381362438201904
-3.7819194793701172,-39.0469284057617188,-2.2515237331390381
25.7081470489501953,-57.0094642639160156,-2.2466707229614258
-22.0184898376464844,-50.9504699707031250,-1.5325493812561035
-17.6748905181884766,-34.8007049560546875,-2.2414443492889404
3.7091760635375977,-12.1663923263549805,-2.2486028671264648
16.2720584869384766,-42.1723670959472656,-1.5331735610961914
-1.0182082653045654,-57.0059776306152344,-1.5372067689895630
18.1058883666992188,-23.6442184448242188,-2.2413249015808105
11.7491035461425781,-43.8105125427246094,-2.2453401088714600
34.8287162780761719,-54.1898460388183594,-1.5386894941329956
-16.9137954711914063,-20.3122100830078125,-1.5361385345458984
3.7787556648254395,-41.9681167602539063,-2.2477974891662598
8.0379524230957031,-35.5415954589843750,-2.2437078952789307
5.8214559555053711,-14.7724199295043945,-1.5383374691009521
1.4949517250061035,-26.7913703918457031,-1.5368460416793823
11.8402614593505859,-25.8295955657958984,-1.5347095727920532
8.2062911987304688,-10.6678218841552734,-1.5374888181686401
-8.5786323547363281,-48.2489967346191406,-2.2446546554565430
-13.3814115524291992,-18.7275238037109375,-2.2437045574188232
12.6506385803222656,-30.3661231994628906,-2.2496018409729004
21.6108970642089844,-40.4933509826660156,-2.2456524372100830
3.2194154262542725,-6.9272460937500000,-2.2427754402160645
0.0383982732892036,-6.6948781013488770,-1.5364990234375000
-8.5791082382202148,-50.2912750244140625,-1.5283631086349487
-2.6738259792327881,-37.8189544677734375,-1.5334583520889282
-3.6691761016845703,-11.8516483306884766,-2.2418367862701416
7.0098495483398438,-53.8813095092773438,-2.2472155094146729
-17.3691673278808594,-32.0759468078613281,-2.2437748908996582
-1.0206928253173828,-34.1656379699707031,-2.2469129562377930
-8.5851020812988281,-43.4726524353027344,-1.5342115163803101
-5.8163928985595703,-54.8658905029296875,-1.5377893447875977
12.0008478164672852,-56.2891616821289063,-1.5333602428436279
15.4185609817504883,-36.4959220886230469,-1.5300532579421997
3.1168811321258545,-38.8978462219238281,-2.2501137256622314
12.6881294250488281,-56.3039207458496094,-2.2471117973327637
-11.4440250396728516,-37.3123855590820313,-2.2460494041442871
-1.8375502824783325,-13.9982051849365234,-2.2435083389282227
27.7796192169189453,-54.1731071472167969,-1.5354145765304565
-30.7012329101562500,-56.3175277709960938,-1.5386450290679932
-11.9700870513916016,-11.6588497161865234,-2.2425043582916260
2.9500353336334229,-31.4796199798583984,-2.2431519031524658
-3.2800443172454834,-13.3889722824096680,-1.5335201025009155
1.0166765451431274,-54.8990058898925781,-2.2447538375854492
-2.0043387413024902,-23.1447200775146484,-2.2479882240295410
-8.5790462493896484,-36.4294776916503906,-1.5355459451675415
-8.0746469497680664,-31.0528507232666016,-2.2504961490631104
31.8844642639160156,-55.5583229064941406,-1.5344649553298950
36.0156745910644531,-57.0018692016601563,-1.5358104705810547
-1.7050039768218994,-54.8896827697753906,-1.5339359045028687
1.0188274383544922,-18.0082073211669922,-2.2462608814239502
-17.9241104125976563,-37.6861152648925781,-1.5335999727249146
22.1249866485595703,-54.1973228454589844,-2.2465968132019043
-13.3878898620605469,-17.2783908843994141,-2.2459342479705811
31.2198295593261719,-57.0060195922851563,-2.2445123195648193
-4.5692524909973145,-8.2279634475708008,-2.2439684867858887
-7.1907920837402344,-37.1210937500000000,-2.2493004798889160
-7.1944413185119629,-57.0072479248046875,-2.2470436096191406
1.4650146961212158,-40.8510589599609375,-1.5272823572158813
1.9599864482879639,-39.9963035583496094,-1.5304148197174072
3.7878470420837402,-51.4985809326171875,-1.5272436141967773
1.7140197753906250,-21.3882141113281250,-1.5277441740036011
4.6077938079833984,-6.2259364128112793,-1.5389407873153687
-30.5271492004394531,-55.6014480590820313,-2.2435359954833984
18.1822929382324219,-22.7832145690917969,-1.5321400165557861
-4.9773921966552734,-7.0233330726623535,-1.5323516130447388
-2.9901199340820313,-33.3155937194824219,-1.5341392755508423
-16.2137641906738281,-54.3736801147460938,-1.5295453071594238
-10.6149578094482422,-43.2258415222167969,-2.2563288211822510
11.0822954177856445,-34.4622421264648438,-1.5300457477569580
-18.1796436309814453,-39.6276931762695313,-1.5328184366226196
-11.3164129257202148,-17.9839115142822266,-2.2443821430206299
11.9923563003540039,-45.7852363586425781,-2.2482972145080566
2.5841321945190430,-33.3634681701660156,-1.5253059864044189
5.8216958045959473,-15.7680892944335938,-1.5358605384826660
17.0106811523437500,-42.9128570556640625,-1.5290395021438599
25.3004264831542969,-43.1117248535156250,-1.5388176441192627
11.9799633026123047,-48.6227340698242188,-2.2463867664337158
15.4817619323730469,-51.0177001953125000,-2.2506070137023926
12.6744537353515625,-14.4292182922363281,-1.5380828380584717
-26.1645183563232422,-56.3369560241699219,-1.5330920219421387
-32.5799751281738281,-53.2108917236328125,-2.2424345016479492
-20.2187194824218750,-55.6485252380371094,-1.5307760238647461
6.5475802421569824,-20.7884082794189453,-2.2448372840881348
20.9265575408935547,-31.3170852661132813,-2.2425646781921387
3.0547981262207031,-41.2819023132324219,-2.2471935749053955
12.4542989730834961,-37.1034202575683594,-1.5307127237319946
-34.6179351806640625,-54.7728881835937500,-1.5338455438613892
-1.5023436546325684,-49.3295211791992188,-2.2481045722961426
5.8204774856567383,-51.7280235290527344,-1.5329704284667969
17.0560722351074219,-32.7114067077636719,-2.2472367286682129
18.1824741363525391,-36.1885566711425781,-1.5360156297683716
29.8220005035400391,-52.2546958923339844,-2.2458782196044922
-6.5641136169433594,-22.4120464324951172,-1.5332151651382446
-13.3799152374267578,-15.8416547775268555,-2.2438216209411621
-11.6836557388305664,-42.1410560607910156,-1.5350663661956787
11.3048658370971680,-15.1657705307006836,-2.2491722106933594
-8.5803966522216797,-28.5336341857910156,-1.5314952135086060
-16.3998584747314453,-51.3861808776855469,-2.2442622184753418
-18.1379032135009766,-22.2917480468750000,-1.5386052131652832
-8.5834188461303711,-26.5900707244873047,-2.2476961612701416
-12.0234985351562500,-50.6047477722167969,-1.5302314758300781
-5.8221077919006348,-27.4844532012939453,-2.2444252967834473
1.7112560272216797,-12.8951053619384766,-2.2533612251281738
-27.7814884185791016,-54.2851104736328125,-2.2439727783203125
-11.5155467987060547,-34.4623069763183594,-1.5314905643463135
-8.1519298553466797,-53.7377586364746094,-1.5245096683502197
0.3220124840736389,-8.8328390121459961,-1.5306344032287598
25.7779579162597656,-50.2950706481933594,-1.5257813930511475
1.7468535900115967,-11.9291486740112305,-1.5295003652572632
-17.4783172607421875,-20.7248268127441406,-2.2443675994873047
21.8681793212890625,-37.4712791442871094,-2.2432422637939453
-20.2198734283447266,-56.3199386596679688,-2.2500417232513428
-32.5827255249023438,-55.3180541992187500,-1.5348265171051025
-8.4753847122192383,-13.8156127929687500,-1.5362263917922974
-2.3769297599792480,-17.4939365386962891,-1.5354899168014526
-11.0372133255004883,-43.7133026123046875,-1.5243203639984131
16.2320899963378906,-38.4786491394042969,-1.5384025573730469
3.7809386253356934,-37.2706756591796875,-2.2484099864959717
-15.4211816787719727,-25.9184951782226563,-1.5348918437957764
-2.5214397907257080,-40.8645248413085938,-2.2468557357788086
-20.2151947021484375,-53.0446319580078125,-2.2505052089691162
5.8377923965454102,-20.0831794738769531,-2.2438068389892578
-8.3933067321777344,-7.3911185264587402,-1.5371800661087036
-8.1839551925659180,-17.6536235809326172,-2.2471358776092529
-25.0159664154052734,-50.7326583862304688,-1.5366476774215698
-15.4214820861816406,-21.8216056823730469,-2.2421534061431885
-3.3717494010925293,-38.5194053649902344,-1.5305199623107910
-1.7598363161087036,-32.1511192321777344,-2.2451665401458740
12.6254911422729492,-41.4362030029296875,-2.2424445152282715
-1.0212461948394775,-36.8318939208984375,-1.5367860794067383
-16.1426639556884766,-44.3741722106933594,-1.5328975915908813
13.1615381240844727,-24.9303302764892578,-2.2542107105255127
-12.8706502914428711,-49.5129127502441406,-1.5293877124786377
-21.7344665527343750,-38.6945114135742188,-2.2444560527801514
13.2320375442504883,-10.7905673980712891,-2.2414050102233887
20.9570808410644531,-51.6663627624511719,-1.5306636095046997
-1.6997052431106567,-44.3202743530273438,-1.5344238281250000
3.7803730964660645,-35.9010124206542969,-2.2477774620056152
13.3783826828002930,-53.5689811706542969,-1.5267529487609863
7.0111055374145508,-54.8760452270507813,-2.2501633167266846
11.1460285186767578,-32.3290023803710938,-1.5376942157745361
-3.7807526588439941,-22.6055393218994141,-2.2459244728088379
-1.0195827484130859,-17.5426788330078125,-1.5321292877197266
25.0130825042724609,-56.3082160949707031,-2.2431585788726807
21.7628612518310547,-51.0862541198730469,-1.5351116657257080
-1.5162439346313477,-30.2911491394042969,-2.2429101467132568
1.8823555707931519,-43.6657485961914063,-1.5327630043029785
22.9782867431640625,-33.9911460876464844,-1.5314908027648926
-1.0192441940307617,-25.8135890960693359,-2.2524075508117676
-6.5090651512145996,-10.8415536880493164,-2.2413697242736816
-8.7820205688476563,-9.9645881652832031,-2.2462837696075439
-12.3702840805053711,-49.0706901550292969,-2.2499196529388428
17.7344570159912109,-24.8848781585693359,-2.2503306865692139
-25.0155658721923828,-49.3128204345703125,-1.5368860960006714
10.6553936004638672,-51.4593200683593750,-2.2495417594909668
6.3191800117492676,-35.5686264038085938,-1.5357056856155396
-0.3117519617080688,-8.0716266632080078,-1.5377868413925171
18.1758174896240234,-33.8749847412109375,-1.5278692245483398
-20.2206687927246094,-48.3204421997070313,-2.2477998733520508
-22.1450538635253906,-37.1745300292968750,-1.5376167297363281
1.0174106359481812,-19.0016536712646484,-2.2438931465148926
25.8706722259521484,-46.7348480224609375,-1.5387834310531616
-12.4190807342529297,-28.3579883575439453,-2.0372500419616699
-6.6191172599792480,-30.0949153900146484,-1.5389326810836792
-3.7834653854370117,-55.5938568115234375,-1.5378348827362061
-26.3833923339843750,-45.7415504455566406,-2.2464556694030762
-6.2066893577575684,-5.8915643692016602,-2.2426190376281738
-30.5181922912597656,-52.4529037475585938,-2.2451617717742920
-17.4042949676513672,-46.8947448730468750,-2.2490212917327881
-7.5064334869384766,-31.8961925506591797,-2.2484087944030762
-21.8627777099609375,-50.3066215515136719,-2.2544548511505127
8.2945642471313477,-8.4779624938964844,-1.5375832319259644
3.0877063274383545,-55.6132850646972656,-2.2495343685150146
22.2810096740722656,-46.5057106018066406,-2.2453088760375977
6.9735260009765625,-23.7556209564208984,-1.5293110609054565
-17.9545326232910156,-28.6445350646972656,-2.2487235069274902
6.9679841995239258,-23.0709037780761719,-2.2464733123779297
10.6181306838989258,-52.1279983520507813,-1.5269742012023926
-15.4184207916259766,-42.1347618103027344,-2.2506380081176758
12.3698177337646484,-42.1159706115722656,-1.5385985374450684
-27.0665435791015625,-56.3435668945312500,-2.2519044876098633
6.7966089248657227,-18.1310272216796875,-1.5279633998870850
5.8159041404724121,-55.3522377014160156,-2.2477717399597168
-3.0384380817413330,-34.6887741088867188,-1.5336025953292847
3.0058052539825439,-27.3373432159423828,-2.2410163879394531
7.1654405593872070,-33.1644554138183594,-2.2515769004821777
27.7778625488281250,-46.3439712524414063,-1.5372573137283325
-16.7278156280517578,-51.9936714172363281,-1.5322188138961792
11.3292465209960938,-23.8570003509521484,-2.2456474304199219
22.4977779388427734,-51.7610359191894531,-1.5346175432205200
21.3493041992187500,-46.7967987060546875,-1.5343421697616577
22.9823055267333984,-43.3891296386718750,-2.2452437877655029
3.8880124092102051,-4.3339433670043945,-1.5387229919433594
3.0647718906402588,-43.3346595764160156,-1.5295668840408325
17.9295616149902344,-21.4433307647705078,-1.5329600572586060
5.8605661392211914,-6.3985376358032227,-1.5386512279510498
-11.7982063293457031,-48.7086944580078125,-1.5299822092056274
-18.1783447265625000,-34.2974967956542969,-1.5324776172637939
-13.3803911209106445,-14.4482164382934570,-2.2441215515136719
20.2213687896728516,-43.2821998596191406,-2.2461333274841309
-10.6218967437744141,-38.5129394531250000,-1.5264030694961548
12.0233173370361328,-50.0492858886718750,-2.2481172084808350
13.3815603256225586,-56.2998619079589844,-1.5348461866378784
1.5106369256973267,-18.5085144042968750,-1.5362212657928467
-8.5809984207153320,-18.5556507110595703,-2.2433116436004639
-18.1011333465576172,-46.9510726928710938,-1.5271362066268921
2.5276868343353271,-25.0221080780029297,-1.5386227369308472
-13.3819637298583984,-23.5073890686035156,-2.2467086315155029
-6.5182828903198242,-54.8661041259765625,-2.2445938587188721
8.5810880661010742,-20.5647182464599609,-1.5341608524322510
8.5814762115478516,-33.9979400634765625,-1.5336707830429077
-7.2978229522705078,-24.4896564483642578,-1.5372017621994019
-18.1815948486328125,-38.6405906677246094,-1.5367798805236816
-22.9783630371093750,-46.1424751281738281,-2.2489011287689209
3.7815186977386475,-23.9956874847412109,-1.5378068685531616
13.3785619735717773,-35.7645072937011719,-1.5353496074676514
-1.7380861043930054,-18.9309806823730469,-2.2461462020874023
-2.9537444114685059,-24.1263008117675781,-2.2500143051147461
-8.5776557922363281,-39.4426994323730469,-2.2499668598175049
-13.3838109970092773,-18.0091400146484375,-1.5340299606323242
-3.0797491073608398,-17.4561557769775391,-2.2424268722534180
-17.1819915771484375,-57.0121612548828125,-1.5379724502563477
-0.3777594566345215,-8.8404598236083984,-2.2421348094940186
-1.9222906827926636,-5.5607461929321289,-1.5359750986099243
11.7730684280395508,-28.5521430969238281,-2.2488348484039307
21.4345283508300781,-53.4853210449218750,-2.2473506927490234
1.0213580131530762,-45.0208702087402344,-2.2484529018402100
15.4291257858276367,-23.5430545806884766,-1.5359948873519897
18.1783142089843750,-24.3483943939208984,-1.5377330780029297
12.6737203598022461,-48.6110115051269531,-1.5352376699447632
22.4714279174804688,-31.5057888031005859,-2.2415058612823486
17.1949386596679688,-23.4034748077392578,-1.5254802703857422
25.0111885070800781,-50.9164199829101563,-1.5299791097640991
37.3014488220214844,-54.5200233459472656,-2.2418384552001953
10.8296051025390625,-30.4310417175292969,-2.2451162338256836
-11.3242778778076172,-40.5257682800292969,-1.5385345220565796
6.2702054977416992,-23.0506305694580078,-1.5357445478439331
15.4404869079589844,-30.8841629028320313,-2.2434811592102051
-1.9782406091690063,-21.2636165618896484,-2.2410998344421387
-5.8220157623291016,-15.7948045730590820,-2.2456948757171631
10.6212606430053711,-54.1597442626953125,-2.2436800003051758
11.5572738647460938,-35.3372650146484375,-1.5343521833419800
-3.7785470485687256,-20.9239978790283203,-1.5347583293914795
-1.2000312805175781,-12.7655878067016602,-1.5357242822647095
15.4219818115234375,-21.1716423034667969,-1.5359992980957031
13.3799839019775391,-29.6896095275878906,-2.2531347274780273
-3.7842941284179688,-27.6834716796875000,-1.5271801948547363
-37.3067054748535156,-57.0025787353515625,-2.2451536655426025
10.6171417236328125,-15.8831968307495117,-2.2439658641815186
-13.3824996948242188,-52.9732818603515625,-2.2472097873687744
6.7867918014526367,-12.5645895004272461,-1.5366644859313965
3.7784554958343506,-48.8423042297363281,-2.2470026016235352
3.9176919460296631,-11.4965982437133789,-1.5367089509963989
-16.4824581146240234,-27.1937847137451172,-1.5270142555236816
-7.9850435256958008,-40.7223777770996094,-2.2418029308319092
20.9060420989990234,-44.6887016296386719,-1.5350334644317627
-8.5788927078247070,-25.5993995666503906,-2.2431774139404297
20.9168586730957031,-39.0665206909179688,-1.5339146852493286
-20.2243938446044922,-44.7093811035156250,-2.2453918457031250
16.4164257049560547,-17.0021152496337891,-2.2442393302917480
-13.3822507858276367,-16.5422325134277344,-1.5338199138641357
-17.4579277038574219,-52.6670265197753906,-1.5305181741714478
35.7848320007324219,-53.9010353088378906,-1.5388690233230591
-26.3975658416748047,-53.5639152526855469,-1.5336558818817139
-2.4604187011718750,-23.6547012329101563,-1.5320551395416260
-22.2778282165527344,-48.1873550415039063,-2.2487938404083252
6.5590481758117676,-43.4034194946289063,-2.2506177425384521
-15.4152078628540039,-55.7231216430664063,-2.2544069290161133
-11.9052591323852539,-13.1018180847167969,-2.2428660392761230
-15.4237060546875000,-36.6067199707031250,-1.5324070453643799
-1.7220185995101929,-37.5388221740722656,-1.5369700193405151
18.1835193634033203,-27.9959030151367188,-2.2429854869842529
17.6975460052490234,-43.0112152099609375,-2.2452390193939209
-3.7782998085021973,-37.2763557434082031,-1.5346113443374634
22.2476825714111328,-50.5999832153320313,-2.2482004165649414
0.4648351669311523,-3.2032556533813477,-2.2412378787994385
3.7810871601104736,-14.2068719863891602,-1.5296900272369385
22.2814369201660156,-44.0981178283691406,-2.2476072311401367
3.7779464721679688,-24.9847640991210938,-1.5328189134597778
7.3443746566772461,-14.3081369400024414,-2.2423136234283447
11.3255329132080078,-45.0463447570800781,-2.2416455745697021
-31.8907089233398438,-52.4887275695800781,-2.2475392818450928
3.7776968479156494,-36.5872001647949219,-1.5327302217483521
18.1778469085693359,-15.1823959350585938,-1.8790189027786255
20.2156982421875000,-37.3797149658203125,-1.5327745676040649
-3.0931091308593750,-53.1713943481445313,-2.2476289272308350
-25.7088603973388672,-53.5457839965820313,-2.2461209297180176
-25.7109203338623047,-50.7282905578613281,-2.2454545497894287
15.4189786911010742,-51.6721343994140625,-1.5264811515808105
-31.8835010528564453,-56.0199966430664063,-1.5338336229324341
2.9878926277160645,-37.2489356994628906,-1.5278203487396240
-8.5806951522827148,-14.8003416061401367,-1.5315108299255371
-12.7309827804565430,-36.6932220458984375,-2.2476305961608887
16.0851898193359375,-30.1031799316406250,-2.2478065490722656
27.7756710052490234,-52.1075897216796875,-2.2433450222015381
-8.5804691314697266,-38.7693748474121094,-1.5296516418457031
6.8205437660217285,-34.0893936157226563,-2.2434058189392090
-16.4196166992187500,-19.8109016418457031,-2.2420306205749512
-22.9784946441650391,-57.0081901550292969,-2.2423005104064941
-31.9176292419433594,-51.0241546630859375,-2.2412073612213135
-8.5814075469970703,-47.1048126220703125,-2.2492649555206299
-16.1806983947753906,-45.0553131103515625,-2.2486066818237305
-5.3858895301818848,-6.4585657119750977,-2.2435562610626221
30.8842926025390625,-49.9881935119628906,-2.2418894767761230
-4.1502437591552734,-6.2693247795104980,-2.2424671649932861
20.2103023529052734,-46.3436393737792969,-1.5248306989669800
-7.9349837303161621,-30.3763599395751953,-1.5304872989654541
2.7991929054260254,-25.6755352020263672,-2.2428498268127441
3.7820177078247070,-50.5170783996582031,-1.5322817564010620
-25.6914939880371094,-54.2591629028320313,-1.5329601764678955
16.2631168365478516,-23.7081813812255859,-2.2440621852874756
7.5848150253295898,-17.5240173339843750,-1.5378988981246948
-1.0183990001678467,-42.1798820495605469,-2.2537214756011963
26.3856430053710938,-54.8954277038574219,-2.2496628761291504
-20.9323463439941406,-49.9725646972656250,-2.2419865131378174
32.5820274353027344,-55.5566444396972656,-2.2426466941833496
18.1832942962646484,-48.2952423095703125,-2.2511205673217773
12.4159307479858398,-39.2018661499023438,-1.5267910957336426
-3.7736871242523193,-45.6994018554687500,-1.5351314544677734
-4.3302445411682129,-7.2503700256347656,-2.2481846809387207
-10.6206893920898438,-51.2770690917968750,-2.2458124160766602
20.9173660278320313,-45.6645622253417969,-1.5280125141143799
-10.7656126022338867,-37.2029495239257813,-1.5269628763198853
-3.0613896846771240,-43.0232963562011719,-2.2483074665069580
5.8184299468994141,-12.7770614624023438,-1.5381803512573242
5.8196620941162109,-51.0393524169921875,-2.2480173110961914
29.8193264007568359,-57.0046920776367188,-2.2436194419860840
12.4895305633544922,-25.0163478851318359,-1.5271562337875366
15.9129219055175781,-44.9318885803222656,-1.5353198051452637
0.6669463515281677,-10.7771720886230469,-2.2412929534912109
-8.0912008285522461,-20.0412673950195313,-1.5343641042709351
2.9617161750793457,-39.5783119201660156,-1.5380825996398926
13.3862771987915039,-55.6052589416503906,-2.2435290813446045
2.6881995201110840,-19.0684986114501953,-1.5248960256576538
12.3636484146118164,-51.6025314331054688,-1.5382004976272583
35.3198013305664063,-56.2871322631835938,-1.5355786085128784
-3.0607967376708984,-51.7730560302734375,-2.2459874153137207
-15.4208822250366211,-48.6901855468750000,-1.5276789665222168
8.1004371643066406,-55.1167182922363281,-2.2475240230560303
10.6198272705078125,-29.7722530364990234,-1.5336418151855469
-13.3775768280029297,-34.9380455017089844,-1.6863257884979248
13.3810901641845703,-15.1328964233398438,-1.5372440814971924
7.5007085800170898,-49.4042167663574219,-2.2483549118041992
-22.9806995391845703,-50.5303230285644531,-2.2502036094665527
-12.4293956756591797,-45.9651985168457031,-2.2570807933807373
-5.8197970390319824,-52.7524948120117188,-2.2430880069732666
6.5886430740356445,-29.5923938751220703,-1.5342738628387451
13.3806266784667969,-30.3587512969970703,-1.5312094688415527
15.4213628768920898,-17.0744094848632813,-2.2416675090789795
-1.6674039363861084,-22.2114219665527344,-2.2429978847503662
7.9114856719970703,-47.2521667480468750,-1.5258582830429077
-17.4363136291503906,-49.9599571228027344,-1.5315688848495483
-3.7821600437164307,-43.7022132873535156,-2.2533652782440186
17.1691169738769531,-50.0027389526367188,-1.5353507995605469
13.3822345733642578,-19.2209644317626953,-1.5357598066329956
10.6161298751831055,-57.0038642883300781,-2.2435801029205322
20.2212734222412109,-47.3364906311035156,-1.5315366983413696
-5.8180150985717773,-16.4817008972167969,-1.5315150022506714
-1.7102006673812866,-52.5059242248535156,-1.5348000526428223
3.7814836502075195,-42.6486587524414063,-1.5313183069229126
34.6203117370605469,-57.0010643005371094,-1.5366060733795166
-18.1792068481445313,-51.3097572326660156,-2.2500536441802979
16.4122619628906250,-44.4429283142089844,-2.2430801391601563
-12.0407352447509766,-40.5364265441894531,-2.2453346252441406
8.1068201065063477,-28.9320163726806641,-1.5322283506393433
-13.3546457290649414,-29.8278198242187500,-2.2464983463287354
3.0834968090057373,-40.5678863525390625,-1.5383818149566650
16.3691864013671875,-40.8167533874511719,-1.5292997360229492
2.8385767936706543,-48.5005798339843750,-2.2413008213043213
-11.3373107910156250,-52.6388397216796875,-1.5316361188888550
7.8507575988769531,-27.3376789093017578,-2.2535927295684814
4.7737717628479004,-7.2105798721313477,-1.5336393117904663
-1.9229577779769897,-42.5874557495117188,-2.2477693557739258
12.6867322921752930,-44.1279335021972656,-2.2485966682434082
-10.6274719238281250,-52.6434936523437500,-2.2496063709259033
18.1792030334472656,-50.9648284912109375,-1.5377582311630249
-3.7263300418853760,-42.0477218627929688,-1.5325325727462769
-2.2520272731781006,-9.6304445266723633,-1.5353180170059204
12.1407756805419922,-26.6063957214355469,-2.2511980533599854
6.4925947189331055,-50.1655273437500000,-2.2419435977935791
7.3149094581604004,-25.7166328430175781,-1.5387996435165405
-27.7871856689453125,-51.4308128356933594,-2.2448148727416992
6.4780321121215820,-47.0068321228027344,-2.2535953521728516
22.9792232513427734,-36.6505432128906250,-2.2434644699096680
-5.8191442489624023,-36.9820060729980469,-1.5330104827880859
-8.5815649032592773,-48.9427375793457031,-1.5315542221069336
27.7787342071533203,-53.4829483032226563,-2.2482013702392578
13.3810977935791016,-21.9842300415039063,-1.5295209884643555
12.6238698959350586,-11.1551399230957031,-1.5381520986557007
-6.5207791328430176,-53.4563751220703125,-2.2446253299713135
15.4211711883544922,-19.4768352508544922,-2.2438769340515137
-2.0575757026672363,-49.8779716491699219,-1.5363311767578125
-22.9788303375244141,-37.7270469665527344,-1.5377891063690186
6.1215739250183105,-8.7506551742553711,-1.5353798866271973
20.9086494445800781,-39.7898712158203125,-2.2464537620544434
-15.4233655929565430,-53.6984100341796875,-1.5272825956344604
1.4853981733322144,-34.5097999572753906,-2.2504243850708008
15.4168815612792969,-45.4108123779296875,-2.2518007755279541
-13.3779859542846680,-47.9608116149902344,-2.1425089836120605
-1.7146292924880981,-56.3031921386718750,-1.5358198881149292
-11.1176795959472656,-29.1378536224365234,-2.2456851005554199
-15.9037799835205078,-50.5236701965332031,-2.2445192337036133
12.1121273040771484,-10.6687231063842773,-2.2421255111694336
-35.2956085205078125,-54.7918853759765625,-2.2500209808349609
7.3377490043640137,-30.7414035797119141,-1.5319097042083740
1.7197045087814331,-51.4202461242675781,-2.2433109283447266
-1.0717487335205078,-40.1922645568847656,-1.5333970785140991
22.2732677459716797,-30.2892551422119141,-1.5371696949005127
-20.8860893249511719,-36.0567626953125000,-2.2417030334472656
-27.0979728698730469,-52.8636703491210938,-1.5336052179336548
7.1217637062072754,-28.0117759704589844,-2.2528192996978760
-6.5596499443054199,-38.6415405273437500,-1.5324494838714600
-15.4216384887695313,-20.8242645263671875,-2.2416248321533203
-12.6826343536376953,-41.2880973815917969,-2.2507839202880859
35.9030494689941406,-55.2049827575683594,-1.5347950458526611
1.7165135145187378,-57.0037040710449219,-2.2463119029998779
-1.5193289518356323,-50.3268966674804688,-2.2443308830261230
-10.6178722381591797,-34.8791084289550781,-1.5313533544540405
11.4713191986083984,-37.4658432006835938,-1.5330151319503784
-1.0220252275466919,-39.2050056457519531,-1.5598672628402710
-12.4493436813354492,-24.8743095397949219,-1.5378180742263794
-5.8180713653564453,-54.1603279113769531,-2.2434387207031250
12.8898954391479492,-23.8096313476562500,-2.2433016300201416
21.6119728088378906,-41.1839370727539063,-1.5333881378173828
4.8420171737670898,-11.0552053451538086,-1.5352023839950562
11.3247833251953125,-28.0359725952148438,-1.5309113264083862
-7.2125787734985352,-53.4617004394531250,-1.5326876640319824
-5.8201756477355957,-26.7950992584228516,-1.5354368686676025
-16.6398582458496094,-31.3996295928955078,-2.2438273429870605
-16.6844501495361328,-56.5101318359375000,-2.2431964874267578
-22.2736682891845703,-51.9034805297851563,-1.5310280323028564
1.0127645730972290,-48.3424644470214844,-2.2453720569610596
-16.2686557769775391,-48.7781410217285156,-2.2458629608154297
-2.9824140071868896,-4.2395987510681152,-2.2412891387939453
-15.4216375350952148,-33.9269943237304688,-1.5266219377517700
5.8219056129455566,-44.7578468322753906,-1.5332709550857544
20.2203807830810547,-48.6750068664550781,-1.5345357656478882
-5.8200044631958008,-46.6633148193359375,-2.2483253479003906
-6.5067548751831055,-55.5785179138183594,-1.5333415269851685
21.5153045654296875,-49.9277458190917969,-2.2463140487670898
-5.8220472335815430,-22.4102630615234375,-2.2467689514160156
-5.8219962120056152,-14.7980680465698242,-2.2431325912475586
11.7559289932250977,-30.6192855834960938,-1.5330303907394409
-2.4797761440277100,-40.1785850524902344,-1.5340493917465210
-16.6107482910156250,-30.6929512023925781,-1.5387403964996338
20.9645538330078125,-52.3369102478027344,-2.2514140605926514