x,y,z
16.1476325988769531,-19.8977928161621094,-2.2432007789611816
6.8229055404663086,-38.3449783325195313,-2.2416524887084961
15.4112291336059570,-48.6299705505371094,-2.2436349391937256
2.7044174671173096,-48.4576988220214844,-1.5334486961364746
7.0674982070922852,-43.7831573486328125,-2.2506947517395020
-16.0992279052734375,-48.3862648010253906,-2.2460300922393799
-17.4924526214599609,-51.9197616577148438,-1.5336573123931885
15.4178276062011719,-34.2246246337890625,-1.5338591337203979
-20.2135238647460938,-41.2741127014160156,-1.5366930961608887
-13.3849897384643555,-35.4819068908691406,-2.2553162574768066
31.8905162811279297,-54.8686332702636719,-1.5341043472290039
8.4506502151489258,-7.8919548988342285,-1.5335434675216675
31.1986923217773438,-52.7276611328125000,-1.5329896211624146
-7.8803262710571289,-54.9216232299804688,-2.2419168949127197
-10.6317539215087891,-21.9627380371093750,-1.5287985801696777
-15.4144897460937500,-41.7474975585937500,-1.5345546007156372
6.7741842269897461,-36.4339523315429688,-1.5355994701385498
-5.8163709640502930,-54.6527519226074219,-1.5281827449798584
16.1118774414062500,-30.6716899871826172,-1.5342959165573120
27.7814159393310547,-56.3163986206054688,-2.2458286285400391
17.5459957122802734,-41.3910942077636719,-2.2474706172943115
12.6618604660034180,-20.8078479766845703,-2.2444326877593994
3.1886103153228760,-6.6296434402465820,-2.2436821460723877
-0.1876253038644791,-10.1033143997192383,-1.5350534915924072
-7.4989356994628906,-36.2239418029785156,-1.5383279323577881
-11.9680089950561523,-57.0045280456542969,-1.5373066663742065
7.6310939788818359,-42.9624328613281250,-2.2460198402404785
-7.0153818130493164,-37.0956115722656250,-1.5258210897445679
29.8160362243652344,-55.5855789184570313,-1.5364681482315063
31.8895206451416016,-54.1493949890136719,-2.2458260059356689
-31.4159717559814453,-56.3216361999511719,-1.5373108386993408
7.0013079643249512,-5.5865101814270020,-2.2420849800109863
-8.5475549697875977,-38.9574356079101563,-2.2438712120056152
-11.3703556060791016,-37.8262405395507813,-2.2449669837951660
-16.1207427978515625,-34.8589744567871094,-1.5366878509521484
25.7231140136718750,-47.5012016296386719,-1.5359400510787964
-8.5721330642700195,-17.9500789642333984,-2.2463178634643555
8.5826435089111328,-47.2603378295898438,-2.2477755546569824
22.9753627777099609,-43.7071151733398438,-1.5325509309768677
3.2685306072235107,-30.8485832214355469,-1.5365426540374756
-11.7662992477416992,-40.1143188476562500,-2.2530264854431152
1.0178341865539551,-45.9781684875488281,-2.2487015724182129
30.5047454833984375,-53.4408187866210938,-1.5327562093734741
2.1903247833251953,-45.5674743652343750,-2.2523818016052246
-10.6173772811889648,-28.3312091827392578,-1.5301035642623901
-2.4045419692993164,-57.0131416320800781,-2.2505156993865967
-25.0195083618164063,-47.4172515869140625,-2.2443418502807617
12.4111328125000000,-32.9282188415527344,-2.2470283508300781
-7.1370120048522949,-16.3456687927246094,-2.2506635189056396
17.4381637573242188,-43.4134521484375000,-2.2410652637481689
5.8217706680297852,-21.1149349212646484,-1.5309242010116577
11.3702545166015625,-49.7687072753906250,-1.5260115861892700
12.2322549819946289,-49.6996040344238281,-2.2423863410949707
21.1916847229003906,-47.2246093750000000,-1.5326561927795410
12.6858682632446289,-19.8152580261230469,-2.2448866367340088
-25.6823196411132813,-51.6832847595214844,-1.5326530933380127
-1.9360412359237671,-20.0926647186279297,-2.2442603111267090
7.2595434188842773,-19.6244792938232422,-1.5273505449295044
20.2136898040771484,-52.7628059387207031,-2.2440800666809082
-20.9011363983154297,-49.2235908508300781,-1.5378623008728027
1.2136145830154419,-37.8227767944335938,-1.5230929851531982
-2.9902882575988770,-42.1107368469238281,-2.2476317882537842
10.4097461700439453,-6.9782910346984863,-2.2424757480621338
-1.4650410413742065,-14.3617858886718750,-2.2495951652526855
3.6682443618774414,-47.4376602172851563,-1.5281869173049927
-3.7804424762725830,-29.1562194824218750,-2.2450833320617676
10.6211233139038086,-38.1477546691894531,-1.5341416597366333
-21.5793609619140625,-45.5196075439453125,-1.5339297056198120
20.8892364501953125,-38.5425643920898438,-1.5389329195022583
15.4204578399658203,-20.5963478088378906,-2.2447524070739746
8.0781822204589844,-25.9318809509277344,-1.5321941375732422
20.2156600952148438,-45.0889205932617188,-2.2505965232849121
7.4715442657470703,-31.6467113494873047,-1.5334929227828979
8.2265834808349609,-24.7993831634521484,-1.5364149808883667
-22.9814434051513672,-39.8437843322753906,-1.5361515283584595
2.2509555816650391,-35.5704917907714844,-2.2447576522827148
18.1804790496826172,-28.5610313415527344,-1.5352923870086670
-2.5846550464630127,-27.9780921936035156,-1.5331262350082397
34.6223907470703125,-54.1872901916503906,-2.2416050434112549
22.2430324554443359,-41.3579521179199219,-2.2464077472686768
-3.7377593517303467,-5.5721077919006348,-2.2421009540557861
-15.4226055145263672,-39.3646507263183594,-1.5348320007324219
18.1845092773437500,-34.2195358276367188,-1.5345444679260254
11.2773141860961914,-54.8908424377441406,-2.2475402355194092
27.7776546478271484,-42.6488952636718750,-2.2413227558135986
-7.6942968368530273,-29.1320228576660156,-1.5377243757247925
-1.3133153915405273,-8.6265077590942383,-1.5348547697067261
-12.2054786682128906,-24.1979484558105469,-2.2431473731994629
10.6184749603271484,-28.7250518798828125,-1.5326027870178223
7.2859864234924316,-47.8103485107421875,-2.2444229125976563
17.4861125946044922,-52.8655433654785156,-1.5352874994277954
1.0223428010940552,-23.8077297210693359,-2.2434759140014648
22.9836654663085938,-44.3788528442382813,-2.2482571601867676
12.5959491729736328,-41.8863830566406250,-1.5322679281234741
-3.7795679569244385,-17.7564601898193359,-1.5307686328887939
-0.8011885285377502,-7.7732257843017578,-1.5356438159942627
15.4175243377685547,-37.7641525268554688,-2.2431077957153320
-1.4810321331024170,-7.9467773437500000,-2.2435457706451416
16.1072273254394531,-37.0483016967773438,-2.2457973957061768
-20.2140445709228516,-42.6837043762207031,-1.5373507738113403
-1.7086015939712524,-45.3271141052246094,-2.2450110912322998
30.8782348632812500,-51.0737991333007813,-1.5383176803588867
17.4637279510498047,-55.6205024719238281,-1.5320079326629639
2.6535038948059082,-43.0482597351074219,-1.5368524789810181
6.5254244804382324,-53.5274009704589844,-2.2439477443695068
2.4032998085021973,-57.0089721679687500,-1.5338122844696045
16.8108406066894531,-28.5698299407958984,-1.5312653779983521
-17.5459041595458984,-37.0072937011718750,-2.2417922019958496
-1.0214538574218750,-19.3750190734863281,-2.2501773834228516
2.7285184860229492,-30.4056282043457031,-2.2446482181549072
15.4207792282104492,-41.1813240051269531,-2.2425801753997803
-10.6179723739624023,-50.5324287414550781,-2.2455966472625732
3.7800312042236328,-17.0388793945312500,-2.2477743625640869
27.0930767059326172,-51.2778663635253906,-2.2459437847137451
1.0214264392852783,-15.3672695159912109,-1.9592199325561523
-26.1303005218505859,-53.3507308959960938,-1.5331293344497681
0.7101371288299561,-8.1752147674560547,-2.2495851516723633
1.0151019096374512,-53.9621543884277344,-2.2476060390472412
11.5029211044311523,-45.0172119140625000,-1.5282166004180908
-5.8194932937622070,-49.1036338806152344,-2.2505347728729248
15.4216394424438477,-16.8258476257324219,-2.2417263984680176
3.7850215435028076,-45.2696762084960938,-1.5308548212051392
-3.7824032306671143,-26.5007514953613281,-1.5375293493270874
7.2397341728210449,-53.5260124206542969,-1.5359942913055420
1.0173927545547485,-56.2961006164550781,-2.2444512844085693
2.2079598903656006,-43.5893096923828125,-2.2455730438232422
-18.0913677215576172,-21.8732891082763672,-2.2405896186828613
-22.2732944488525391,-47.6287651062011719,-1.5364369153976440
-16.1080436706542969,-37.6674118041992188,-1.5336815118789673
-12.8530435562133789,-31.9229259490966797,-1.5335204601287842
-20.3088340759277344,-37.8371582031250000,-1.5389692783355713
6.3728466033935547,-35.1619987487792969,-2.2474405765533447
-2.5845966339111328,-43.4108695983886719,-2.2412617206573486
10.6168413162231445,-29.7688159942626953,-1.5357010364532471
-2.2840728759765625,-36.4485664367675781,-2.2465369701385498
-3.0818815231323242,-26.4974670410156250,-2.2483069896697998
10.6220626831054688,-54.0344619750976563,-1.5387929677963257
-16.1175956726074219,-36.9656600952148438,-2.2434687614440918
22.9776439666748047,-38.2724494934082031,-2.2419123649597168
16.7846736907958984,-52.1705932617187500,-1.5294789075851440
2.4367520809173584,-12.3055267333984375,-2.2431721687316895
10.6180877685546875,-55.6905441284179688,-2.2440631389617920
-6.7865862846374512,-53.3360214233398438,-2.2480871677398682
-25.7223033905029297,-45.9725112915039063,-1.5355982780456543
-27.0968818664550781,-46.7132186889648438,-2.2478094100952148
-17.0476398468017578,-25.1104755401611328,-2.2426145076751709
11.3414726257324219,-39.5274543762207031,-2.2473921775817871
1.0186759233474731,-23.1085910797119141,-1.5339670181274414
3.7861227989196777,-19.3947658538818359,-2.2494606971740723
-20.9267253875732422,-55.3080673217773438,-2.2428877353668213
-10.6196155548095703,-17.2648067474365234,-1.5317507982254028
13.3825187683105469,-34.5566062927246094,-2.2448585033416748
-4.7638335227966309,-7.2369399070739746,-2.2411265373229980
-17.6785926818847656,-28.8278026580810547,-2.2438175678253174
27.0669822692871094,-46.3296546936035156,-1.5321929454803467
12.0238599777221680,-21.7294158935546875,-2.2489197254180908
-2.0709106922149658,-12.7687759399414063,-1.5386133193969727
-21.1636962890625000,-34.8346366882324219,-1.5388838052749634
-25.0186023712158203,-57.0079040527343750,-2.2423198223114014
-2.5501689910888672,-39.5942764282226563,-2.2442786693572998
-11.0905685424804688,-38.9476547241210938,-1.5332223176956177
17.4298477172851563,-21.6693439483642578,-2.2439308166503906
11.3165845870971680,-21.0345249176025391,-2.2467293739318848
17.1101093292236328,-46.0387802124023438,-1.5310269594192505
-8.5780391693115234,-41.9221496582031250,-2.2511055469512939
8.5803976058959961,-26.4038906097412109,-2.2436881065368652
-1.7266730070114136,-48.1864814758300781,-2.2416524887084961
5.8216295242309570,-49.1726531982421875,-2.2556171417236328
-13.3136968612670898,-12.3068475723266602,-2.2431554794311523
-11.3504419326782227,-23.3071632385253906,-2.2465789318084717
3.2969307899475098,-10.1809759140014648,-1.5356308221817017
3.0784935951232910,-20.7787113189697266,-1.5353530645370483
10.6143064498901367,-41.8529586791992188,-1.5336465835571289
7.3006663322448730,-33.4456634521484375,-2.2485306262969971
-8.5816946029663086,-32.8940353393554688,-2.2484252452850342
13.3825387954711914,-52.0743141174316406,-1.5352036952972412
-12.0019531250000000,-46.2933044433593750,-2.2465534210205078
-13.1129493713378906,-41.2342605590820313,-1.5389127731323242
20.9112472534179688,-50.6390151977539063,-2.2451603412628174
3.7780306339263916,-16.3495769500732422,-1.5349044799804688
7.7461504936218262,-11.3135204315185547,-2.2443671226501465
25.0147342681884766,-49.8621520996093750,-1.5352563858032227
3.7786753177642822,-34.7280769348144531,-1.5382102727890015
-7.4175767898559570,-16.9605426788330078,-1.5305252075195313
7.6047630310058594,-45.1674499511718750,-1.5312062501907349
-16.7987651824951172,-46.9934883117675781,-1.5261435508728027
13.3889026641845703,-28.9058856964111328,-1.5356404781341553
6.3893699645996094,-13.5736665725708008,-1.5370929241180420
-15.4205455780029297,-46.9610824584960938,-1.5355603694915771
12.7145986557006836,-47.6019515991210938,-2.2550704479217529
5.8144431114196777,-56.3074913024902344,-1.5345282554626465
17.7125701904296875,-17.3507919311523438,-2.2430102825164795
-11.3145723342895508,-46.2835960388183594,-1.5339560508728027
-1.6037074327468872,-27.8193340301513672,-1.5280026197433472
-16.5187625885009766,-30.4076652526855469,-2.2485606670379639
-8.5794248580932617,-53.4802551269531250,-2.2512621879577637
4.0549302101135254,-4.1382308006286621,-1.5386867523193359
10.4120197296142578,-10.6881618499755859,-2.2438755035400391
-13.3789825439453125,-56.3046684265136719,-2.2442505359649658
-5.8216271400451660,-33.5858955383300781,-2.2499959468841553
1.0211012363433838,-16.2708950042724609,-1.5367844104766846
7.4708790779113770,-6.1696243286132813,-1.5389261245727539
10.6902389526367188,-12.0459947586059570,-2.2451078891754150
-6.1291389465332031,-7.1295447349548340,-2.2413995265960693
10.7014217376708984,-47.1208267211914063,-2.2539336681365967
-12.6876955032348633,-50.5276565551757813,-1.5354796648025513
-2.4631659984588623,-33.8821563720703125,-1.5328352451324463
-17.4747314453125000,-45.5816345214843750,-2.2449030876159668
6.0053529739379883,-46.2177734375000000,-1.5320003032684326
-2.3812127113342285,-21.9255638122558594,-1.5298523902893066
-12.6906976699829102,-46.2778472900390625,-1.5329800844192505
16.7969245910644531,-47.9211921691894531,-1.5357692241668701
-5.8165936470031738,-32.2948684692382813,-2.2592117786407471
25.7310829162597656,-43.2154693603515625,-1.5383486747741699
-6.5409669876098633,-55.3298759460449219,-1.5331174135208130
8.5879116058349609,-54.2708053588867188,-2.2505018711090088
-15.4152193069458008,-50.5180854797363281,-2.2451124191284180
-11.0604314804077148,-39.9437217712402344,-1.5269570350646973
-18.1779499053955078,-24.9609508514404297,-1.5325843095779419
22.9803180694580078,-48.4949951171875000,-2.2437849044799805
-5.8313398361206055,-27.3048286437988281,-2.2527332305908203
-31.1609630584716797,-54.6216201782226563,-1.5359802246093750
-32.5777473449707031,-48.5788574218750000,-2.2412729263305664
-5.9672713279724121,-11.1369266510009766,-2.2437183856964111
-8.5816888809204102,-26.3963508605957031,-2.2467455863952637
-21.6169967651367188,-54.5947608947753906,-2.2474648952484131
7.8451175689697266,-22.2476482391357422,-2.2489621639251709
27.7798900604248047,-46.3214187622070313,-2.2453954219818115
-2.8201508522033691,-10.3424091339111328,-2.2433414459228516
-22.9794006347656250,-35.8092155456542969,-2.2427737712860107
7.2337527275085449,-54.9220542907714844,-1.5315430164337158
20.5700035095214844,-46.0055160522460938,-2.2567501068115234
-3.7918539047241211,-47.4309234619140625,-2.2468180656433105
18.1831760406494141,-27.1386280059814453,-1.5369826555252075
-12.5234375000000000,-18.7118186950683594,-1.5320734977722168
25.7250976562500000,-43.9227714538574219,-2.2424905300140381
-5.8175806999206543,-42.7308006286621094,-2.2451543807983398
-3.6841547489166260,-40.7594375610351563,-1.5200636386871338
3.1403744220733643,-12.3762903213500977,-1.5384360551834106
6.5192260742187500,-52.1249465942382813,-2.2449250221252441
-16.1449909210205078,-21.8146457672119141,-2.2412314414978027
2.5706782341003418,-14.6967420578002930,-1.5372526645660400
18.1819515228271484,-29.2571067810058594,-2.2445385456085205
-11.1211214065551758,-42.9773597717285156,-1.5376651287078857
-1.5080279111862183,-15.3945474624633789,-2.2444775104522705
-27.7788715362548828,-57.0122184753417969,-1.5366563796997070
6.9885649681091309,-44.8381462097167969,-2.2426230907440186
-3.7776923179626465,-32.1824798583984375,-1.5305685997009277
22.2865505218505859,-49.2038154602050781,-2.2473764419555664
6.5740427970886230,-48.5101699829101563,-2.2548925876617432
-7.8242826461791992,-55.6234474182128906,-1.5367571115493774
17.0102863311767578,-18.0599727630615234,-2.2436449527740479
5.8209838867187500,-41.3257293701171875,-2.2428162097930908
12.3598957061767578,-16.2738342285156250,-1.5325248241424561
-13.3786115646362305,-40.5690917968750000,-2.2367908954620361
7.9685211181640625,-18.9260959625244141,-1.5296169519424438
15.4210205078125000,-19.2146224975585938,-2.2461361885070801
5.9318346977233887,-21.7832431793212891,-2.2498872280120850
-29.8187503814697266,-55.6304740905761719,-2.2472162246704102
-3.7778329849243164,-37.8020324707031250,-2.2519931793212891
1.0163706541061401,-50.3354187011718750,-1.5350806713104248
2.4236001968383789,-54.1609191894531250,-1.5246257781982422
-1.0154484510421753,-31.5281372070312500,-1.5385105609893799
-20.2191905975341797,-46.1916618347167969,-2.2496769428253174
-4.9647002220153809,-8.8219337463378906,-1.5367988348007202
-12.4139728546142578,-44.0008430480957031,-2.2449681758880615
-11.9918622970581055,-51.9054679870605469,-2.2485194206237793
-6.2931447029113770,-22.1284523010253906,-1.5300798416137695
2.0270853042602539,-6.2614326477050781,-1.5371326208114624
17.4694366455078125,-54.9430465698242188,-2.2499527931213379
25.0170974731445313,-52.7031021118164063,-1.5368019342422485
-8.5830326080322266,-39.9486770629882813,-2.2440485954284668
-35.5221977233886719,-54.2483482360839844,-2.2420358657836914
7.2892017364501953,-7.1512541770935059,-1.5370988845825195
-2.5047020912170410,-29.6511707305908203,-2.2428684234619141
1.4834135770797729,-54.4674491882324219,-1.5322145223617554
-27.7840099334716797,-47.4298553466796875,-2.2424700260162354
-41.9151306152343750,-57.0012207031250000,-1.7166693210601807
22.9865608215332031,-50.6507263183593750,-1.5351085662841797
-22.0528163909912109,-33.4620742797851563,-2.2411172389984131
-2.1919627189636230,-32.2607192993164063,-1.5384041070938110
-3.4950942993164063,-8.4958486557006836,-1.5364239215850830
-7.4538702964782715,-30.3034915924072266,-1.5305994749069214
-5.8204913139343262,-43.7269935607910156,-2.2444591522216797
-12.0490407943725586,-43.0868644714355469,-2.2499549388885498
-22.9856319427490234,-44.8112602233886719,-2.2437634468078613
8.5777425765991211,-19.9010505676269531,-1.5357614755630493
15.9284849166870117,-41.6974983215332031,-1.5346274375915527
21.6001110076904297,-52.0675544738769531,-1.5339453220367432
6.6531362533569336,-45.4604339599609375,-1.5379071235656738
5.2308077812194824,-7.9581642150878906,-1.5365329980850220
-6.3220787048339844,-9.2011089324951172,-1.5382902622222900
-18.1784763336181641,-42.1639862060546875,-1.5331815481185913
13.3795347213745117,-30.8581008911132813,-2.2437276840209961
-1.0176311731338501,-25.1381092071533203,-2.2433376312255859
-20.9087810516357422,-39.6611251831054688,-2.2419025897979736
27.7903652191162109,-52.6812820434570313,-1.5333383083343506
-1.0200023651123047,-50.1122703552246094,-2.2716581821441650
11.3848466873168945,-47.1602325439453125,-1.5300992727279663
7.4376306533813477,-51.4991569519042969,-2.2493987083435059
2.0945458412170410,-42.6075248718261719,-2.2356810569763184
5.8194503784179688,-52.1368865966796875,-1.5350867509841919
1.3952475786209106,-51.2474212646484375,-1.5271602869033813
-17.4857120513916016,-54.0487747192382813,-2.2445311546325684
-3.7774200439453125,-42.0494880676269531,-1.5265852212905884
6.7996773719787598,-19.1368312835693359,-2.2510998249053955
13.3784456253051758,-20.8026390075683594,-1.5372503995895386
-31.4183845520019531,-52.0099716186523438,-1.5369036197662354
-1.9672204256057739,-25.4916172027587891,-1.5385489463806152
15.4169626235961914,-25.7061309814453125,-1.5357779264450073
-13.3170509338378906,-11.6005144119262695,-1.5384594202041626
20.9034500122070313,-55.5953216552734375,-1.5344201326370239
10.6205883026123047,-38.8358612060546875,-2.2478277683258057
10.6164064407348633,-39.5162429809570313,-1.5337013006210327
-20.9022388458251953,-46.9104309082031250,-2.2485680580139160
-1.0203113555908203,-48.1911048889160156,-1.5359036922454834
-25.5170001983642578,-53.0193176269531250,-2.2438714504241943
-16.8425235748291016,-37.0041847229003906,-1.5354971885681152
-16.6321430206298828,-24.2033748626708984,-2.2419457435607910
-10.6130008697509766,-49.8145561218261719,-1.5359605550765991
5.8215222358703613,-45.5770301818847656,-2.2536363601684570
7.6071596145629883,-12.3227767944335938,-2.2462265491485596
8.5842142105102539,-52.6500968933105469,-1.5294237136840820
27.7810077667236328,-48.4286499023437500,-1.5362946987152100
-3.3830687999725342,-11.1652641296386719,-2.2521471977233887
16.1159057617187500,-38.4700355529785156,-2.2439026832580566
10.3187236785888672,-8.5976533889770508,-1.5361223220825195
-3.7064092159271240,-4.8677563667297363,-1.5374274253845215
21.5886650085449219,-54.8826103210449219,-1.5337669849395752
11.9706363677978516,-23.6391792297363281,-1.5320614576339722
18.1798915863037109,-22.9958705902099609,-1.5263240337371826
7.8792414665222168,-16.4541282653808594,-2.2434802055358887
-10.6236619949340820,-13.1371002197265625,-2.2418429851531982
3.7808325290679932,-48.0874824523925781,-2.2546153068542480
20.2156620025634766,-50.6454124450683594,-1.5364906787872314
-12.8014173507690430,-33.9674987792968750,-1.5340417623519897
-25.0090007781982422,-50.9631042480468750,-1.5344483852386475
12.7012834548950195,-42.5680923461914063,-2.2478587627410889
2.1912441253662109,-6.9520273208618164,-2.2400879859924316
1.4682404994964600,-7.0867147445678711,-1.5368934869766235
-2.8402118682861328,-17.4333343505859375,-1.5329437255859375
5.7496385574340820,-5.4964485168457031,-2.2412998676300049
22.0548858642578125,-36.8934974670410156,-1.5382336378097534
-13.3824882507324219,-38.1488647460937500,-1.5360882282257080
-10.6219577789306641,-26.0185489654541016,-1.5265408754348755
-1.0197923183441162,-36.5883750915527344,-1.5348428487777710
-17.4890155792236328,-53.3468856811523438,-1.5335255861282349
-29.8218536376953125,-54.2536392211914063,-2.2467122077941895
-20.6807670593261719,-33.1832313537597656,-1.5388516187667847
7.2276935577392578,-9.8989515304565430,-2.2416660785675049
22.9824047088623047,-42.7191925048828125,-1.5326418876647949
-3.0777904987335205,-56.2935180664062500,-2.2431316375732422
-6.1272706985473633,-54.0745315551757813,-2.2558515071868896
-20.8998107910156250,-53.1861953735351563,-1.5344874858856201
12.5715742111206055,-29.4448013305664063,-1.5324730873107910
-15.4197368621826172,-35.5639266967773438,-1.5356965065002441
-1.0217754840850830,-20.7304992675781250,-2.2451243400573730
-29.8190250396728516,-53.5683059692382813,-1.5311329364776611
26.4173088073730469,-52.7004966735839844,-1.5354872941970825
0.3993704020977020,-3.0925564765930176,-2.2415063381195068
-3.7799079418182373,-31.5066146850585938,-2.2494747638702393
-18.1844425201416016,-53.3454399108886719,-2.2434480190277100
10.6216773986816406,-42.5306930541992188,-2.2500658035278320
-7.6202611923217773,-23.1474933624267578,-1.5359451770782471
-3.7772586345672607,-49.0472908020019531,-2.2438943386077881
20.2216567993164063,-40.0511131286621094,-2.2429270744323730
5.8224191665649414,-31.5001506805419922,-1.5340998172760010
5.8071718215942383,-7.1430172920227051,-1.5378835201263428
-0.9094198346138000,-2.6375234127044678,-2.2412891387939453
2.0067024230957031,-32.6127471923828125,-2.2410917282104492
13.3822183609008789,-39.1149444580078125,-2.2440288066864014
-2.5772712230682373,-13.2822160720825195,-2.2414255142211914
-17.6787948608398438,-29.8264865875244141,-2.2442266941070557
8.5796279907226563,-37.4287147521972656,-2.2466757297515869
35.3284759521484375,-57.0032424926757813,-1.5372780561447144
-8.5731611251831055,-27.0726184844970703,-1.5296758413314819
6.5334210395812988,-54.9293975830078125,-2.2432169914245605
-3.7866377830505371,-46.7374534606933594,-1.5347955226898193
-27.0780029296875000,-51.6839561462402344,-1.5361516475677490
18.1819362640380859,-33.5262832641601563,-2.2461569309234619
-13.3878736495971680,-18.2437877655029297,-1.5330460071563721
18.1865978240966797,-27.8451137542724609,-2.2423911094665527
-6.6728901863098145,-49.1034393310546875,-1.5322619676589966
7.1949768066406250,-21.4632682800292969,-2.2435748577117920
5.8123936653137207,-36.6839561462402344,-1.5285755395889282
12.6567955017089844,-54.1501274108886719,-1.5343387126922607
-37.1578598022460938,-53.5939445495605469,-1.5386532545089722
-8.3038911819458008,-13.7205877304077148,-1.5302146673202515
-16.1145248413085938,-53.3423271179199219,-1.5346001386642456
27.2811584472656250,-45.1530914306640625,-2.2438950538635254
13.3792524337768555,-47.7751617431640625,-1.5363223552703857
-31.8848323822021484,-52.8934135437011719,-1.5346325635910034
20.2221527099609375,-43.1028442382812500,-1.5302253961563110
21.7741622924804688,-43.8954925537109375,-2.2426736354827881
-7.9221792221069336,-41.6802177429199219,-1.5386400222778320
-20.2170772552490234,-52.4622802734375000,-1.5329447984695435
-6.5087165832519531,-52.1141433715820313,-2.2543857097625732
10.6176996231079102,-35.3704528808593750,-1.5328972339630127
31.2010917663574219,-56.2938156127929688,-2.2459259033203125
6.5315237045288086,-52.8270797729492188,-1.5361533164978027
1.8967429399490356,-37.8221168518066406,-2.2455677986145020
5.5436697006225586,-9.9098224639892578,-1.5376611948013306
11.3294057846069336,-37.4468040466308594,-1.5358412265777588
2.1889209747314453,-37.1866950988769531,-1.5367357730865479
-4.3776612281799316,-11.1307096481323242,-2.1681702136993408
-15.4181671142578125,-34.8599281311035156,-2.2427594661712646
25.7257137298583984,-42.5062026977539063,-2.2412619590759277
-5.8189296722412109,-23.6108169555664063,-2.2457141876220703
-12.6814737319946289,-22.3092536926269531,-1.5330470800399780
-1.0223197937011719,-30.5296173095703125,-1.5483076572418213
-13.3817167282104492,-15.7808523178100586,-1.5351202487945557
-18.1866149902343750,-51.2149009704589844,-1.5368959903717041
-3.7850561141967773,-55.6013526916503906,-2.2433285713195801
-11.3849935531616211,-26.0416698455810547,-2.2467393875122070
-26.3866367340087891,-48.1312103271484375,-1.5376522541046143
-15.4192657470703125,-42.4389953613281250,-2.2443509101867676
-8.5801658630371094,-52.1273231506347656,-2.2469074726104736
-13.3832197189331055,-33.3532905578613281,-2.2444846630096436
17.4913425445556641,-26.4255161285400391,-1.5341688394546509
-20.2127113342285156,-44.0909729003906250,-1.5353547334671021
2.0168478488922119,-54.9466209411621094,-2.2413303852081299
5.8188471794128418,-57.0032539367675781,-2.2466635704040527
7.2282581329345703,-52.8230972290039063,-2.2455685138702393
-1.7745004892349243,-48.9088554382324219,-1.5361250638961792
8.5802574157714844,-40.0926437377929688,-1.5356739759445190
18.1781959533691406,-22.3298435211181641,-2.2512214183807373
6.3066649436950684,-19.9342842102050781,-1.5342612266540527
36.9062042236328125,-54.3084411621093750,-1.5377670526504517
12.9486150741577148,-25.3615531921386719,-1.5234446525573730
12.6879253387451172,-39.8287200927734375,-2.2453660964965820
37.3012237548828125,-54.8938598632812500,-2.2422947883605957
9.4622859954833984,-6.6643977165222168,-2.2417395114898682
8.5789756774902344,-51.6574058532714844,-1.5337411165237427
-3.7849795818328857,-52.0947303771972656,-1.5348026752471924
-8.5796451568603516,-15.0334129333496094,-1.5320349931716919
-12.7584314346313477,-41.9138374328613281,-2.2486951351165771
-1.7858412265777588,-19.4127101898193359,-1.5352561473846436
-3.7780811786651611,-27.4898319244384766,-1.5341192483901978
20.2119846343994141,-55.6030998229980469,-2.2441678047180176
-18.1825065612792969,-35.5472640991210938,-1.5363829135894775
21.6072444915771484,-50.6447753906250000,-1.5350681543350220
2.1481394767761230,-41.8878860473632813,-1.5340210199356079
-16.1157341003417969,-54.0411911010742188,-2.2465646266937256
16.1062660217285156,-47.9331245422363281,-2.2469725608825684
2.6060600280761719,-33.9779472351074219,-1.5340491533279419
-15.4122571945190430,-51.9331779479980469,-2.2439072132110596
22.2854728698730469,-45.0690689086914063,-2.2458844184875488
-25.0209712982177734,-45.9753112792968750,-2.2424519062042236
25.7066535949707031,-50.5718727111816406,-1.5345401763916016
15.4167346954345703,-27.1504287719726563,-1.5366935729980469
-1.7946808338165283,-29.7227115631103516,-1.5326483249664307
16.1172180175781250,-50.7429962158203125,-2.2469751834869385
11.9538822174072266,-45.5241203308105469,-2.2458600997924805
-21.5879096984863281,-46.2058868408203125,-2.2457792758941650
-16.7939891815185547,-48.3961791992187500,-1.5348941087722778
7.8778920173645020,-19.8970756530761719,-2.2475612163543701
-6.7578825950622559,-29.5960903167724609,-1.5320223569869995
-12.5485363006591797,-24.8072528839111328,-1.5352976322174072
-7.5843162536621094,-43.6112823486328125,-1.5381904840469360
-5.8196678161621094,-12.8209991455078125,-1.5476722717285156
-16.7846508026123047,-45.5754699707031250,-1.5329493284225464
18.1855678558349609,-32.0993080139160156,-2.2433390617370605
20.2206211090087891,-47.1787376403808594,-2.2546956539154053
16.7873020172119141,-53.5657653808593750,-1.5321649312973022
7.9008312225341797,-35.2161674499511719,-2.2412862777709961
1.0146375894546509,-32.6794052124023438,-2.2512185573577881
-18.1849174499511719,-49.8086853027343750,-1.5367077589035034
-22.3676376342773438,-34.0976982116699219,-1.5381577014923096
20.2137527465820313,-56.3051414489746094,-1.5356010198593140
27.0770244598388672,-55.6185569763183594,-2.2446351051330566
2.4593973159790039,-41.0340042114257813,-2.2395656108856201
-1.7250422239303589,-43.9196014404296875,-2.2472748756408691
18.1813468933105469,-48.6152687072753906,-2.2459199428558350
-18.1830501556396484,-49.1049880981445313,-2.2437481880187988
37.3010902404785156,-57.0023612976074219,-1.5376734733581543
10.6327295303344727,-51.7499809265136719,-1.5259621143341064
6.8169856071472168,-40.3448677062988281,-2.2445404529571533
-8.5819625854492188,-25.4105377197265625,-2.2435147762298584
-22.9834384918212891,-44.1106185913085938,-1.5360829830169678
2.8468058109283447,-18.0723304748535156,-2.2468254566192627
-13.3814344406127930,-20.6010074615478516,-1.5386515855789185
1.1008846759796143,-10.3270883560180664,-1.5345504283905029
12.8310012817382813,-15.7799129486083984,-2.2500941753387451
-11.3524188995361328,-37.1331634521484375,-1.5347931385040283
22.9777584075927734,-40.6670112609863281,-2.2452390193939209
-27.0856246948242188,-53.0653419494628906,-1.5341368913650513
-8.5779285430908203,-48.7762222290039063,-2.2464723587036133
11.1005611419677734,-34.8765182495117188,-2.2474837303161621
22.9847621917724609,-52.0745773315429688,-1.5358272790908813
-27.7830791473388672,-46.7192344665527344,-1.5350462198257446
-2.3480236530303955,-24.1431922912597656,-1.5368202924728394
3.7813217639923096,-46.7726478576660156,-2.2506840229034424
13.3802337646484375,-16.1897811889648438,-1.5308921337127686
-2.4174811840057373,-51.3423652648925781,-2.2473299503326416
6.4872770309448242,-15.5590953826904297,-1.5386395454406738
1.3254805803298950,-34.2742080688476563,-1.5330067873001099
-5.8164587020874023,-14.5105895996093750,-2.2465751171112061
16.7986660003662109,-34.2237052917480469,-1.5347675085067749
-15.9193449020385742,-26.0947322845458984,-2.2429351806640625
-6.8415603637695313,-19.2905254364013672,-1.5334916114807129
-22.9811325073242188,-49.0333442687988281,-2.2439148426055908
22.9855270385742188,-51.3552284240722656,-2.2441253662109375
6.2970447540283203,-43.1681900024414063,-2.2537777423858643
-22.2825031280517578,-44.8152847290039063,-1.5359553098678589
6.8175010681152344,-39.3470153808593750,-2.2449779510498047
-15.4220771789550781,-26.5922908782958984,-1.5347763299942017
22.2938671112060547,-57.0070610046386719,-1.5335708856582642
-20.2221031188964844,-51.0805587768554688,-1.5350914001464844
20.8782997131347656,-45.2892799377441406,-1.5359021425247192
12.4296083450317383,-33.6158714294433594,-1.5356076955795288
15.9317579269409180,-23.1506614685058594,-2.2483952045440674
1.3072855472564697,-8.4980525970458984,-1.5340753793716431
12.6885299682617188,-52.0588531494140625,-2.2472164630889893
-27.0857849121093750,-49.5589485168457031,-2.2462413311004639
-3.0541970729827881,-32.1905174255371094,-2.2498600482940674
-1.0288695096969604,-25.8329429626464844,-1.5337984561920166
3.2312555313110352,-33.3255538940429688,-2.2454049587249756
-12.2611370086669922,-17.0323543548583984,-2.2465736865997314
-29.8217563629150391,-56.3158607482910156,-1.5327528715133667
30.5173206329345703,-52.0031509399414063,-1.5365176200866699
27.7802143096923828,-55.6175956726074219,-1.5361206531524658
27.0619621276855469,-57.0041809082031250,-2.2440655231475830
2.8377196788787842,-41.9475364685058594,-2.2461798191070557
-12.2845563888549805,-19.3405818939208984,-2.2508590221405029
25.7211704254150391,-45.3421783447265625,-2.2428350448608398
13.3823900222778320,-42.4977493286132813,-1.5320396423339844
12.1918096542358398,-43.0256500244140625,-1.5289872884750366
7.5161423683166504,-38.2766838073730469,-1.5267120599746704
15.4279184341430664,-18.5224189758300781,-1.5348987579345703
-18.1838798522949219,-52.6333961486816406,-1.5357518196105957
-20.8556461334228516,-36.7629165649414063,-1.5359814167022705
16.8056526184082031,-15.9684190750122070,-1.5375192165374756
-11.7388725280761719,-20.5567665100097656,-2.2494356632232666
-11.9799890518188477,-55.5960578918457031,-1.5305681228637695
-21.5753612518310547,-52.4620208740234375,-1.5332595109939575
11.9497442245483398,-54.1562271118164063,-2.2415800094604492
32.5839576721191406,-56.2929420471191406,-2.2435553073883057
-21.5480747222900391,-35.7560462951660156,-1.5351275205612183
-34.6219177246093750,-56.3008880615234375,-2.2439427375793457
1.8615102767944336,-47.9934654235839844,-2.2492427825927734
-2.4942920207977295,-35.2638244628906250,-1.5338476896286011
0.7715287804603577,-7.1856479644775391,-2.2425398826599121
-12.0749664306640625,-25.3240108489990234,-2.2422564029693604
5.8190946578979492,-44.9184761047363281,-1.5268490314483643
27.7802753448486328,-47.7249069213867188,-2.2430713176727295
7.3833413124084473,-46.1391983032226563,-1.5321363210678101
7.2341408729553223,-54.2248001098632813,-2.2433629035949707
1.9699549674987793,-53.7026214599609375,-2.2602031230926514
-3.7775719165802002,-50.4270782470703125,-2.2490940093994141
-32.0973358154296875,-56.4941482543945313,-2.2460680007934570
-18.1783027648925781,-28.3215579986572266,-1.5388841629028320
-3.7781717777252197,-36.4677963256835938,-2.2526621818542480
17.5408649444580078,-39.4137916564941406,-2.2476749420166016
12.0565242767333984,-19.5344772338867188,-1.5307687520980835
-11.3183603286743164,-44.8761711120605469,-1.5348010063171387
-5.8185405731201172,-38.6384582519531250,-1.5321475267410278
17.4858779907226563,-37.0336532592773438,-2.2460629940032959
25.0152626037597656,-50.5845680236816406,-2.2439062595367432
18.1809730529785156,-23.6513442993164063,-2.2529506683349609
-16.4178733825683594,-27.0530719757080078,-2.2462253570556641
2.3940999507904053,-18.5850067138671875,-1.5311284065246582
4.3063302040100098,-10.1918153762817383,-1.5366923809051514
22.2930107116699219,-52.0645103454589844,-2.2456209659576416
-3.5028922557830811,-10.4959688186645508,-1.5322010517120361
2.4657411575317383,-36.5439300537109375,-2.2454166412353516
7.5537605285644531,-42.2675132751464844,-1.5358490943908691
-20.2147140502929688,-41.9791297912597656,-2.2439951896667480
10.6194810867309570,-37.4545822143554688,-2.2453951835632324
-10.6210918426513672,-42.4729156494140625,-2.2439551353454590
-11.7965288162231445,-43.7082061767578125,-1.5264174938201904
7.5854587554931641,-57.0061798095703125,-2.2452633380889893
-1.5186830759048462,-3.4291298389434814,-2.2414946556091309
-5.8214778900146484,-52.1377525329589844,-1.5351030826568604
6.9092922210693359,-30.5838375091552734,-2.2438941001892090
22.9779338836669922,-37.5664520263671875,-1.5377454757690430
22.9786643981933594,-46.4625282287597656,-1.5307612419128418
-7.6561770439147949,-18.2558364868164063,-1.5259830951690674
-18.1778850555419922,-37.4350433349609375,-1.5385984182357788
27.0886058807373047,-50.5582580566406250,-1.5339819192886353
5.8203883171081543,-25.8014869689941406,-1.5365250110626221
3.2630124092102051,-14.8354282379150391,-2.2425835132598877
22.9856529235839844,-54.8874549865722656,-1.5362534523010254
-3.7788126468658447,-57.0032005310058594,-2.2434306144714355
-32.0557479858398438,-51.7035827636718750,-2.2415692806243896
-16.1022777557373047,-49.1058807373046875,-1.5338174104690552
-22.2831707000732422,-39.1335830688476563,-1.5354243516921997
1.0131387710571289,-22.1330699920654297,-2.2489559650421143
-25.7024040222167969,-49.5492591857910156,-2.2459571361541748
-20.2180347442626953,-54.6110763549804688,-2.2431163787841797
13.3780250549316406,-26.5363349914550781,-1.5361368656158447
-1.7724131345748901,-33.1671791076660156,-1.5387344360351563
-11.1045064926147461,-31.4670619964599609,-1.5337512493133545
-12.3919105529785156,-33.4274139404296875,-2.2513430118560791
-8.5813159942626953,-57.0082778930664063,-2.2434244155883789
5.8149900436401367,-43.5986900329589844,-1.5234807729721069
-12.5175552368164063,-13.8796567916870117,-1.5387846231460571
-10.6142044067382813,-41.1222114562988281,-1.5276917219161987
8.5825691223144531,-27.3960762023925781,-2.2448747158050537
-1.0196595191955566,-40.2280616760253906,-1.5272668600082397
-10.6216869354248047,-14.8824615478515625,-1.5380194187164307
-26.4369220733642578,-57.0048599243164063,-2.2427809238433838
7.9008436203002930,-54.9602775573730469,-2.2509753704071045
5.8219137191772461,-28.4600944519042969,-2.2464592456817627
5.8150329589843750,-23.8230113983154297,-1.5333271026611328
6.5861706733703613,-10.1913614273071289,-1.5367913246154785
-7.8832001686096191,-21.0236797332763672,-2.2524621486663818
-3.7842819690704346,-45.3508720397949219,-1.5327279567718506
-6.4918642044067383,-16.5872364044189453,-1.5333337783813477
-16.3981285095214844,-25.3915252685546875,-1.5387316942214966
13.3811101913452148,-52.7693901062011719,-2.2458734512329102
-5.8234510421752930,-31.3013629913330078,-2.2430739402770996
-11.5752267837524414,-16.9937553405761719,-1.5331619977951050
-10.6218614578247070,-23.3069553375244141,-1.5302189588546753
-16.8031558990478516,-52.6307373046875000,-1.5354342460632324
36.4369468688964844,-55.8015670776367188,-2.2423963546752930
0.2051776647567749,-9.0317268371582031,-2.2436041831970215
26.4115486145019531,-51.9987068176269531,-2.2463347911834717
-17.5016632080078125,-31.1064949035644531,-2.2419471740722656
-12.5533037185668945,-11.6609649658203125,-2.2417159080505371
-34.6831855773925781,-53.4856910705566406,-2.2413005828857422
1.0224047899246216,-48.6613769531250000,-2.2476179599761963
-27.7868747711181641,-52.3716659545898438,-1.5343621969223022
1.0182259082794189,-55.6082611083984375,-1.5284981727600098
-12.0046749114990234,-47.7055015563964844,-2.2444217205047607
-22.9811344146728516,-52.4531211853027344,-1.5363712310791016
7.3001213073730469,-14.9398517608642578,-1.5330462455749512
-22.9841308593750000,-43.4076576232910156,-2.2444691658020020
-13.3822259902954102,-34.3394279479980469,-2.2525696754455566
-13.3787794113159180,-22.3042335510253906,-2.2432971000671387
3.0590987205505371,-51.8359794616699219,-2.2514300346374512
17.0950298309326172,-23.7599220275878906,-1.5342841148376465
26.4352951049804688,-42.4978599548339844,-1.5386202335357666
7.5067725181579590,-18.4350090026855469,-2.2481358051300049
3.0709245204925537,-21.4760761260986328,-2.2445263862609863
16.7963199615478516,-36.3326759338378906,-2.2435586452484131
-1.9987996816635132,-5.8930826187133789,-1.5385704040527344
-13.3822669982910156,-45.5634803771972656,-1.5342429876327515
16.7893276214599609,-25.7247333526611328,-1.5335756540298462
11.9984779357910156,-55.5746345520019531,-2.2464373111724854
1.0202200412750244,-42.3454093933105469,-1.5301704406738281
-13.3797845840454102,-24.0047721862792969,-1.5342817306518555
17.4861602783203125,-27.1453723907470703,-2.2463071346282959
29.8166713714599609,-54.8698806762695313,-2.2437217235565186
-7.4211587905883789,-22.4765682220458984,-2.2434792518615723
-3.7807712554931641,-25.7964820861816406,-2.2416291236877441
-7.6599617004394531,-14.6470308303833008,-1.5338997840881348
12.6870241165161133,-46.9103851318359375,-1.5358668565750122
13.3778085708618164,-44.8181114196777344,-1.5314784049987793
-1.0173848867416382,-32.5203361511230469,-1.5322878360748291
-30.1154994964599609,-49.5488357543945313,-2.2413070201873779
17.4876556396484375,-27.8471317291259766,-1.5362761020660400
17.3436641693115234,-19.2799491882324219,-2.2426218986511230
-16.7942333221435547,-33.4218139648437500,-2.2443177700042725
12.4161653518676758,-44.2025375366210938,-1.5271549224853516
6.8962259292602539,-28.2602996826171875,-2.2517728805541992
-3.0498330593109131,-16.0828895568847656,-1.5368266105651855
12.2032203674316406,-27.7311496734619141,-2.2491273880004883
-10.6204271316528320,-29.3249454498291016,-1.5319136381149292
-20.8948917388916016,-52.4906654357910156,-2.2500522136688232
-27.7817153930664063,-50.2720909118652344,-2.2430851459503174
-13.3843240737915039,-46.9921531677246094,-1.5353535413742065
-6.8896117210388184,-39.2698478698730469,-1.5338243246078491
-20.9110736846923828,-53.9021949768066406,-2.2452275753021240
17.4914112091064453,-32.0939254760742188,-1.5338593721389771
-3.7880041599273682,-53.4936180114746094,-1.5373160839080811
12.0141115188598633,-29.0633907318115234,-2.2514603137969971
3.7840538024902344,-31.3158359527587891,-2.2491357326507568
1.6384313106536865,-11.6126928329467773,-2.2464296817779541
-5.8214616775512695,-32.9343109130859375,-1.5223526954650879
-18.1840190887451172,-46.2771873474121094,-2.2431499958038330
11.8054523468017578,-30.5818042755126953,-1.5326972007751465
1.6901274919509888,-16.0518589019775391,-2.2426617145538330
2.3411822319030762,-4.4273037910461426,-2.2416596412658691
2.3771121501922607,-49.4002342224121094,-1.5307300090789795
-27.7832221984863281,-48.1369438171386719,-1.5370031595230103
16.7626628875732422,-57.0097389221191406,-2.2431762218475342
-13.3784675598144531,-13.6963758468627930,-2.2467947006225586
-8.5096445083618164,-35.5522384643554688,-1.5327801704406738
3.2136087417602539,-34.3139305114746094,-2.2444338798522949
-12.9230470657348633,-35.9644050598144531,-1.5310330390930176
-3.0993626117706299,-45.3327980041503906,-2.2465934753417969
12.7338342666625977,-38.1267509460449219,-2.2519106864929199
15.4156780242919922,-43.1626625061035156,-2.2486228942871094
1.0213962793350220,-44.0033187866210938,-2.2432384490966797
-21.5884418487548828,-40.5491561889648438,-2.2453749179840088
8.5776119232177734,-50.9706611633300781,-2.2466266155242920
-18.1867351531982422,-41.1702041625976563,-1.5272790193557739
11.3511781692504883,-48.4473037719726563,-1.5274909734725952
-15.4127073287963867,-49.0995750427246094,-2.2448506355285645
2.6872630119323730,-44.0857086181640625,-1.5316975116729736
11.3669052124023438,-10.5246686935424805,-1.5380569696426392
7.5573143959045410,-10.6332569122314453,-1.5386557579040527
-27.7843666076660156,-54.7208786010742188,-1.5262272357940674
-1.0188359022140503,-46.7628402709960938,-1.5365450382232666
-17.1856498718261719,-29.3326244354248047,-1.5349100828170776
27.7783508300781250,-57.0049476623535156,-1.5353968143463135
6.8136053085327148,-37.5850601196289063,-1.5343837738037109
-36.3618965148925781,-55.0966758728027344,-2.2424662113189697
22.2708530426025391,-39.2660751342773438,-1.5378612279891968
16.5132160186767578,-41.3260726928710938,-2.2453753948211670
-18.1779823303222656,-22.8680152893066406,-2.2425651550292969
18.1794929504394531,-39.6791000366210938,-1.5363783836364746
-3.3150022029876709,-28.6553878784179688,-1.5295242071151733
1.0206226110458374,-29.2368831634521484,-1.5358722209930420
-18.1814498901367188,-33.4096221923828125,-2.2444384098052979
-11.7828063964843750,-56.3215293884277344,-2.2413361072540283
11.9706935882568359,-54.8744354248046875,-1.5357809066772461
27.0747890472412109,-47.0207977294921875,-2.2442994117736816
5.8188652992248535,-29.1442298889160156,-1.5347164869308472
-22.4781246185302734,-36.3029365539550781,-1.5378296375274658
18.1831417083740234,-25.7158946990966797,-1.5362262725830078
17.4610271453857422,-24.3340759277343750,-2.2492189407348633
-11.4368782043457031,-33.7986030578613281,-2.2486219406127930
11.8112611770629883,-31.9482421875000000,-2.2477381229400635
-5.6873998641967773,-7.6832838058471680,-1.5378059148788452
7.0723938941955566,-35.1351089477539063,-1.5368347167968750
3.7801380157470703,-24.2827835083007813,-1.5356862545013428
11.3596334457397461,-49.1090545654296875,-2.2537891864776611
2.6827003955841064,-45.0820465087890625,-1.5342521667480469
11.7009811401367188,-17.1293087005615234,-1.5385024547576904
3.7803637981414795,-26.9506092071533203,-2.2476618289947510
10.6214742660522461,-27.0470752716064453,-2.2454464435577393
-8.5786905288696289,-14.3478393554687500,-2.2472023963928223
35.5205345153808594,-54.2241096496582031,-1.5385342836380005
12.2125740051269531,-10.4738845825195313,-2.2417981624603271
-12.2166452407836914,-23.4951419830322266,-1.5362919569015503
-11.3061923980712891,-51.9402122497558594,-1.5326374769210815
-26.4436187744140625,-45.2815856933593750,-1.5378419160842896
-20.2148799896240234,-43.3887367248535156,-2.2439575195312500
16.5335540771484375,-47.0487861633300781,-2.2481365203857422
15.9703922271728516,-45.1968536376953125,-2.2490396499633789
12.2205390930175781,-18.8728981018066406,-2.2468554973602295
-11.3111057281494141,-48.4104957580566406,-2.2453982830047607
12.5510196685791016,-40.5091361999511719,-1.5336667299270630
15.4224452972412109,-21.2971229553222656,-1.5366667509078979
1.7090276479721069,-57.0073394775390625,-2.2456228733062744
9.6912183761596680,-9.3700609207153320,-1.5367530584335327
-13.3826608657836914,-27.0355453491210938,-2.2451412677764893
12.5610046386718750,-12.2814083099365234,-1.5351437330245972
13.3809776306152344,-36.6645317077636719,-1.5354299545288086
5.8203701972961426,-19.4398136138916016,-2.2466647624969482
17.0031394958496094,-16.6480140686035156,-2.2415552139282227
13.3789892196655273,-39.9520416259765625,-1.5382524728775024
-18.1760215759277344,-23.5713481903076172,-1.5366479158401489
15.4159669876098633,-31.3816833496093750,-1.5358898639678955
-15.4156837463378906,-36.9595184326171875,-1.5364246368408203
-21.5798931121826172,-47.6349449157714844,-2.2473802566528320
6.0123481750488281,-34.5592803955078125,-1.5383753776550293
-18.1848297119140625,-50.5112686157226563,-2.2446181774139404
-7.8488607406616211,-48.0967559814453125,-2.2473342418670654
-22.2675209045410156,-51.7571868896484375,-1.5354107618331909
-8.5801553726196289,-43.5623397827148438,-1.5373610258102417
11.7386550903320313,-26.8319301605224609,-2.2492141723632813
3.7791285514831543,-42.3013801574707031,-1.5340842008590698
-25.6906089782714844,-50.9810676574707031,-2.2472333908081055
2.6433138847351074,-16.0391845703125000,-1.5332376956939697
1.4855403900146484,-40.8475723266601563,-2.2469947338104248
-20.2179813385009766,-40.5445823669433594,-2.2451741695404053
-22.1181716918945313,-37.6628150939941406,-2.2468581199645996
-26.3928813934326172,-48.8406677246093750,-2.2452762126922607
5.8216643333435059,-55.6235008239746094,-2.2469627857208252
2.4200642108917236,-10.6486310958862305,-1.5341705083847046
-4.4924292564392090,-10.3620920181274414,-1.5400025844573975
-16.7880096435546875,-49.8187408447265625,-1.5333518981933594
5.8208823204040527,-20.4332084655761719,-2.2461948394775391
1.0136890411376953,-47.9834938049316406,-1.5278520584106445
17.4752941131591797,-25.0178604125976563,-1.5351479053497314
-6.2996335029602051,-43.2163658142089844,-1.5345276594161987
-20.2189006805419922,-51.7679061889648438,-2.2455995082855225
12.2503528594970703,-48.0381240844726563,-1.5227628946304321
31.2013969421386719,-57.0065002441406250,-1.5342500209808350
-10.6194620132446289,-34.3597145080566406,-2.2464835643768311
-3.7699742317199707,-30.8253726959228516,-1.5314337015151978
18.1806335449218750,-56.3120040893554688,-1.5329495668411255
21.6079864501953125,-49.9311332702636719,-2.2448360919952393
-12.0078964233398438,-49.1148948669433594,-2.2441067695617676
17.4638061523437500,-19.9741172790527344,-1.5379347801208496
16.8081092834472656,-33.5225372314453125,-2.2457294464111328
-37.4740371704101563,59.2838249206542969,-1.5388996601104736
1.5135444402694702,-44.4989242553710938,-1.5340598821640015
13.3786897659301758,-57.0033760070800781,-2.2421755790710449
1.2352702617645264,-16.9401741027832031,-2.2420513629913330
-6.4126763343811035,-47.4353637695312500,-1.5352427959442139
-16.9839935302734375,-22.6981239318847656,-2.2413132190704346
7.9958815574645996,-5.6919717788696289,-2.2415754795074463
-22.2971343994140625,-42.6888008117675781,-2.2464838027954102
27.0649948120117188,-56.3081550598144531,-1.5340535640716553
13.3764991760253906,-29.8600311279296875,-2.2159142494201660
-2.1440877914428711,-9.6094427108764648,-2.2422399520874023
-8.5819196701049805,-19.3297348022460938,-2.2454979419708252
-17.2191219329833984,-43.6633605957031250,-2.2600507736206055
27.7854309082031250,-51.2661628723144531,-1.5360130071640015
18.1824760437011719,-50.7570457458496094,-1.5372360944747925
-6.6804876327514648,-7.5761499404907227,-1.5388215780258179
-6.0785975456237793,-10.4408836364746094,-1.5378725528717041
18.1779918670654297,-16.8207302093505859,-1.5383539199829102
-3.0401246547698975,-21.1172637939453125,-1.5324450731277466
26.3313999176025391,-55.6303977966308594,-1.5387631654739380
12.0325975418090820,-34.3311080932617188,-2.2441182136535645
20.9013309478759766,-54.8956909179687500,-2.2475640773773193
-3.7776155471801758,-19.7738895416259766,-2.2497725486755371
-8.2240257263183594,-54.0525283813476563,-1.5319266319274902
-7.7917413711547852,-24.8175754547119141,-2.2443556785583496
-16.1039066314697266,-51.2268333435058594,-2.2466917037963867
-10.6200418472290039,-27.3487491607666016,-1.5326403379440308
25.0215816497802734,-46.7928733825683594,-1.5386763811111450
11.2934255599975586,-19.2350082397460938,-2.2444639205932617
-2.3961412906646729,-46.7607383728027344,-1.5337640047073364
21.5256519317626953,-40.6628379821777344,-2.2446153163909912
-5.8197574615478516,-35.5607185363769531,-2.2434525489807129
-31.0900058746337891,-50.4729003906250000,-2.2429747581481934
-13.3813982009887695,-37.4613800048828125,-2.2469718456268311
4.1849360466003418,-6.6838054656982422,-2.2421624660491943
1.6415332555770874,-50.6085281372070313,-2.2504224777221680
1.7048560380935669,-49.6122741699218750,-2.2400064468383789
12.6841154098510742,-34.5760269165039063,-1.5335901975631714
-3.7782268524169922,-44.3654785156250000,-1.5318821668624878
-8.5918426513671875,-10.7593345642089844,-2.2417411804199219
-6.2713117599487305,-31.8433551788330078,-1.5264599323272705
21.7213115692138672,-42.4832649230957031,-2.2444655895233154
-25.7272796630859375,-45.2678298950195313,-2.2423057556152344
13.3796176910400391,-46.1921958923339844,-1.5338454246520996
-8.3669910430908203,-45.1496467590332031,-2.2600722312927246
-6.7287521362304688,-18.6157760620117188,-2.2477910518646240
-5.8234624862670898,-18.9190692901611328,-1.5387613773345947
-13.3817148208618164,-38.8735427856445313,-2.2441139221191406
8.5800981521606445,-44.3228492736816406,-1.5273033380508423
-13.3776235580444336,-28.5894947052001953,-2.2428164482116699
-1.0515041351318359,-11.8408813476562500,-1.5349726676940918
-7.5895891189575195,-41.0339660644531250,-2.2425861358642578
5.2584733963012695,-8.9567794799804688,-1.5350486040115356
-3.1086878776550293,-47.4581108093261719,-1.5333719253540039
1.0211906433105469,-31.2243423461914063,-1.6058298349380493
-3.7784731388092041,-13.7501249313354492,-2.2445936203002930
-16.7933063507080078,-49.0964698791503906,-2.2464509010314941
-10.6118831634521484,-56.0387649536132813,-2.2485518455505371
-6.8856773376464844,-33.5358810424804688,-2.2436718940734863
-3.0227029323577881,-37.1206817626953125,-2.2484853267669678
3.7834663391113281,-20.7871189117431641,-2.2422797679901123
-10.6141767501831055,-47.7063179016113281,-2.2436287403106689
22.9839191436767578,-52.7777900695800781,-2.2438163757324219
-36.5871086120605469,-57.0018157958984375,-1.5383217334747314
-5.8208045959472656,-51.1427917480468750,-1.5364005565643311
-6.9742760658264160,-41.3665351867675781,-1.5337882041931152
-31.8756065368652344,-55.3128051757812500,-1.5353496074676514
-7.1549181938171387,-57.0074424743652344,-2.2451579570770264
-4.0847473144531250,-6.5072031021118164,-2.2393071651458740
5.8140983581542969,-50.4780044555664063,-2.2528476715087891
-20.2169437408447266,-44.8243293762207031,-2.2461853027343750
2.7141153812408447,-38.7880554199218750,-2.2519183158874512
16.7991199493408203,-50.7265205383300781,-1.5309075117111206
-38.1840095520019531,59.2732582092285156,-2.2412045001983643
5.8184790611267090,-17.0548400878906250,-2.2511699199676514
-7.1215653419494629,-46.7409706115722656,-1.5323084592819214
-8.1220855712890625,-31.0356960296630859,-1.5295768976211548
4.2908053398132324,-9.1941213607788086,-1.5371084213256836
1.7294677495956421,-48.6610794067382813,-1.5352200269699097
36.1577758789062500,-56.4485321044921875,-1.5371220111846924
8.5805330276489258,-42.0597496032714844,-1.5241023302078247
-30.7441272735595703,-51.7945060729980469,-2.2413349151611328
17.4969997406005859,-29.9746150970458984,-2.2471351623535156
11.2886905670166016,-28.2745704650878906,-2.2410736083984375
-22.9868221282958984,-50.3987464904785156,-2.2506332397460938
-3.0913858413696289,-52.7960357666015625,-1.5333250761032104
1.0175089836120605,-40.3697929382324219,-1.5225518941879272
-17.4899024963378906,-51.2181625366210938,-2.2445631027221680
13.5209245681762695,-11.4874448776245117,-1.5385767221450806
1.0212036371231079,-47.3223838806152344,-2.2524003982543945
7.2219295501708984,-47.1211242675781250,-1.5308536291122437
27.0738601684570313,-54.9145355224609375,-1.5372084379196167
-13.3869123458862305,-49.1267318725585938,-2.2460267543792725
22.8754558563232422,-47.1301002502441406,-2.2502126693725586
17.4719352722167969,-54.2654876708984375,-1.5344408750534058
-11.0905342102050781,-14.3601484298706055,-2.2449493408203125
3.7809102535247803,-22.1728096008300781,-2.2426891326904297
3.7775731086730957,-17.7203083038330078,-1.5312821865081787
6.8896512985229492,-16.5570850372314453,-2.2488274574279785
2.3790788650512695,-21.4781036376953125,-1.5310620069503784
1.0175526142120361,-27.2634963989257813,-1.5347460508346558
-16.1147174835205078,-34.1521110534667969,-2.2469477653503418
1.0158896446228027,-17.9116134643554688,-2.2457056045532227
-0.2686447799205780,-6.9297618865966797,-1.5383260250091553
11.3206119537353516,-57.0076103210449219,-1.5327105522155762
0.4946787357330322,-9.9834499359130859,-2.2458906173706055
20.9030113220214844,-53.4722251892089844,-2.2477235794067383
13.3779125213623047,-53.4587974548339844,-1.5334261655807495
7.5500984191894531,-5.1420073509216309,-1.5377911329269409
-2.3950173854827881,-46.0386085510253906,-2.2470362186431885
13.3777379989624023,-13.5318861007690430,-2.2467679977416992
-20.8994045257568359,-44.8021697998046875,-1.5320328474044800
10.6191377639770508,-40.2039604187011719,-2.2494993209838867
1.6692314147949219,-22.8835716247558594,-2.2444937229156494
5.8839907646179199,-49.8247909545898438,-1.5251187086105347
-15.4208669662475586,-40.0567321777343750,-2.2451927661895752
-5.8164205551147461,-45.0490913391113281,-1.5355417728424072
29.8532543182373047,-49.1277351379394531,-1.5387450456619263
3.5460851192474365,-3.2794380187988281,-1.5386382341384888
3.1843857765197754,-45.5516052246093750,-2.2505795955657959
27.7843856811523438,-53.5089187622070313,-2.2472236156463623
20.9244441986083984,-48.5270118713378906,-1.5339590311050415
-5.8223681449890137,-40.1721191406250000,-1.7081261873245239
20.3745861053466797,-36.5913276672363281,-2.2413527965545654
-27.7778053283691406,-45.7228240966796875,-1.5386487245559692
7.9920296669006348,-38.7484626770019531,-2.2490053176879883
-6.8778777122497559,-54.7225227355957031,-2.2445197105407715
21.0371990203857422,-43.2050895690917969,-2.2423756122589111
-3.0875334739685059,-46.7444000244140625,-2.2452030181884766
-6.7044887542724609,-17.2439956665039063,-2.2462871074676514
-3.7812690734863281,-39.1390190124511719,-2.2451138496398926
-18.1776447296142578,-57.0034751892089844,-2.2430307865142822
-10.6145772933959961,-48.4091186523437500,-1.5361032485961914
6.6907649040222168,-17.8757629394531250,-2.2453274726867676
-10.6193609237670898,-16.5782032012939453,-2.2459695339202881
21.5882015228271484,-54.1854896545410156,-2.2441456317901611
-5.8172359466552734,-46.7782630920410156,-2.2485835552215576
-25.0204715728759766,-56.3132743835449219,-1.5339646339416504
-12.6939144134521484,-46.9968147277832031,-2.2474360466003418
-3.1125597953796387,-22.6018905639648438,-1.5328797101974487
-6.6266465187072754,-42.2876052856445313,-1.5373303890228271
-3.7835028171539307,-22.4677352905273438,-2.2477164268493652
18.1917953491210938,-37.7148551940917969,-2.2439212799072266
-1.0266039371490479,-17.3122978210449219,-1.5367124080657959
31.8914489746093750,-55.5791397094726563,-2.2462019920349121
-1.0194196701049805,-43.2236213684082031,-2.2483460903167725
1.6773203611373901,-22.1836051940917969,-1.5300716161727905
6.5225496292114258,-47.1453933715820313,-2.2415471076965332
-1.0082726478576660,-50.7139282226562500,-1.5192857980728149
-8.5823211669921875,-40.9380073547363281,-2.2439417839050293
-13.3803300857543945,-36.4745063781738281,-2.2441544532775879
-4.6974468231201172,-9.6089591979980469,-2.2444543838500977
-1.7225513458251953,-57.0038261413574219,-1.5345313549041748
-18.1814022064208984,-31.3011455535888672,-1.5379723310470581
-6.2435336112976074,-46.2782211303710938,-1.5264992713928223
12.6924562454223633,-35.2639541625976563,-2.2462031841278076
-1.0206464529037476,-35.2483901977539063,-1.5277860164642334
12.6657819747924805,-13.5340194702148438,-1.5378541946411133
-11.9015655517578125,-31.5615100860595703,-2.2450587749481201
18.1809825897216797,-44.3187332153320313,-2.2459805011749268
2.6147420406341553,-32.9813957214355469,-1.5388040542602539
-17.2199878692626953,-40.9737510681152344,-1.5347865819931030
-0.6333946585655212,-8.4725885391235352,-2.2444012165069580
1.7251608371734619,-13.9983463287353516,-1.5373940467834473
29.8219242095947266,-51.2864341735839844,-1.5375512838363647
-8.5039052963256836,-12.1037311553955078,-2.2442750930786133
20.9097785949707031,-57.0083160400390625,-1.5344617366790771
-15.4216613769531250,-25.5993785858154297,-1.5348746776580811
-25.0142765045166016,-55.6206512451171875,-2.2443671226501465
16.1263389587402344,-52.1130332946777344,-2.2512991428375244
13.2781858444213867,-12.1511993408203125,-2.2431032657623291
-22.2458744049072266,-50.3993034362792969,-1.5282754898071289
8.5801162719726563,-57.0020179748535156,-2.2418806552886963
3.7784891128540039,-41.6130180358886719,-2.2448091506958008
12.9099960327148438,-31.3740234375000000,-1.5314255952835083
-21.2186393737792969,-51.1422958374023438,-1.5379781723022461
-8.5666456222534180,-42.5783500671386719,-1.5299261808395386
-17.3364238739013672,-25.7502269744873047,-1.5361924171447754
1.2272762060165405,-35.9153518676757813,-2.2413752079010010
-20.2206592559814453,-49.4008140563964844,-2.2456383705139160
-12.2261772155761719,-26.1766853332519531,-1.5580861568450928
8.5790367126464844,-16.5036144256591797,-1.5377067327499390
-11.3368606567382813,-35.0540351867675781,-2.2429859638214111
-5.8201737403869629,-34.5709533691406250,-2.2455196380615234
3.2315015792846680,-35.3023376464843750,-2.2441322803497314
26.4226875305175781,-53.4100036621093750,-2.2448403835296631
15.4170532226562500,-45.5623893737792969,-1.5262968540191650
10.6155061721801758,-47.7811203002929688,-1.5277302265167236
2.9769802093505859,-5.9676632881164551,-1.5352655649185181
-15.4187183380126953,-34.1520576477050781,-1.5372365713119507
20.2181529998779297,-48.5221443176269531,-2.2438962459564209
-31.5323314666748047,-51.0204086303710938,-1.5369865894317627
-25.7043476104736328,-50.2623291015625000,-1.5322347879409790
-15.4217576980590820,-38.6676025390625000,-2.2432415485382080
-1.0218396186828613,-52.0669097900390625,-1.5352187156677246
13.3823909759521484,-44.1421546936035156,-2.2512621879577637
3.7624788284301758,-10.6974172592163086,-2.2445192337036133
-20.2160987854003906,-47.6200599670410156,-2.2479307651519775
8.5848283767700195,-34.4071960449218750,-1.5308353900909424
-1.0422577857971191,-38.2327957153320313,-2.2538387775421143
27.0967178344726563,-51.9778671264648438,-1.5330632925033569
-1.0186502933502197,-21.7226581573486328,-2.2482199668884277
-1.7304064035415649,-17.3125743865966797,-2.2450733184814453
34.6220092773437500,-55.5989227294921875,-2.2431051731109619
-3.2845718860626221,-29.6506061553955078,-1.5367951393127441
-13.3846082687377930,-49.8258171081542969,-1.5360941886901855
12.3896083831787109,-36.0200614929199219,-1.5384025573730469
-17.4917449951171875,-34.1290664672851563,-2.2446622848510742
2.4302308559417725,-15.3841180801391602,-2.2450182437896729
6.7847485542297363,-28.9189624786376953,-1.5312286615371704
8.0830507278442383,-47.7493820190429688,-1.5380687713623047
-10.6214551925659180,-13.8425703048706055,-1.5367480516433716
-5.1588625907897949,-11.1054878234863281,-1.5372008085250854
16.0927009582519531,-55.5884971618652344,-1.5277867317199707
21.9526863098144531,-47.8725547790527344,-2.2422046661376953
22.9841136932373047,-57.0047340393066406,-2.2441780567169189
9.7297983169555664,-7.3207030296325684,-1.5382055044174194
18.1826286315917969,-25.0159759521484375,-2.2443354129791260
1.7094447612762451,-14.7038002014160156,-2.2419869899749756
11.3644971847534180,-51.0736770629882813,-1.5307220220565796
-2.6324775218963623,-28.6633319854736328,-2.2488925457000732
-3.7022962570190430,-14.7382402420043945,-2.2479667663574219
13.0227222442626953,-9.8888692855834961,-2.2412426471710205
37.3008689880371094,-55.5982589721679688,-1.5369926691055298
29.8193054199218750,-52.7173004150390625,-1.5362399816513062
-12.4028062820434570,-20.7642173767089844,-1.5365282297134399
21.7893104553222656,-44.5949897766113281,-1.5333057641983032
3.3224525451660156,-18.9135208129882813,-1.5310914516448975
-11.8474559783935547,-10.9560270309448242,-2.2413296699523926
-22.2871437072753906,-57.0059356689453125,-1.5337656736373901
-21.5974502563476563,-53.1861572265625000,-2.2462172508239746
-3.4320306777954102,-6.2096004486083984,-1.5380418300628662
-13.3833036422729492,-42.1952781677246094,-1.5353753566741943
18.1041564941406250,-45.9594841003417969,-1.5298860073089600
-25.0218391418457031,-52.5216941833496094,-1.5360403060913086
-3.0706357955932617,-25.8173122406005859,-1.5289762020111084
16.1073780059814453,-53.7265548706054688,-2.2430129051208496
-16.1182804107666016,-31.3085632324218750,-2.2447941303253174
-16.8055534362792969,-32.0224075317382813,-2.2475264072418213
-27.0736789703369141,-52.3803062438964844,-2.2468099594116211
-21.9650821685791016,-55.4416961669921875,-1.8753385543823242
-15.4212551116943359,-56.3608207702636719,-1.5217980146408081
-20.2167835235595703,-53.9075088500976563,-1.5360008478164673
-13.3764991760253906,-16.4719314575195313,-2.2466077804565430
12.0815677642822266,-57.0144577026367188,-2.2441537380218506
-8.5792264938354492,-52.8104858398437500,-1.5301800966262817
13.3811988830566406,-12.8417577743530273,-1.5346438884735107
30.5053195953369141,-54.1503219604492188,-2.2463874816894531
-1.0189734697341919,-48.8788185119628906,-2.2510139942169189
1.0205008983612061,-34.9043426513671875,-2.2430369853973389
-16.8036060333251953,-53.3330421447753906,-2.2473337650299072
15.4211921691894531,-57.0055885314941406,-2.2442710399627686
-12.2045269012451172,-22.7976531982421875,-2.2472980022430420
-27.7820987701416016,-50.9802780151367188,-1.5368834733963013
-1.7260947227478027,-55.6159934997558594,-1.5343978404998779
-1.8299210071563721,-30.3903656005859375,-2.2527391910552979
-6.4663190841674805,-44.8257827758789063,-2.2569530010223389
-7.2400093078613281,-25.2403869628906250,-1.5344846248626709
-13.3783035278320313,-39.7404098510742188,-1.6060589551925659
-11.3422994613647461,-13.1482315063476563,-1.5349797010421753
22.9797611236572266,-45.0769920349121094,-1.5358136892318726
-3.0120451450347900,-12.4363546371459961,-1.5363336801528931
15.4150485992431641,-34.9191093444824219,-2.2443666458129883
-1.0212285518646240,-29.8086605072021484,-2.2412776947021484
2.8664298057556152,-5.2765111923217773,-2.2428209781646729
-5.3891830444335938,-9.7234334945678711,-1.5364367961883545
-3.7840633392333984,-52.7887763977050781,-2.2450668811798096
8.5778760910034180,-24.1882896423339844,-2.2418701648712158
12.7532062530517578,-38.8321418762207031,-1.5349837541580200
20.2222042083740234,-37.9897956848144531,-2.2416880130767822
12.4285774230957031,-32.2414627075195313,-1.5329053401947021
-8.5722808837890625,-32.2091064453125000,-1.5332723855972290
10.6195726394653320,-21.0272045135498047,-1.5360791683197021
20.9549388885498047,-47.8517456054687500,-2.2515101432800293
-8.5773057937622070,-56.3166046142578125,-1.5339044332504272
-1.0184787511825562,-52.7616119384765625,-2.2449491024017334
-27.0869693756103516,-48.1350669860839844,-2.2446067333221436
0.0414498522877693,-8.3084697723388672,-1.5334346294403076
3.7781882286071777,-32.7460556030273438,-1.5916364192962646
-8.3006420135498047,-15.6536340713500977,-2.2505929470062256
-10.6159296035766602,-21.2946605682373047,-2.2520949840545654
1.0215755701065063,-43.0156364440917969,-2.2477812767028809
-12.0482749938964844,-36.4261207580566406,-1.5363124608993530
-5.8213901519775391,-37.2452545166015625,-1.5348528623580933
-3.7791919708251953,-43.7004432678222656,-2.2506134510040283
32.5831718444824219,-54.1558570861816406,-1.5368885993957520
-5.8214526176452637,-17.4843997955322266,-1.5388506650924683
26.3611812591552734,-57.0065460205078125,-1.5372250080108643
-17.4686298370361328,-23.5711364746093750,-2.2419915199279785
17.4994029998779297,-37.7479438781738281,-1.5328569412231445
-0.4796782433986664,-9.1581745147705078,-1.5362395048141479
21.4845809936523438,-45.6311798095703125,-2.2483396530151367
-16.7967090606689453,-54.0658531188964844,-1.5316038131713867
17.0304393768310547,-39.8696937561035156,-1.5331102609634399
-7.8726482391357422,-56.3202629089355469,-2.2461364269256592
6.3057236671447754,-25.3014583587646484,-2.2485558986663818
1.7223303318023682,-25.2081222534179688,-1.5354095697402954
-7.5951695442199707,-40.0259361267089844,-2.2532722949981689
-32.1244659423828125,-50.6437149047851563,-2.2436168193817139
10.6148481369018555,-53.0613136291503906,-1.5302979946136475
35.4645919799804688,-56.3140449523925781,-2.2432029247283936
11.5713415145874023,-27.4811744689941406,-1.5300439596176147
30.5090084075927734,-55.5822868347167969,-2.2460482120513916
-30.5108470916748047,-52.4636154174804688,-1.5381441116333008
-10.6183195114135742,-30.9955425262451172,-2.2471816539764404
-17.4844608306884766,-32.0043792724609375,-1.5324535369873047
-2.0163679122924805,-14.7628650665283203,-1.5347291231155396
15.4210567474365234,-17.8238124847412109,-2.2424931526184082
17.4753303527832031,-53.5665473937988281,-2.2451641559600830
17.1883354187011719,-45.3695068359375000,-2.2474429607391357
-21.6053142547607422,-41.9742240905761719,-2.2448294162750244
-7.4347982406616211,-21.5062160491943359,-1.5256229639053345
-32.5797233581542969,-52.8930091857910156,-2.2432973384857178
1.4409409761428833,-2.9893755912780762,-1.5386216640472412
12.6165561676025391,-41.1980819702148438,-2.2457661628723145
2.8277196884155273,-37.4690666198730469,-2.2508335113525391
17.1914482116699219,-44.3809509277343750,-2.2495141029357910
10.6216773986816406,-52.4043960571289063,-2.2555437088012695
-13.2895326614379883,-31.3711833953857422,-2.2425696849822998
-8.0976295471191406,-49.9426765441894531,-2.2449185848236084
11.9972696304321289,-46.9100227355957031,-2.2520544528961182
-21.2023849487304688,-38.9377288818359375,-1.5374735593795776
3.7823874950408936,-15.3529300689697266,-1.5315607786178589
22.9790744781494141,-41.3581581115722656,-1.5329513549804688
-5.8217782974243164,-28.6269626617431641,-2.2544708251953125
25.7294178009033203,-54.7957000732421875,-1.5292389392852783
-11.3372726440429688,-17.9594116210937500,-1.5382364988327026
-22.9779567718505859,-36.8063125610351563,-2.2423067092895508
-12.6125354766845703,-30.0383663177490234,-1.5387829542160034
3.0501108169555664,-53.1931076049804688,-2.2434556484222412
6.8187928199768066,-41.3418540954589844,-2.2453210353851318
-12.0032262802124023,-48.4078788757324219,-1.5346438884735107
-2.4564182758331299,-18.0003509521484375,-2.2458865642547607
8.3611364364624023,-10.5316619873046875,-2.2421331405639648
-20.7481842041015625,-50.6128234863281250,-2.2419655323028564
16.0996723175048828,-26.4311618804931641,-1.5331797599792480
-1.0188846588134766,-29.1011695861816406,-1.5373636484146118
11.7119178771972656,-15.0525121688842773,-2.2413489818572998
-10.6220626831054688,-24.6726207733154297,-1.5335047245025635
-25.0192260742187500,-46.6810646057128906,-1.5364446640014648
6.4562211036682129,-32.9431037902832031,-2.2473478317260742
11.7084827423095703,-32.9298820495605469,-1.5370297431945801
-6.3140339851379395,-36.0442543029785156,-1.5324693918228149
5.8206171989440918,-30.8110065460205078,-2.2485215663909912
2.7241578102111816,-47.1256637573242188,-1.5273133516311646
-7.4322972297668457,-31.0178871154785156,-2.2445466518402100
18.1802196502685547,-41.6669692993164063,-1.5363626480102539
3.7823400497436523,-18.4014892578125000,-2.2467343807220459
36.2058143615722656,-54.4063072204589844,-2.2417345046997070
-3.0478849411010742,-19.0924243927001953,-2.2461678981781006
22.9820690155029297,-47.8040809631347656,-1.5330733060836792
17.4772624969482422,-15.7595748901367188,-2.2430393695831299
12.1631650924682617,-9.7672204971313477,-1.5386526584625244
-30.5394935607910156,-54.9456291198730469,-2.2444415092468262
-32.2020568847656250,-49.1796607971191406,-1.5382469892501831
3.3179571628570557,-15.8317441940307617,-2.2493162155151367
-1.7809619903564453,-40.2526168823242188,-2.2494490146636963
0.0815093740820885,-11.0551452636718750,-1.5379062891006470
2.8350062370300293,-47.7849464416503906,-2.2495560646057129
5.8742623329162598,-8.6414041519165039,-2.2467162609100342
11.4769878387451172,-43.0962944030761719,-2.2509326934814453
-22.9808673858642578,-46.9274063110351563,-1.5361694097518921
-27.7773265838623047,-44.0175247192382813,-2.2416234016418457
-1.0213613510131836,-42.5548400878906250,-1.5278122425079346
25.0172157287597656,-51.2898139953613281,-1.5365641117095947
-21.5668087005615234,-48.3351707458496094,-1.5371825695037842
25.0180263519287109,-54.7932319641113281,-2.2500257492065430
-6.9568872451782227,-23.3598079681396484,-2.2446901798248291
-3.7801034450531006,-24.1184997558593750,-1.5292503833770752
1.0214896202087402,-26.5828685760498047,-2.2494308948516846
-16.7967166900634766,-32.7187309265136719,-1.5367408990859985
-5.8207030296325684,-45.7424087524414063,-2.2459433078765869
-1.0222048759460449,-15.9039850234985352,-1.5377259254455566
5.8210101127624512,-39.3458137512207031,-2.2413296699523926
25.7182369232177734,-52.7055358886718750,-2.2444841861724854
26.3795642852783203,-54.9187164306640625,-2.2500469684600830
18.1625900268554688,-20.9676303863525391,-2.2440199851989746
-22.9864444732666016,-45.5121841430664063,-1.5356190204620361
-25.0135383605957031,-50.2610549926757813,-2.2440392971038818
-12.0060281753540039,-49.8129997253417969,-1.5327748060226440
-7.8122453689575195,-36.8605346679687500,-2.2413556575775146
-32.5783309936523438,-57.0039329528808594,-1.5382984876632690
3.3046326637268066,-43.7995719909667969,-2.2499387264251709
-3.7778732776641846,-21.1158428192138672,-2.2506194114685059
-12.6909818649291992,-37.4291725158691406,-1.5343203544616699
-2.1874499320983887,-10.6421575546264648,-1.5374088287353516
36.3049507141113281,-55.1076278686523438,-1.5381822586059570
-17.2128543853759766,-42.6325531005859375,-2.2500028610229492
25.0214252471923828,-43.9252929687500000,-1.5374735593795776
-6.3186459541320801,-44.1956748962402344,-1.5261701345443726
8.7364454269409180,-4.2648792266845703,-1.6031177043914795
-8.5785322189331055,-33.5748786926269531,-1.5338295698165894
1.7489531040191650,-46.6484832763671875,-2.2519755363464355
-10.6158199310302734,-45.5795326232910156,-1.5365390777587891
-27.0707321166992188,-54.0398483276367188,-1.5338736772537231
32.5819740295410156,-53.4327888488769531,-2.2436966896057129
-3.3002922534942627,-3.9552741050720215,-1.5388326644897461
20.2152557373046875,-52.0594139099121094,-1.5364179611206055
35.4417266845703125,-55.6101570129394531,-1.5377600193023682
16.8013191223144531,-32.0999717712402344,-2.2460317611694336
-2.0650348663330078,-13.7661743164062500,-1.5342539548873901
12.0564775466918945,-39.5366058349609375,-1.5352230072021484
2.1357920169830322,-40.0945205688476563,-2.2430667877197266
-6.3261208534240723,-20.1399784088134766,-1.5374826192855835
-5.8208818435668945,-57.0054626464843750,-1.5371150970458984
-12.6274223327636719,-39.5662612915039063,-2.2413229942321777
17.4759063720703125,-51.4577293395996094,-1.5376909971237183
1.9340430498123169,-9.7764272689819336,-1.5421905517578125
16.3020362854003906,-17.3593482971191406,-2.2430527210235596
-13.3823566436767578,-26.3528728485107422,-1.5308035612106323
-17.1950225830078125,-30.3438167572021484,-1.5342966318130493
17.4932060241699219,-33.5125427246093750,-1.5330046415328979
13.3800334930419922,-27.2342967987060547,-2.2462391853332520
-25.7146816253662109,-46.6928901672363281,-2.2447550296783447
11.8168354034423828,-41.2615737915039063,-1.5387147665023804
16.4035701751708984,-43.2822341918945313,-2.2444574832916260
11.2535800933837891,-11.2222490310668945,-2.2418074607849121
5.8428850173950195,-44.2550888061523438,-2.2529215812683105
-8.5874090194702148,-45.7531242370605469,-1.5303812026977539
0.6295455098152161,-6.4944653511047363,-1.5382510423660278
-26.3892898559570313,-50.2699165344238281,-2.2459735870361328
-30.5361728668212891,-56.3172836303710938,-2.2483634948730469
-1.2170579433441162,-10.8614730834960938,-1.5363818407058716
15.4157676696777344,-27.8542480468750000,-2.2433362007141113
11.3122138977050781,-23.4380722045898438,-2.2459070682525635
-7.2765202522277832,-19.8254299163818359,-2.2476522922515869
-18.1822490692138672,-45.5789070129394531,-1.5351510047912598
8.5792875289916992,-20.5999374389648438,-2.2429716587066650
-6.8073396682739258,-14.4708509445190430,-2.2460339069366455
-12.4619493484497070,-40.9604682922363281,-2.2450470924377441
20.9041919708251953,-52.7733535766601563,-1.5339425802230835
-10.6253423690795898,-55.3737373352050781,-1.5261225700378418
-3.7112429141998291,-12.3819789886474609,-2.2466528415679932
8.5843439102172852,-45.6312408447265625,-1.5267376899719238
4.8853421211242676,-6.6036543846130371,-1.5371561050415039
-34.6220016479492188,-55.6017990112304688,-1.5364956855773926
6.9247961044311523,-24.6247043609619141,-1.5363317728042603
8.9339818954467773,-10.1204719543457031,-1.5375258922576904
3.7802360057830811,-50.8123474121093750,-1.5320270061492920
-3.0487878322601318,-24.1366882324218750,-2.2447905540466309
16.6259326934814453,-44.9481849670410156,-1.5384613275527954
-15.4176635742187500,-36.2614974975585938,-2.2445528507232666
-15.4206371307373047,-30.5983238220214844,-2.2442889213562012
-6.1270895004272461,-41.7917594909667969,-2.2427225112915039
-7.9214472770690918,-10.0191087722778320,-2.2412614822387695
-13.3872098922729492,-46.2912063598632813,-2.2429420948028564
22.9798431396484375,-45.7779655456542969,-2.2452666759490967
-7.6571965217590332,-15.9073095321655273,-1.5319885015487671
7.9622721672058105,-23.2349205017089844,-2.2536118030548096
1.7214331626892090,-20.7301521301269531,-1.5372375249862671
6.5813188552856445,-56.3253211975097656,-2.2443227767944336
1.0208396911621094,-44.9919128417968750,-2.2425227165222168
17.4661369323730469,-18.5865192413330078,-1.5361248254776001
-0.6303718090057373,-11.2476186752319336,-2.2420423030853271
17.5230998992919922,-38.4345932006835938,-2.2480995655059814
-15.4444398880004883,-27.2737236022949219,-2.2496516704559326
-8.0851564407348633,-22.2575378417968750,-1.5337305068969727
-22.9829063415527344,-40.5453948974609375,-2.2440285682678223
1.9145253896713257,-5.5647578239440918,-2.2423849105834961
18.1815967559814453,-52.8637962341308594,-2.2440712451934814
1.3799051046371460,-53.3919982910156250,-1.5298932790756226
11.9605245590209961,-46.2222595214843750,-1.5354123115539551
20.2222003936767578,-41.0470466613769531,-2.2431013584136963
-26.3768825531005859,-51.6856575012207031,-2.2443871498107910
-8.5341348648071289,-51.1364173889160156,-2.2444190979003906
11.8126478195190430,-24.3015251159667969,-2.2536110877990723
22.9852199554443359,-54.1846427917480469,-2.2441780567169189
6.5709753036499023,-49.8332061767578125,-2.2468631267547607
10.6212663650512695,-22.4361934661865234,-1.5366802215576172
-16.8866062164306641,-21.7560977935791016,-1.5738785266876221
-25.7021312713623047,-48.8466758728027344,-1.5324988365173340
-2.3903329372406006,-54.1940193176269531,-2.2440125942230225
18.1857891082763672,-54.9441871643066406,-1.5328505039215088
7.7399735450744629,-20.5763053894042969,-1.5370677709579468
11.3265304565429688,-40.2013931274414063,-1.5247259140014648
18.1858768463134766,-46.9406585693359375,-1.5386214256286621
2.3924725055694580,-56.2920265197753906,-2.2477395534515381
-11.9937028884887695,-50.5422439575195313,-2.2481501102447510
16.7968215942382813,-35.6318473815917969,-1.5343668460845947
7.9615297317504883,-14.7013921737670898,-2.2415869235992432
5.8203411102294922,-24.8111953735351563,-1.5355372428894043
-6.1546511650085449,-8.2137537002563477,-2.2416708469390869
16.8043327331542969,-50.0353355407714844,-2.2460689544677734
-36.1549835205078125,-56.4426383972167969,-2.2423233985900879
8.5831918716430664,-21.5908317565917969,-2.2423403263092041
-12.7059173583984375,-27.7566146850585938,-2.2458887100219727
-3.0841975212097168,-24.8227901458740234,-1.5293081998825073
2.0118544101715088,-34.6036338806152344,-2.2414522171020508
17.4103851318359375,-22.3696880340576172,-1.5373877286911011
-21.5882148742675781,-46.8999786376953125,-1.5321371555328369
-12.8153066635131836,-54.1088714599609375,-2.1468825340270996
-6.9499382972717285,-43.9178314208984375,-2.2439703941345215
-3.7776451110839844,-16.7658500671386719,-1.5360996723175049
10.6221418380737305,-18.3669700622558594,-2.2482473850250244
3.0646617412567139,-13.6897888183593750,-1.5386455059051514
-22.3023071289062500,-54.5810813903808594,-1.5302171707153320
3.7810573577880859,-20.0812053680419922,-1.5361173152923584
0.9394276738166809,-4.3105382919311523,-1.5372945070266724
-6.5555548667907715,-25.9667949676513672,-1.5329827070236206
-1.7238264083862305,-52.0624198913574219,-2.2456927299499512
-26.3933353424072266,-47.4230728149414063,-2.2470417022705078
-11.6794767379760742,-34.4416923522949219,-1.5353816747665405
18.1800231933593750,-37.0195388793945313,-1.5331916809082031
-7.8740444183349609,-34.5961074829101563,-2.2430663108825684
-25.7091960906982422,-47.3997421264648438,-1.5327650308609009
-8.5781192779541016,-29.8179664611816406,-1.5364323854446411
-0.9667018055915833,-7.0925636291503906,-2.2442576885223389
-11.5599908828735352,-18.9393520355224609,-1.5366287231445313
-3.0483205318450928,-4.6169681549072266,-2.2428874969482422
10.6190357208251953,-49.1145973205566406,-1.5288681983947754
22.2857227325439453,-53.4821624755859375,-2.2441861629486084
22.2699718475341797,-38.2701568603515625,-1.5373550653457642
18.1820640563964844,-47.9261741638183594,-1.5353510379791260
-11.2447090148925781,-41.3125114440917969,-2.2548456192016602
-11.7616252899169922,-33.2136573791503906,-1.5256611108779907
2.1099407672882080,-52.2105712890625000,-1.5354291200637817
16.7991065979003906,-37.0426940917968750,-1.5335540771484375
-27.7817173004150391,-51.6804161071777344,-2.2449698448181152
8.5797948837280273,-41.0779838562011719,-1.5360708236694336
16.1080665588378906,-32.0944442749023438,-1.5347961187362671
37.9620780944824219,58.4619560241699219,-2.3994996547698975
1.0189301967620850,-28.2465133666992188,-1.5327148437500000
-5.6286482810974121,-9.0617313385009766,-2.2423679828643799
7.2728643417358398,-56.4162826538085938,-1.5209636688232422
8.5799551010131836,-28.7812538146972656,-2.2496354579925537
12.1250391006469727,-11.1747217178344727,-1.5371135473251343
-15.8974065780639648,-29.0985813140869141,-1.5312175750732422
7.9905543327331543,-30.0705509185791016,-2.2442634105682373
30.5085105895996094,-54.8717689514160156,-1.5336542129516602
-10.2726068496704102,-10.4643678665161133,-1.5384950637817383
-10.6219091415405273,-20.3071079254150391,-2.2448482513427734
-5.8209099769592285,-20.6261539459228516,-2.2431609630584717
-8.5785322189331055,-30.5177173614501953,-2.2441966533660889
16.5199737548828125,-42.3083686828613281,-2.2444796562194824
26.5595989227294922,-45.8747825622558594,-2.2466781139373779
-8.5848588943481445,-16.2627582550048828,-1.5303878784179688
-16.8168239593505859,-34.8586921691894531,-2.2471077442169189
5.8202409744262695,-53.5263175964355469,-1.5367079973220825
16.2080936431884766,-44.2476692199707031,-2.2445380687713623
15.4137382507324219,-36.3383445739746094,-2.2450885772705078
12.9009790420532227,-23.2833614349365234,-1.5227161645889282
9.7148160934448242,-10.7521982192993164,-1.5343812704086304
13.1512498855590820,-50.1016998291015625,-1.5312733650207520
-20.2198696136474609,-37.0650291442871094,-2.2418615818023682
-20.2162876129150391,-56.3029556274414063,-1.5355529785156250
-11.3495998382568359,-21.9642505645751953,-2.2473957538604736
3.1255102157592773,-2.7082734107971191,-2.2412450313568115
-35.3667411804199219,-54.9371986389160156,-1.5377057790756226
-32.5782546997070313,-54.6056671142578125,-1.5383200645446777
-12.1883535385131836,-35.2943878173828125,-1.5388015508651733
7.5053062438964844,-41.2480163574218750,-1.5342291593551636
3.3938205242156982,-40.6983299255371094,-2.2511065006256104
10.8200311660766602,-33.7519378662109375,-2.2562940120697021
-16.7912635803222656,-50.5164947509765625,-2.2449171543121338
18.1790218353271484,-40.6743469238281250,-1.5369564294815063
-10.6153945922851563,-46.2891540527343750,-2.2431297302246094
8.7229785919189453,-9.1320409774780273,-1.5373163223266602
-12.7024412155151367,-48.4093360900878906,-2.2442855834960938
16.9698333740234375,-38.8286399841308594,-1.5306328535079956
-18.1785945892333984,-24.2710132598876953,-2.2450723648071289
15.4152841567993164,-32.1015090942382813,-2.2439079284667969
-20.2208919525146484,-55.3111877441406250,-1.5371298789978027
18.1827106475830078,-35.6394309997558594,-1.5345989465713501
7.3189415931701660,-49.1751213073730469,-2.2479770183563232
-1.7651714086532593,-18.7149333953857422,-2.2437062263488770
10.6196060180664063,-45.4757843017578125,-1.5356658697128296
-21.5804500579833984,-49.0364646911621094,-2.2447969913482666
22.1420669555664063,-45.9181671142578125,-1.5517042875289917
21.3384056091308594,-39.2963409423828125,-2.2422316074371338
-17.6344337463378906,-22.4169788360595703,-1.5381355285644531
15.4167585372924805,-26.4432754516601563,-2.2453455924987793
-27.7808856964111328,-49.5592803955078125,-1.5369702577590942
-13.3796777725219727,-57.0048065185546875,-1.5376068353652954
15.4211235046386719,-42.1737518310546875,-2.2426259517669678
8.1172256469726563,-6.6823935508728027,-2.2414202690124512
21.6074066162109375,-49.2345085144042969,-1.5314540863037109
21.7623996734619141,-43.1885604858398438,-1.5384875535964966
3.2978296279907227,-25.4040565490722656,-1.5308463573455811
11.9675827026367188,-52.7486915588378906,-2.2464373111724854
13.0705423355102539,-10.5962839126586914,-1.5384981632232666
-1.3084501028060913,-28.4630165100097656,-2.2433547973632813
-1.0169484615325928,-26.5174789428710938,-2.2500219345092773
12.2991504669189453,-25.1718158721923828,-2.2478387355804443
-1.6611847877502441,-7.2662959098815918,-1.5373574495315552
5.9488029479980469,-10.4790019989013672,-2.2463326454162598
12.2240324020385742,-26.0390090942382813,-1.5284001827239990
22.9773406982421875,-36.8597297668457031,-2.2417891025543213
6.2230825424194336,-8.0483989715576172,-1.5336816310882568
10.6184253692626953,-24.6797561645507813,-2.2479503154754639
-10.6206350326538086,-35.7500762939453125,-2.2436840534210205
-8.5776176452636719,-17.2579250335693359,-1.5360294580459595
-7.4797558784484863,-12.9790630340576172,-2.2481310367584229
3.3470418453216553,-49.6369819641113281,-1.5227091312408447
-22.9820156097412109,-57.0051689147949219,-2.2436525821685791
-2.3471043109893799,-31.5065002441406250,-2.2489421367645264
20.2910423278808594,-41.7391204833984375,-1.5339876413345337
-21.2805366516113281,-50.1462631225585938,-1.5385509729385376
27.7817897796630859,-47.0211753845214844,-1.5371140241622925
27.7769565582275391,-44.6355819702148438,-1.5379018783569336
6.5730686187744141,-44.2687568664550781,-1.5370923280715942
2.4845399856567383,-28.4440498352050781,-2.2421464920043945
-21.5573463439941406,-51.7607231140136719,-2.2420277595520020
-22.9858264923095703,-53.8617057800292969,-1.5342360734939575
11.1492347717285156,-53.5592803955078125,-2.2412307262420654
-7.8457674980163574,-27.0598926544189453,-2.2456834316253662
6.8781294822692871,-10.8329000473022461,-2.2432670593261719
-2.4766240119934082,-40.2859535217285156,-1.5348206758499146
-3.0896353721618652,-53.4948616027832031,-2.2447607517242432
-11.9516277313232422,-15.7544813156127930,-1.5325651168823242
-11.9325180053710938,-39.4734611511230469,-1.5296145677566528
17.4746322631835938,-57.0089073181152344,-1.5371115207672119
-8.5821762084960938,-48.0874557495117188,-1.5325926542282104
-15.9195156097412109,-55.2062759399414063,-1.5357332229614258
-3.0447814464569092,-38.4798545837402344,-2.2476034164428711
1.7118594646453857,-21.4273262023925781,-2.2496397495269775
-6.3226222991943359,-35.0362281799316406,-1.5320249795913696
26.4223823547363281,-54.1033020019531250,-1.5303995609283447
37.3011474609375000,-53.7208518981933594,-2.2413187026977539
15.4160213470458984,-56.3153381347656250,-1.5332140922546387
7.6781382560729980,-13.0097875595092773,-1.5345232486724854
31.8780136108398438,-51.9987258911132813,-1.5370526313781738
20.2172946929931641,-53.4905700683593750,-1.5336844921112061
-3.0397105216979980,-31.5051727294921875,-1.5327821969985962
13.3829946517944336,-45.5024032592773438,-2.2468192577362061
-2.5273613929748535,-14.2831392288208008,-2.2451608180999756
22.2872257232666016,-54.8874359130859375,-2.2442660331726074
-17.7912502288818359,-43.3543548583984375,-1.5207786560058594
-7.2494921684265137,-44.5497932434082031,-1.5340421199798584
27.7827816009521484,-49.8487434387207031,-1.5365302562713623
8.4285182952880859,-46.6062202453613281,-1.5307496786117554
-5.8191165924072266,-22.6189613342285156,-2.2450706958770752
-11.5743513107299805,-16.3102321624755859,-2.2498607635498047
7.0174798965454102,-23.6118297576904297,-2.2492454051971436
17.4842281341552734,-25.7198333740234375,-2.2445778846740723
12.6632089614868164,-52.7615509033203125,-1.5359798669815063
3.0769910812377930,-22.8782615661621094,-2.2434697151184082
13.3887653350830078,-46.8882102966308594,-2.2420742511749268
2.4433321952819824,-25.8972949981689453,-1.5368300676345825
-16.4833354949951172,-41.9031105041503906,-2.2573435306549072
2.3527426719665527,-53.1717948913574219,-1.5303877592086792
6.3627781867980957,-14.5693798065185547,-1.5313951969146729
-17.4842185974121094,-49.8089828491210938,-2.2437891960144043
-1.5086470842361450,-13.3533210754394531,-2.2456018924713135
-21.4770698547363281,-36.4462280273437500,-2.2468450069427490
-1.0207859277725220,-57.0044479370117188,-2.2433807849884033
13.3781547546386719,-16.8614559173583984,-2.2513203620910645
11.3346195220947266,-38.1465950012207031,-2.2450554370880127
-12.6566534042358398,-21.6062202453613281,-2.2412703037261963
-16.1072177886962891,-32.0091590881347656,-1.5351963043212891
2.8371582031250000,-17.3846225738525391,-1.5327938795089722
12.3860321044921875,-16.9608306884765625,-2.2452740669250488
10.7352743148803711,-17.0098438262939453,-2.2465310096740723
-22.2808437347412109,-48.3327980041503906,-2.2439074516296387
1.7106812000274658,-56.3081703186035156,-1.5328851938247681
-13.3833913803100586,-23.0062332153320313,-1.5340152978897095
3.2622790336608887,-29.8505668640136719,-1.5360893011093140
3.0849335193634033,-54.8904190063476563,-1.5356680154800415
6.5542221069335938,-47.8483695983886719,-1.5312738418579102
-8.0639162063598633,-43.0956459045410156,-2.2457690238952637
15.4198493957519531,-38.4852828979492188,-1.5361711978912354
3.3338615894317627,-39.0277252197265625,-1.5249826908111572
-11.3933229446411133,-26.7274150848388672,-1.5335462093353271
-11.8445558547973633,-27.7321376800537109,-1.5347439050674438
-3.0909762382507324,-54.1947288513183594,-1.5350772142410278
17.3471488952636719,-23.1016330718994141,-2.2412219047546387
-6.6099052429199219,-39.8871002197265625,-2.2523722648620605
18.1784229278564453,-15.8223838806152344,-1.5379977226257324
15.4220037460327148,-15.2439756393432617,-2.2412533760070801
2.3927643299102783,-32.0092773437500000,-1.5329167842864990
-7.8818993568420410,-37.5637969970703125,-1.5364667177200317
-1.0183371305465698,-54.9160118103027344,-1.5360099077224731
-8.5784111022949219,-34.5648651123046875,-1.5383065938949585
10.7024459838867188,-7.6173915863037109,-1.5367002487182617
13.3781366348266602,-21.5001411437988281,-2.2463183403015137
20.9911746978759766,-41.7924728393554688,-2.2435328960418701
-13.3791856765747070,-30.6782112121582031,-1.5349057912826538
5.4114527702331543,-10.8977012634277344,-1.5273194313049316
-25.0226478576660156,-44.5598983764648438,-2.2421407699584961
-8.0510072708129883,-40.5120239257812500,-1.5290268659591675
-27.2961387634277344,-56.5091018676757813,-2.2457640171051025
-8.5792379379272461,-36.2166976928710938,-2.2546513080596924
-7.0417485237121582,-40.3850708007812500,-1.5266090631484985
-7.0128402709960938,-28.9651603698730469,-2.2482216358184814
20.9085655212402344,-56.3044509887695313,-2.2454764842987061
-17.4896621704101563,-33.4213829040527344,-1.5342119932174683
7.9668459892272949,-17.9275302886962891,-1.5276648998260498
16.4199638366699219,-46.0714340209960938,-2.2431204319000244
11.9101858139038086,-41.9598693847656250,-2.2464044094085693
-5.8221168518066406,-25.2857646942138672,-1.5318278074264526
-1.7182452678680420,-44.6150016784667969,-1.5353087186813354
-16.1217021942138672,-35.5645790100097656,-2.2432746887207031
10.3984956741333008,-9.2990274429321289,-2.2417733669281006
-8.5789413452148438,-22.7269306182861328,-2.2501137256622314
16.5768432617187500,-22.9144687652587891,-1.5332490205764771
-1.0189204216003418,-23.4536075592041016,-1.5309268236160278
13.3308935165405273,-27.9187946319580078,-1.5351344347000122
2.7184319496154785,-29.4106044769287109,-2.2433795928955078
1.0188482999801636,-21.4355201721191406,-1.5365413427352905
18.1819000244140625,-53.5673065185546875,-1.5358740091323853
20.2178134918212891,-46.5300788879394531,-1.5212930440902710
-10.6221866607666016,-31.9912891387939453,-2.2427294254302979
-2.7566308975219727,-23.1914005279541016,-2.2448842525482178
7.3587837219238281,-29.3031215667724609,-2.2441339492797852
-18.1802520751953125,-39.1788749694824219,-2.2507216930389404
12.2470169067382813,-30.0547142028808594,-2.2462046146392822
-18.1785011291503906,-27.3250675201416016,-1.5373102426528931
27.7777309417724609,-43.9314956665039063,-2.2427790164947510
11.2605733871459961,-46.2380447387695313,-2.2456321716308594
5.8214111328125000,-48.5219154357910156,-1.5259684324264526
-2.4140584468841553,-44.6254730224609375,-2.2464721202850342
-15.9069395065307617,-30.0969123840332031,-1.5329161882400513
11.3361215591430664,-31.4524517059326172,-1.5356962680816650
-7.5806555747985840,-53.2959938049316406,-1.5336147546768188
-13.3821620941162109,-55.6080551147460938,-1.5351963043212891
8.2692117691040039,-56.3699378967285156,-1.5372749567031860
1.0217579603195190,-25.2093296051025391,-2.2446031570434570
12.8652086257934570,-30.3865623474121094,-1.5366193056106567
-11.3056154251098633,-19.5830688476562500,-2.2479331493377686
-2.2698819637298584,-37.1324043273925781,-1.5317606925964355
11.4084310531616211,-14.0226640701293945,-2.2440776824951172
2.3592047691345215,-12.9986038208007813,-1.5350825786590576
-17.4892807006835938,-50.5135383605957031,-1.5350217819213867
20.2153987884521484,-54.1834335327148438,-2.2449529170989990
5.8201751708984375,-15.9749450683593750,-2.2469427585601807
3.7800104618072510,-44.2862281799316406,-1.5350694656372070
7.1021704673767090,-4.5930476188659668,-2.2413291931152344
11.5442504882812500,-16.4300460815429688,-2.2431564331054688
8.1643867492675781,-33.9152412414550781,-2.2590711116790771
10.6148777008056641,-40.8751792907714844,-1.5316675901412964
-22.9819374084472656,-53.1570205688476563,-2.2428741455078125
-18.1817569732666016,-26.2805747985839844,-1.5294471979141235
5.8136115074157715,-18.3344955444335938,-2.2516114711761475
8.5795993804931641,-15.7476119995117188,-2.2430067062377930
1.0180087089538574,-18.6152515411376953,-1.5378913879394531
-6.5471763610839844,-25.2798023223876953,-2.2461984157562256
5.6898775100708008,-11.5088014602661133,-2.2494783401489258
-1.0191855430603027,-47.4826850891113281,-2.2439444065093994
-17.1837139129638672,-27.1595497131347656,-1.5341646671295166
5.8213562965393066,-54.9302062988281250,-1.5355668067932129
25.7265167236328125,-54.1071510314941406,-2.2439999580383301
1.7535389661788940,-47.3240814208984375,-1.5314130783081055
-36.4638252258300781,-53.7433052062988281,-2.2412919998168945
12.0529546737670898,-56.3322296142578125,-1.5296075344085693
25.0216255187988281,-44.6319618225097656,-2.2417254447937012
6.5270423889160156,-54.2258682250976563,-1.5366802215576172
-37.3013496398925781,-55.6043930053710938,-2.2434630393981934
18.1856651306152344,-31.3878688812255859,-1.5359777212142944
-8.5802736282348633,-38.2676925659179688,-1.5347355604171753
-12.6391983032226563,-28.6198692321777344,-1.5386897325515747
2.1210010051727295,-29.0434112548828125,-1.5351732969284058
1.7176607847213745,-18.6163787841796875,-2.2471535205841064
-22.2853107452392578,-44.1133155822753906,-2.2452847957611084
-1.1242752075195313,-6.4147596359252930,-1.5350472927093506
11.7618598937988281,-44.3980484008789063,-2.2514543533325195
-22.2971363067626953,-41.9746894836425781,-1.5332001447677612
-8.5780992507934570,-21.0270557403564453,-1.5371171236038208
15.9280242919921875,-40.6995048522949219,-1.5356767177581787
-2.1795394420623779,-3.1708662509918213,-1.5385067462921143
-1.0146797895431519,-54.2135963439941406,-2.2462284564971924
-11.1503000259399414,-15.4062194824218750,-2.2411193847656250
13.3800945281982422,-15.2055797576904297,-1.6508764028549194
-7.8126239776611328,-32.9082603454589844,-1.5362405776977539
-30.3431682586669922,-53.1423492431640625,-2.2494554519653320
8.2979211807250977,-8.5703573226928711,-2.2435722351074219
-22.2736072540283203,-49.0327301025390625,-1.5349854230880737
-18.1805324554443359,-38.5015335083007813,-1.5302977561950684
13.3796396255493164,-24.1548290252685547,-1.5347807407379150
-5.8208832740783691,-16.7767734527587891,-2.2427849769592285
-5.8171210289001465,-30.6101722717285156,-1.5313662290573120
-13.3808393478393555,-27.8876171112060547,-1.5350768566131592
-16.7961425781250000,-34.1278991699218750,-1.5331670045852661
-16.3827056884765625,-27.7413311004638672,-1.5329692363739014
-12.6692371368408203,-55.6042747497558594,-2.2445721626281738
7.8597383499145508,-50.9671592712402344,-1.5323734283447266
16.8514633178710938,-20.6060047149658203,-2.2415387630462646
16.7969818115234375,-49.3407821655273438,-1.5337597131729126
-7.3611216545104980,-34.0587577819824219,-1.5348347425460815
1.7284694910049438,-20.0226192474365234,-2.2433607578277588
-22.9805545806884766,-51.7583007812500000,-2.2455167770385742
-15.4202833175659180,-29.6055335998535156,-2.2443194389343262
-17.4839668273925781,-46.9755630493164063,-2.2458455562591553
5.8205356597900391,-40.3366165161132813,-2.2417867183685303
8.5437755584716797,-5.2425260543823242,-1.5386166572570801
7.5759344100952148,-25.4703388214111328,-2.2481422424316406
-3.0006811618804932,-40.7409172058105469,-2.2456738948822021
-3.0520639419555664,-21.8008480072021484,-2.2471816539764404
-17.0963592529296875,-38.2785034179687500,-1.5273942947387695
-2.6413116455078125,-25.3172340393066406,-2.2540769577026367
-16.8264446258544922,-35.5618591308593750,-1.5378818511962891
2.4195377826690674,-20.0222644805908203,-1.5297863483428955
-5.8213796615600586,-26.6403961181640625,-1.5283746719360352
2.6174330711364746,-34.9713516235351563,-1.5364286899566650
15.4156541824340820,-32.8061141967773438,-1.5365748405456543
3.0800347328186035,-55.5849876403808594,-2.2436079978942871
11.1510667800903320,-24.2657718658447266,-1.5282278060913086
-34.6222572326660156,-57.0027084350585938,-1.5376938581466675
-1.6932405233383179,-54.1879920959472656,-1.5329576730728149
18.1851425170898438,-50.0503387451171875,-2.2445452213287354
-6.9031662940979004,-46.0907821655273438,-2.2471444606781006
-1.0175337791442871,-46.0455093383789063,-2.2431375980377197
-7.1002535820007324,-10.6888999938964844,-2.2413461208343506
-3.7786633968353271,-16.0804252624511719,-2.2493600845336914
-22.9780769348144531,-34.4551315307617188,-2.2419857978820801
11.8649721145629883,-40.5610008239746094,-2.2518680095672607
-27.0848999023437500,-50.2727508544921875,-1.5351912975311279
22.9853096008300781,-56.2958145141601563,-1.5363066196441650
-12.8909540176391602,-25.8838939666748047,-2.2453260421752930
11.5767774581909180,-18.5884056091308594,-1.5386161804199219
-2.3880393505096436,-53.4869499206542969,-1.5358175039291382
-3.0810654163360596,-57.0034751892089844,-1.5329443216323853
-15.4335622787475586,-21.7962837219238281,-1.5387234687805176
-27.0860900878906250,-48.8432884216308594,-1.5345126390457153
4.2584714889526367,-11.1887655258178711,-1.5345959663391113
-5.8207936286926270,-52.8282852172851563,-2.2484383583068848
2.7691903114318848,-40.3960342407226563,-1.5365248918533325
25.9445934295654297,-46.8305549621582031,-2.2414565086364746
7.8048920631408691,-7.6296949386596680,-2.2432968616485596
-10.6156330108642578,-18.6363487243652344,-1.5366100072860718
-35.3337974548339844,-56.3023109436035156,-1.5361198186874390
10.8484869003295898,-44.8335838317871094,-2.2513511180877686
-2.8247988224029541,-44.0743217468261719,-1.5350246429443359
-13.3863821029663086,-51.2207603454589844,-1.5312331914901733
22.9321365356445313,-36.1526260375976563,-1.5386959314346313
-10.6125297546386719,-54.7172470092773438,-2.2527911663055420
7.8756136894226074,-15.7544374465942383,-1.5363981723785400
8.5802278518676758,-55.7380142211914063,-2.2425620555877686
16.5443954467773438,-39.3594589233398438,-2.2463226318359375
-18.1798381805419922,-56.3084106445312500,-1.5340156555175781
-32.5778732299804688,-51.1835632324218750,-1.5382782220840454
13.3779077529907227,-18.1234645843505859,-2.2448284626007080
15.4179706573486328,-52.1299133300781250,-1.5321667194366455
-1.6995085477828979,-11.3786134719848633,-2.2411620616912842
-20.9124488830566406,-42.6839485168457031,-2.2447030544281006
8.5788497924804688,-29.4528770446777344,-1.5326017141342163
11.5182809829711914,-43.7696914672851563,-1.5302888154983521
29.8188934326171875,-53.4261169433593750,-2.2450780868530273
7.9328923225402832,-45.7423896789550781,-2.2556605339050293
-2.7704851627349854,-11.4484624862670898,-1.5306317806243896
2.2763931751251221,-27.7671108245849609,-1.5386677980422974
-12.7005825042724609,-47.7082786560058594,-1.5338599681854248
-11.3321619033813477,-24.6696300506591797,-2.2479612827301025
-1.0203335285186768,-14.8954954147338867,-1.5361204147338867
3.7783608436584473,-29.3349857330322266,-2.2174623012542725
8.1340265274047852,-32.9092216491699219,-2.2535047531127930
-9.1239528656005859,-9.9140558242797852,-2.2412037849426270
13.3800907135009766,-37.3684768676757813,-2.2430133819580078
-18.1760692596435547,-39.8478813171386719,-1.5270960330963135
2.4337217807769775,-39.4559822082519531,-1.5376008749008179
-22.9844570159912109,-46.2242088317871094,-2.2435557842254639
-0.1198946833610535,-7.6207728385925293,-2.2432575225830078
3.1692407131195068,-36.8884468078613281,-1.5279827117919922
-2.9884264469146729,-35.7473869323730469,-2.2460911273956299
15.4155206680297852,-55.5542831420898438,-2.2450792789459229
17.4840793609619141,-50.7577171325683594,-2.2461202144622803
8.5819883346557617,-53.6306991577148438,-1.5210033655166626
9.3506097793579102,-8.3564414978027344,-1.5728822946548462
-2.0631523132324219,-23.1875534057617188,-1.5319821834564209
-6.8046851158142090,-21.6947631835937500,-2.2526049613952637
-1.7514913082122803,-18.0126590728759766,-1.5370497703552246
-8.5796804428100586,-21.7330322265625000,-2.2413709163665771
8.5805330276489258,-30.4393196105957031,-1.5368299484252930
22.2741222381591797,-48.5001716613769531,-1.5377610921859741
20.8177204132080078,-40.6649284362792969,-1.5387644767761230
-7.8087024688720703,-35.5894126892089844,-2.2421915531158447
3.0012934207916260,-26.9409008026123047,-1.5379587411880493
-22.9812316894531250,-47.6278800964355469,-2.2431790828704834
34.6217842102050781,-56.2994728088378906,-1.5365740060806274
8.5821800231933594,-14.0517187118530273,-1.5385066270828247
-12.6048727035522461,-13.0689058303833008,-2.2420263290405273
-7.2123250961303711,-9.9882001876831055,-1.5386396646499634
15.4184837341308594,-25.0006313323974609,-2.2429242134094238
-7.4794292449951172,-20.4800510406494141,-1.5316625833511353
-1.0221248865127563,-18.6948585510253906,-1.5316163301467896
-1.0220303535461426,-16.6088161468505859,-2.2426269054412842
11.5772380828857422,-25.8511009216308594,-2.2473332881927490
12.7341852188110352,-23.9185886383056641,-2.2546019554138184
-16.4159717559814453,-56.3510322570800781,-1.5264589786529541
-8.5818510055541992,-23.3983631134033203,-1.5288710594177246
21.0679817199707031,-37.4590911865234375,-2.2412517070770264
3.7832074165344238,-23.5770397186279297,-2.2425315380096436
-15.4146490097045898,-53.3414764404296875,-2.2424273490905762
6.8509869575500488,-42.3390998840332031,-2.2412307262420654
-16.1045703887939453,-44.8543548583984375,-1.5344972610473633
10.6146249771118164,-36.7602043151855469,-1.5361747741699219
8.5825424194335938,-42.6929359436035156,-2.2596938610076904
10.6220188140869141,-16.3216285705566406,-1.5372965335845947
7.4202446937561035,-48.4937667846679688,-1.5346422195434570
-27.7780437469482422,-55.3768463134765625,-2.2547709941864014
-15.4187784194946289,-54.0448913574218750,-1.5335348844528198
-26.9865341186523438,-44.1162109375000000,-1.5387223958969116
-12.7129878997802734,-53.3385887145996094,-1.5298759937286377
22.2888259887695313,-54.1851043701171875,-1.5355633497238159
29.8222103118896484,-49.8362960815429688,-2.2412440776824951
-1.9172513484954834,-49.6952896118164063,-2.2430250644683838
1.0175974369049072,-20.7197628021240234,-2.2433388233184814
15.4213008880615234,-44.5801734924316406,-1.6895439624786377
-12.2664813995361328,-14.5375375747680664,-2.2464246749877930
12.1985435485839844,-50.3997955322265625,-1.5351873636245728
-22.1042098999023438,-35.3317871093750000,-2.2429251670837402
10.6180715560913086,-36.0543174743652344,-2.2443902492523193
6.1896743774414063,-18.8765220642089844,-1.5235788822174072
-3.7802734375000000,-40.1210136413574219,-2.2511355876922607
-3.7779433727264404,-20.4446773529052734,-1.5285764932632446
-12.6903715133666992,-52.6114387512207031,-2.2475571632385254
-37.3012619018554688,-54.2877616882324219,-2.2418267726898193
-5.8225688934326172,-25.9662017822265625,-2.2492136955261230
3.7779121398925781,-30.3264579772949219,-2.2421119213104248
16.4868049621582031,-55.0541152954101563,-2.2510972023010254
-15.9825687408447266,-24.4833621978759766,-1.5380426645278931
31.2006587982177734,-55.5829238891601563,-1.5342155694961548
-11.5542802810668945,-29.6722698211669922,-2.2462406158447266
-5.8199653625488281,-36.5536956787109375,-2.2442517280578613
-10.8531732559204102,-10.8684854507446289,-2.2420611381530762
-1.6389944553375244,-23.7228813171386719,-2.2488250732421875
-21.6048240661621094,-53.8829917907714844,-1.5349198579788208
2.9547007083892822,-7.5959258079528809,-2.2424440383911133
3.0887391567230225,-57.0044021606445313,-2.2469971179962158
-2.4098868370056152,-52.0847473144531250,-1.5323430299758911
-2.1399533748626709,-26.1742153167724609,-2.2462191581726074
10.6193008422851563,-19.0507984161376953,-1.5346758365631104
-27.7777004241943359,-44.7255516052246094,-1.5386248826980591
-0.8173950314521790,-3.3393867015838623,-1.5374666452407837
6.3399372100830078,-41.8472442626953125,-1.5356913805007935
10.6181306838989258,-23.4290962219238281,-1.5368783473968506
5.8928098678588867,-12.1726970672607422,-1.5367989540100098
7.4777936935424805,-32.8125267028808594,-1.5194190740585327
11.3797397613525391,-12.1406240463256836,-1.5341932773590088
-18.1791362762451172,-32.0049438476562500,-2.2439920902252197
-1.0190103054046631,-13.8446941375732422,-1.5336060523986816
20.2159576416015625,-57.0066337585449219,-2.2442626953125000
-30.9971561431884766,-53.3361091613769531,-1.5315446853637695
-3.7801680564880371,-18.4198226928710938,-2.2526435852050781
31.1967868804931641,-51.8111038208007813,-2.2417149543762207
11.1187114715576172,-9.1963777542114258,-1.5389816761016846
2.8453569412231445,-16.6985607147216797,-2.2466731071472168
-4.4851870536804199,-7.9420189857482910,-1.5383261442184448
5.8169164657592773,-42.3120193481445313,-2.2423157691955566
-11.3385934829711914,-55.3913078308105469,-2.2475669384002686
-1.7336324453353882,-51.3690567016601563,-1.5334062576293945
-12.0539836883544922,-54.7262153625488281,-2.2515776157379150
1.5431262254714966,-29.6887836456298828,-2.2467293739318848
5.8222846984863281,-26.7922534942626953,-1.5325953960418701
-6.3463549613952637,-34.0379142761230469,-1.5361887216567993
-12.8580636978149414,-32.9188652038574219,-1.5308513641357422
6.6223945617675781,-21.8642807006835938,-1.5339444875717163
-1.0157221555709839,-27.5109539031982422,-2.2490625381469727
17.0304718017578125,-40.8660392761230469,-1.5340043306350708
21.5971794128417969,-55.5959701538085938,-2.2460675239562988
-6.9373788833618164,-42.9209213256835938,-2.2424931526184082
8.5816535949707031,-18.2110843658447266,-2.2449879646301270
-3.7848396301269531,-54.2019386291503906,-2.2435398101806641
-6.9750294685363770,-56.3448562622070313,-1.5318282842636108
-0.8673339486122131,-10.2583866119384766,-2.2444279193878174
-7.8841528892517090,-10.7269916534423828,-1.5380711555480957
-5.8155002593994141,-47.7656478881835938,-2.2505896091461182
16.1118469238281250,-16.6848335266113281,-1.5364472866058350
1.0189110040664673,-51.7979049682617188,-2.2514638900756836
20.2178764343261719,-49.2257080078125000,-1.5366383790969849
21.6873531341552734,-46.7193489074707031,-2.2441382408142090
-3.9787867069244385,-4.2139925956726074,-2.2411940097808838
-18.1827526092529297,-43.8966903686523438,-2.2462186813354492
18.1813430786132813,-51.4617118835449219,-2.2439029216766357
-5.1597051620483398,-8.1513071060180664,-2.2436537742614746
-16.8067398071289063,-44.8441467285156250,-2.2447578907012939
-1.7511545419692993,-34.5744819641113281,-1.5356208086013794
-29.8202114105224609,-57.0060768127441406,-2.2436692714691162
10.6190080642700195,-44.1962203979492188,-1.5339424610137939
-27.7832107543945313,-53.0662956237792969,-2.2441337108612061
8.5754547119140625,-17.2127208709716797,-2.2410652637481689
16.1071128845214844,-34.2156219482421875,-2.2466208934783936
22.2554817199707031,-42.0462493896484375,-1.5331546068191528
16.8017158508300781,-30.6818580627441406,-2.2457742691040039
-10.6218996047973633,-26.6827964782714844,-2.2526621818542480
13.3810110092163086,-31.8552703857421875,-2.2501616477966309
-10.6202192306518555,-54.0453948974609375,-1.5324962139129639
-11.1071777343750000,-41.9827194213867188,-1.5321816205978394
-6.5506854057312012,-48.4312019348144531,-2.2489955425262451
-15.4185018539428711,-46.2679061889648438,-2.2449240684509277
-10.6332578659057617,-17.9469566345214844,-2.2477452754974365
16.8005847930908203,-31.3836135864257813,-1.5344181060791016
-7.1456899642944336,-48.1093330383300781,-1.5315052270889282
20.9095211029052734,-52.0558929443359375,-2.2458953857421875
1.0186729431152344,-41.3543815612792969,-1.5300060510635376
-10.6141576766967773,-49.1130027770996094,-2.2441787719726563
18.1777000427246094,-19.9739456176757813,-2.2436871528625488
6.7849783897399902,-27.2719650268554688,-2.2498795986175537
7.9815878868103027,-40.7398414611816406,-2.2484216690063477
-2.4105784893035889,-47.4677238464355469,-2.2441279888153076
25.0214805603027344,-47.5357170104980469,-2.2423911094665527
-27.7821674346923828,-48.8480377197265625,-2.2431437969207764
21.0673255920410156,-43.9080085754394531,-1.5377655029296875
-12.9866390228271484,-17.7090740203857422,-2.2534990310668945
20.9105815887451172,-49.9381103515625000,-1.5345183610916138
-6.5503783226013184,-49.7797050476074219,-2.2483568191528320
-1.0175663232803345,-53.4551124572753906,-1.5324186086654663
-11.3170452117919922,-35.7524070739746094,-1.5334222316741943
6.9588561058044434,-43.0667228698730469,-1.5301932096481323
-6.5237784385681152,-37.9501190185546875,-1.5370142459869385
1.4685031175613403,-41.8407440185546875,-2.2544324398040771
-15.4180192947387695,-37.6720619201660156,-2.2444603443145752
-17.7267112731933594,-41.6490058898925781,-2.2536656856536865
31.1984729766845703,-54.8655395507812500,-2.2458727359771729
-1.0170916318893433,-45.3222923278808594,-1.5361912250518799
-6.5673027038574219,-50.4549179077148438,-1.5304867029190063
-25.7218990325927734,-56.3141479492187500,-2.2459805011749268
16.7657947540283203,-56.3186187744140625,-1.5312633514404297
-1.0212067365646362,-40.9004898071289063,-2.2462213039398193
34.6349830627441406,-54.8945045471191406,-1.5378483533859253
1.7906045913696289,-4.8718390464782715,-1.5376058816909790
-2.3938796520233154,-54.8903579711914063,-1.5311989784240723
11.3202266693115234,-55.6722335815429688,-1.5308458805084229
-11.8021574020385742,-13.6607799530029297,-2.2447571754455566
-5.8157739639282227,-21.6231307983398438,-2.2443590164184570
-1.0223054885864258,-35.9121170043945313,-2.2518432140350342
3.7173657417297363,-4.7609486579895020,-2.2417397499084473
8.1422491073608398,-52.1820411682128906,-2.2563226222991943
-22.2784671783447266,-46.9245758056640625,-2.2443616390228271
-10.6213531494140625,-40.4514350891113281,-2.2503204345703125
-16.1206741333007813,-43.1402473449707031,-2.2461969852447510
2.8439955711364746,-38.1374053955078125,-1.5276440382003784
3.1605925559997559,-28.8573150634765625,-1.5389733314514160
6.2926645278930664,-27.9512138366699219,-1.5308773517608643
-37.2948913574218750,-57.0027465820312500,-2.2431325912475586
1.0201368331909180,-12.5878505706787109,-2.2441346645355225
-1.8927392959594727,-24.6777267456054688,-2.2425472736358643
7.6056652069091797,-24.4828910827636719,-2.2487232685089111
3.4138307571411133,-8.1237964630126953,-1.5352288484573364
7.7876782417297363,-35.9877891540527344,-1.5362963676452637
25.0178508758544922,-53.4073486328125000,-2.2441422939300537
-6.5116715431213379,-9.8826236724853516,-2.2420496940612793
17.2054843902587891,-47.0238952636718750,-1.5317755937576294
-3.7801220417022705,-49.7434120178222656,-1.5340533256530762
18.1821746826171875,-29.9540348052978516,-1.5339764356613159
4.7573051452636719,-8.4714651107788086,-2.2442245483398438
20.9177150726318359,-49.2221412658691406,-2.2457115650177002
3.7806720733642578,-57.0017395019531250,-1.5366921424865723
13.3801374435424805,-32.5301208496093750,-1.5303415060043335
-16.4254131317138672,-55.6817474365234375,-2.2475748062133789
21.0666198730468750,-36.7497482299804688,-1.5387119054794312
27.7794361114501953,-54.2100181579589844,-1.5371845960617065
6.9185757637023926,-26.6130447387695313,-1.5287117958068848
7.5971555709838867,-55.8866081237792969,-2.2549967765808105
-35.3300552368164063,-57.0034980773925781,-2.2424225807189941
3.3753068447113037,-31.8393630981445313,-1.5271991491317749
-10.6232252120971680,-15.8797369003295898,-1.5373623371124268
3.0825178623199463,-24.2756767272949219,-2.2492606639862061
-10.6212263107299805,-37.8043403625488281,-1.5281442403793335
37.3018188476562500,-56.3000640869140625,-2.2434599399566650
-12.0239095687866211,-53.3438148498535156,-2.2440598011016846
22.2702026367187500,-37.5662612915039063,-2.2425582408905029
-20.9084224700927734,-56.2954139709472656,-2.2462387084960938
5.3529958724975586,-3.9937818050384521,-1.5388621091842651
-11.0511922836303711,-11.8464927673339844,-2.2422969341278076
-7.5688438415527344,-42.6141204833984375,-1.5337276458740234
-15.4146680831909180,-54.7286682128906250,-2.2467689514160156
18.1055145263671875,-43.6427078247070313,-1.5339493751525879
1.0911774635314941,-2.3721787929534912,-2.2411978244781494
11.4078884124755859,-42.4276161193847656,-1.5309065580368042
15.4193782806396484,-53.8877410888671875,-1.5376057624816895
-29.8268451690673828,-54.9427680969238281,-1.5334804058074951
1.8872609138488770,-36.1687431335449219,-1.5355008840560913
-25.7333908081054688,-44.5611076354980469,-1.5382512807846069
-6.8161411285400391,-35.5148925781250000,-2.2446568012237549
-12.0716171264648438,-37.1211853027343750,-2.2455730438232422
13.3823623657226563,-50.7329940795898438,-2.2512958049774170
27.7821197509765625,-49.1449470520019531,-2.2433209419250488
12.9052639007568359,-51.2043113708496094,-1.5310267210006714
-36.2125892639160156,-54.4059181213378906,-1.5381478071212769
-12.8062334060668945,-20.1914520263671875,-2.2436325550079346
13.3805961608886719,-35.9783096313476563,-2.2468135356903076
-10.6221027374267578,-37.1307411193847656,-2.2496390342712402
10.6205444335937500,-49.7747344970703125,-2.2554917335510254
-27.0813980102539063,-50.9802818298339844,-2.2441251277923584
16.1154422760009766,-37.7704467773437500,-1.5337299108505249
29.8198909759521484,-51.9903030395507813,-2.2437067031860352
-13.3863983154296875,-52.6139564514160156,-1.5367242097854614
25.0218410491943359,-43.2146072387695313,-2.2411968708038330
-25.7536869049072266,-43.8527145385742188,-2.2412738800048828
-2.3059079647064209,-37.8150405883789063,-2.2475605010986328
25.7122592926025391,-51.2920608520507813,-2.2456340789794922
3.7785077095031738,-28.3432712554931641,-2.2429487705230713
-37.0516128540039063,-54.9479522705078125,-1.5370118618011475
15.9167518615722656,-46.7225456237792969,-1.5367283821105957
-1.7874023914337158,-35.9623298645019531,-1.5356824398040771
-3.0639405250549316,-27.4883689880371094,-2.2470374107360840
-22.2902698516845703,-41.2559204101562500,-2.2459053993225098
1.3935049772262573,-32.1428833007812500,-1.5261049270629883
-25.0208835601806641,-45.2654876708984375,-1.5378841161727905
-1.0182137489318848,-37.5719299316406250,-1.5303405523300171
15.4190969467163086,-47.2192535400390625,-2.2444336414337158
1.0200144052505493,-52.4709777832031250,-1.5335414409637451
-11.2941856384277344,-32.7295112609863281,-2.2519419193267822
-15.4180688858032227,-43.1463165283203125,-1.5388574600219727
12.0822505950927734,-51.7573814392089844,-1.5311998128890991
-11.9336824417114258,-18.3366470336914063,-2.2426321506500244
-3.0956575870513916,-52.0702018737792969,-2.2468557357788086
-17.4974327087402344,-44.8599319458007813,-1.5329633951187134
-18.1830539703369141,-46.9819068908691406,-1.5365719795227051
-16.7993564605712891,-43.1618232727050781,-1.5259118080139160
-11.6226711273193359,-14.8139591217041016,-1.5370652675628662
-20.2216358184814453,-35.0319900512695313,-1.8049969673156738
-3.7849810123443604,-46.0426979064941406,-2.2454795837402344
2.3624658584594727,-55.5654296875000000,-1.5386283397674561
-3.0372986793518066,-33.5220756530761719,-2.2499208450317383
10.6210298538208008,-48.4420852661132813,-2.2518892288208008
-21.5080127716064453,-37.9938468933105469,-1.5341966152191162
7.5630898475646973,-17.3946475982666016,-2.2503614425659180
6.9776201248168945,-29.8928375244140625,-1.5353369712829590
16.8104877471923828,-48.6212921142578125,-2.2468650341033936
1.7467706203460693,-25.8993835449218750,-2.2466499805450439
-1.9502626657485962,-28.7471122741699219,-1.5353851318359375
-22.9818878173828125,-51.0712623596191406,-1.5313737392425537
29.8172283172607422,-57.0036239624023438,-1.5371685028076172
3.0810863971710205,-20.0879821777343750,-2.2501635551452637
10.6160078048706055,-20.3320159912109375,-2.2472639083862305
6.3227052688598633,-39.8437232971191406,-1.5366076231002808
11.7507314682006836,-20.1428546905517578,-2.2510459423065186
-22.2932491302490234,-43.3983001708984375,-1.5340565443038940
3.7779190540313721,-27.6446342468261719,-1.5355178117752075
-12.6899757385253906,-49.8320312500000000,-2.2477071285247803
13.3855791091918945,-55.5340576171875000,-2.2453222274780273
8.5704345703125000,-44.9749679565429688,-2.2555623054504395
12.6657247543334961,-21.4998302459716797,-1.5329589843750000
1.0188189744949341,-19.3218593597412109,-2.2434804439544678
-25.7144699096679688,-54.9286270141601563,-2.2514529228210449
7.8863320350646973,-21.5599365234375000,-1.5336819887161255
17.4628295898437500,-56.3098411560058594,-2.2453923225402832
3.7832741737365723,-37.1865158081054688,-2.2508382797241211
-27.7852973937988281,-56.0331993103027344,-1.5286446809768677
-10.6190481185913086,-32.6878890991210938,-1.5328385829925537
6.4980168342590332,-32.2507705688476563,-1.5324064493179321
-2.9482882022857666,-41.4303359985351563,-1.5323967933654785
15.5804777145385742,-54.5732116699218750,-2.2422158718109131
4.9660573005676270,-7.3056173324584961,-2.2420883178710938
-1.7627412080764771,-33.8735351562500000,-2.2430810928344727
2.1386086940765381,-30.0394001007080078,-1.5343238115310669
10.6191759109497070,-15.3247776031494141,-1.5370146036148071
16.8084506988525391,-29.2646083831787109,-2.2442405223846436
-5.8492856025695801,-11.8253974914550781,-1.5359065532684326
25.5037345886230469,-56.5095100402832031,-1.5339664220809937
16.8000946044921875,-27.1340026855468750,-1.5325020551681519
15.4219379425048828,-40.1860809326171875,-2.2416512966156006
17.4901771545410156,-47.7945289611816406,-2.2419717311859131
-22.9789848327636719,-55.3098945617675781,-1.5373538732528687
15.4222640991210938,-39.1892318725585938,-2.2418277263641357
16.8014030456542969,-32.8037948608398438,-1.5337994098663330
-0.1273936331272125,-2.6176371574401855,-1.5388069152832031
-27.1813869476318359,-45.3390388488769531,-2.2412612438201904
-10.6560811996459961,-12.4301948547363281,-1.5378549098968506
13.2344121932983398,-48.4635238647460938,-2.2417595386505127
-18.1864528656005859,-51.9217338562011719,-2.2429478168487549
20.2186107635498047,-47.8366737365722656,-1.5287709236145020
17.0497455596923828,-41.8621711730957031,-1.5332643985748291
30.5103778839111328,-56.2949981689453125,-1.5337209701538086
-10.6200284957885742,-25.3577194213867188,-2.2510693073272705
1.6538238525390625,-12.3030557632446289,-1.5344604253768921
1.0205653905868530,-33.6702003479003906,-2.2478015422821045
15.4167957305908203,-37.0608978271484375,-1.5354188680648804
29.8164634704589844,-56.2962074279785156,-2.2433435916900635
-7.1398344039916992,-27.7605457305908203,-2.2457261085510254
3.4227693080902100,-36.2718124389648438,-2.2556116580963135
-12.7028713226318359,-54.8847122192382813,-1.5297029018402100
16.7677726745605469,-52.8694496154785156,-2.2430524826049805
1.0198638439178467,-49.3502616882324219,-1.5361268520355225
17.4739360809326172,-52.1633529663085938,-2.2439339160919189
10.6355190277099609,-31.4471282958984375,-2.2475352287292480
-17.4895019531250000,-48.3921318054199219,-2.2455363273620605
-15.4177904129028320,-45.5725021362304688,-1.5344902276992798
7.5971689224243164,-34.2881813049316406,-1.5340228080749512
7.8333501815795898,-50.2769393920898438,-2.2457594871520996
16.1185111999511719,-28.5533714294433594,-2.2447223663330078
7.4634308815002441,-52.1811599731445313,-1.5306082963943481
13.3814067840576172,-22.1822757720947266,-1.5285902023315430
-8.4252519607543945,-24.0509243011474609,-2.2494721412658691
11.1152763366699219,-41.3593597412109375,-2.2426254749298096
3.7805039882659912,-51.8054008483886719,-1.5397152900695801
-22.2679691314697266,-49.7290954589843750,-2.2474184036254883
-10.6199569702148438,-57.0142631530761719,-2.2442319393157959
-1.6959539651870728,-53.4878845214843750,-2.2480335235595703
18.1815319061279297,-52.1594543457031250,-1.5369204282760620
-27.0471858978271484,-55.3842773437500000,-1.5278655290603638
-11.7733287811279297,-38.8010025024414063,-2.2448871135711670
-1.0174349546432495,-51.3733825683593750,-2.2485418319702148
3.6591260433197021,-7.1568703651428223,-1.5382926464080811
-12.4480800628662109,-42.5336799621582031,-1.5338453054428101
-10.6182003021240234,-22.6343898773193359,-2.2507433891296387
-13.3824329376220703,-50.5389480590820313,-2.2470054626464844
-3.7159502506256104,-7.3052096366882324,-1.5388225317001343
-31.7451629638671875,-49.7201461791992188,-2.2415039539337158
13.3897237777709961,-38.0697250366210938,-1.5314588546752930
-1.9812293052673340,-27.2579059600830078,-2.2492733001708984
1.2117029428482056,-5.6844291687011719,-1.5362097024917603
-7.4775691032409668,-52.6187515258789063,-2.2490613460540771
-2.0362398624420166,-22.5077285766601563,-2.2524909973144531
3.1278529167175293,-41.3267974853515625,-1.5328732728958130
1.1237599849700928,-39.1013450622558594,-1.5252398252487183
-11.7420806884765625,-32.2224311828613281,-1.5279462337493896
-11.3169784545898438,-52.6393699645996094,-2.2445819377899170
-20.2175865173339844,-46.8768501281738281,-1.5329804420471191
-20.2212734222412109,-35.9942016601562500,-1.5383548736572266
1.0182408094406128,-54.9537010192871094,-2.2534158229827881
-1.7730531692504883,-39.5779457092285156,-1.5302699804306030
8.4441375732421875,-11.2328968048095703,-1.5366972684860229
-26.4280662536621094,-55.6247215270996094,-2.2482831478118896
8.5855436325073242,-23.4852752685546875,-1.5333811044692993
22.2228927612304688,-36.2049713134765625,-2.2412734031677246
-13.2337379455566406,-24.6817302703857422,-2.2464177608489990
25.0109634399414063,-55.4459075927734375,-1.5171798467636108
-31.2483367919921875,-57.0066032409667969,-2.2417745590209961
3.7808692455291748,-43.2962074279785156,-1.5331014394760132
-12.6104078292846680,-12.3648643493652344,-1.5372452735900879
-8.5866880416870117,-29.1181583404541016,-2.2449285984039307
25.7785263061523438,-46.1411781311035156,-1.5387547016143799
2.6194701194763184,-51.3288803100585938,-1.5265357494354248
-15.4220476150512695,-55.7110290527343750,-2.2495851516723633
1.7290751934051514,-10.6197843551635742,-2.2455816268920898
-15.4222383499145508,-23.2107315063476563,-1.5372595787048340
27.7797737121582031,-45.6321029663085938,-1.5332115888595581
18.1779537200927734,-17.8781509399414063,-1.5371582508087158
3.7849664688110352,-54.8889732360839844,-2.2446453571319580
-3.7777762413024902,-21.7893886566162109,-1.5303845405578613
3.7845683097839355,-37.8451080322265625,-1.5261960029602051
34.8246536254882813,-53.5076026916503906,-1.5387966632843018
6.3442168235778809,-37.1007766723632813,-2.2501306533813477
3.7649998664855957,-11.6921634674072266,-2.2415609359741211
3.7900409698486328,-8.7052316665649414,-2.2462670803070068
20.2171497344970703,-49.9280700683593750,-2.2444233894348145
6.9112544059753418,-34.3472747802734375,-2.2459535598754883
-22.7898197174072266,-37.4799880981445313,-1.5345686674118042
-15.4223775863647461,-40.7535095214843750,-1.5373528003692627
-11.3203821182250977,-53.3466644287109375,-1.5364094972610474
-1.0206468105316162,-22.7701244354248047,-2.2479155063629150
2.0264337062835693,-33.6077690124511719,-2.2466192245483398
8.5234346389770508,-11.9297456741333008,-2.2453360557556152
13.3800725936889648,-14.2226991653442383,-1.5355830192565918
8.1387777328491211,-43.8190879821777344,-2.2566554546356201
5.8147788047790527,-27.4680042266845703,-2.2491326332092285
15.4138774871826172,-29.9704837799072266,-1.5365636348724365
22.9779014587402344,-39.2695312500000000,-2.2424576282501221
-25.0186347961425781,-51.8285675048828125,-2.2479455471038818
11.4552946090698242,-9.8219175338745117,-2.2413642406463623
13.3837938308715820,-56.3042945861816406,-1.5325286388397217
6.3093905448913574,-26.2980384826660156,-2.2463691234588623
-22.3036384582519531,-53.8830146789550781,-2.2464830875396729
17.0072078704833984,-17.3555126190185547,-1.5373378992080688
31.8923778533935547,-57.0054626464843750,-2.2463977336883545
-10.6200389862060547,-30.0078468322753906,-2.2448325157165527
1.2191281318664551,-3.6623389720916748,-2.2420592308044434
-35.3902091979980469,-53.5522117614746094,-1.5387575626373291
-3.7825875282287598,-30.1418991088867188,-2.2458829879760742
7.7529587745666504,-46.7166557312011719,-2.2510995864868164
-6.8128290176391602,-36.4966392517089844,-2.2572646141052246
10.6222896575927734,-25.3670120239257813,-1.5332138538360596
-20.2028923034667969,-48.2847137451171875,-1.5160874128341675
16.8109169006347656,-43.8331260681152344,-1.5297640562057495
-11.3097133636474609,-49.1130332946777344,-1.5361236333847046
25.0199871063232422,-48.2402076721191406,-1.5361669063568115
1.8244719505310059,-31.6328449249267578,-2.2500233650207520
8.5834970474243164,-33.4093894958496094,-1.5285449028015137
17.4573936462402344,-20.9686603546142578,-1.5371921062469482
32.5837326049804688,-55.5825920104980469,-1.5364750623703003
3.7872245311737061,-24.9674549102783203,-2.2536308765411377
-13.8841915130615234,-11.1739540100097656,-2.2411227226257324
-32.5793418884277344,-52.1810646057128906,-1.5386871099472046
-18.1805210113525391,-29.3171806335449219,-1.5375705957412720
25.7161674499511719,-51.9964752197265625,-1.5358800888061523
-18.0173645019531250,-25.6235446929931641,-2.2502355575561523
-7.3451886177062988,-35.0571098327636719,-1.5363943576812744
-2.8205173015594482,-50.1188964843750000,-2.2471790313720703
21.5586700439453125,-39.9646377563476563,-1.5365250110626221
-1.7200558185577393,-40.9342308044433594,-1.5354214906692505
-10.6186714172363281,-53.3481445312500000,-2.2441518306732178
10.6207447052001953,-14.6296577453613281,-2.2448515892028809
-21.5967674255371094,-56.2917900085449219,-1.5329136848449707
1.0189749002456665,-25.9044570922851563,-1.5325393676757813
-0.5440664291381836,-3.9891574382781982,-2.2422931194305420
20.2210235595703125,-42.4241027832031250,-2.2478454113006592
18.1843414306640625,-54.2570648193359375,-2.2466533184051514
-3.7817397117614746,-34.1725234985351563,-2.2480497360229492
-7.8258647918701172,-46.7045326232910156,-2.2412741184234619
15.4179582595825195,-49.3444023132324219,-1.5347967147827148
-22.9834957122802734,-56.3022422790527344,-1.5362709760665894
1.8022415637969971,-39.1609764099121094,-2.2502355575561523
13.3804340362548828,-54.1483154296875000,-2.2457756996154785
6.9946084022521973,-14.3186779022216797,-2.2498173713684082
12.6645135879516602,-36.6721343994140625,-2.2419123649597168
5.8223638534545898,-33.8766212463378906,-2.2413315773010254
26.7998943328857422,-43.1049804687500000,-2.2421462535858154
-21.5952625274658203,-44.1006965637207031,-1.5344140529632568
-15.4193458557128906,-31.2923831939697266,-1.5355516672134399
-18.1836128234863281,-42.8400878906250000,-2.2536611557006836
9.6332969665527344,-10.0633182525634766,-2.2457280158996582
12.6548786163330078,-45.5066566467285156,-1.5335534811019897
5.8182640075683594,-22.4502620697021484,-1.5319652557373047
-12.1648826599121094,-41.5819244384765625,-1.5301433801651001
-11.7585363388061523,-11.8448896408081055,-1.5385273694992065
5.8213348388671875,-37.6743812561035156,-1.5335593223571777
6.3048906326293945,-24.3066902160644531,-2.2460694313049316
10.6192426681518555,-33.1237411499023438,-1.5290088653564453
12.6915607452392578,-55.5656013488769531,-1.5349023342132568
1.0157715082168579,-39.7464370727539063,-2.2597057819366455
-31.7670249938964844,-53.6154251098632813,-2.2164127826690674
-7.2926955223083496,-26.6380882263183594,-1.5359573364257813
6.4981913566589355,-4.2206206321716309,-1.5386971235275269
22.1866111755371094,-47.2076683044433594,-1.5359854698181152
16.1078433990478516,-31.3912353515625000,-2.2457864284515381
-6.5601811408996582,-38.6522178649902344,-2.2429339885711670
-21.5996627807617188,-57.0066184997558594,-2.2468101978302002
-7.1128535270690918,-47.4241561889648438,-2.2474730014801025
25.0200977325439453,-56.0460853576660156,-2.2607882022857666
-7.8400721549987793,-27.7507152557373047,-1.5340327024459839
5.5780749320983887,-6.4786047935485840,-2.2429955005645752
-10.6190099716186523,-51.9270591735839844,-2.2456717491149902
6.6566095352172852,-33.7011413574218750,-1.5352996587753296
-10.6170787811279297,-39.4543533325195313,-2.2497208118438721
-3.0131735801696777,-37.7996864318847656,-1.5309426784515381
6.5385446548461914,-55.6294097900390625,-1.5356732606887817
-11.9893684387207031,-51.2250862121582031,-1.5314828157424927
8.1093187332153320,-31.9130706787109375,-2.2487130165100098
17.4962005615234375,-30.6749210357666016,-1.5345894098281860
-13.0977153778076172,-34.9137458801269531,-1.5190496444702148
3.2866909503936768,-9.1862049102783203,-1.5371381044387817
-13.3789463043212891,-25.3598480224609375,-1.5370188951492310
-22.9806861877441406,-48.3305091857910156,-1.5361381769180298
-3.7817821502685547,-32.8573532104492188,-2.2532846927642822
-17.7387447357177734,-37.9851493835449219,-2.2461049556732178
10.6214742660522461,-51.0879402160644531,-2.2522997856140137
-7.3955202102661133,-49.8952980041503906,-1.5360468626022339
6.5002737045288086,-57.0141601562500000,-1.5319997072219849
31.8915023803710938,-53.4396286010742188,-1.5342249870300293
-3.0098111629486084,-14.7849626541137695,-1.5358420610427856
12.6602029800415039,-44.8244209289550781,-2.2496645450592041
25.0169544219970703,-52.0001945495605469,-2.2435328960418701
-20.2178821563720703,-38.8315124511718750,-1.5387421846389771
11.5974960327148438,-29.6123657226562500,-1.5335674285888672
-11.1441106796264648,-27.8172779083251953,-2.2413160800933838
-15.4127540588378906,-31.9979553222656250,-2.2438597679138184
-17.1827812194824219,-40.2931671142578125,-2.2488551139831543
-15.4165420532226563,-51.2123565673828125,-1.5339971780776978
5.8217225074768066,-38.3550376892089844,-2.2464733123779297
-17.8837871551513672,-55.6845474243164063,-2.2438020706176758
-34.6228103637695313,-54.1917343139648438,-1.5382586717605591
27.7830829620361328,-50.5626869201660156,-2.2441456317901611
18.1865844726562500,-30.6855545043945313,-2.2443475723266602
11.1295547485351563,-19.9009208679199219,-1.5261011123657227
-18.1831188201904297,-44.8868484497070313,-2.2468733787536621
3.7790486812591553,-38.5138092041015625,-2.2485413551330566
20.2209358215332031,-38.9866752624511719,-2.2432243824005127
25.6866588592529297,-48.4359436035156250,-2.2446267604827881
-6.7580857276916504,-30.2831764221191406,-2.2460389137268066
2.5878853797912598,-11.3212995529174805,-2.2459638118743896
-20.9233093261718750,-54.6077232360839844,-1.5357688665390015
11.3204431533813477,-36.7480545043945313,-2.2457795143127441
-16.7978305816650391,-54.7647781372070313,-2.2426578998565674
20.9116306304931641,-51.3529281616210938,-1.5346288681030273
-12.0231170654296875,-54.0499496459960938,-1.5328834056854248
12.3916730880737305,-15.2483224868774414,-1.5361424684524536
2.3693919181823730,-3.3606839179992676,-2.2419674396514893
20.2211303710937500,-44.4338188171386719,-1.5242364406585693
27.4817104339599609,-43.2919082641601563,-1.5376170873641968
-22.9816246032714844,-49.7242546081542969,-1.5316169261932373
8.5811052322387695,-35.3931198120117188,-1.5325813293457031
8.5806455612182617,-55.0352973937988281,-1.5350184440612793
13.2632188796997070,-43.4811820983886719,-1.5319784879684448
11.3271379470825195,-22.4420833587646484,-2.2414543628692627
6.5313577651977539,-31.5029602050781250,-2.2411227226257324
7.1758337020874023,-32.2528724670410156,-2.2573232650756836
2.4402391910552979,-19.3218460083007813,-2.2411532402038574
-12.9127607345581055,-23.4999542236328125,-2.2487146854400635
15.4210643768310547,-21.9971408843994141,-2.2443149089813232
-7.2829504013061523,-41.9841728210449219,-2.2459721565246582
1.4977886676788330,-33.1654853820800781,-1.5333627462387085
-15.4182386398315430,-44.1371116638183594,-1.5353903770446777
-8.5806207656860352,-50.4491310119628906,-1.5345371961593628
16.1110134124755859,-29.9694709777832031,-2.2440550327301025
11.1080408096313477,-26.5462398529052734,-1.5352022647857666
-15.4135189056396484,-44.8345985412597656,-2.2446436882019043
-12.6695270538330078,-57.0041275024414063,-2.2438066005706787
27.1173114776611328,-53.4050636291503906,-1.5322723388671875
18.1890277862548828,-49.3263053894042969,-1.5370327234268188
3.7820806503295898,-40.1651344299316406,-1.5264390707015991
3.7846233844757080,-55.5894203186035156,-1.5369255542755127
16.2657432556152344,-54.4114303588867188,-1.5343661308288574
21.5649623870849609,-38.3247070312500000,-2.2414929866790771
-10.6184005737304688,-23.9843711853027344,-2.2474877834320068
-22.2801094055175781,-39.8394355773925781,-2.2445812225341797
-11.3059415817260742,-50.5168418884277344,-1.5332850217819214
-16.1161785125732422,-42.4481201171875000,-1.5306367874145508
16.1091632843017578,-29.2655353546142578,-1.5355523824691772
-2.2496910095214844,-41.3984413146972656,-2.2429966926574707
0.8253028392791748,-9.3686761856079102,-1.5373831987380981
-11.5285568237304688,-22.6344795227050781,-1.5347776412963867
-3.7707777023315430,-35.8080711364746094,-1.5243703126907349
26.5619010925292969,-43.7695198059082031,-1.5374295711517334
26.3868694305419922,-49.1450881958007813,-2.2448337078094482
3.1308555603027344,-48.9968032836914063,-2.2475900650024414
-17.4819145202636719,-46.2791633605957031,-1.5356489419937134
22.2948493957519531,-51.3608665466308594,-1.5336711406707764
-12.4958629608154297,-29.3387241363525391,-2.2412450313568115
-15.4175176620483398,-47.6594429016113281,-2.2464182376861572
-1.0188677310943604,-20.0471973419189453,-1.5302090644836426
-7.3968696594238281,-38.4173431396484375,-1.5267580747604370
-2.3448514938354492,-7.4475522041320801,-2.2414360046386719
-20.2222042083740234,-50.0884971618652344,-1.5351600646972656
10.9391050338745117,-8.2772550582885742,-2.2438547611236572
-20.2194423675537109,-45.5192489624023438,-1.5319838523864746
-15.4152069091796875,-33.4458427429199219,-2.2463395595550537
6.3996663093566895,-5.2145018577575684,-1.5382689237594604
-6.2840256690979004,-24.1132049560546875,-1.5276479721069336
-2.7850930690765381,-5.2691140174865723,-1.5367875099182129
6.7167992591857910,-7.5593552589416504,-2.2438955307006836
-2.5328600406646729,-34.5718955993652344,-2.2447662353515625
16.0974636077880859,-15.9792404174804688,-2.2415831089019775
-22.2608985900878906,-51.0698127746582031,-2.2492351531982422
-3.0852389335632324,-55.5987854003906250,-1.5341515541076660
18.1786518096923828,-57.0044364929199219,-2.2438673973083496
-3.6781156063079834,-9.8350067138671875,-2.2482964992523193
-26.4108028411865234,-46.6919326782226563,-1.5342630147933960
31.8729877471923828,-51.0006752014160156,-1.5379525423049927
-16.2812843322753906,-41.2780494689941406,-1.5267534255981445
5.9745264053344727,-12.9992170333862305,-2.2410650253295898
10.6952981948852539,-43.2073593139648438,-1.5352030992507935
-3.7781193256378174,-33.5087203979492188,-1.5248219966888428
25.6945381164550781,-49.1387557983398438,-1.5328453779220581
1.6219846010208130,-7.7724280357360840,-2.2423675060272217
16.5255699157714844,-40.3428764343261719,-2.2451200485229492
1.0150026082992554,-57.0057525634765625,-1.5367922782897949
-12.8365859985351563,-43.4482460021972656,-1.5346891880035400
-6.3354825973510742,-12.3255939483642578,-2.2449417114257813
32.5829467773437500,-54.8642234802246094,-2.2436087131500244
12.7860298156738281,-14.6616668701171875,-2.2412879467010498
-7.8736133575439453,-48.7801170349121094,-1.5300587415695190
-15.4151039123535156,-52.6376800537109375,-1.5357846021652222
12.2950553894042969,-12.9341220855712891,-2.2421483993530273
-15.4192371368408203,-57.0098037719726563,-2.2492797374725342
-12.5342369079589844,-40.2674217224121094,-1.5368294715881348
-15.4117755889892578,-48.3975868225097656,-1.5351891517639160
10.5197668075561523,-9.9947023391723633,-1.5373996496200562
15.4177732467651367,-47.9125328063964844,-1.5342026948928833
10.6168203353881836,-34.3841552734375000,-1.5315997600555420
-13.3886213302612305,-53.3114013671875000,-2.2481973171234131
-2.1489408016204834,-4.4831314086914063,-1.5383548736572266
-13.3781766891479492,-18.9406127929687500,-2.2439842224121094
7.1890363693237305,-15.6128730773925781,-2.2460026741027832
-17.4687232971191406,-57.0052490234375000,-1.5358371734619141
-10.6165933609008789,-51.2292480468750000,-1.5361808538436890
-2.4315686225891113,-3.8330552577972412,-2.2414581775665283
-2.9701018333435059,-9.6511077880859375,-1.5387876033782959
2.2826688289642334,-50.3933792114257813,-1.5314279794692993
-2.9931125640869141,-32.8548126220703125,-1.5276085138320923
-3.7782444953918457,-23.4546871185302734,-2.2492237091064453
16.0982837677001953,-23.8204936981201172,-1.5339982509613037
-6.5202183723449707,-51.1354103088378906,-2.2447845935821533
-1.0220246315002441,-33.2054748535156250,-2.2470419406890869
-8.0612478256225586,-39.4929580688476563,-1.5336847305297852
12.8334903717041016,-28.4975414276123047,-2.2446281909942627
-6.8156104087829590,-32.8481483459472656,-1.5339471101760864
-15.4165954589843750,-27.9467773437500000,-1.5286386013031006
8.5784225463867188,-15.0468969345092773,-1.5370509624481201
-16.7668437957763672,-23.5104770660400391,-1.5367949008941650
15.4202232360839844,-22.6919956207275391,-1.5342421531677246
5.8191080093383789,-14.9826068878173828,-2.2445943355560303
12.0455017089843750,-38.1338920593261719,-1.5362247228622437
17.4973754882812500,-49.3339920043945313,-2.2444486618041992
18.1786136627197266,-21.6558666229248047,-1.5312757492065430
31.8873729705810547,-52.7155990600585938,-2.2461843490600586
8.2215108871459961,-13.4487247467041016,-2.2435202598571777
-7.6603026390075684,-13.9578952789306641,-2.2474677562713623
2.1849613189697266,-31.0343761444091797,-1.5380542278289795
-3.2879090309143066,-34.6626739501953125,-1.5372229814529419
-10.6198024749755859,-44.1677780151367188,-1.5363807678222656
-37.3016395568847656,-56.3044357299804688,-1.5356794595718384
-7.8638677597045898,-32.2123336791992188,-2.2458295822143555
0.9514238238334656,-11.5970115661621094,-1.5322458744049072
-3.2600097656250000,-7.8449673652648926,-2.2442455291748047
-7.8538970947265625,-57.0052642822265625,-1.5343281030654907
-11.3085203170776367,-47.7011871337890625,-1.5352227687835693
-11.2094116210937500,-20.9819831848144531,-1.5302028656005859
6.8782658576965332,-6.5757479667663574,-2.2413864135742188
-30.5437602996826172,-57.0043029785156250,-1.5350425243377686
-22.2909126281738281,-56.2952613830566406,-2.2468786239624023
1.8917334079742432,-3.8802015781402588,-1.5376348495483398
11.0372686386108398,-29.2406749725341797,-2.2556836605072021
16.1159000396728516,-51.4341049194335938,-1.5331505537033081
11.6835699081420898,-13.3866767883300781,-1.5320960283279419
26.5687503814697266,-45.1770210266113281,-1.5368862152099609
-1.0169264078140259,-44.6159515380859375,-2.2430732250213623
-1.2182145118713379,-24.4601631164550781,-1.5386526584625244
27.0840682983398438,-49.1387214660644531,-1.5356271266937256
11.7962493896484375,-35.6606483459472656,-2.2565531730651855
1.9131364822387695,-16.7199153900146484,-1.5368138551712036
-11.3170852661132813,-44.1767845153808594,-2.2472991943359375
26.3806324005126953,-47.7286453247070313,-2.2450788021087646
2.6212990283966064,-9.9735536575317383,-2.2413594722747803
-10.6159582138061523,-38.4671554565429688,-2.2514717578887939
-21.8218955993652344,-38.6154632568359375,-2.2457962036132813
6.5270690917968750,-23.1437931060791016,-1.5318958759307861
15.4189434051513672,-50.7277374267578125,-1.5355607271194458
-17.6713581085205078,-27.8255367279052734,-2.2414824962615967
2.2983591556549072,-27.0180358886718750,-2.2432544231414795
16.1140079498291016,-24.9942970275878906,-1.5341191291809082
18.1826858520507813,-34.9123954772949219,-2.2453074455261230
3.7808718681335449,-52.5127792358398438,-2.2450199127197266
-11.6153202056884766,-40.7623634338378906,-1.5284632444381714
-29.8223209381103516,-50.1942634582519531,-1.5382907390594482
10.6189041137695313,-21.7386455535888672,-2.2435171604156494
-29.8210659027099609,-52.2977256774902344,-2.2438633441925049
11.3030090332031250,-12.8283720016479492,-2.2499594688415527
-20.8498668670654297,-35.6708526611328125,-2.2424526214599609
17.4931507110595703,-34.9279212951660156,-1.5333347320556641
17.5146846771240234,-42.4020309448242188,-2.2414901256561279
-16.1026096343994141,-45.5443725585937500,-2.2495255470275879
16.1116123199462891,-32.8111495971679688,-2.2457063198089600
26.1827564239501953,-56.3233108520507813,-2.2419304847717285
6.9347863197326660,-20.2194671630859375,-2.2495291233062744
0.7703464627265930,-10.9386825561523438,-2.2472515106201172
-7.6774263381958008,-18.9237689971923828,-2.2458415031433105
16.3168144226074219,-18.7766437530517578,-2.2414841651916504
6.1609358787536621,-36.1237907409667969,-2.2528479099273682
31.3388748168945313,-50.5347366333007813,-2.2413117885589600
-16.0958709716796875,-33.4217414855957031,-1.5328450202941895
-16.2887439727783203,-39.2994728088378906,-2.2533206939697266
15.4208459854125977,-24.0052871704101563,-2.2416408061981201
1.5631724596023560,-30.6793556213378906,-2.2424275875091553
-13.3780155181884766,-13.0032730102539063,-1.5353219509124756
7.8363947868347168,-28.7878112792968750,-1.5371364355087280
-7.8809618949890137,-29.8029842376708984,-2.2511913776397705
7.3032069206237793,-27.7070236206054688,-1.5306708812713623
15.4231786727905273,-19.9053058624267578,-1.5337203741073608
7.6096668243408203,-30.6622753143310547,-1.5380928516387939
22.2923812866210938,-56.2983741760253906,-2.2454423904418945
7.5926089286804199,-13.9930486679077148,-1.5345312356948853
17.5399971008300781,-40.3997077941894531,-2.2455878257751465
-8.5853118896484375,-49.4611015319824219,-1.5318331718444824
8.5779113769531250,-25.4075870513916016,-2.2420692443847656
-2.6060581207275391,-26.9805870056152344,-1.5298393964767456
11.3242816925048828,-21.7301216125488281,-1.5369230508804321
-3.3013951778411865,-43.2029075622558594,-1.5344526767730713
-3.1281223297119141,-48.1563148498535156,-2.2462081909179688
1.0193150043487549,-38.4511413574218750,-2.2531321048736572
-11.9897108078002930,-38.1398925781250000,-1.5333383083343506
11.9638433456420898,-20.7942562103271484,-1.5336258411407471
4.7599353790283203,-10.7185182571411133,-2.2489433288574219
10.6144580841064453,-26.0536556243896484,-2.2457764148712158
-3.7776012420654297,-38.4642753601074219,-1.5276997089385986
1.6628081798553467,-52.7533111572265625,-2.2424366474151611
-20.9002552032470703,-47.5996360778808594,-1.5315885543823242
25.0119228363037109,-49.1609382629394531,-2.2453353404998779
-25.0123596191406250,-49.5574417114257813,-1.5357974767684937
22.2998371124267578,-50.6388587951660156,-2.2467317581176758
7.8661804199218750,-49.5871582031250000,-1.5330119132995605
-10.6158113479614258,-46.9914703369140625,-1.5354207754135132
17.6480216979980469,-46.4850921630859375,-2.2437179088592529
16.1438598632812500,-20.5976734161376953,-1.5357199907302856
17.4883022308349609,-28.5439205169677734,-2.2483565807342529
16.0956115722656250,-56.2755546569824219,-2.2504723072052002
25.7306938171386719,-44.6340637207031250,-1.5386753082275391
-5.8332104682922363,-19.6283035278320313,-2.2412307262420654
2.4310710430145264,-14.0048427581787109,-2.2423386573791504
11.5052728652954102,-50.4136161804199219,-2.2518990039825439
-2.4064991474151611,-45.3253021240234375,-1.5351928472518921
12.2820291519165039,-23.0310401916503906,-2.2524771690368652
15.4163665771484375,-30.6784858703613281,-2.2434170246124268
29.8161239624023438,-54.1594276428222656,-1.5355118513107300
16.8046379089355469,-37.7536544799804688,-2.2455539703369141
26.4018955230712891,-51.2762374877929688,-1.5337171554565430
-6.8458518981933594,-34.5274772644042969,-2.2440681457519531
1.0956373214721680,-4.9944963455200195,-2.2438900470733643
13.3792905807495117,-49.4496345520019531,-2.2448565959930420
10.6208620071411133,-17.6838874816894531,-1.5317883491516113
27.7823009490966797,-54.9168434143066406,-2.2424683570861816
-12.3843231201171875,-32.4314537048339844,-2.2495701313018799
3.2075259685516357,-3.9030773639678955,-2.2413020133972168
-8.5830173492431641,-31.5233402252197266,-2.2489352226257324
7.9339218139648438,-53.5170631408691406,-2.2492761611938477
18.1836891174316406,-55.6295471191406250,-2.2473320960998535
-3.0829780101776123,-54.9037704467773438,-2.2449846267700195
-1.0946055650711060,-41.8867034912109375,-2.2473783493041992
-8.5778388977050781,-27.7507553100585938,-2.2481503486633301
-17.5147476196289063,-36.2812118530273438,-1.5299748182296753
-2.1238965988159180,-16.7432308197021484,-1.5362217426300049
-16.3864212036132813,-46.4890403747558594,-2.2506492137908936
7.5911488533020020,-44.1817016601562500,-1.5258662700653076
-17.7453460693359375,-26.7868270874023438,-2.2530338764190674
17.4942836761474609,-32.8100929260253906,-2.2457711696624756
-18.1844177246093750,-48.4035110473632813,-1.5361020565032959
-11.0675954818725586,-28.8123950958251953,-2.2521941661834717
15.4128084182739258,-51.4310722351074219,-2.2434818744659424
-6.8026394844055176,-52.6766090393066406,-1.5201929807662964
-5.2795162200927734,-10.4163160324096680,-2.2439439296722412
13.3800516128540039,-19.8073310852050781,-1.5352152585983276
-20.8972187042236328,-33.8588180541992188,-2.2415742874145508
16.8094425201416016,-29.9628505706787109,-1.5336360931396484
-13.3891983032226563,-47.6986656188964844,-2.2434818744659424
31.1978855133056641,-54.1544456481933594,-1.5345451831817627
-7.8268027305603027,-51.0939674377441406,-1.5350220203399658
6.2955327033996582,-9.5444345474243164,-2.2398285865783691
-12.6566848754882813,-16.4623012542724609,-1.5365389585494995
-8.0665578842163086,-16.7058105468750000,-2.2449347972869873
-34.6269531250000000,-54.8984069824218750,-2.2423696517944336
1.0219864845275879,-13.2893171310424805,-1.5366426706314087
11.0857448577880859,-32.6297912597656250,-2.2498142719268799
3.0760493278503418,-23.5833263397216797,-1.5367493629455566
10.6184473037719727,-50.4236679077148438,-1.5259811878204346
-2.4779465198516846,-18.6969947814941406,-1.5355092287063599
-31.8678073883056641,-54.6084594726562500,-2.2416408061981201
8.5809049606323242,-31.4237155914306641,-1.5341439247131348
-2.8448011875152588,-50.8042106628417969,-1.5327769517898560
10.6175575256347656,-32.1326675415039063,-1.5326169729232788
3.3091745376586914,-42.8096809387207031,-2.2484736442565918
7.1135916709899902,-35.8300399780273438,-2.2471940517425537
-11.9506940841674805,-21.6444530487060547,-1.5341573953628540
-22.2899684906005859,-46.2127799987792969,-1.5356428623199463
5.8472914695739746,-4.5031657218933105,-2.2413051128387451
1.8991001844406128,-24.5246715545654297,-2.2412974834442139
-7.6369400024414063,-17.5996589660644531,-2.2524449825286865
-22.9824771881103516,-39.1426353454589844,-2.2435698509216309
-12.3034734725952148,-17.7307987213134766,-1.5357754230499268
-12.6946763992309570,-45.5872306823730469,-2.2464599609375000
10.6094207763671875,-55.0065269470214844,-1.5308763980865479
20.6705379486083984,-39.5167083740234375,-1.5344706773757935
-11.3103694915771484,-49.8198661804199219,-2.2450060844421387
12.6801166534423828,-46.1997795104980469,-2.2440419197082520
8.5781383514404297,-28.0911331176757813,-1.5351758003234863
9.9880189895629883,-7.9782986640930176,-2.2426683902740479
7.6532659530639648,-23.8230552673339844,-1.5238082408905029
8.5570812225341797,-36.0675926208496094,-2.2504711151123047
-22.9838542938232422,-41.9691658020019531,-2.2449545860290527
-5.8213424682617188,-37.9433555603027344,-2.2443702220916748
16.1003780364990234,-36.3383598327636719,-1.5335837602615356
25.0175552368164063,-54.1043319702148438,-1.5352050065994263
-5.8244347572326660,-13.8168315887451172,-1.5364650487899780
-26.6163864135742188,-56.3203506469726563,-1.5386742353439331
8.5004367828369141,-38.1148414611816406,-1.5365171432495117
1.5093381404876709,-45.4966850280761719,-1.5338174104690552
-13.3770437240600586,-29.9861011505126953,-2.2455987930297852
-25.7331314086914063,-55.6176681518554688,-1.5349597930908203
8.0969667434692383,-4.6915850639343262,-2.2413585186004639
27.0849838256835938,-49.8542098999023438,-2.2443845272064209
-6.7341651916503906,-30.9760589599609375,-1.5356894731521606
-6.4819445610046387,-40.8678169250488281,-2.2418818473815918
-16.7923183441162109,-51.2147789001464844,-1.5341656208038330
-11.7420301437377930,-12.5672960281372070,-2.2412996292114258
-7.3822345733642578,-15.2788457870483398,-2.2465982437133789
-18.1834030151367188,-30.3098716735839844,-1.5370947122573853
-1.0201632976531982,-12.8488826751708984,-1.5358890295028687
-7.5875167846679688,-24.1447105407714844,-1.5378212928771973
3.7828762531280518,-54.1909599304199219,-1.5356469154357910
-7.3825492858886719,-45.2198829650878906,-2.2489047050476074
-2.3985919952392578,-52.7843627929687500,-2.2441844940185547
8.5837821960449219,-12.6190671920776367,-1.5359578132629395
-10.6199226379394531,-43.4679183959960938,-2.2435383796691895
-12.0072479248046875,-44.8890571594238281,-2.2451903820037842
22.9856605529785156,-53.4822120666503906,-1.5364360809326172
21.0164318084716797,-42.4981613159179688,-1.5380487442016602
-17.1683292388916016,-39.6128005981445313,-1.5314787626266479
-1.9599419832229614,-21.3918571472167969,-2.2481009960174561
-21.6007022857666016,-43.3977088928222656,-2.2455847263336182
3.7797160148620605,-53.2026062011718750,-1.5357164144515991
-16.7925949096679688,-37.6883049011230469,-2.2525649070739746
11.4304571151733398,-17.7838649749755859,-2.2415788173675537
1.0202754735946655,-46.6505355834960938,-1.5293159484863281
32.5802383422851563,-52.7144927978515625,-1.5365740060806274
3.0305998325347900,-4.5895881652832031,-1.5379221439361572
16.1145286560058594,-27.1536540985107422,-2.2459747791290283
-20.7372131347656250,-48.5537376403808594,-2.2589731216430664
-4.2584199905395508,-8.6125955581665039,-2.2418873310089111
-7.9326572418212891,-19.5898914337158203,-1.5367642641067505
3.0883684158325195,-54.1861839294433594,-2.2484924793243408
-13.2106533050537109,-19.6183738708496094,-1.5361894369125366
12.3925991058349609,-17.9248886108398438,-2.0198099613189697
-3.7830824851989746,-51.1080513000488281,-1.5342407226562500
-20.9089832305908203,-43.3872947692871094,-1.5342136621475220
-25.0220851898193359,-53.5179290771484375,-1.5364522933959961
32.5834350585937500,-57.0040016174316406,-1.5360590219497681
3.0793666839599609,-22.1776199340820313,-1.5357835292816162
-20.7656612396240234,-38.3808517456054688,-2.2414875030517578
26.3846530914306641,-48.4288291931152344,-1.5355374813079834
-11.9960765838623047,-27.0565757751464844,-2.2478287220001221
-11.3113842010498047,-45.5853691101074219,-2.2438893318176270
-32.5781440734863281,-50.1046714782714844,-1.5382906198501587
32.5784187316894531,-50.9988327026367188,-2.2418127059936523
-17.2171592712402344,-38.9365615844726563,-2.2501032352447510
-20.2169609069824219,-57.0048866271972656,-2.2437000274658203
-7.3811364173889160,-51.6280746459960938,-2.2453172206878662
5.8186244964599609,-51.1468620300292969,-1.5333011150360107
-1.8428255319595337,-6.5839915275573730,-2.2418270111083984
-7.3560662269592285,-49.2032012939453125,-2.2495729923248291
-1.4420412778854370,-4.4243783950805664,-2.2413926124572754
-2.4431440830230713,-12.0448894500732422,-2.2474839687347412
-1.0166757106781006,-56.3076400756835938,-1.5347888469696045
8.7758064270019531,-6.9434304237365723,-1.5382368564605713
11.5228948593139648,-15.7334623336791992,-1.5362888574600220
5.8180789947509766,-47.1841049194335938,-1.5321681499481201
-12.6746177673339844,-56.3052597045898438,-1.5365816354751587
-2.4551508426666260,-48.8677902221679688,-2.2499227523803711
2.3745245933532715,-23.5827960968017578,-2.2461469173431396
11.1592454910278320,-30.3046722412109375,-2.2415108680725098
6.7922091484069824,-20.8871994018554688,-1.5352485179901123
-17.4924945831298828,-47.6942443847656250,-1.5346471071243286
-11.3942222595214844,-10.4106416702270508,-1.5386149883270264
-8.5740852355957031,-47.4102210998535156,-2.2507417201995850
13.3831996917724609,-19.1136322021484375,-2.2463843822479248
-1.5675939321517944,-37.1426200866699219,-2.2420504093170166
16.1062717437744141,-48.6306686401367188,-1.5350160598754883
26.5547695159912109,-44.4732627868652344,-2.2426731586456299
-13.3877048492431641,-43.8726425170898438,-2.2433612346649170
12.7167167663574219,-56.2598266601562500,-2.2524461746215820
6.3413853645324707,-11.2804098129272461,-1.5353045463562012
18.1781845092773438,-38.6813240051269531,-1.5383535623550415
-1.7516837120056152,-43.2461814880371094,-1.5286562442779541
-10.4541368484497070,-11.4528465270996094,-1.5384806394577026
-27.6028308868408203,-43.3301734924316406,-1.5388063192367554
-32.5826797485351563,-56.0088043212890625,-1.5338845252990723
22.2635669708251953,-39.9689407348632813,-2.2437038421630859
21.5366668701171875,-41.3579254150390625,-1.5350297689437866
-6.2992286682128906,-56.5010223388671875,-2.2470111846923828
-16.5621223449707031,-26.3761501312255859,-1.5355292558670044
5.8216152191162109,-30.1340770721435547,-1.5331202745437622
-5.8258638381958008,-49.7750473022460938,-1.5291676521301270
-6.8240852355957031,-54.0283470153808594,-1.5357042551040649
8.5854797363281250,-19.2045650482177734,-2.2462956905364990
-5.8183526992797852,-24.6035747528076172,-2.2487070560455322
1.0175706148147583,-24.5093402862548828,-1.5366884469985962
-25.0211467742919922,-54.9180641174316406,-1.5364382266998291
13.3818855285644531,-35.2847175598144531,-1.5343842506408691
5.8209834098815918,-54.2307624816894531,-2.2431731224060059
8.5829772949218750,-32.4144210815429688,-1.5317331552505493
-4.0864572525024414,-9.2911462783813477,-1.5313327312469482
-1.7963933944702148,-35.2674980163574219,-2.2457098960876465
10.6205434799194336,-12.9304037094116211,-1.5364723205566406
6.6939921379089355,-46.1616363525390625,-2.2459218502044678
13.1391410827636719,-17.4866638183593750,-1.5287681818008423
-7.5409336090087891,-53.9843025207519531,-2.2465777397155762
-18.1864681243896484,-54.7430152893066406,-2.2468707561492920
-2.0835459232330322,-5.1879935264587402,-2.2416951656341553
-21.6060867309570313,-42.6843032836914063,-1.5345308780670166
-20.9114475250244141,-57.0074920654296875,-1.5340735912322998
16.6469020843505859,-19.4015102386474609,-1.5375068187713623
-8.5816249847412109,-55.6316909790039063,-2.2511365413665771
3.7825515270233154,-50.1329269409179688,-2.2503976821899414
12.0235776901245117,-37.4359703063964844,-2.2489690780639648
-18.1823272705078125,-32.7086982727050781,-1.5371897220611572
15.8269948959350586,-43.6862487792968750,-1.5279413461685181
-16.8145065307617188,-31.2665271759033203,-1.5366381406784058
13.3798542022705078,-24.8443012237548828,-2.2476091384887695
-11.7764129638671875,-42.1444969177246094,-2.2461419105529785
-16.4125270843505859,-57.0117187500000000,-2.2475976943969727
-3.7815814018249512,-42.7132530212402344,-2.2494122982025146
-7.3190836906433105,-25.9373207092285156,-2.2429294586181641
7.2182722091674805,-11.7555084228515625,-1.5311403274536133
16.1097087860107422,-33.5135574340820313,-1.5358152389526367
-15.4174346923828125,-49.8250885009765625,-1.5335612297058105
2.2318434715270996,-46.2147064208984375,-1.5186308622360229
-17.1446762084960938,-41.9677314758300781,-1.5251727104187012
22.4871063232421875,-43.2032203674316406,-2.2433495521545410
25.0215606689453125,-57.0163955688476563,-2.2421483993530273
-1.6667541265487671,-26.6544799804687500,-1.5261012315750122
-16.2319850921630859,-39.9588546752929688,-1.5276094675064087
3.7816536426544189,-39.5066566467285156,-2.2541291713714600
8.0119524002075195,-27.0052413940429688,-1.5341267585754395
-15.4228334426879883,-22.5047550201416016,-2.2418382167816162
-5.8155641555786133,-50.4485359191894531,-2.2478623390197754
7.6027250289916992,-37.6249961853027344,-2.2551639080047607
-5.8192100524902344,-56.0124320983886719,-1.5318663120269775
-16.2403354644775391,-40.6227302551269531,-2.2532465457916260
2.4174339771270752,-2.6539113521575928,-1.5387024879455566
-8.5808906555175781,-46.7368316650390625,-1.5329478979110718
3.0835032463073730,-56.2883224487304688,-1.5348130464553833
-36.4415512084960938,-55.7980651855468750,-1.5376977920532227
12.8764915466308594,-18.6462364196777344,-1.5336419343948364
-13.3842201232910156,-54.9132347106933594,-2.2469592094421387
3.8518097400665283,-5.4965114593505859,-1.5389660596847534
-2.4294888973236084,-48.1717910766601563,-1.5359320640563965
6.7535214424133301,-51.4824600219726563,-1.5297932624816895
-30.5387039184570313,-50.9109268188476563,-1.5379712581634521
13.3845605850219727,-33.8729209899902344,-1.5305433273315430
-10.6162900924682617,-44.8756637573242188,-2.2425761222839355
4.8580236434936523,-9.7247705459594727,-2.2401571273803711
-8.5798063278198242,-54.9701271057128906,-1.5304527282714844
-2.1103584766387939,-15.7515869140625000,-1.5376433134078979
15.4177808761596680,-50.0371322631835938,-2.2463135719299316
22.9775981903076172,-42.0396728515625000,-2.2490084171295166
6.3248004913330078,-40.8416366577148438,-1.5359483957290649
-8.5804929733276367,-44.5435180664062500,-1.5293139219284058
-11.3502712249755859,-23.9892978668212891,-1.5312206745147705
6.2136821746826172,-16.5177364349365234,-1.5254197120666504
1.0217609405517578,-30.2310104370117188,-1.5376834869384766
2.3746430873870850,-22.8836688995361328,-1.5365663766860962
4.0699024200439453,-7.7468523979187012,-2.2333970069885254
3.4382615089416504,-46.1976737976074219,-1.5291281938552856
6.0256762504577637,-17.6944522857666016,-1.5288579463958740
-18.1844387054443359,-54.0489578247070313,-1.5355134010314941
6.7404694557189941,-50.8079338073730469,-2.2505505084991455
-25.0207424163818359,-48.1207542419433594,-1.5378553867340088
1.9882625341415405,-51.5425300598144531,-2.2544326782226563
-15.4203958511352539,-28.6139965057373047,-2.2504067420959473
9.1648883819580078,-6.0234394073486328,-1.5382663011550903
-13.3778734207153320,-29.2908248901367188,-1.5358918905258179
-10.6194162368774414,-35.0479812622070313,-1.5355432033538818
-10.6194343566894531,-19.6258430480957031,-1.5319292545318604
-6.9161109924316406,-24.3549537658691406,-2.2454984188079834
-16.1142139434814453,-44.1316871643066406,-2.2449362277984619
-11.2394971847534180,-30.4778041839599609,-1.5389883518218994
-1.8102345466613770,-42.5825157165527344,-2.2532372474670410
2.7923369407653809,-31.3984889984130859,-2.2413756847381592
15.4165945053100586,-29.2590618133544922,-2.2445297241210938
-3.7819778919219971,-48.3504791259765625,-1.5334916114807129
-21.5876502990722656,-39.8480186462402344,-1.5350657701492310
5.8162183761596680,-35.5380516052246094,-1.5304307937622070
-1.0222051143646240,-38.8982734680175781,-1.5289766788482666
7.5021166801452637,-39.2613945007324219,-1.5322812795639038
-17.4989318847656250,-54.7675323486328125,-1.5346126556396484
3.7803227901458740,-33.7385330200195313,-1.5347849130630493
2.8290729522705078,-46.4760437011718750,-2.2566087245941162
-1.0920666456222534,-5.0402593612670898,-1.5380356311798096
-21.7306156158447266,-34.4073066711425781,-2.2414736747741699
8.5798158645629883,-36.7443351745605469,-1.5318688154220581
1.5220007896423340,-28.6968345642089844,-2.2484967708587646
1.7216699123382568,-19.3172187805175781,-1.5371378660202026
37.0180358886718750,58.6194648742675781,-2.4153711795806885
-7.1258592605590820,-55.6780395507812500,-2.2483417987823486
-3.7796456813812256,-13.0660552978515625,-1.5319980382919312
-27.7767925262451172,-54.0536918640136719,-2.2471125125885010
-17.1765022277832031,-56.3815917968750000,-2.2481050491333008
-3.7556531429290771,-37.1327133178710938,-1.5288153886795044
6.3235125541687012,-38.8458366394042969,-1.5376555919647217
13.3827371597290039,-41.8167953491210938,-2.2461071014404297
11.9842071533203125,-28.3863048553466797,-1.5329694747924805
11.3428859710693359,-38.8376388549804688,-1.5339233875274658
-12.4256067276000977,-34.6263122558593750,-2.2413055896759033
1.7433860301971436,-26.5958328247070313,-1.5361174345016479
-1.2447324991226196,-5.7278790473937988,-2.2436406612396240
-8.5794200897216797,-37.5697402954101563,-2.2449967861175537
1.9279067516326904,-38.5097808837890625,-1.5293554067611694
-1.9149487018585205,-2.5124359130859375,-2.2411408424377441
18.1777763366699219,-18.5810737609863281,-2.2433211803436279
-6.7361540794372559,-45.4233589172363281,-1.5280647277832031
-1.1711277961730957,-9.3091754913330078,-2.2454929351806641
3.0966725349426270,-50.8514404296875000,-2.2482368946075439
11.7777967453002930,-34.9829940795898438,-1.5325776338577271
27.7870235443115234,-51.9824333190917969,-2.2447016239166260
17.4889011383056641,-48.6308555603027344,-1.5314850807189941
12.6363258361816406,-27.2046394348144531,-1.5314558744430542
-12.6798973083496094,-38.1640167236328125,-2.2458434104919434
8.5814743041992188,-48.9054679870605469,-1.5285638570785522
-11.7258672714233398,-29.0240325927734375,-1.5267972946166992
-29.8214797973632813,-51.6030197143554688,-1.5355209112167358
11.9346303939819336,-53.4501419067382813,-1.5378770828247070
11.3629798889160156,-56.3389358520507813,-2.2527811527252197
-16.4019775390625000,-28.4302825927734375,-2.2442431449890137
-22.2860431671142578,-40.5524864196777344,-1.5359818935394287
12.2653074264526367,-48.7023696899414063,-2.2498843669891357
-2.7038896083831787,-5.9684600830078125,-2.2418999671936035
-3.7804603576660156,-24.8064575195312500,-2.2443301677703857
-2.4985020160675049,-38.8981590270996094,-1.5350310802459717
17.6846313476562500,-44.8534660339355469,-1.5321291685104370
13.3882417678833008,-25.8422794342041016,-2.2494285106658936
-1.0221742391586304,-33.8917655944824219,-1.5330982208251953
-6.4537620544433594,-15.6287088394165039,-2.2497332096099854
26.3907241821289063,-49.8504409790039063,-1.5338881015777588
12.2892770767211914,-31.0729446411132813,-2.2456724643707275
3.0708520412445068,-27.6441860198974609,-2.2415721416473389
7.1283788681030273,-50.2495155334472656,-1.5336372852325439
-6.8184285163879395,-20.7001266479492188,-2.2462038993835449
-7.7741098403930664,-11.4247465133666992,-2.2422752380371094
8.5804538726806641,-39.1036682128906250,-1.5359637737274170
-3.7632956504821777,-19.0939311981201172,-1.5312188863754272
11.3997573852539063,-6.8468723297119141,-2.2413125038146973
-29.8224067687988281,-50.9008369445800781,-2.2424557209014893
-17.1646118164062500,-55.6974029541015625,-1.5349311828613281
22.9852275848388672,-55.5908470153808594,-2.2433457374572754
10.6174278259277344,-27.7361469268798828,-1.5351498126983643
-1.5027930736541748,-12.3575258255004883,-2.2480998039245605
5.8183660507202148,-52.8294677734375000,-2.2457926273345947
-8.5778493881225586,-18.6401882171630859,-1.5336250066757202
-6.4014110565185547,-13.4088611602783203,-2.2415499687194824
-7.2042436599731445,-37.7568054199218750,-2.2442631721496582
5.8212647438049316,-13.9858713150024414,-2.2423677444458008
-7.3357949256896973,-11.9776382446289063,-1.5381171703338623
16.7949962615966797,-26.4327735900878906,-2.2442822456359863
12.0508785247802734,-38.8392219543457031,-2.2435140609741211
7.6107516288757324,-36.9653930664062500,-1.5310958623886108
17.4998817443847656,-50.0363807678222656,-1.5336258411407471
16.1311130523681641,-15.2326545715332031,-1.5387641191482544
16.9680061340332031,-42.8529167175292969,-1.5381836891174316
-20.9098300933837891,-41.9788856506347656,-1.5349177122116089
6.2489595413208008,-6.2475614547729492,-1.5388609170913696
-7.3473272323608398,-50.5918502807617188,-2.2448377609252930
-10.6824321746826172,-9.8846426010131836,-2.2410655021667480
-22.9811992645263672,-38.1513481140136719,-2.2422525882720947
8.5806064605712891,-43.3336982727050781,-1.5245788097381592
-11.3690233230590820,-25.3541183471679688,-1.5332212448120117
-6.5890421867370605,-27.3440876007080078,-1.5341237783432007
-1.7616282701492310,-38.2272567749023438,-1.5304577350616455
-26.1424102783203125,-54.0322608947753906,-2.2469329833984375
27.0835285186767578,-54.2140922546386719,-2.2486429214477539
22.2878818511962891,-55.5896949768066406,-1.5345366001129150
-21.5851764678955078,-44.8218269348144531,-2.2459058761596680
20.2158184051513672,-51.3488426208496094,-2.2436728477478027
15.9595384597778320,-53.0522232055664063,-1.5240973234176636
3.7817766666412354,-56.2919883728027344,-2.2434849739074707
10.6204595565795898,-57.0024490356445313,-2.2418189048767090
-12.6872463226318359,-51.9183578491210938,-1.5346534252166748
25.0527458190917969,-46.0845565795898438,-2.2413034439086914
-18.1838054656982422,-36.2412834167480469,-2.2488944530487061
3.8051247596740723,-9.7013559341430664,-2.2442092895507813
-1.7184019088745117,-20.7535705566406250,-1.5327848196029663
12.8267183303833008,-11.2615671157836914,-2.2415771484375000
27.0833377838134766,-48.4352645874023438,-2.2443528175354004
-27.0266532897949219,-54.7130851745605469,-2.2507925033569336
13.3478422164916992,-41.1133995056152344,-1.5387169122695923
-18.1840801239013672,-47.6832847595214844,-2.2448172569274902
21.6000175476074219,-56.3003692626953125,-1.5342524051666260
-1.4340642690658569,-22.2386264801025391,-1.5226631164550781
22.9839324951171875,-49.9151611328125000,-2.2453110218048096
-16.5013866424560547,-29.4183197021484375,-2.2468681335449219
-10.7488842010498047,-33.6754226684570313,-1.5367143154144287
-18.1872081756591797,-34.1207962036132813,-1.5373760461807251
13.3819074630737305,-22.8434848785400391,-2.2544052600860596
-2.5081365108489990,-42.6044158935546875,-1.5367627143859863
-22.9840431213378906,-41.2581558227539063,-1.5363428592681885
-2.5718829631805420,-30.3438301086425781,-1.5329810380935669
35.3437690734863281,-54.9098014831542969,-2.2418417930603027
-3.7783515453338623,-41.3933181762695313,-2.2562332153320313
-5.8220233917236328,-55.3308753967285156,-2.2483139038085938
-6.5886554718017578,-26.6536979675292969,-2.2465732097625732
-12.6855764389038086,-27.0629177093505859,-1.5339477062225342
11.4822921752929688,-33.9005928039550781,-1.5348538160324097
-13.3793163299560547,-17.1591606140136719,-1.5321427583694458
7.8731589317321777,-28.0883941650390625,-2.2449285984039307
-16.1048965454101563,-51.9264907836914063,-1.5344179868698120
-22.2733898162841797,-52.4569892883300781,-2.2436079978942871
5.8142733573913574,-32.1901702880859375,-2.2464213371276855
2.7644309997558594,-49.9250373840332031,-2.2584862709045410
17.4912528991699219,-35.6258544921875000,-2.2453837394714355
22.3015422821044922,-49.9350242614746094,-1.5331490039825439
-15.4221668243408203,-24.9093189239501953,-2.2447052001953125
10.6248912811279297,-13.9281673431396484,-1.5377939939498901
16.1108512878417969,-49.3288993835449219,-2.2462437152862549
-11.3429613113403320,-36.4398841857910156,-2.2462155818939209
13.3701333999633789,-33.2037734985351563,-2.2508244514465332
-8.5833740234375000,-36.8752212524414063,-1.5310424566268921
6.3203086853027344,-29.6393928527832031,-2.2420024871826172
-22.2847614288330078,-53.1585311889648438,-1.5339102745056152
5.8158659934997559,-33.1696739196777344,-1.5341482162475586
12.7294979095458984,-49.2013549804687500,-1.5338001251220703
-3.8005034923553467,-11.6988391876220703,-1.5327488183975220
-16.1075344085693359,-52.6348762512207031,-2.2458951473236084
27.0781974792480469,-47.7207679748535156,-1.5355780124664307
-13.3803195953369141,-32.3623313903808594,-2.2447333335876465
18.1855049133300781,-32.8019142150878906,-1.5355571508407593
-1.7840723991394043,-38.9011497497558594,-2.2499938011169434
-6.8702144622802734,-32.1622314453125000,-2.2482252120971680
-2.7482688426971436,-15.4431238174438477,-2.2413673400878906
9.0734634399414063,-7.5831933021545410,-2.2435379028320313
26.3988533020019531,-50.5738830566406250,-2.2460260391235352
5.8221702575683594,-23.1363544464111328,-2.2468812465667725
-1.0523593425750732,-34.5757560729980469,-2.2487900257110596
-20.2113246917724609,-53.2037200927734375,-2.2446987628936768
-20.2213191986083984,-39.8300476074218750,-1.5386396646499634
-16.7928066253662109,-47.6818237304687500,-2.2448198795318604
-27.0854396820068359,-47.4259490966796875,-1.5352754592895508
1.7274175882339478,-13.2924947738647461,-2.2433702945709229
21.6030082702636719,-57.0081443786621094,-2.2457106113433838
-16.1289901733398438,-23.2132930755615234,-2.2427718639373779
-5.8221282958984375,-41.1559028625488281,-1.5381666421890259
-3.0684559345245361,-16.7805805206298828,-2.2450191974639893
-2.8642802238464355,-20.4546642303466797,-2.2467825412750244
2.1302633285522461,-17.3801708221435547,-2.2490262985229492
8.5766830444335938,-48.2461891174316406,-2.2499620914459229
10.6207389831542969,-30.7600193023681641,-1.5349980592727661
-1.0173473358154297,-43.9145660400390625,-1.5359901189804077
-5.8178567886352539,-27.9681072235107422,-1.5267294645309448
-1.8743853569030762,-31.0500659942626953,-1.5256764888763428
25.7043266296386719,-49.8685684204101563,-2.2473042011260986
-3.0613782405853271,-30.8183403015136719,-2.2481176853179932
-13.2569684982299805,-42.8846397399902344,-2.2425179481506348
-1.5196176767349243,-32.0547218322753906,-2.2453765869140625
11.5996475219726563,-47.8192405700683594,-2.2469651699066162
11.6003742218017578,-25.1554260253906250,-1.5366195440292358
21.0900001525878906,-44.6174201965332031,-2.2423052787780762
-1.7130540609359741,-47.4802360534667969,-1.5350040197372437
-25.0207958221435547,-54.2155990600585938,-2.2436192035675049
-25.0234508514404297,-43.1439132690429688,-2.2412459850311279
-3.0735287666320801,-13.7888593673706055,-1.5386594533920288
1.6501318216323853,-35.2094802856445313,-1.5362608432769775
-6.9833693504333496,-13.8056039810180664,-1.5338722467422485
15.4222517013549805,-46.2295150756835938,-2.2478108406066895
-5.8214111328125000,-29.9418525695800781,-2.2528336048126221
2.3693468570709229,-22.1776504516601563,-2.2434422969818115
-1.7255803346633911,-56.3017921447753906,-2.2448732852935791
18.1840400695800781,-36.3315773010253906,-2.2461314201354980
12.0463104248046875,-14.3159170150756836,-1.5380694866180420
2.9723014831542969,-32.3764381408691406,-2.2482459545135498
17.4928359985351563,-31.3918151855468750,-2.2459754943847656
-30.7591495513916016,-49.8478202819824219,-1.5386170148849487
11.3630104064941406,-52.4314842224121094,-1.5324621200561523
-20.2218475341796875,-34.0703277587890625,-1.5384215116500854
13.3779287338256836,-54.8412590026855469,-1.5346529483795166
6.8166985511779785,-22.5215053558349609,-2.2481908798217773
-1.9444632530212402,-50.3916893005371094,-1.5372072458267212
-7.8967328071594238,-44.2691154479980469,-2.2411248683929443
-3.2543566226959229,-39.6597671508789063,-1.5387377738952637
3.7811207771301270,-22.8780479431152344,-1.5363970994949341
2.5766513347625732,-24.7166481018066406,-1.5329931974411011
-3.0834903717041016,-46.0468902587890625,-1.5347325801849365
-11.3087825775146484,-46.9986686706542969,-2.2451341152191162
20.2172203063964844,-54.8766098022460938,-1.5334025621414185
30.5121269226074219,-52.7075042724609375,-2.2466688156127930
1.0098683834075928,-36.5797500610351563,-1.5264654159545898
18.1765155792236328,-42.6564826965332031,-1.5386978387832642
-6.7120285034179688,-17.9320125579833984,-1.5328131914138794
-12.4449110031127930,-31.0222930908203125,-1.5335600376129150
3.7816109657287598,-48.7515144348144531,-1.5325977802276611
1.3356782197952271,-6.3730831146240234,-2.2438018321990967
-22.2916755676269531,-45.5146751403808594,-2.2458109855651855
-10.6160411834716797,-52.6481056213378906,-1.5364516973495483
-20.9002990722656250,-40.5599670410156250,-1.5318239927291870
18.1819915771484375,-26.4334011077880859,-2.2443816661834717
3.2651317119598389,-11.1942319869995117,-1.5353871583938599
15.9346513748168945,-42.6952400207519531,-1.5373300313949585
22.2874488830566406,-52.7813110351562500,-1.5342639684677124
6.6326489448547363,-49.1647338867187500,-1.5263684988021851
-21.5991420745849609,-41.2675323486328125,-1.5346224308013916
-26.3325672149658203,-54.6946525573730469,-1.5296657085418701
16.1281471252441406,-21.2939453125000000,-2.2451429367065430
-11.1046342849731445,-56.5155677795410156,-1.5341972112655640
-16.8283119201660156,-36.2665596008300781,-2.2448751926422119
-5.8188772201538086,-29.2808094024658203,-1.5260325670242310
-16.7996692657470703,-44.1545181274414063,-1.5272923707962036
-16.8003673553466797,-51.9281883239746094,-2.2447648048400879
-31.2242965698242188,-52.6788330078125000,-2.2455372810363770
3.7904877662658691,-35.7149467468261719,-1.5322194099426270
-21.1588630676269531,-37.3936195373535156,-2.2443165779113770
-8.5819616317749023,-13.0988540649414063,-2.2475852966308594
10.4854240417480469,-11.3840150833129883,-1.5352898836135864
-16.0929756164550781,-32.7190361022949219,-2.2418129444122314
1.7258863449096680,-23.8135051727294922,-1.5353921651840210
-5.8139448165893555,-39.3151397705078125,-2.2454798221588135
-5.8189878463745117,-53.4985275268554688,-1.5263619422912598
7.0488286018371582,-13.3219881057739258,-2.2421519756317139
8.5046815872192383,-22.4901485443115234,-1.5389865636825562
-3.1501555442810059,-6.8576402664184570,-2.2416381835937500
6.5666604042053223,-11.9783239364624023,-2.2456219196319580
-7.8604040145874023,-28.4455509185791016,-2.2430119514465332
-6.3251504898071289,-14.9649219512939453,-1.5295053720474243
-17.4844760894775391,-49.1076126098632813,-1.5346492528915405
7.9935622215270996,-41.7349090576171875,-2.2494432926177979
-31.2606410980224609,-55.6351280212402344,-2.2441248893737793
7.5031762123107910,-40.2517585754394531,-1.5332682132720947
-8.0733022689819336,-12.6438694000244141,-1.5305175781250000
-16.0993576049804688,-47.6876678466796875,-1.5328860282897949
-12.0087318420410156,-52.6386375427246094,-1.5325883626937866
-15.4214496612548828,-23.9147624969482422,-2.2421274185180664
-12.6931829452514648,-38.8566131591796875,-1.5341050624847412
8.1625232696533203,-9.5568504333496094,-2.2421910762786865
7.5847067832946777,-26.4642963409423828,-2.2468264102935791
-22.9858970642089844,-42.6896781921386719,-1.5355612039566040
21.5879917144775391,-53.4888496398925781,-1.5333137512207031
21.6050338745117188,-51.3486175537109375,-2.2457447052001953
-26.4202480316162109,-45.9853630065917969,-2.2437121868133545
-5.2946057319641113,-6.7652492523193359,-1.5388969182968140
-25.0276126861572266,-43.8527641296386719,-1.5383385419845581
-12.0054435729980469,-46.9969444274902344,-1.5343022346496582
11.7009801864624023,-7.4887099266052246,-1.5387101173400879
21.5972633361816406,-52.7683448791503906,-2.2458701133728027
-3.0083096027374268,-19.7810211181640625,-1.5336626768112183
6.9079070091247559,-25.6210060119628906,-1.5321700572967529
12.6627779006958008,-53.4590873718261719,-2.2454020977020264
-1.5112341642379761,-9.9101667404174805,-1.5346102714538574
-8.0276288986206055,-25.9621772766113281,-1.5387698411941528
3.0744619369506836,-26.2365341186523438,-2.2413516044616699
-5.8218784332275391,-18.1997241973876953,-2.2376377582550049
16.3840560913085938,-22.2552127838134766,-2.2455244064331055
30.6033649444580078,-50.1137619018554688,-1.5388975143432617
-32.5785255432128906,-53.6089363098144531,-1.5422427654266357
16.1050910949707031,-35.6277885437011719,-2.2466635704040527
-20.9055023193359375,-41.2678070068359375,-2.2457737922668457
1.5162080526351929,-43.5026130676269531,-1.5356521606445313
-11.9108600616455078,-19.9008483886718750,-1.5290009975433350
-1.7875452041625977,-41.9183807373046875,-1.5302211046218872
8.5758094787597656,-49.5892982482910156,-2.2461690902709961
22.9781417846679688,-39.9705657958984375,-1.5358999967575073
-30.5539131164550781,-55.6351127624511719,-1.5325175523757935
-26.3702754974365234,-52.3870849609375000,-1.5379222631454468
-13.3796224594116211,-44.8659973144531250,-2.2429692745208740
-26.3847122192382813,-50.9796257019042969,-1.5359661579132080
-7.8817591667175293,-33.6016731262207031,-2.2458486557006836
-13.3804321289062500,-14.3827247619628906,-1.5341867208480835
-12.6778745651245117,-15.0827465057373047,-1.5342509746551514
34.6222000122070313,-57.0022735595703125,-2.2424223423004150
36.5930023193359375,-57.0022239685058594,-2.2421159744262695
32.5795021057128906,-51.9974937438964844,-2.2426922321319580
22.9806213378906250,-49.2048339843750000,-1.5369580984115601
-13.3830308914184570,-51.9051246643066406,-2.2456088066101074
-13.3786706924438477,-21.5976791381835938,-1.5387549400329590
27.1115150451660156,-52.7059707641601563,-2.2471084594726563
-16.1031990051269531,-49.8063125610351563,-2.2471075057983398
-1.0145069360733032,-55.6139945983886719,-2.2445681095123291
10.6193742752075195,-46.4662628173828125,-1.5277769565582275
-2.8367190361022949,-49.4315910339355469,-1.5323235988616943
18.1802959442138672,-24.3235282897949219,-1.5321961641311646
-6.2981476783752441,-21.1351356506347656,-1.5306248664855957
-7.5521764755249023,-39.0413360595703125,-2.2541005611419678
-1.0398547649383545,-39.5669174194335938,-2.2521889209747314
22.2633094787597656,-40.6668357849121094,-1.5348873138427734
-3.7821159362792969,-35.1544837951660156,-2.2509040832519531
7.9859647750854492,-39.7444839477539063,-2.2476551532745361
1.0201473236083984,-20.0221118927001953,-1.5360454320907593
16.8001518249511719,-34.9187927246093750,-2.2449433803558350
-30.8466415405273438,-54.0025978088378906,-2.2466835975646973
-17.1804599761962891,-28.3351764678955078,-1.5372791290283203
-26.4456596374511719,-44.5741920471191406,-2.2416794300079346
30.5109920501708984,-57.0062599182128906,-2.2461369037628174
-25.0182037353515625,-48.8235282897949219,-2.2455272674560547
12.0490303039550781,-22.4080619812011719,-1.5290827751159668
-22.9824275970458984,-54.6125106811523438,-2.2463893890380859
15.4180374145507813,-35.6144332885742188,-1.5341961383819580
8.5803899765014648,-50.2803039550781250,-1.5342483520507813
20.2222614288330078,-37.2830924987792969,-1.5380618572235107
11.3760166168212891,-51.7501029968261719,-2.2488801479339600
15.4130239486694336,-33.5125541687011719,-2.2429921627044678
15.4068250656127930,-52.7882614135742188,-2.2628438472747803
6.7589759826660156,-12.6498336791992188,-1.5375835895538330
16.1044349670410156,-25.7190093994140625,-2.2478406429290771
-18.1578750610351563,-40.5082244873046875,-2.2537868022918701
12.4478349685668945,-24.5118618011474609,-1.5259085893630981
-11.3289327621459961,-54.0454254150390625,-2.2440671920776367
2.8370053768157959,-35.9430770874023438,-1.5322940349578857
-26.3969650268554688,-49.5561447143554688,-1.5347708463668823
3.7788083553314209,-26.2700634002685547,-1.5338565111160278
-16.1219806671142578,-38.6539916992187500,-1.5318350791931152
-11.9378318786621094,-30.5736389160156250,-2.2466571331024170
-12.5573434829711914,-10.9520654678344727,-1.5387177467346191
12.6814308166503906,-26.5295028686523438,-2.2509114742279053
21.1957817077636719,-46.2356376647949219,-1.5278490781784058
-7.6119213104248047,-45.8814392089843750,-1.5388333797454834
15.9304189682006836,-39.6972122192382813,-1.5374161005020142
31.8914337158203125,-56.2945556640625000,-1.5336580276489258
-25.7373485565185547,-57.0048065185546875,-1.5350203514099121
11.3176069259643555,-36.0720405578613281,-1.5236482620239258
-7.8528223037719727,-47.4096450805664063,-1.5351307392120361
-1.0151355266571045,-49.5259780883789063,-1.5140172243118286
0.1183786392211914,-3.7428083419799805,-1.5382292270660400
25.7195129394531250,-53.4045944213867188,-1.5363078117370605
18.1828880310058594,-45.3080863952636719,-2.2539715766906738
-17.4970283508300781,-52.6314125061035156,-2.2470152378082275
12.6870079040527344,-37.3701057434082031,-1.5295909643173218
-3.7828109264373779,-28.1670341491699219,-2.2500183582305908
-7.3943476676940918,-31.7154865264892578,-1.5323551893234253
-11.9718303680419922,-28.4091072082519531,-2.2503750324249268
-20.9024467468261719,-44.1039619445800781,-2.2463078498840332
-1.7153552770614624,-54.9188804626464844,-2.2472207546234131
-1.7089456319808960,-46.7622375488281250,-2.2468757629394531
16.4697322845458984,-24.4037208557128906,-2.2461421489715576
25.0207424163818359,-45.3424835205078125,-1.5372915267944336
-1.0210752487182617,-18.0105171203613281,-2.2463378906250000
7.4506506919860840,-22.7903022766113281,-1.5296984910964966
30.2591381072998047,-50.7334213256835938,-2.2424123287200928
-8.5809955596923828,-20.3211746215820313,-2.2416472434997559
18.1795616149902344,-19.2801208496093750,-1.5350539684295654
-9.8525619506835938,-11.0759630203247070,-2.2410757541656494
-8.4871568679809570,-24.7292976379394531,-1.5322771072387695
-6.7443075180053711,-28.3315219879150391,-1.5342199802398682
-9.2844743728637695,-10.6051769256591797,-1.5387444496154785
16.1194705963134766,-27.8544578552246094,-1.5367532968521118
-12.6894760131835938,-44.7146453857421875,-1.5382165908813477
15.4170579910278320,-28.5564823150634766,-1.5364342927932739
-13.3781776428222656,-15.0817718505859375,-2.2440779209136963
1.5698846578598022,-27.7006912231445313,-2.2414708137512207
-8.5676250457763672,-28.4341907501220703,-1.5322835445404053
5.8213572502136230,-47.8547058105468750,-2.2516844272613525
12.2325105667114258,-51.0906028747558594,-2.2491216659545898
1.6918749809265137,-17.8840751647949219,-1.5285533666610718
31.1965312957763672,-53.4334335327148438,-2.2451119422912598
-12.7046842575073242,-49.1045989990234375,-1.5324676036834717
-3.7820546627044678,-15.4082403182983398,-1.5288764238357544
-16.2407436370849609,-22.5168571472167969,-1.5380533933639526
12.0150480270385742,-11.8644666671752930,-2.2473754882812500
1.0185880661010742,-13.9913921356201172,-2.2424070835113525
2.2019112110137939,-44.5790596008300781,-2.2457406520843506
-21.8139553070068359,-37.0457191467285156,-1.5331363677978516
-10.6186084747314453,-36.4508781433105469,-1.5336716175079346
-0.0396280139684677,-6.2592782974243164,-2.2414147853851318
12.5803384780883789,-43.5574989318847656,-2.2540597915649414
9.1430969238281250,-11.1483993530273438,-2.2433238029479980
12.6712455749511719,-54.8450813293457031,-2.2436475753784180
-6.8134346008300781,-12.8260784149169922,-1.5329712629318237
-18.1822738647460938,-34.8456230163574219,-2.2447979450225830
-7.8966784477233887,-52.0849418640136719,-1.5302901268005371
3.7825944423675537,-14.3669395446777344,-1.5346198081970215
-8.7498645782470703,-11.4476156234741211,-1.5372079610824585
-35.5159263610839844,-55.6261329650878906,-2.2431428432464600
-1.7085479497909546,-46.0393447875976563,-1.5332038402557373
3.7735798358917236,-13.6780405044555664,-2.2445313930511475
16.7264442443847656,-21.6466217041015625,-1.5354176759719849
-3.7832338809967041,-56.3029708862304688,-1.5364826917648315
1.0192306041717529,-37.2152557373046875,-2.2609307765960693
-32.5780982971191406,-55.3107490539550781,-2.2435495853424072
-6.6630606651306152,-11.2463541030883789,-1.5381423234939575
-22.7811622619628906,-35.1329574584960938,-1.5373113155364990
-5.8579182624816895,-48.4330978393554688,-1.5283700227737427
-2.9953496456146240,-36.4364776611328125,-1.5329891443252563
-16.1278114318847656,-36.2670936584472656,-1.5359226465225220
3.7778904438018799,-12.6855220794677734,-2.2412383556365967
6.9082064628601074,-17.2306232452392578,-1.5273690223693848
20.2211742401123047,-43.7752494812011719,-2.2522089481353760
-6.3063697814941406,-23.1193981170654297,-1.5339857339859009
-17.4963760375976563,-34.8315582275390625,-1.5315352678298950
-17.3165874481201172,-24.4555454254150391,-1.5387696027755737
10.1135578155517578,-6.3356695175170898,-1.5386464595794678
3.0759634971618652,-52.5021095275878906,-1.5311206579208374
-5.8162245750427246,-15.8557291030883789,-1.5345721244812012