x,y,z
-6.9733157157897949,-39.0331726074218750,-2.2472877502441406
1.2044419050216675,-43.4579849243164063,-2.2444710731506348
3.0532665252685547,-39.6730575561523438,-2.2470717430114746
-11.6515865325927734,-11.9700326919555664,-1.5370228290557861
-7.5011301040649414,-44.6030578613281250,-2.2459814548492432
-16.4707851409912109,-31.7812519073486328,-1.5335276126861572
22.8014564514160156,-31.3743648529052734,-2.2411999702453613
-8.5723762512207031,-12.5291347503662109,-1.6284153461456299
-17.4578094482421875,-22.7396793365478516,-1.5371038913726807
27.7854576110839844,-56.3126029968261719,-2.2448091506958008
18.1787395477294922,-57.0119743347167969,-1.5374490022659302
16.0670337677001953,-56.0293846130371094,-2.2591018676757813
7.7737250328063965,-29.7399730682373047,-1.5336624383926392
-5.4304008483886719,-8.4254169464111328,-1.5357412099838257
-1.7300750017166138,-43.4064292907714844,-2.2424240112304688
-0.8452425599098206,-4.2411761283874512,-1.5384756326675415
-7.8077058792114258,-28.2748928070068359,-2.2429268360137939
-25.7091751098632813,-48.5188903808593750,-1.5340439081192017
11.3216295242309570,-19.7827987670898438,-1.5368666648864746
16.7903976440429688,-20.1719570159912109,-1.5384459495544434
20.5522155761718750,-47.1664276123046875,-2.2486870288848877
16.3652324676513672,-26.5255546569824219,-2.2479326725006104
-17.3956756591796875,-28.6320667266845703,-1.5308520793914795
-26.3999423980712891,-52.7740745544433594,-2.2456459999084473
15.4162740707397461,-28.8972530364990234,-1.5346626043319702
15.4167051315307617,-38.6515769958496094,-1.5368915796279907
21.1016750335693359,-34.7504272460937500,-1.5385633707046509
-13.3779573440551758,-57.0051803588867188,-1.5355851650238037
-7.3969502449035645,-50.0543670654296875,-1.5220978260040283
-5.8197197914123535,-20.4851512908935547,-1.5358586311340332
-12.9019308090209961,-48.3924102783203125,-1.5337691307067871
6.5554232597351074,-18.5087165832519531,-2.2447960376739502
1.7170380353927612,-31.8659877777099609,-1.5350245237350464
6.5761747360229492,-26.5592021942138672,-1.5309268236160278
-18.1840934753417969,-55.5832443237304688,-1.5352104902267456
6.5681357383728027,-29.5272960662841797,-2.2463145256042480
12.6849222183227539,-44.8662376403808594,-2.2443704605102539
11.6346712112426758,-16.3316650390625000,-2.2456924915313721
-8.5807580947875977,-40.5830459594726563,-1.5337804555892944
-3.0782201290130615,-56.3018341064453125,-2.2446300983428955
22.9783725738525391,-37.1872482299804688,-1.5354466438293457
3.7817399501800537,-44.3858680725097656,-1.5355628728866577
22.9812602996826172,-54.6856422424316406,-1.5242935419082642
-4.6850061416625977,-7.3658895492553711,-2.2441210746765137
-11.4024963378906250,-38.6928634643554688,-1.5278817415237427
5.8217821121215820,-30.8966865539550781,-1.5306005477905273
-6.7990736961364746,-25.7852821350097656,-1.5254178047180176
15.4164323806762695,-41.5311889648437500,-1.5366891622543335
7.2045521736145020,-38.3371429443359375,-1.5340366363525391
8.7425956726074219,-11.2944707870483398,-1.5350377559661865
13.3801431655883789,-17.7123737335205078,-1.5324397087097168
1.0171452760696411,-14.4024162292480469,-2.2457137107849121
-16.0900402069091797,-49.9540901184082031,-2.2508139610290527
0.7248316407203674,-10.5746459960937500,-2.2449615001678467
6.9784336090087891,-21.2699413299560547,-2.2416534423828125
18.1814041137695313,-23.2956581115722656,-1.5337580442428589
-5.8222017288208008,-48.6049652099609375,-2.2422335147857666
6.6008934974670410,-16.1017341613769531,-2.2410950660705566
16.5339527130126953,-52.3371963500976563,-1.5335682630538940
7.4063878059387207,-47.6742630004882813,-2.2516827583312988
-30.5073776245117188,-54.1594505310058594,-1.5330240726470947
11.1990938186645508,-29.4278736114501953,-2.2413594722747803
-25.0139160156250000,-52.0697822570800781,-1.5360486507415771
-15.4175987243652344,-42.2399749755859375,-1.5266146659851074
4.7861289978027344,-9.0265140533447266,-1.5333019495010376
-20.6735610961914063,-52.8621253967285156,-1.5267053842544556
-7.3939542770385742,-55.8367919921875000,-2.2483923435211182
27.1071949005126953,-55.5935707092285156,-2.2480742931365967
11.5691080093383789,-9.7635459899902344,-1.5389034748077393
-22.0208797454833984,-50.0922203063964844,-2.2468743324279785
3.2891998291015625,-55.3318138122558594,-2.2444846630096436
11.3745965957641602,-47.2698822021484375,-1.5329208374023438
-7.7730417251586914,-6.7960157394409180,-2.2421772480010986
-16.1310138702392578,-37.6560859680175781,-1.5341323614120483
26.8266353607177734,-45.9090232849121094,-1.5324549674987793
-7.4024324417114258,-49.0706787109375000,-1.5359312295913696
-17.0600547790527344,-24.6436939239501953,-2.2535517215728760
-11.2975931167602539,-40.0376853942871094,-1.5322076082229614
20.9593677520751953,-43.2874488830566406,-1.5339810848236084
1.7623430490493774,-17.0710887908935547,-2.2470726966857910
-2.3444433212280273,-48.3000793457031250,-2.2504572868347168
12.6901941299438477,-21.9247226715087891,-2.2449171543121338
9.0212392807006836,-10.6494083404541016,-2.2421383857727051
-7.6957011222839355,-42.6085357666015625,-1.5303561687469482
22.0447273254394531,-43.0718078613281250,-1.5341571569442749
-3.1112294197082520,-17.2019252777099609,-1.5285078287124634
18.1805896759033203,-48.0220565795898438,-2.2455265522003174
-13.3783006668090820,-46.5703392028808594,-2.2505552768707275
-12.6527824401855469,-23.9830207824707031,-2.2481608390808105
-5.8211154937744141,-54.6470527648925781,-2.2440309524536133
-12.6654253005981445,-15.6662969589233398,-2.2436468601226807
-6.6588096618652344,-47.7478523254394531,-2.2474226951599121
5.8223247528076172,-19.8572330474853516,-1.5299583673477173
-18.1820125579833984,-49.2812004089355469,-2.2480833530426025
31.8822746276855469,-57.0066566467285156,-1.5368872880935669
-22.9803218841552734,-38.6848373413085938,-1.5312902927398682
-1.7352905273437500,-54.8775939941406250,-2.2477524280548096
-12.7481899261474609,-38.9981346130371094,-1.5356956720352173
22.9785251617431641,-38.5633850097656250,-1.5308523178100586
-22.9830837249755859,-40.7722663879394531,-2.2423667907714844
-1.0221805572509766,-52.1376609802246094,-1.5345638990402222
8.5805339813232422,-45.1439819335937500,-1.5335633754730225
-11.1413860321044922,-53.8436164855957031,-2.2427327632904053
-12.0019178390502930,-30.3479194641113281,-2.2489683628082275
9.7094383239746094,-11.0534420013427734,-1.5367655754089355
-15.4136295318603516,-52.7831192016601563,-1.5331188440322876
-22.9893703460693359,-43.5744514465332031,-2.2461831569671631
1.0185859203338623,-50.8325538635253906,-1.5369985103607178
5.8803706169128418,-22.1808567047119141,-1.5252900123596191
13.3889617919921875,-48.3029022216796875,-2.2644317150115967
-17.4871673583984375,-52.0609817504882813,-1.5358202457427979
-7.8599319458007813,-53.9785881042480469,-1.5298906564712524
20.2221412658691406,-33.3937301635742188,-2.2398064136505127
10.6200675964355469,-19.0750980377197266,-1.5367544889450073
7.0654993057250977,-29.0426616668701172,-1.5356382131576538
20.7088737487792969,-52.5291175842285156,-1.5325634479522705
-2.7149629592895508,-5.3196053504943848,-2.2419300079345703
-7.6284995079040527,-17.8745861053466797,-1.5349150896072388
27.0739212036132813,-50.6253814697265625,-1.5280115604400635
-18.1786727905273438,-27.5490436553955078,-2.2451279163360596
-1.9997563362121582,-14.1155395507812500,-2.2461204528808594
17.1837539672851563,-36.6469955444335938,-2.2440607547760010
-1.3586050271987915,-4.7295370101928711,-2.2413387298583984
-10.6178617477416992,-54.3027114868164063,-1.5301290750503540
11.4335432052612305,-24.1724662780761719,-1.5382090806961060
-6.7099065780639648,-27.0263195037841797,-1.5262609720230103
-1.0219109058380127,-33.1325721740722656,-1.5380203723907471
-6.4912309646606445,-44.3449935913085938,-2.2410712242126465
-21.2954196929931641,-54.4185562133789063,-2.2397091388702393
11.5191392898559570,-56.3446121215820313,-2.2469718456268311
-18.1834926605224609,-57.0055274963378906,-1.5358873605728149
11.0167388916015625,-8.0575494766235352,-2.2414197921752930
1.7705051898956299,-55.6696128845214844,-2.2506775856018066
8.5765295028686523,-29.6504306793212891,-2.2535672187805176
-12.7031078338623047,-43.8281364440917969,-1.5242882966995239
-7.7125778198242188,-13.0249052047729492,-1.5357264280319214
-25.0129241943359375,-54.8940620422363281,-1.5360516309738159
-26.3991317749023438,-47.0838241577148438,-2.2460246086120605
26.1111679077148438,-49.1160850524902344,-2.2468838691711426
12.4811792373657227,-55.9088211059570313,-2.2503905296325684
-10.6204338073730469,-49.0004806518554688,-1.5352917909622192
1.8123580217361450,-53.6562042236328125,-1.5333217382431030
-3.7820451259613037,-56.3043975830078125,-1.5360242128372192
20.2120418548583984,-45.3048553466796875,-1.5252107381820679
16.8138942718505859,-28.1815223693847656,-2.2434749603271484
-17.1811428070068359,-47.2499961853027344,-1.5336252450942993
36.3032569885253906,-54.8727073669433594,-1.5377130508422852
-6.9332990646362305,-11.5505962371826172,-2.2428908348083496
20.4044551849365234,-34.8702926635742188,-2.2435030937194824
12.6931171417236328,-54.7880516052246094,-2.2516231536865234
8.5780210494995117,-15.6756811141967773,-1.5353047847747803
-27.7868137359619141,-54.1857376098632813,-2.2444310188293457
18.1862144470214844,-28.2248134613037109,-2.2465155124664307
31.8935794830322266,-55.5786056518554688,-1.5332083702087402
-16.2875576019287109,-41.7599296569824219,-1.5312852859497070
12.0118017196655273,-13.4287424087524414,-1.5319697856903076
-8.5902833938598633,-11.7179012298583984,-2.2444689273834229
20.9292316436767578,-57.0077972412109375,-2.2443888187408447
-12.8568935394287109,-26.5686035156250000,-1.5385935306549072
-18.1849040985107422,-51.3566780090332031,-1.5361634492874146
3.7834920883178711,-55.8336639404296875,-1.5352373123168945
16.7882881164550781,-21.8704662322998047,-1.5342435836791992
5.8223328590393066,-30.2202777862548828,-2.2497198581695557
8.2994499206542969,-6.4895806312561035,-1.5389159917831421
29.8216819763183594,-51.0807228088378906,-2.2417638301849365
-22.9794006347656250,-56.3289871215820313,-2.2520585060119629
7.4682183265686035,-54.3824424743652344,-1.5363900661468506
7.1398868560791016,-10.2348661422729492,-2.2445266246795654
-7.9770503044128418,-10.9293909072875977,-2.2412164211273193
22.9833450317382813,-41.2586669921875000,-1.5309903621673584
-17.4743232727050781,-34.5737648010253906,-1.5315408706665039
7.4018278121948242,-31.0404872894287109,-1.5388320684432983
-13.3797197341918945,-33.6597709655761719,-1.5393787622451782
6.5477399826049805,-31.5805473327636719,-1.5312564373016357
2.4733297824859619,-13.0548048019409180,-2.2457110881805420
-7.8334555625915527,-31.5821094512939453,-1.5305746793746948
22.6143589019775391,-44.3434982299804688,-1.5305119752883911
-22.9798107147216797,-40.0654563903808594,-1.5367467403411865
17.5048370361328125,-28.1735439300537109,-1.5324590206146240
-20.2197132110595703,-40.0307846069335938,-1.5369194746017456
22.9832611083984375,-39.9179191589355469,-1.5290390253067017
16.7196731567382813,-46.6906471252441406,-2.2442042827606201
-18.1774749755859375,-22.7316837310791016,-2.2451586723327637
-2.8102712631225586,-15.9282617568969727,-2.2501409053802490
-12.2657489776611328,-34.8605117797851563,-1.5373430252075195
7.3062458038330078,-25.8774967193603516,-1.5342453718185425
1.0206815004348755,-55.0113906860351563,-2.2556672096252441
8.5820169448852539,-54.8971939086914063,-1.5335611104965210
-22.2860145568847656,-42.8791809082031250,-2.2455399036407471
26.4391574859619141,-51.4105148315429688,-1.5373988151550293
11.6202754974365234,-47.9413452148437500,-2.2413892745971680
22.9768753051757813,-40.5871086120605469,-2.2514386177062988
11.1565551757812500,-35.9600296020507813,-2.2473809719085693
-22.9810466766357422,-47.9944801330566406,-2.2431194782257080
-3.7813777923583984,-26.4180164337158203,-1.5362836122512817
-1.0208706855773926,-24.3021564483642578,-1.5335334539413452
-8.9804573059082031,-8.3451318740844727,-2.2444562911987305
-5.1920804977416992,-9.6988821029663086,-1.5367883443832397
-18.1778259277343750,-19.9186401367187500,-2.2415325641632080
1.4150329828262329,-6.6403932571411133,-2.2436332702636719
-17.4808807373046875,-27.6378746032714844,-1.5379521846771240
-18.1853466033935547,-52.0597381591796875,-2.2432887554168701
16.0976581573486328,-39.3760795593261719,-1.5322011709213257
-10.6217460632324219,-15.6553049087524414,-2.2426993846893311
-2.4315943717956543,-36.5083694458007813,-1.5342147350311279
-0.1386226564645767,-6.3290925025939941,-1.5368380546569824
-27.0901870727539063,-44.9231338500976563,-2.2466313838958740
-12.3988180160522461,-39.6004066467285156,-2.2458090782165527
-5.8210792541503906,-21.4766387939453125,-1.5377551317214966
17.2540683746337891,-53.0226097106933594,-1.5353219509124756
13.3799390792846680,-46.9820556640625000,-2.2458422183990479
8.5801811218261719,-21.6720981597900391,-1.5355134010314941
1.0175952911376953,-32.5723915100097656,-1.5367521047592163
-11.1369094848632813,-23.5903263092041016,-2.2432272434234619
-1.0181505680084229,-51.4443817138671875,-2.2472746372222900
5.8206233978271484,-15.4821567535400391,-2.2503430843353271
-5.8324618339538574,-49.6001129150390625,-2.2439355850219727
-11.1145992279052734,-34.8496818542480469,-1.5338191986083984
3.7834320068359375,-30.8674011230468750,-2.2476630210876465
-17.7159080505371094,-23.9036388397216797,-2.2485477924346924
3.4904170036315918,-8.6298427581787109,-1.5354955196380615
-10.6180810928344727,-39.3212203979492188,-1.5240820646286011
-10.6716642379760742,-53.3185539245605469,-1.5326842069625854
-10.6209115982055664,-34.3623428344726563,-2.2428529262542725
21.8344211578369141,-34.5523986816406250,-2.2443542480468750
3.2794809341430664,-40.8396835327148438,-1.5377753973007202
-3.7822005748748779,-15.7337417602539063,-2.2441039085388184
-5.8221411705017090,-40.2410469055175781,-1.5290818214416504
12.9665870666503906,-12.0586185455322266,-2.2413904666900635
20.9535694122314453,-44.6619567871093750,-1.5359352827072144
-6.3092346191406250,-43.3501205444335938,-2.2457561492919922
5.8160104751586914,-36.2240753173828125,-2.2429592609405518
11.3489742279052734,-55.6787948608398438,-1.5303856134414673
-1.7271206378936768,-17.1700286865234375,-1.5365583896636963
-1.0201991796493530,-22.6332530975341797,-2.2451603412628174
17.6950016021728516,-23.7760925292968750,-2.2484169006347656
15.4222536087036133,-30.7092666625976563,-1.5386375188827515
-12.7146348953247070,-42.0374450683593750,-2.2469129562377930
-6.6640372276306152,-53.7874679565429688,-2.2489182949066162
27.7775993347167969,-47.2392044067382813,-2.1862740516662598
18.1877231597900391,-27.2369308471679688,-2.2442584037780762
-10.9927062988281250,-11.2252378463745117,-1.5367319583892822
-21.8718414306640625,-55.4215736389160156,-1.5290862321853638
7.8482542037963867,-52.5745620727539063,-2.2461895942687988
10.6154766082763672,-39.2407798767089844,-1.5320016145706177
-7.8629117012023926,-26.1268997192382813,-1.5387297868728638
-27.7853736877441406,-50.6517982482910156,-1.5360549688339233
12.2606534957885742,-48.2330741882324219,-1.5328361988067627
-5.8198623657226563,-24.4836883544921875,-2.2477324008941650
0.5435483455657959,-6.1514453887939453,-2.2424077987670898
7.8787183761596680,-21.6990127563476563,-2.2434954643249512
12.4900817871093750,-12.9354782104492188,-2.2473192214965820
12.4095220565795898,-27.1559352874755859,-2.2511637210845947
-13.3611078262329102,-45.8911514282226563,-1.5314354896545410
5.8694295883178711,-16.8421249389648438,-2.2442009449005127
-2.8798751831054688,-6.8318653106689453,-1.5369668006896973
-12.7028379440307617,-55.5959854125976563,-2.2488696575164795
3.7855315208435059,-4.5271921157836914,-1.5371788740158081
7.1696538925170898,-45.0746078491210938,-1.5377428531646729
31.2005119323730469,-54.1599617004394531,-2.2457966804504395
15.4189176559448242,-24.9216804504394531,-1.5333263874053955
11.3224449157714844,-18.3667888641357422,-1.5361658334732056
-15.4215602874755859,-30.7035713195800781,-1.5383466482162476
-22.2767105102539063,-40.7685890197753906,-1.5365583896636963
1.7174186706542969,-33.9925613403320313,-2.2444400787353516
8.5785274505615234,-36.6356239318847656,-2.2411391735076904
6.5723333358764648,-19.8915863037109375,-2.2452595233917236
7.7666859626770020,-17.3254108428955078,-1.5329930782318115
-1.0178133249282837,-30.7521495819091797,-1.5327422618865967
5.8179512023925781,-42.3315811157226563,-1.5197023153305054
-12.6498851776123047,-45.8912467956542969,-2.2467405796051025
-7.6355557441711426,-35.2475471496582031,-1.5315953493118286
20.9606246948242188,-33.3508148193359375,-1.5364651679992676
-13.3819370269775391,-43.8478469848632813,-2.2450311183929443
-26.3989238739013672,-51.3581809997558594,-2.2458758354187012
-2.4813838005065918,-30.0801124572753906,-2.2463350296020508
-5.8192696571350098,-55.6414451599121094,-2.2455811500549316
-20.9132556915283203,-40.7447433471679688,-1.5368578433990479
12.4680757522583008,-35.8140182495117188,-1.5249106884002686
-6.7998981475830078,-32.9487266540527344,-2.2413241863250732
-29.8188400268554688,-52.0062294006347656,-1.5353982448577881
-15.9157676696777344,-35.1365585327148438,-2.2440838813781738
1.9838211536407471,-42.6547851562500000,-2.2621982097625732
-7.8447890281677246,-30.2138881683349609,-1.5325198173522949
7.0801997184753418,-49.0502281188964844,-1.5261564254760742
2.7921636104583740,-51.4879112243652344,-1.5365080833435059
1.7337181568145752,-47.5137977600097656,-2.2538969516754150
-22.4593029022216797,-37.5255928039550781,-1.5376677513122559
-1.7367688417434692,-16.4653015136718750,-2.2440879344940186
-35.3192863464355469,-55.2957191467285156,-2.2451522350311279
-8.5784311294555664,-52.6146583557128906,-2.2491333484649658
-3.2034966945648193,-30.1121177673339844,-1.5387897491455078
7.8979587554931641,-38.3410301208496094,-2.2460157871246338
-12.0035266876220703,-25.4131717681884766,-1.5311727523803711
22.3098049163818359,-55.4101982116699219,-1.5308657884597778
7.2402148246765137,-35.5600090026855469,-1.5298492908477783
-8.5727453231811523,-39.5964546203613281,-1.5335443019866943
22.9789066314697266,-52.7442016601562500,-2.2491815090179443
11.9828634262084961,-45.5695037841796875,-2.2444522380828857
-11.1798286437988281,-7.8138594627380371,-2.2414135932922363
12.0179691314697266,-19.0719680786132813,-1.5324963331222534
20.2203445434570313,-57.0052185058593750,-1.5368537902832031
-7.8565611839294434,-18.8429317474365234,-1.5356690883636475
3.0726327896118164,-45.0780754089355469,-1.5274211168289185
10.9879865646362305,-11.6494894027709961,-1.5366309881210327
-16.2701263427734375,-23.2364978790283203,-1.5365554094314575
11.9771194458007813,-34.4085731506347656,-2.2484536170959473
11.9792280197143555,-38.4822082519531250,-2.2487342357635498
-5.8143200874328613,-53.2866020202636719,-2.2538781166076660
-16.7417449951171875,-21.3305397033691406,-2.2428209781646729
11.3104162216186523,-23.3539237976074219,-2.2471470832824707
27.7722320556640625,-44.9452476501464844,-2.2448563575744629
7.6738314628601074,-6.8254976272583008,-2.2412700653076172
2.6018409729003906,-46.2799682617187500,-1.5366988182067871
-18.1816558837890625,-47.9188804626464844,-2.2551527023315430
-11.3358592987060547,-48.3116989135742188,-1.5329433679580688
-27.0914497375488281,-48.5186958312988281,-1.5337946414947510
-1.7308334112167358,-37.9002571105957031,-2.2492210865020752
9.8396472930908203,-7.2955350875854492,-2.2411367893218994
-6.6551942825317383,-48.4265556335449219,-1.5301930904388428
22.2009143829345703,-56.3896560668945313,-1.5326008796691895
-2.9036679267883301,-35.3107376098632813,-1.5362766981124878
-20.8872394561767578,-41.4681053161621094,-2.2434487342834473
-22.9810581207275391,-41.4724731445312500,-1.5359368324279785
-15.4155664443969727,-49.2292327880859375,-2.2423057556152344
1.7374494075775146,-22.4775981903076172,-1.5332791805267334
-10.6210718154907227,-14.2887392044067383,-2.2445275783538818
-2.7227344512939453,-21.7708492279052734,-2.2417960166931152
-21.2229480743408203,-57.0024185180664063,-1.5378763675689697
15.4099540710449219,-45.6700401306152344,-1.5276529788970947
20.2223701477050781,-34.1872215270996094,-1.5387281179428101
21.6641979217529297,-33.3265800476074219,-2.2428898811340332
-12.0195655822753906,-55.6106452941894531,-1.5325711965560913
-31.8681755065917969,-49.8744277954101563,-1.5387200117111206
20.9723682403564453,-34.0520629882812500,-2.2425224781036377
12.4101181030273438,-40.8058662414550781,-1.5305119752883911
-10.3103342056274414,-9.8108158111572266,-2.2459726333618164
-4.2216610908508301,-5.8913064002990723,-1.5374826192855835
-7.8599281311035156,-19.5330047607421875,-2.2468056678771973
10.6173505783081055,-19.7803592681884766,-2.2420811653137207
5.4435029029846191,-11.2607250213623047,-2.2408854961395264
-20.2199211120605469,-45.0229377746582031,-2.2449402809143066
-3.7789239883422852,-38.1276664733886719,-1.5327273607254028
14.0200176239013672,-11.1123476028442383,-2.2411131858825684
-16.4047298431396484,-44.3661346435546875,-2.2462816238403320
-3.3612051010131836,-53.1469688415527344,-2.2581236362457275
7.2637572288513184,-11.6031122207641602,-2.2466559410095215
7.9660654067993164,-36.2772674560546875,-1.5387945175170898
-8.5796747207641602,-57.0070610046386719,-1.5366706848144531
1.7948733568191528,-46.8676109313964844,-1.5206662416458130
-15.4203376770019531,-26.7368144989013672,-1.5376745462417603
13.3865337371826172,-33.1461563110351563,-2.2508828639984131
-22.4890308380126953,-51.8848609924316406,-2.2441332340240479
27.7822360992431641,-57.0079154968261719,-1.5356770753860474
-1.5242607593536377,-33.6252136230468750,-2.2420632839202881
21.8194694519042969,-54.9357910156250000,-2.2472407817840576
-32.5811195373535156,-53.4465904235839844,-1.5364063978195190
6.3139996528625488,-21.0345096588134766,-1.5366437435150146
10.6420392990112305,-10.6980400085449219,-1.5384618043899536
1.7163884639739990,-36.0876197814941406,-1.5321635007858276
-0.8784180283546448,-9.6262807846069336,-1.5399812459945679
-22.2814598083496094,-47.2891731262207031,-2.2438290119171143
17.4456310272216797,-51.6789283752441406,-1.5334328413009644
-11.9258050918579102,-15.6099720001220703,-1.5351388454437256
7.0903215408325195,-22.6565551757812500,-1.5359226465225220
-18.1768550872802734,-29.8798751831054688,-2.2464714050292969
-7.1222381591796875,-6.5237278938293457,-1.5379790067672729
1.7356188297271729,-16.3864936828613281,-1.5316948890686035
4.3671455383300781,-7.1740822792053223,-2.2413113117218018
17.4818286895751953,-21.8896789550781250,-2.2450647354125977
11.9941902160644531,-21.9282493591308594,-1.5350338220596313
-18.1829299926757813,-23.4207859039306641,-1.5307412147521973
12.6416778564453125,-28.3754806518554688,-2.2471470832824707
2.5054268836975098,-40.0869903564453125,-1.5348364114761353
35.7256660461425781,-52.7898025512695313,-1.5386415719985962
-3.7831478118896484,-25.7242450714111328,-2.2443282604217529
-20.8683166503906250,-56.0519142150878906,-1.5384429693222046
-8.5782699584960938,-23.2386646270751953,-1.5306489467620850
-16.2416858673095703,-20.1450119018554688,-2.2414188385009766
-3.7792508602142334,-46.9263572692871094,-2.2427315711975098
3.2844879627227783,-52.9864006042480469,-2.2439932823181152
12.6918210983276367,-44.1555366516113281,-1.5334800481796265
8.5785350799560547,-28.9885902404785156,-1.5266728401184082
-12.7399120330810547,-41.1367950439453125,-1.5311294794082642
-2.5457961559295654,-54.0848274230957031,-2.2449097633361816
-35.3303451538085938,-56.2945480346679688,-2.2418358325958252
-12.1379919052124023,-31.9263534545898438,-1.5264843702316284
12.6691513061523438,-38.4568557739257813,-1.5364547967910767
8.0254325866699219,-25.8889389038085938,-2.2412118911743164
8.5817108154296875,-55.5915870666503906,-2.2448165416717529
31.2008953094482422,-56.2880020141601563,-1.5320715904235840
16.1011295318603516,-21.8840332031250000,-2.2482478618621826
-6.3581905364990234,-16.5305767059326172,-2.2541866302490234
11.3079662322998047,-44.1296463012695313,-1.5337340831756592
-1.0232026576995850,-13.4146986007690430,-2.2471177577972412
4.1797356605529785,-5.8469429016113281,-1.5372260808944702
6.5641345977783203,-50.8145599365234375,-2.2490644454956055
-22.9621639251708984,-50.7116546630859375,-2.2483370304107666
-6.5880169868469238,-40.9318771362304688,-1.5349729061126709
-22.2609615325927734,-50.7218589782714844,-1.5289121866226196
32.5836982727050781,-54.8640365600585938,-1.5360858440399170
-13.3842372894287109,-36.7977600097656250,-1.5397584438323975
-15.4212799072265625,-39.7236251831054688,-1.5300804376602173
1.7216951847076416,-35.3972816467285156,-2.2444777488708496
-22.0473880767822266,-53.7610740661621094,-2.2461538314819336
6.2202177047729492,-5.9279122352600098,-1.5387974977493286
6.7773280143737793,-55.1002197265625000,-1.5336571931838989
8.5884418487548828,-31.2954158782958984,-1.5364876985549927
0.3709675669670105,-8.3338594436645508,-2.2441604137420654
-2.2070777416229248,-27.5833644866943359,-1.5320965051651001
2.3886814117431641,-36.1760520935058594,-2.2475364208221436
1.5941239595413208,-3.7647833824157715,-1.6792315244674683
27.7815914154052734,-45.6405754089355469,-1.5356258153915405
8.5776872634887695,-14.9896011352539063,-2.2451612949371338
3.0704908370971680,-37.6035156250000000,-1.5365207195281982
-11.7003278732299805,-36.2418937683105469,-2.2420845031738281
11.3193025588989258,-41.3146400451660156,-1.5350857973098755
12.1861963272094727,-56.5181579589843750,-1.5301127433776855
-8.5795907974243164,-22.2519092559814453,-1.5345567464828491
7.7616448402404785,-24.0521488189697266,-2.2483634948730469
-16.2684764862060547,-22.5344333648681641,-2.2444241046905518
-20.2191982269287109,-48.0310249328613281,-1.5346300601959229
-22.2013187408447266,-49.4119567871093750,-1.5387752056121826
6.3472204208374023,-45.4656448364257813,-2.2461779117584229
12.5639276504516602,-31.2585201263427734,-2.2433249950408936
-1.0162230730056763,-57.0020256042480469,-2.2466619014739990
-5.8842530250549316,-12.3214788436889648,-2.2417721748352051
2.0328021049499512,-49.8813629150390625,-1.5374147891998291
-20.2204036712646484,-38.6027297973632813,-1.5376076698303223
2.6254231929779053,-10.9205980300903320,-1.5358672142028809
1.0819736719131470,-12.3212060928344727,-1.5336525440216064
-8.4669504165649414,-10.3866319656372070,-1.5383712053298950
2.0028266906738281,-5.3274998664855957,-1.5387905836105347
-5.8193335533142090,-29.7505855560302734,-1.5326151847839355
16.1293411254882813,-57.0096817016601563,-2.2425475120544434
-21.9532260894775391,-37.0314369201660156,-2.2416057586669922
-12.8641376495361328,-27.5686016082763672,-1.5350139141082764
-2.4008998870849609,-54.7618904113769531,-1.5295088291168213
-7.8334069252014160,-34.2750396728515625,-1.5329656600952148
18.1795921325683594,-29.6259593963623047,-2.2433617115020752
-5.8207440376281738,-19.0933132171630859,-1.5344460010528564
-10.6196022033691406,-18.0380992889404297,-2.2424232959747314
17.4030704498291016,-47.4086418151855469,-2.2422204017639160
-1.7467119693756104,-30.7586956024169922,-2.2464253902435303
-7.0055871009826660,-42.6384506225585938,-2.2443728446960449
0.9684796929359436,-11.6262464523315430,-2.2412521839141846
22.6690692901611328,-42.8068084716796875,-2.2556447982788086
6.6083040237426758,-42.9260940551757813,-1.5368713140487671
-27.7867584228515625,-56.3038673400878906,-1.5362581014633179
-21.0394630432128906,-36.1822433471679688,-2.2419004440307617
11.3346672058105469,-48.5876693725585938,-1.5362904071807861
7.2600555419921875,-36.2457466125488281,-2.2465908527374268
-16.8047504425048828,-48.5140342712402344,-1.5264216661453247
1.7775927782058716,-39.3808975219726563,-1.5320662260055542
15.4185991287231445,-42.9459609985351563,-1.5371822118759155
3.7620255947113037,-43.6923751831054688,-2.2438580989837646
-8.5784053802490234,-26.8388156890869141,-1.5353312492370605
18.1777153015136719,-52.3585166931152344,-1.5320740938186646
-6.6801891326904297,-55.1491127014160156,-2.2473819255828857
2.5741567611694336,-40.7894630432128906,-2.2415065765380859
-2.9663851261138916,-27.5587253570556641,-2.2460730075836182
10.6219797134399414,-49.9677581787109375,-2.2458367347717285
4.2497324943542480,-3.9921922683715820,-2.2411324977874756
12.6122655868530273,-32.5187377929687500,-2.2414641380310059
17.6039829254150391,-48.6433258056640625,-1.5351691246032715
31.1984729766845703,-52.7222900390625000,-2.2465274333953857
-17.4939422607421875,-56.2964210510253906,-1.5343265533447266
-2.3676350116729736,-42.5733146667480469,-2.2523612976074219
-11.7809438705444336,-30.9999046325683594,-1.5347952842712402
16.7967147827148438,-23.3150749206542969,-1.5374922752380371
8.5777969360351563,-52.5691757202148438,-1.5305705070495605
2.1422257423400879,-25.6452922821044922,-1.5294057130813599
3.3019270896911621,-27.5850849151611328,-2.2486016750335693
13.3827524185180664,-41.9883575439453125,-1.5332738161087036
-36.7999572753906250,-53.7631988525390625,-2.2421302795410156
1.0426397323608398,-5.2873363494873047,-2.2425467967987061
-10.6191062927246094,-54.9668731689453125,-2.2512075901031494
3.0951783657073975,-33.2699584960937500,-1.5334683656692505
7.3114638328552246,-15.3999586105346680,-2.2419257164001465
-17.0786323547363281,-25.6593894958496094,-2.2513310909271240
15.4222564697265625,-49.9756889343261719,-2.2462143898010254
-22.2776412963867188,-41.4702529907226563,-2.2442562580108643
-3.6793799400329590,-50.9956703186035156,-2.2534036636352539
-18.1814899444580078,-42.9440078735351563,-1.5374426841735840
-16.4094562530517578,-28.7282142639160156,-1.5371359586715698
13.3815317153930664,-39.8898239135742188,-2.2451725006103516
7.0470023155212402,-23.3548107147216797,-2.2440674304962158
13.3194274902343750,-36.4196891784667969,-1.5350911617279053
-5.8217191696166992,-42.8571090698242188,-1.5305337905883789
-8.5830535888671875,-33.6161155700683594,-1.5275832414627075
15.9887351989746094,-53.9044494628906250,-1.5388047695159912
-8.5792045593261719,-45.2205429077148438,-2.2526707649230957
6.7570281028747559,-48.4983367919921875,-2.2642354965209961
-21.4653339385986328,-49.2722625732421875,-2.2545447349548340
-6.3622241020202637,-9.2568864822387695,-1.5345463752746582
20.8805637359619141,-47.8879928588867188,-1.5355147123336792
-15.6417331695556641,-41.0045280456542969,-1.5204635858535767
-16.8019371032714844,-54.8910903930664063,-2.2481648921966553
-21.8566875457763672,-53.0869789123535156,-1.5359065532684326
-1.9222197532653809,-39.9807281494140625,-1.5333149433135986
-17.0107250213623047,-23.9501991271972656,-1.5382378101348877
-6.9633293151855469,-52.1719398498535156,-1.5303711891174316
-20.2211799621582031,-51.0314178466796875,-2.2503669261932373
-22.9781417846679688,-37.0029067993164063,-2.2419416904449463
3.0812323093414307,-36.1875152587890625,-1.5357464551925659
17.0625839233398438,-56.0917663574218750,-2.2108232975006104
-31.8827896118164063,-51.2932243347167969,-1.5357370376586914
8.5838356018066406,-39.0558929443359375,-2.2467370033264160
-31.8888492584228516,-54.1638717651367188,-1.5346672534942627
8.0879564285278320,-11.0423812866210938,-2.2425117492675781
3.6014256477355957,-6.9241333007812500,-1.5381482839584351
-7.5043215751647949,-29.6156921386718750,-2.2464869022369385
-1.7222845554351807,-52.1393737792968750,-2.2443761825561523
-21.5827007293701172,-42.1793136596679688,-2.2450890541076660
11.9465179443359375,-30.9385929107666016,-1.5304491519927979
-2.3288521766662598,-20.2987194061279297,-1.5262498855590820
15.4175901412963867,-35.8588562011718750,-1.5307216644287109
-5.8189668655395508,-14.0025405883789063,-1.5317569971084595
5.8204731941223145,-39.7671623229980469,-1.5339931249618530
32.5787391662597656,-51.2825431823730469,-2.2421395778656006
-20.2131462097167969,-47.0484199523925781,-1.5273824930191040
-15.4181785583496094,-36.9675598144531250,-1.5335930585861206
6.5732145309448242,-22.1823673248291016,-2.2427279949188232
11.3000545501708984,-22.6392974853515625,-1.5328948497772217
-18.1835975646972656,-54.8804893493652344,-2.2428321838378906
26.3004722595214844,-45.4626388549804688,-2.2454929351806641
32.5830268859863281,-57.0051956176757813,-2.2426691055297852
-13.3780994415283203,-16.3724079132080078,-2.2437238693237305
7.2928905487060547,-26.5674781799316406,-2.2458553314208984
11.7294502258300781,-14.5183372497558594,-1.5341151952743530
6.9927392005920410,-42.3322181701660156,-2.2413790225982666
5.7705006599426270,-10.3241395950317383,-2.2467474937438965
16.8627681732177734,-49.3106575012207031,-1.5326178073883057
2.4209232330322266,-34.6996345520019531,-2.2444617748260498
-6.3188996315002441,-20.9789943695068359,-2.2431325912475586
-36.1362342834472656,-54.0061035156250000,-1.5381075143814087
16.9212436676025391,-47.9216423034667969,-1.5366921424865723
16.1290359497070313,-20.4255619049072266,-2.2417683601379395
-31.8849887847900391,-52.0126838684082031,-2.2453901767730713
20.6702327728271484,-38.0887184143066406,-1.5320329666137695
35.3047943115234375,-56.2788391113281250,-2.2495100498199463
-3.1362705230712891,-17.8792877197265625,-2.2490015029907227
1.0223102569580078,-42.0935249328613281,-2.2446620464324951
-5.8184576034545898,-28.4465808868408203,-1.5240758657455444
-27.0926094055175781,-52.7754631042480469,-1.5342931747436523
7.1486401557922363,-32.6134223937988281,-1.5330159664154053
-12.1672124862670898,-43.4747161865234375,-2.2532398700714111
-17.4695816040039063,-19.9207973480224609,-1.5380585193634033
25.0196533203125000,-49.3154106140136719,-2.2429342269897461
8.0815982818603516,-41.2291259765625000,-2.2442007064819336
-3.7831633090972900,-20.8811111450195313,-2.2428061962127686
7.0740628242492676,-33.3016548156738281,-2.2456538677215576
-17.4855175018310547,-54.8735961914062500,-1.5334943532943726
2.9446747303009033,-28.5771541595458984,-1.5385917425155640
17.1862716674804688,-35.0145263671875000,-1.5365225076675415
-18.1847839355468750,-54.1738700866699219,-1.5366998910903931
11.6109247207641602,-31.5292835235595703,-2.2480485439300537
20.2203521728515625,-38.6103324890136719,-2.2442009449005127
5.8195333480834961,-35.5266990661621094,-1.5333586931228638
-12.3107776641845703,-35.8509292602539063,-1.5558197498321533
16.9601669311523438,-35.9842605590820313,-1.5366431474685669
-1.7323445081710815,-15.7655420303344727,-1.5372860431671143
3.2071080207824707,-30.5349407196044922,-1.5297347307205200
6.8860645294189453,-12.5238962173461914,-2.2456271648406982
16.5238990783691406,-31.4431247711181641,-1.5374935865402222
-8.2481851577758789,-17.5638904571533203,-2.2491655349731445
-20.2147884368896484,-52.3832588195800781,-2.2516546249389648
25.0175380706787109,-55.5690269470214844,-1.5361373424530029
-0.9596056342124939,-11.6161832809448242,-1.5292770862579346
-13.3784637451171875,-23.9779109954833984,-1.5312402248382568
-2.2254049777984619,-49.6004714965820313,-2.2508661746978760
13.3800964355468750,-34.4351806640625000,-1.5347028970718384
11.5013065338134766,-34.9001541137695313,-1.5300599336624146
25.7146816253662109,-43.9572868347167969,-1.5373997688293457
-21.6164894104003906,-39.3316955566406250,-2.2453696727752686
10.6163549423217773,-53.2346420288085938,-2.2428412437438965
18.1782379150390625,-47.3488044738769531,-1.5278378725051880
7.2923674583435059,-19.2026901245117188,-2.2435855865478516
16.2967166900634766,-34.0339775085449219,-1.5382866859436035
1.0175412893295288,-34.6936225891113281,-2.2444829940795898
18.1375675201416016,-49.6652297973632813,-1.5256494283676147
34.6340713500976563,-52.6639938354492188,-2.2412431240081787
-6.9671077728271484,-5.8327851295471191,-2.2414436340332031
5.8223147392272949,-50.7967071533203125,-1.5273162126541138
-6.1228394508361816,-50.8939895629882813,-2.2553732395172119
-25.7067394256591797,-50.6492996215820313,-2.2454061508178711
-31.1949691772460938,-54.1724815368652344,-2.2460989952087402
17.4785804748535156,-22.5904235839843750,-1.5359703302383423
3.7846055030822754,-23.3964672088623047,-1.5357960462570190
-16.3981323242187500,-45.3071098327636719,-1.5294247865676880
-5.8214950561523438,-22.4675273895263672,-1.5320214033126831
-16.9926528930664063,-29.2985267639160156,-2.2413697242736816
26.4167556762695313,-55.5801315307617188,-1.5348850488662720
-3.7138895988464355,-12.0072278976440430,-2.2436985969543457
-11.5106363296508789,-22.1355228424072266,-1.5383093357086182
-9.1618576049804688,-10.5075960159301758,-2.2452738285064697
-11.5705041885375977,-44.6351852416992188,-1.5284599065780640
15.4194908142089844,-45.0154571533203125,-2.2537455558776855
-34.6314888000488281,-53.1590957641601563,-2.2413032054901123
-12.5581531524658203,-22.6255970001220703,-2.2477772235870361
-18.1778736114501953,-31.8610630035400391,-2.2457039356231689
-18.1781101226806641,-40.8697814941406250,-2.2486274242401123
-10.6218166351318359,-55.6443519592285156,-1.5315997600555420
6.5533084869384766,-30.9006786346435547,-2.2476637363433838
26.0979633331298828,-47.0627250671386719,-1.5347733497619629
-36.0154876708984375,-53.1687698364257813,-2.0688385963439941
-11.4497327804565430,-15.0983533859252930,-2.2438490390777588
16.7861595153808594,-40.7984809875488281,-2.2445781230926514
-3.7785329818725586,-48.3270835876464844,-2.2461266517639160
1.0152574777603149,-41.3995933532714844,-1.5334666967391968
-5.1110081672668457,-10.3956041336059570,-2.2434713840484619
-11.4170980453491211,-29.3956031799316406,-2.2422587871551514
22.9816207885742188,-44.9075469970703125,-2.2493760585784912
-10.6221103668212891,-36.3420066833496094,-2.2411544322967529
-21.3662300109863281,-47.3094215393066406,-1.5386736392974854
22.9782638549804688,-35.8009490966796875,-1.5349173545837402
-17.4442081451416016,-32.5383644104003906,-2.2431564331054688
7.8728837966918945,-14.9699249267578125,-1.5379543304443359
21.3389492034912109,-35.4159431457519531,-2.2435166835784912
-8.5779447555541992,-21.5735225677490234,-2.2494847774505615
10.6165847778320313,-42.0197105407714844,-1.5361701250076294
25.8343086242675781,-44.9465293884277344,-1.5362619161605835
1.0222835540771484,-22.4724597930908203,-2.2481324672698975
30.5095958709716797,-53.4419670104980469,-2.2461893558502197
5.8122906684875488,-41.0930061340332031,-1.5190106630325317
16.1390037536621094,-44.3395576477050781,-2.2456939220428467
-22.2676315307617188,-47.9892311096191406,-1.5353977680206299
-6.9399280548095703,-51.5002822875976563,-2.2507145404815674
18.1834526062011719,-39.3885536193847656,-2.2443449497222900
25.0172920227050781,-56.2802734375000000,-2.2441065311431885
1.0215299129486084,-47.4941329956054688,-1.5333942174911499
22.1599445343017578,-47.6752624511718750,-1.5369399785995483
7.4732294082641602,-55.0948028564453125,-2.2480223178863525
-20.9554824829101563,-50.3542747497558594,-2.2502181529998779
5.8181180953979492,-45.0195884704589844,-1.5345649719238281
-2.1674728393554688,-34.6430015563964844,-1.5328301191329956
7.8153462409973145,-48.2182655334472656,-1.5327091217041016
-11.8549909591674805,-37.2091331481933594,-2.2499849796295166
-21.6146087646484375,-43.6107521057128906,-2.2453472614288330
18.1662750244140625,-35.9765472412109375,-1.5305124521255493
22.0759220123291016,-33.8966064453125000,-1.5363626480102539
2.4575948715209961,-18.4537582397460938,-1.5328506231307983
11.3109283447265625,-42.7296981811523438,-1.5349757671356201
2.5808348655700684,-19.6453437805175781,-1.5313661098480225
-11.1218471527099609,-32.8512496948242188,-1.5344094038009644
-8.5777616500854492,-19.5333671569824219,-1.5337172746658325
1.0904327630996704,-48.8532409667968750,-1.5334738492965698
-10.6139707565307617,-38.6838874816894531,-2.2555840015411377
10.6148471832275391,-44.1333770751953125,-2.2444944381713867
-8.5773534774780273,-31.5675868988037109,-2.2506906986236572
-13.3787755966186523,-53.4942779541015625,-2.2484736442565918
-18.1908817291259766,-29.2042007446289063,-1.5287755727767944
5.8176631927490234,-37.6378898620605469,-2.2443809509277344
-8.5780296325683594,-20.8957901000976563,-1.5306560993194580
12.3874454498291016,-14.2940988540649414,-2.2459697723388672
10.6216249465942383,-57.0052337646484375,-2.2452514171600342
20.8150787353515625,-50.3463516235351563,-2.2414889335632324
-12.6534652709960938,-53.5001029968261719,-1.5317906141281128
-2.8561980724334717,-38.4243888854980469,-2.2513031959533691
-15.4208736419677734,-29.7149925231933594,-1.5369668006896973
-2.1805644035339355,-35.3281326293945313,-2.2497646808624268
-20.2249507904052734,-57.0068092346191406,-1.5340021848678589
12.8606567382812500,-49.9455108642578125,-1.5388723611831665
-11.2269144058227539,-31.4192962646484375,-2.2452545166015625
-11.3509035110473633,-46.9469184875488281,-1.5330394506454468
-2.4053235054016113,-5.9537014961242676,-1.5375008583068848
3.7776575088500977,-20.1086559295654297,-1.5357097387313843
-5.8206057548522949,-34.5995750427246094,-2.2492249011993408
3.0745830535888672,-15.4963607788085938,-2.2438261508941650
-12.6782617568969727,-19.8596000671386719,-2.2447578907012939
-30.5077438354492188,-53.4574241638183594,-2.2459189891815186
6.5971751213073730,-16.8105506896972656,-1.5382869243621826
2.5003917217254639,-22.4861812591552734,-2.2431547641754150
17.4842109680175781,-39.3871726989746094,-1.5355805158615112
-22.9792995452880859,-54.6778488159179688,-1.5282033681869507
10.9168891906738281,-10.0419511795043945,-2.2421162128448486
-11.3788957595825195,-28.1450004577636719,-2.2411596775054932
-13.3841762542724609,-47.9021911621093750,-2.2490947246551514
11.3459177017211914,-26.1150436401367188,-2.2466871738433838
-7.2637243270874023,-45.5657615661621094,-2.2525472640991211
15.4121208190917969,-40.0908546447753906,-1.5355398654937744
7.9179921150207520,-47.2296562194824219,-1.5293639898300171
20.3989067077636719,-36.2133598327636719,-2.2459716796875000
21.2522087097167969,-48.4832000732421875,-2.2448301315307617
-27.0935993194580078,-54.1897048950195313,-1.5344108343124390
1.5210620164871216,-38.2498397827148438,-2.2423028945922852
-25.0195732116699219,-44.2049942016601563,-2.2436616420745850
2.3372347354888916,-38.9795532226562500,-2.2462651729583740
-17.8779563903808594,-39.5797424316406250,-2.2480254173278809
21.5638484954833984,-46.3110809326171875,-2.2437045574188232
-2.0063161849975586,-40.9677238464355469,-1.5280905961990356
-10.6207456588745117,-26.8369598388671875,-1.5286062955856323
-10.6276750564575195,-30.0934982299804688,-2.2548036575317383
-32.5839614868164063,-54.1658897399902344,-2.2431111335754395
-6.4753303527832031,-14.1739330291748047,-2.2505605220794678
-3.7847850322723389,-19.8162784576416016,-2.2464206218719482
-17.6193714141845703,-38.9494667053222656,-1.5281326770782471
-3.1026792526245117,-43.2350921630859375,-2.2493271827697754
1.0187605619430542,-31.1666450500488281,-1.5346803665161133
3.2999079227447510,-46.2879257202148438,-2.2468910217285156
-3.7800974845886230,-47.6323814392089844,-1.5364898443222046
-6.5558776855468750,-40.2415122985839844,-2.2476415634155273
20.2200222015380859,-39.6055183410644531,-2.2483060359954834
-27.7860107421875000,-52.7733840942382813,-2.2435789108276367
-27.7842025756835938,-57.0060653686523438,-2.2441873550415039
3.4452886581420898,-56.4220809936523438,-2.2508063316345215
-5.8210897445678711,-13.3162879943847656,-2.2466201782226563
15.4367799758911133,-55.0160408020019531,-1.5361714363098145
-5.8538146018981934,-37.5928268432617188,-1.5296564102172852
-10.6253261566162109,-17.3415298461914063,-1.5347644090652466
-11.6649618148803711,-23.1150150299072266,-1.5435357093811035
-15.4159908294677734,-55.5875205993652344,-1.5352154970169067
-3.2547931671142578,-4.8614406585693359,-1.5383054018020630
-11.6068115234375000,-54.3685379028320313,-1.5313833951950073
3.3074252605438232,-26.5883502960205078,-2.2497591972351074
13.3785619735717773,-49.4763641357421875,-2.2524828910827637
22.2668952941894531,-37.1883773803710938,-2.2454016208648682
22.2410354614257813,-38.5620155334472656,-2.2469725608825684
-6.3698697090148926,-46.9550056457519531,-1.5197093486785889
2.8829760551452637,-20.8175048828125000,-1.5386307239532471
6.5536937713623047,-49.4680862426757813,-2.2498698234558105
-3.7800328731536865,-54.2587280273437500,-2.2579514980316162
-12.1652917861938477,-52.3222351074218750,-1.5327214002609253
-5.2166085243225098,-6.9032673835754395,-1.5384054183959961
3.0600156784057617,-44.4083328247070313,-2.2504725456237793
5.8194923400878906,-38.3602561950683594,-1.5371072292327881
-25.7075042724609375,-52.7765426635742188,-1.5343974828720093
34.6232452392578125,-53.3726196289062500,-1.5381563901901245
-6.9755806922912598,-26.4248752593994141,-2.2534432411193848
3.6518943309783936,-12.1755132675170898,-2.2431879043579102
25.0380172729492188,-46.2194252014160156,-2.2428603172302246
-34.6208534240722656,-55.2991333007812500,-1.5373986959457397
6.7701640129089355,-55.7895622253417969,-2.2472932338714600
-2.3706572055816650,-24.0939865112304688,-1.5309382677078247
13.3825883865356445,-37.7712593078613281,-1.5305864810943604
2.2692492008209229,-24.6679077148437500,-1.5387705564498901
9.3999309539794922,-8.8104648590087891,-1.5384496450424194
-17.4620933532714844,-44.6062316894531250,-1.5312402248382568
29.8174114227294922,-54.1586494445800781,-2.2438218593597412
-25.7093372344970703,-46.3645706176757813,-2.2465519905090332
-10.1669960021972656,-9.1338720321655273,-1.5343276262283325
-26.4003295898437500,-55.5965270996093750,-2.2456283569335938
-10.6378870010375977,-46.9458656311035156,-2.2501127719879150
-16.2657146453857422,-33.2184333801269531,-2.2424767017364502
-1.0269548892974854,-28.7115745544433594,-2.2499859333038330
-8.5803775787353516,-34.9308815002441406,-1.5266922712326050
21.5890655517578125,-56.0522766113281250,-2.2431571483612061
22.9829463958740234,-46.2818183898925781,-2.2431280612945557
-17.4890880584716797,-43.9136123657226563,-2.2475976943969727
-5.8200025558471680,-50.2910232543945313,-1.5325529575347900
12.8621816635131836,-34.9730987548828125,-2.2434577941894531
1.0339562892913818,-46.7994995117187500,-2.2432858943939209
-7.1060419082641602,-12.2339105606079102,-1.5375144481658936
-8.5821342468261719,-14.9293127059936523,-1.5343956947326660
-27.0936851501464844,-55.5998611450195313,-1.5345201492309570
-1.0192985534667969,-18.9399452209472656,-2.2481906414031982
-3.1918451786041260,-15.3571376800537109,-1.5338417291641235
-31.8893966674804688,-52.7262763977050781,-1.5335279703140259
-3.0769879817962646,-46.9310646057128906,-1.5325547456741333
12.6951398849487305,-19.1169548034667969,-2.2506225109100342
11.1912307739257813,-37.8835220336914063,-2.2526881694793701
21.7908020019531250,-48.9123573303222656,-1.5330936908721924
-27.0917644500732422,-49.2287559509277344,-2.2461292743682861
-31.1804618835449219,-51.2965316772460938,-2.2425122261047363
5.3724102973937988,-8.0908956527709961,-1.5355281829833984
1.0214283466339111,-29.8266448974609375,-1.5305566787719727
16.0968341827392578,-40.8054351806640625,-1.5312727689743042
34.6211433410644531,-57.0024642944335938,-2.2393727302551270
18.1788520812988281,-45.3007469177246094,-2.2437126636505127
7.8849811553955078,-13.8397617340087891,-1.5385997295379639
5.8221969604492188,-25.2024345397949219,-2.2495594024658203
-5.8218502998352051,-33.9103851318359375,-1.5347737073898315
26.4816532135009766,-54.1829948425292969,-1.5349984169006348
8.5779438018798828,-23.9859790802001953,-1.5286340713500977
-20.2271461486816406,-51.7082176208496094,-1.5312050580978394
-7.8783335685729980,-26.8337993621826172,-2.2433907985687256
2.4671065807342529,-17.0642166137695313,-1.5355144739151001
10.8596382141113281,-51.6180648803710938,-1.5306234359741211
11.5202379226684570,-7.5572848320007324,-1.5388931035995483
11.2665033340454102,-30.5959930419921875,-2.2463166713714600
-7.8479905128479004,-32.2536392211914063,-2.2501370906829834
11.4941358566284180,-12.8712787628173828,-2.2421495914459229
-9.9610786437988281,-11.1064920425415039,-2.2428188323974609
1.0188070535659790,-42.7895965576171875,-1.5348516702651978
21.5393581390380859,-38.5655364990234375,-1.5370376110076904
5.8189439773559570,-28.8776168823242188,-2.2476608753204346
15.4152364730834961,-56.0095672607421875,-1.5315146446228027
15.4153718948364258,-29.5948448181152344,-2.2455794811248779
-31.8760471343994141,-50.5820770263671875,-2.2429606914520264
3.7783155441284180,-15.4935274124145508,-1.5371270179748535
18.1831417083740234,-40.7946739196777344,-2.2436804771423340
13.3822221755981445,-31.8150424957275391,-2.2509460449218750
-20.9179382324218750,-39.3146781921386719,-1.5352174043655396
-5.8199601173400879,-17.6106014251708984,-2.2438344955444336
-26.4007606506347656,-45.6453399658203125,-2.2457473278045654
3.7798433303833008,-19.4100112915039063,-2.2444882392883301
27.1183853149414063,-46.8642425537109375,-1.5361155271530151
-13.3777389526367188,-51.5041465759277344,-1.5303322076797485
-8.5723428726196289,-49.5883789062500000,-1.5312405824661255
-5.8209595680236816,-41.5669097900390625,-1.5226539373397827
6.5137624740600586,-36.2337303161621094,-1.5319321155548096
-6.2935280799865723,-7.9287700653076172,-1.5381271839141846
-26.4007568359375000,-54.1871185302734375,-2.2454724311828613
-1.0189670324325562,-36.5162582397460938,-1.5352164506912231
8.5830974578857422,-34.6591644287109375,-2.2436535358428955
5.8195023536682129,-20.5380859375000000,-2.2454741001129150
-1.7052288055419922,-5.6647000312805176,-2.2414395809173584
2.2390680313110352,-47.9314804077148438,-1.5221651792526245
-3.7832551002502441,-55.6067352294921875,-2.2449541091918945
-17.4602775573730469,-35.2686843872070313,-2.2424314022064209
16.1067352294921875,-41.5246086120605469,-2.2475652694702148
3.3673725128173828,-7.9404015541076660,-2.2437825202941895
-36.8772201538085938,-52.6945075988769531,-2.2412796020507813
-9.8324193954467773,-7.4123158454895020,-2.2423207759857178
-2.3400790691375732,-11.9150848388671875,-2.2456400394439697
1.4651563167572021,-37.2363700866699219,-2.2516157627105713
1.6229689121246338,-25.1767253875732422,-2.2415552139282227
5.8188133239746094,-51.4662322998046875,-2.2461502552032471
-3.2839550971984863,-52.1507263183593750,-2.2430639266967773
-12.7316112518310547,-32.2864837646484375,-2.2431323528289795
-3.7775886058807373,-41.1618118286132813,-2.2457468509674072
-25.0156021118164063,-49.2308387756347656,-1.5365793704986572
20.2149200439453125,-50.7223930358886719,-1.5377331972122192
0.9749306440353394,-9.6094055175781250,-2.2413368225097656
30.5071907043457031,-55.5793266296386719,-1.5336209535598755
1.9051481485366821,-46.2430496215820313,-2.2554278373718262
-29.8192920684814453,-54.1796569824218750,-2.2457911968231201
2.8038830757141113,-7.5242381095886230,-1.5356948375701904
1.1154412031173706,-52.4397621154785156,-2.2622895240783691
1.0223246812820435,-40.7243728637695313,-2.2510356903076172
-2.2880227565765381,-10.5878562927246094,-2.2454071044921875
10.6193971633911133,-38.2555656433105469,-1.5354561805725098
-1.7434312105178833,-25.6835613250732422,-2.2453699111938477
-5.8169655799865723,-47.9065895080566406,-1.5339199304580688
3.7821383476257324,-22.1926307678222656,-2.2478744983673096
7.2076239585876465,-37.6319160461425781,-2.2444097995758057
2.4021260738372803,-11.5764484405517578,-2.2480227947235107
1.0495357513427734,-55.6612319946289063,-1.5246142148971558
26.3707695007324219,-49.7688102722167969,-1.5373258590698242
27.7768802642822266,-54.6266021728515625,-1.5387802124023438
22.2551937103271484,-40.5931091308593750,-1.5279759168624878
10.6217422485351563,-33.4856338500976563,-2.2504851818084717
16.7992229461669922,-27.4694843292236328,-1.5334358215332031
-20.2179565429687500,-43.6223640441894531,-2.2439455986022949
-11.8037242889404297,-13.0773773193359375,-1.5356910228729248
-17.4389896392822266,-29.8428268432617188,-1.5333707332611084
3.7823615074157715,-41.3306007385253906,-2.2457551956176758
5.8139963150024414,-33.5079536437988281,-2.2585608959197998
-11.3259029388427734,-48.9973564147949219,-2.2443675994873047
-21.9888782501220703,-38.7496452331542969,-1.5356301069259644
17.4641361236572266,-30.3226833343505859,-2.2432496547698975
-11.0576639175415039,-20.1819705963134766,-2.2523293495178223
-8.5777015686035156,-32.9325828552246094,-2.2455170154571533
3.7835731506347656,-20.8056011199951172,-2.2447910308837891
7.8113083839416504,-27.6770648956298828,-2.2457897663116455
3.7426352500915527,-5.2343654632568359,-2.2410733699798584
-15.4156570434570313,-52.0321502685546875,-2.2469747066497803
1.6478945016860962,-27.8808116912841797,-1.5366325378417969
11.3235273361206055,-57.0087471008300781,-1.5362465381622314
22.1806411743164063,-53.4601936340332031,-2.2432570457458496
21.2456073760986328,-45.2952766418457031,-2.2456650733947754
-1.0190304517745972,-37.2087974548339844,-2.2445552349090576
22.2437992095947266,-52.7664108276367188,-1.5374143123626709
3.7803008556365967,-27.0786628723144531,-1.5345251560211182
18.1856155395507813,-50.3237724304199219,-2.2517845630645752
8.5818576812744141,-44.4041595458984375,-2.2472918033599854
1.5085918903350830,-29.3270206451416016,-2.2436528205871582
-31.1986370086669922,-56.2991790771484375,-1.5336452722549438
-1.0584943294525146,-5.3728713989257813,-1.5385382175445557
10.6197090148925781,-28.8548622131347656,-1.5367408990859985
-21.6279983520507813,-44.3209304809570313,-1.5353500843048096
-8.5777978897094727,-30.8935565948486328,-1.5294520854949951
-3.7833008766174316,-51.6576728820800781,-1.5337083339691162
36.6129074096679688,-56.3066596984863281,-2.2526028156280518
26.4306259155273438,-54.8775711059570313,-2.2436285018920898
12.6642932891845703,-46.9780921936035156,-1.5358755588531494
-2.7472734451293945,-53.4296875000000000,-1.5310523509979248
-11.8702049255371094,-42.5398712158203125,-2.2492549419403076
-22.2818813323974609,-42.1775169372558594,-1.5363250970840454
-3.0196750164031982,-12.0468025207519531,-1.5341322422027588
-21.2942581176757813,-38.0360221862792969,-1.5313092470169067
-12.2560262680053711,-40.2707443237304688,-1.5314525365829468
12.7265110015869141,-33.3014907836914063,-1.5310782194137573
2.7889475822448730,-52.4805374145507813,-1.5380644798278809
20.2220115661621094,-32.6797676086425781,-1.5392500162124634
-1.0211845636367798,-15.7742624282836914,-2.2442171573638916
-27.7829055786132813,-47.8036460876464844,-1.5361115932464600
-8.5833158493041992,-54.6502037048339844,-1.5331643819808960
-7.6234788894653320,-35.9201698303222656,-2.2510457038879395
1.5364192724227905,-50.3742523193359375,-2.2469131946563721
27.7786312103271484,-50.6224555969238281,-2.2454106807708740
7.6164407730102539,-53.5429916381835938,-2.2418255805969238
-10.6576128005981445,-28.1465091705322266,-1.5239726305007935
21.2136974334716797,-49.7265281677246094,-1.5377007722854614
12.6618804931640625,-54.1004791259765625,-1.5324436426162720
5.4345536231994629,-8.7881259918212891,-2.2466609477996826
-3.0257155895233154,-13.4568309783935547,-1.5387638807296753
-27.7803344726562500,-44.1929130554199219,-2.2438347339630127
10.6177692413330078,-41.3180427551269531,-2.2439894676208496
-12.4227781295776367,-31.3376197814941406,-2.2543745040893555
10.6297426223754883,-48.5888595581054688,-2.2470369338989258
-20.9242134094238281,-44.3229179382324219,-2.2438902854919434
-13.3824596405029297,-42.1590538024902344,-1.5323138236999512
36.7095718383789063,-52.6186866760253906,-1.5386817455291748
22.2564029693603516,-37.8747558593750000,-1.5325349569320679
16.7927780151367188,-28.8998069763183594,-1.5344064235687256
22.9790840148925781,-36.4928855895996094,-2.2457156181335449
3.1901555061340332,-17.7761955261230469,-1.5380167961120605
-25.7075157165527344,-54.1899108886718750,-1.5347138643264771
15.4208078384399414,-33.8395576477050781,-2.2498049736022949
6.3673381805419922,-46.5594100952148438,-2.2414722442626953
10.6169385910034180,-39.9249114990234375,-2.2469265460968018
5.8124895095825195,-32.2428169250488281,-1.5331412553787231
16.1303920745849609,-49.9821891784667969,-1.5318627357482910
15.4186849594116211,-51.6537208557128906,-1.5322415828704834
-1.0199363231658936,-45.1174316406250000,-2.2440268993377686
-13.3794097900390625,-52.8189239501953125,-1.5286902189254761
11.9900035858154297,-44.8571090698242188,-1.5334399938583374
8.5835580825805664,-53.9008178710937500,-1.5235197544097900
-8.4911937713623047,-23.8902263641357422,-2.2564632892608643
-26.4004745483398438,-53.4832725524902344,-1.5342996120452881
-11.3193349838256836,-12.5820198059082031,-2.2456405162811279
-13.3795518875122070,-25.3630676269531250,-1.5355385541915894
-16.8017444610595703,-55.5912170410156250,-1.5347173213958740
-22.9778785705566406,-36.0055160522460938,-2.2412989139556885
0.2900501489639282,-10.0196771621704102,-1.5385288000106812
8.5816669464111328,-33.9729690551757813,-1.5320807695388794
1.7171254158020020,-32.5689811706542969,-2.2448198795318604
-12.6368551254272461,-44.5077476501464844,-2.2455897331237793
15.4195451736450195,-44.3400268554687500,-1.5325105190277100
11.3372945785522461,-16.9676856994628906,-1.5376114845275879
-0.2393660694360733,-3.8723516464233398,-2.2411940097808838
6.9715967178344727,-46.9415855407714844,-1.5445567369461060
16.1431369781494141,-45.0258674621582031,-1.5306411981582642
31.7472248077392578,-50.4405822753906250,-2.2412087917327881
2.5761556625366211,-29.1872234344482422,-2.2454342842102051
18.1798801422119141,-46.6808509826660156,-2.2497155666351318
-16.5377464294433594,-45.9740409851074219,-2.2456622123718262
-10.7974529266357422,-6.8912720680236816,-2.2411465644836426
7.6027235984802246,-46.6051292419433594,-2.2413899898529053
2.7832453250885010,-54.8221588134765625,-1.5351266860961914
6.2133092880249023,-47.5662231445312500,-2.2506623268127441
-20.9238967895507813,-35.2494926452636719,-1.5387321710586548
-11.6124677658081055,-24.1056652069091797,-1.5334470272064209
-2.9017322063446045,-36.0071716308593750,-2.2461061477661133
8.2956037521362305,-8.4846324920654297,-1.5386675596237183
18.1840724945068359,-49.0050430297851563,-2.2513477802276611
17.4554004669189453,-50.9887123107910156,-2.2442052364349365
-10.6222105026245117,-43.3150749206542969,-2.2446556091308594
-26.3992328643798828,-56.3038368225097656,-1.5342226028442383
-22.2422637939453125,-56.3357353210449219,-1.5329811573028564
-17.7018623352050781,-46.7990226745605469,-2.2472813129425049
-3.6200757026672363,-9.7586860656738281,-1.5354695320129395
-15.4152622222900391,-53.4825668334960938,-2.2439181804656982
-5.8189063072204590,-51.4641761779785156,-1.5210783481597900
7.0677485466003418,-20.3798885345458984,-1.5366673469543457
37.3066024780273438,-57.0059432983398438,-2.2403967380523682
-12.3736743927001953,-28.0771465301513672,-2.2434725761413574
-11.3441638946533203,-56.3320388793945313,-1.5308684110641479
-20.2201499938964844,-49.6860275268554688,-2.2503201961517334
15.4216651916503906,-20.4147167205810547,-1.5385457277297974
8.5391941070556641,-26.9935684204101563,-2.2522027492523193
7.9550299644470215,-9.6639394760131836,-2.2412993907928467
8.5801191329956055,-25.3358974456787109,-1.5350308418273926
-16.9692745208740234,-23.2449588775634766,-2.2437798976898193
-20.2178287506103516,-45.7120857238769531,-1.5320024490356445
-31.8908424377441406,-57.0068740844726563,-1.5342047214508057
11.8610162734985352,-37.1110038757324219,-2.2426245212554932
-25.0190696716308594,-44.9316520690917969,-1.5363428592681885
-13.3795251846313477,-45.2149124145507813,-2.2507543563842773
-16.1083106994628906,-56.2966156005859375,-1.5348529815673828
-1.0222483873367310,-30.0709533691406250,-2.2481667995452881
1.0179733037948608,-33.9902610778808594,-1.5369410514831543
20.9406661987304688,-56.3206443786621094,-1.5347176790237427
27.4233951568603516,-42.3399696350097656,-1.5388696193695068
3.0859487056732178,-13.8823413848876953,-2.2440001964569092
12.6627111434936523,-57.0065460205078125,-2.2452328205108643
-15.4190921783447266,-40.3912620544433594,-2.2529685497283936
-2.4239144325256348,-17.1842327117919922,-2.2447955608367920
-18.1829109191894531,-52.7690200805664063,-1.5355663299560547
-25.0183944702148438,-46.3705596923828125,-1.5360918045043945
-11.4945526123046875,-43.3694343566894531,-1.5298258066177368
-8.5802850723266602,-53.2937698364257813,-1.5307406187057495
-1.0224064588546753,-50.7674102783203125,-1.5299147367477417
1.0191150903701782,-20.1142959594726563,-2.2449276447296143
16.1381168365478516,-55.0052223205566406,-2.2460892200469971
3.7778794765472412,-17.1811962127685547,-2.0821876525878906
3.0759308338165283,-38.3065109252929688,-2.2452480792999268
13.3829116821289063,-21.2109737396240234,-2.2448136806488037
17.3291530609130859,-25.1983642578125000,-1.7145349979400635
-20.2216529846191406,-56.3287696838378906,-2.2466146945953369
17.4560089111328125,-46.0018005371093750,-2.2424206733703613
7.9103417396545410,-49.5739059448242188,-1.5315041542053223
-7.0235180854797363,-36.7173881530761719,-2.2416431903839111
-11.9279050827026367,-45.2069396972656250,-2.2485918998718262
7.2752432823181152,-25.1860122680664063,-2.2465777397155762
16.0925979614257813,-30.3201560974121094,-2.2424826622009277
7.2178211212158203,-44.3744354248046875,-2.2461826801300049
-7.2113814353942871,-37.4440078735351563,-1.5299955606460571
-12.6664333343505859,-21.2591018676757813,-2.2448229789733887
25.9195098876953125,-43.2814254760742188,-2.2418310642242432
-4.7408099174499512,-6.3697614669799805,-2.2417612075805664
25.0226478576660156,-43.1305694580078125,-1.5384023189544678
-10.6197795867919922,-47.6222038269042969,-1.5308983325958252
5.8215765953063965,-55.3797874450683594,-1.5234459638595581
-13.3815202713012695,-24.6634101867675781,-2.2448070049285889
5.8194475173950195,-42.9721565246582031,-2.2560577392578125
-4.4192070960998535,-11.1142539978027344,-2.2447886466979980
-26.3994407653808594,-50.6522178649902344,-1.5341389179229736
-17.0373401641845703,-45.1153488159179688,-2.2533814907073975
-18.1769123077392578,-21.3324184417724609,-2.2427561283111572
-13.3825244903564453,-55.6015472412109375,-1.5344116687774658
-7.1652493476867676,-27.5224170684814453,-2.2465236186981201
8.5800285339355469,-32.6058578491210938,-1.5355144739151001
-3.7777416706085205,-40.1715774536132813,-2.2449824810028076
25.7494564056396484,-53.4968872070312500,-1.5320895910263062
13.3806056976318359,-40.5887527465820313,-1.5362381935119629
17.4643325805664063,-55.3633804321289063,-1.5357898473739624
7.3538475036621094,-7.4566745758056641,-1.5368871688842773
8.5788345336914063,-53.2447738647460938,-2.2514786720275879
-12.6780672073364258,-14.9670801162719727,-1.5350691080093384
-2.4435341358184814,-45.0786285400390625,-2.2447948455810547
11.7283763885498047,-54.4251098632812500,-1.5256569385528564
-16.9176254272460938,-27.2148056030273438,-2.2444198131561279
5.6975650787353516,-9.6420335769653320,-1.5338134765625000
18.1842441558837891,-54.6863403320312500,-1.5264729261398315
-10.9087038040161133,-8.4675588607788086,-1.5364544391632080
25.7186870574951172,-52.8136215209960938,-2.2477128505706787
-18.1803989410400391,-44.6245727539062500,-2.2486371994018555
-1.2537946701049805,-8.4919424057006836,-1.5343542098999023
12.3359222412109375,-26.0251789093017578,-2.2480714321136475
-18.1796321868896484,-48.5928421020507813,-1.5330940485000610
-22.9841175079345703,-42.8762245178222656,-1.5360083580017090
-12.0561285018920898,-26.1354026794433594,-2.2417199611663818
31.2033920288085938,-51.2784080505371094,-2.2431564331054688
-1.0187114477157593,-38.5959472656250000,-2.2499134540557861
16.7939605712890625,-38.6747283935546875,-1.5339566469192505
-15.4180622100830078,-25.7427673339843750,-1.5382483005523682
-13.3823528289794922,-54.1775207519531250,-1.5334419012069702
-1.0200793743133545,-50.0943298339843750,-2.2514803409576416
-25.0180625915527344,-47.0828781127929688,-2.2440593242645264
32.5808258056640625,-51.9888305664062500,-1.5363670587539673
-20.7531147003173828,-54.8839797973632813,-1.5358048677444458
16.7783317565917969,-29.6057777404785156,-2.2468609809875488
-2.4909191131591797,-18.1394042968750000,-1.5378496646881104
18.1811027526855469,-31.0047874450683594,-2.2444686889648438
3.0878088474273682,-47.4511604309082031,-1.5350100994110107
-34.6221656799316406,-56.2969131469726563,-1.5379426479339600
-7.0076346397399902,-43.3387756347656250,-1.5367808341979980
12.4724187850952148,-11.5378360748291016,-1.5388352870941162
11.3120641708374023,-42.0286521911621094,-2.2443547248840332
18.1784839630126953,-45.9948310852050781,-1.5338387489318848
12.0256881713867188,-18.3787498474121094,-2.2466764450073242
10.6178817749023438,-15.0120992660522461,-1.5347547531127930
-11.3651990890502930,-41.6884384155273438,-2.2472984790802002
22.9795589447021484,-52.0551719665527344,-1.5358359813690186
-11.1214323043823242,-35.8466033935546875,-1.5359029769897461
-10.6602935791015625,-23.0717201232910156,-1.5362869501113892
1.9133492708206177,-45.5602188110351563,-1.5339818000793457
20.2229290008544922,-48.7607498168945313,-1.5325108766555786
-8.5820436477661133,-37.9351577758789063,-2.2465023994445801
9.9031944274902344,-8.2919979095458984,-2.2438139915466309
-20.6943302154541016,-47.5219535827636719,-2.2466766834259033
10.6199760437011719,-30.8339633941650391,-1.5310081243515015
-6.3987360000610352,-12.9336481094360352,-1.5364929437637329
-3.7478897571563721,-5.3689594268798828,-2.2421574592590332
25.0133857727050781,-53.5002059936523438,-2.2483060359954834
2.0139133930206299,-50.8761329650878906,-1.5357141494750977
3.7798891067504883,-16.1985092163085938,-2.2419261932373047
-30.5050182342529297,-52.0267677307128906,-2.2475852966308594
13.3834362030029297,-24.7482223510742188,-1.5357117652893066
-6.9122252464294434,-19.2330875396728516,-2.2486174106597900
2.7645676136016846,-49.7913932800292969,-2.2404768466949463
3.1585736274719238,-25.1057758331298828,-1.5330828428268433
-3.0546758174896240,-11.2271251678466797,-2.2430410385131836
-16.1240787506103516,-47.7841033935546875,-1.5387699604034424
-12.8642053604125977,-36.3184394836425781,-2.2424588203430176
-5.8210020065307617,-53.9604034423828125,-1.5313487052917480
15.4201574325561523,-24.2323551177978516,-2.2470610141754150
25.7239837646484375,-50.7209701538085938,-1.5365918874740601
-7.2181429862976074,-10.9052267074584961,-1.5374913215637207
-15.4475975036621094,-19.3007221221923828,-2.2412409782409668
2.7871499061584473,-53.4708442687988281,-1.5314908027648926
-11.8959598541259766,-19.2474956512451172,-2.2442553043365479
12.0663299560546875,-49.3205642700195313,-1.5344017744064331
-31.1996936798095703,-53.4451484680175781,-1.5340589284896851
3.0714967250823975,-21.4964485168457031,-2.2455961704254150
12.0001239776611328,-21.2069454193115234,-2.2451331615447998
-5.9018764495849609,-10.4810857772827148,-1.5371227264404297
-17.7292976379394531,-45.8080520629882813,-2.2510542869567871
-13.3775701522827148,-32.6620903015136719,-1.5398997068405151
1.7525427341461182,-21.7908153533935547,-2.2475244998931885
-20.9202060699462891,-38.6162071228027344,-2.2454216480255127
20.3336925506591797,-40.9325485229492188,-2.2479937076568604
17.4575786590576172,-52.3674583435058594,-2.2471792697906494
11.5685577392578125,-33.8749160766601563,-1.5291030406951904
-12.6836919784545898,-25.3669643402099609,-2.2476587295532227
-16.1199645996093750,-49.2343368530273438,-1.5373017787933350
-32.5837478637695313,-54.8769264221191406,-1.5363572835922241
7.3529891967773438,-5.8798136711120605,-2.2411158084869385
-16.1128425598144531,-53.4878005981445313,-1.5328570604324341
-17.2368984222412109,-40.5384597778320313,-2.2493042945861816
20.8761940002441406,-54.5169639587402344,-1.5328514575958252
-7.8871970176696777,-47.2497787475585938,-2.2463870048522949
25.0163288116455078,-52.1174392700195313,-2.2456653118133545
6.7654843330383301,-54.4070625305175781,-2.2445147037506104
2.7134203910827637,-50.7885169982910156,-2.2423880100250244
-20.2200374603271484,-39.3269577026367188,-2.2432148456573486
-20.9103565216064453,-42.9109573364257813,-2.2456018924713135
16.4078044891357422,-24.8446426391601563,-1.5354647636413574
-5.8223452568054199,-19.7889919281005859,-2.2445411682128906
7.8837556838989258,-56.2988815307617188,-2.2459759712219238
2.2469706535339355,-30.7737541198730469,-1.5296176671981812
-3.6781861782073975,-32.2005538940429688,-1.5346437692642212
-3.0830476284027100,-57.0081291198730469,-1.5364465713500977
1.0192462205886841,-51.8183670043945313,-1.5228604078292847
16.7059783935546875,-45.9871101379394531,-1.5378856658935547
-7.8462777137756348,-20.8972911834716797,-2.2449874877929688
-12.7517538070678711,-30.7658424377441406,-1.5262861251831055
12.0118122100830078,-42.7302742004394531,-2.2442584037780762
2.6128079891204834,-30.1833076477050781,-2.2446632385253906
-10.6197938919067383,-20.7004661560058594,-1.5352166891098022
-8.5792284011840820,-47.2377433776855469,-1.5329188108444214
-6.1055417060852051,-8.6088981628417969,-2.2441270351409912
30.5083732604980469,-52.0010833740234375,-2.2467181682586670
-6.9296593666076660,-46.1388130187988281,-1.5305688381195068
-2.3828976154327393,-57.0072708129882813,-2.2441151142120361
-2.3552243709564209,-47.6193008422851563,-1.5310006141662598
8.5777168273925781,-20.3106651306152344,-1.5309267044067383
6.5662984848022461,-43.6252708435058594,-2.2437629699707031
7.4719243049621582,-12.8997812271118164,-1.5326498746871948
-27.0916385650634766,-56.3023414611816406,-2.2452776432037354
25.4986724853515625,-48.8082427978515625,-1.5319664478302002
27.0866260528564453,-56.3081703186035156,-1.5347212553024292
-29.8212814331054688,-50.5947952270507813,-1.5369187593460083
15.4194564819335938,-36.5417480468750000,-2.2460005283355713
11.9678983688354492,-46.9600296020507813,-2.2506828308105469
22.9792919158935547,-37.8825378417968750,-2.2468562126159668
-15.9677753448486328,-30.2629013061523438,-2.2434775829315186
-0.2673555016517639,-8.6318359375000000,-1.5378367900848389
-18.1784324645996094,-34.5773048400878906,-2.2437379360198975
16.0957221984863281,-40.0880050659179688,-2.2479853630065918
7.8003196716308594,-28.3669815063476563,-1.5330218076705933
-31.8889484405517578,-53.4553070068359375,-2.2464046478271484
-0.8098296523094177,-7.5977439880371094,-1.5391761064529419
12.3912992477416992,-17.8070030212402344,-1.5303254127502441
-2.4331395626068115,-43.3929328918457031,-1.5355894565582275
-7.1683993339538574,-17.3679332733154297,-2.2492856979370117
3.7842109203338623,-34.7574653625488281,-2.2460055351257324
-20.2223148345947266,-35.3572959899902344,-2.2413609027862549
17.3781871795654297,-32.6352958679199219,-2.2429738044738770
2.0926666259765625,-6.8240580558776855,-1.5369546413421631
-18.1789321899414063,-35.2749176025390625,-1.5339518785476685
-16.3255138397216797,-41.0653190612792969,-2.2443106174468994
25.7445888519287109,-52.1258430480957031,-1.5343304872512817
8.5812101364135742,-40.7377624511718750,-1.5376050472259521
-22.9789752960205078,-57.0063667297363281,-1.5348850488662720
-7.8758869171142578,-32.9305725097656250,-1.5307096242904663
-2.2970190048217773,-41.9044151306152344,-1.5331413745880127
4.6775770187377930,-8.1372261047363281,-2.2442696094512939
7.9002623558044434,-37.6286430358886719,-1.5323143005371094
-1.0220658779144287,-47.3660202026367188,-1.5381683111190796
-3.0949323177337646,-33.6463737487792969,-2.2444639205932617
13.3844213485717773,-56.3278732299804688,-2.2542326450347900
-10.6199550628662109,-49.6937255859375000,-2.2433710098266602
-3.7822945117950439,-29.5302658081054688,-2.2434649467468262
6.5596222877502441,-27.2396488189697266,-2.2478568553924561
-35.3304557800292969,-53.8742637634277344,-2.2417743206024170
-27.7872943878173828,-54.8943939208984375,-1.5363844633102417
5.9121603965759277,-6.5664634704589844,-2.2417488098144531
7.7903609275817871,-24.7350902557373047,-1.5324156284332275
3.1076471805572510,-33.9878387451171875,-2.2470576763153076
5.8213405609130859,-21.5257797241210938,-2.2502624988555908
2.6204986572265625,-45.5659484863281250,-2.2468016147613525
-1.7566345930099487,-50.0902214050292969,-1.5310543775558472
36.1232452392578125,-54.1891555786132813,-2.2418749332427979
-10.6690635681152344,-40.9741172790527344,-2.2472193241119385
20.2606048583984375,-43.2834205627441406,-2.2461636066436768
-3.7801518440246582,-49.6799926757812500,-2.2534418106079102
-16.7939796447753906,-53.4648780822753906,-2.2473876476287842
11.9746026992797852,-46.2707939147949219,-1.5355280637741089
21.4261817932128906,-50.6997146606445313,-1.5356433391571045
1.0202969312667847,-49.8434486389160156,-1.5350024700164795
-15.5150413513183594,-45.8620681762695313,-2.2463004589080811
-3.0733304023742676,-41.1409263610839844,-1.5349041223526001
20.2181167602539063,-55.6334342956542969,-1.5295362472534180
7.9812898635864258,-7.7752809524536133,-2.2422361373901367
-32.5793380737304688,-50.5793647766113281,-1.5377812385559082
20.2851238250732422,-45.9517478942871094,-2.2562532424926758
-15.4188785552978516,-46.8480720520019531,-2.2374544143676758
1.0210757255554199,-53.7116432189941406,-2.2565703392028809
-11.0149517059326172,-10.5198144912719727,-2.2419457435607910
-2.9946205615997314,-32.2863388061523438,-2.2538943290710449
5.8177952766418457,-57.0116996765136719,-2.2479062080383301
26.4278030395507813,-46.4606132507324219,-2.2489898204803467
-17.4862079620361328,-51.3581733703613281,-2.2448947429656982
-10.6194190979003906,-27.4975299835205078,-2.2550258636474609
25.0213165283203125,-52.8128471374511719,-1.5341340303421021
34.6203651428222656,-55.5495071411132813,-2.2435698509216309
-8.3665857315063477,-25.1726722717285156,-2.2465729713439941
2.8099811077117920,-31.1859455108642578,-2.2424664497375488
-21.6071968078613281,-40.0305366516113281,-1.5311775207519531
26.6364974975585938,-52.4619216918945313,-2.2507116794586182
-7.5534930229187012,-7.5032596588134766,-1.5381666421890259
18.1865463256835938,-38.6892814636230469,-1.5357029438018799
-21.5815277099609375,-41.4773445129394531,-1.5347397327423096
-34.6220855712890625,-57.0020751953125000,-2.2422282695770264
-10.6148958206176758,-56.3245964050292969,-2.2495286464691162
-27.7821025848388672,-47.0832290649414063,-2.2435164451599121
17.6697177886962891,-34.4986419677734375,-2.2414467334747314
-22.9801635742187500,-47.2914772033691406,-1.5362309217453003
-15.9173555374145508,-25.2422771453857422,-2.2434334754943848
-25.0139236450195313,-53.4831619262695313,-1.5360888242721558
2.9218425750732422,-48.3469581604003906,-2.1294207572937012
22.2857227325439453,-51.3448295593261719,-1.5331850051879883
-36.0675315856933594,-57.0019798278808594,-2.2419176101684570
-17.4687023162841797,-31.8350620269775391,-1.5377175807952881
-15.4217596054077148,-21.7114353179931641,-2.2428848743438721
-10.6161479949951172,-41.6463317871093750,-1.5306535959243774
-10.6172924041748047,-39.9869003295898438,-2.2487733364105225
-18.1825714111328125,-53.4693107604980469,-2.2433838844299316
-11.6976060867309570,-11.2640151977539063,-2.2416777610778809
37.7998313903808594,59.1720809936523438,-2.2411048412322998
-6.8850221633911133,-22.8270912170410156,-2.2422857284545898
1.0153940916061401,-31.8684234619140625,-2.2427821159362793
-3.7753727436065674,-16.4294795989990234,-1.5347549915313721
-7.8367152214050293,-30.8983421325683594,-2.2473635673522949
1.9094804525375366,-44.8744354248046875,-2.2491700649261475
18.1916351318359375,-42.8959159851074219,-1.5329359769821167
12.6368474960327148,-52.7571258544921875,-1.5334140062332153
-8.5763006210327148,-35.5945549011230469,-2.2468187808990479
-26.3998012542724609,-52.0685348510742188,-1.5343406200408936
2.4002995491027832,-4.3367195129394531,-1.5360621213912964
-15.4139671325683594,-49.9318618774414063,-1.5339335203170776
-6.9954662322998047,-22.1306972503662109,-1.5368444919586182
22.2612247467041016,-35.7993850708007813,-2.2422630786895752
3.0943841934204102,-35.4743766784667969,-2.2490465641021729
18.1814422607421875,-43.8885498046875000,-2.2438163757324219
30.5019607543945313,-51.2653007507324219,-1.5370049476623535
29.8188400268554688,-52.7230224609375000,-2.2438890933990479
16.8140602111816406,-37.9507179260253906,-2.2465600967407227
22.9776039123535156,-32.0613441467285156,-1.5384242534637451
10.6187381744384766,-24.7450084686279297,-1.5316056013107300
-3.7825567722320557,-17.1212711334228516,-2.2471680641174316
11.1040792465209961,-32.9955635070800781,-1.5335865020751953
12.9664440155029297,-28.9753608703613281,-1.5274422168731689
10.6195383071899414,-24.0632190704345703,-2.2464947700500488
13.3836059570312500,-17.0312385559082031,-2.2498345375061035
2.8856930732727051,-6.1324696540832520,-1.5370831489562988
-7.6456770896911621,-24.8886775970458984,-1.5357340574264526
-1.0203254222869873,-24.9957504272460938,-2.2461771965026855
21.2150306701660156,-53.3827629089355469,-1.5346573591232300
16.9030723571777344,-48.6199684143066406,-2.2450792789459229
-5.8198771476745605,-36.9189414978027344,-2.2475128173828125
17.4723434448242188,-57.0016822814941406,-2.2419455051422119
10.6143321990966797,-36.3559722900390625,-1.5328655242919922
-7.8383646011352539,-46.5510406494140625,-1.5380518436431885
-13.3818016052246094,-44.5431976318359375,-1.5316944122314453
8.0245733261108398,-18.5238685607910156,-2.2412104606628418
31.8911876678466797,-54.1481018066406250,-1.5334943532943726
1.0440783500671387,-54.3598213195800781,-1.5246416330337524
-25.6934413909912109,-43.4692077636718750,-2.2017750740051270
-18.1791725158691406,-47.2789688110351563,-1.5242540836334229
3.1209843158721924,-14.5848226547241211,-1.5355755090713501
-12.1471328735351563,-47.7422332763671875,-1.5360095500946045
16.2694778442382813,-35.8665580749511719,-2.2466580867767334
-25.7069625854492188,-54.8921966552734375,-2.2451391220092773
1.7157412767410278,-23.8550205230712891,-1.5332468748092651
3.7823200225830078,-13.8474311828613281,-1.5342906713485718
21.4112911224365234,-51.3888854980468750,-2.2498908042907715
2.2192568778991699,-43.8847694396972656,-2.2463359832763672
1.8040640354156494,-55.0032386779785156,-1.5282239913940430
37.5613174438476563,-0.8084030747413635,-2.0953223705291748
-10.6351366043090820,-51.6674919128417969,-2.2367794513702393
22.7406845092773438,-34.1344184875488281,-2.2423758506774902
-2.9694004058837891,-32.9663200378417969,-1.5330355167388916
3.7824418544769287,-51.4994316101074219,-1.5310589075088501
3.7410328388214111,-42.0123519897460938,-1.5315175056457520
0.6716573834419250,-8.9695367813110352,-1.5371361970901489
10.8201313018798828,-13.6486587524414063,-1.5386056900024414
34.6213951110839844,-54.0779876708984375,-2.2433381080627441
-1.0178891420364380,-49.4267692565917969,-1.5303540229797363
26.9745655059814453,-53.0609779357910156,-1.5326554775238037
17.4831562042236328,-40.0911064147949219,-2.2442672252655029
-18.1786823272705078,-33.2115592956542969,-2.2516291141510010
-13.3776960372924805,-35.8074035644531250,-1.5383458137512207
2.7832429409027100,-57.0022888183593750,-1.5375641584396362
-30.4973602294921875,-50.4124412536621094,-2.2441115379333496
-2.1376936435699463,-21.3702201843261719,-1.5386481285095215
3.0752816200256348,-20.1146926879882813,-2.2452635765075684
-1.9224642515182495,-47.1075668334960938,-2.2547631263732910
12.6827335357666016,-45.5720329284667969,-1.5360059738159180
-21.3718891143798828,-48.6233749389648438,-1.5242495536804199
-3.7817649841308594,-46.2292747497558594,-1.5335503816604614
3.7894899845123291,-33.9709968566894531,-1.5348546504974365
15.4177427291870117,-42.2404327392578125,-2.2427964210510254
-1.0222685337066650,-14.7831983566284180,-2.2445285320281982
17.4877586364746094,-21.0797405242919922,-1.5352368354797363
-8.5777587890625000,-13.5236768722534180,-1.5383138656616211
-3.7889192104339600,-36.4421920776367188,-2.2562754154205322
22.9800491333007813,-43.4189071655273438,-1.5374293327331543
6.8010816574096680,-34.5990867614746094,-2.2479834556579590
-8.0055379867553711,-40.1782493591308594,-2.2417714595794678
16.7884979248046875,-39.3793373107910156,-2.2448756694793701
6.7222919464111328,-7.1492223739624023,-2.2430291175842285
32.5810928344726563,-53.4285964965820313,-1.5361943244934082
6.5152773857116699,-38.3511543273925781,-2.2458460330963135
-27.0923023223876953,-52.0659637451171875,-2.2453136444091797
-1.0211939811706543,-16.4656944274902344,-1.5338534116744995
16.7103843688964844,-50.3276290893554688,-2.2501192092895508
27.1896190643310547,-54.2286262512207031,-2.2412288188934326
-12.9049091339111328,-50.0160522460937500,-2.2489476203918457
-5.7378692626953125,-6.4127955436706543,-2.2416572570800781
6.5292406082153320,-14.7797060012817383,-2.2413613796234131
11.3221502304077148,-17.6702671051025391,-2.2447421550750732
27.0172061920166016,-42.9218482971191406,-2.2415661811828613
7.7706255912780762,-33.3940620422363281,-1.5383784770965576
1.7720983028411865,-12.3442602157592773,-2.2461533546447754
7.8438053131103516,-19.6309490203857422,-1.5342528820037842
-15.4203071594238281,-23.7557849884033203,-1.5354624986648560
-12.8564872741699219,-28.5780811309814453,-1.5343966484069824
-3.1894102096557617,-7.7822604179382324,-1.5371099710464478
12.7002000808715820,-43.4434394836425781,-2.2472834587097168
17.4797210693359375,-44.5932846069335938,-2.2461426258087158
10.6164875030517578,-34.1447296142578125,-1.5244323015213013
-6.1788334846496582,-46.3153648376464844,-2.2557270526885986
10.6115636825561523,-56.3214225769042969,-1.5326392650604248
3.0945217609405518,-24.1112632751464844,-1.5381059646606445
-10.6762828826904297,-22.3803710937500000,-2.2467436790466309
-3.0345282554626465,-49.0213394165039063,-2.2424383163452148
31.8837299346923828,-56.3060684204101563,-2.2468035221099854
-15.4216709136962891,-51.0346183776855469,-2.2418727874755859
-12.3021774291992188,-50.3461418151855469,-1.5323841571807861
-22.9799671173095703,-45.8761482238769531,-1.5374437570571899
-11.2235164642333984,-50.2044677734375000,-1.5392695665359497
-6.8260512351989746,-28.8834400177001953,-2.2412111759185791
13.3860683441162109,-43.4465179443359375,-1.5357218980789185
11.5128965377807617,-51.8230247497558594,-2.2492339611053467
-18.1803054809570313,-25.1649074554443359,-2.2441647052764893
-3.7818245887756348,-33.5437545776367188,-1.5318988561630249
-7.7354602813720703,-14.4064197540283203,-1.5336797237396240
-11.8963212966918945,-45.8896179199218750,-1.5320811271667480
31.2012023925781250,-55.5856285095214844,-2.2449119091033936
-13.3793411254882813,-19.8580818176269531,-1.5364631414413452
-7.0183472633361816,-46.8189048767089844,-2.2485806941986084
-5.1157145500183105,-11.0946531295776367,-1.5348142385482788
-27.7841777801513672,-49.2323722839355469,-1.5365471839904785
-13.3806648254394531,-19.1584396362304688,-2.2441232204437256
12.7066869735717773,-42.7227325439453125,-1.5330070257186890
11.3681297302246094,-53.8706092834472656,-2.2495813369750977
8.5823450088500977,-39.7493934631347656,-1.5354806184768677
6.5930013656616211,-41.7089004516601563,-1.5384548902511597
-13.3794918060302734,-34.8162651062011719,-1.5355291366577148
-11.9706735610961914,-20.5541782379150391,-2.2463700771331787
-10.6161861419677734,-32.3897895812988281,-2.2527923583984375
-15.4221220016479492,-20.7149696350097656,-2.2418277263641357
-29.8162097930908203,-57.0039558410644531,-2.2440752983093262
27.7777767181396484,-43.2611999511718750,-1.6903702020645142
13.3830394744873047,-45.5737800598144531,-2.2425391674041748
-26.3990631103515625,-46.3711204528808594,-1.5339651107788086
-7.0816831588745117,-31.5963001251220703,-2.2427184581756592
-31.1980285644531250,-57.0055236816406250,-2.2460467815399170
20.9835357666015625,-43.9727592468261719,-2.2475697994232178
6.1225657463073730,-8.7448225021362305,-1.5352447032928467
-2.4508166313171387,-30.7681427001953125,-1.5343191623687744
-8.5551509857177734,-37.2550392150878906,-1.5298584699630737
11.2975425720214844,-39.2028846740722656,-2.2479443550109863
17.4854221343994141,-53.9834976196289063,-1.5357744693756104
3.3132245540618896,-49.3491935729980469,-1.5309735536575317
-1.7599053382873535,-17.9303855895996094,-2.2413709163665771
-8.5795583724975586,-27.5366306304931641,-2.2459025382995605
-1.0199754238128662,-43.4194717407226563,-1.5384995937347412
26.3859272003173828,-57.0068778991699219,-1.5335464477539063
13.3827085494995117,-50.4563522338867188,-2.2494943141937256
-8.5778732299804688,-34.2712097167968750,-2.2544283866882324
16.0993804931640625,-29.6223506927490234,-1.5306373834609985
3.7790265083312988,-18.1636219024658203,-2.2442731857299805
16.7049484252929688,-54.6002388000488281,-1.5356491804122925
-7.7674322128295898,-28.9726352691650391,-1.5354498624801636
-12.2550764083862305,-51.3361320495605469,-1.5373572111129761
-5.8187050819396973,-15.6910409927368164,-2.2473690509796143
10.8729743957519531,-37.2995948791503906,-1.5322314500808716
10.6234388351440430,-29.8448162078857422,-1.5399451255798340
-1.7503961324691772,-45.7978172302246094,-2.2466731071472168
-17.2824287414550781,-33.6409873962402344,-2.1587846279144287
-3.8171947002410889,-8.0958786010742188,-2.2439146041870117
-29.8182907104492188,-54.8762779235839844,-1.5359658002853394
18.1826152801513672,-56.0344467163085938,-1.5350213050842285
-16.7641620635986328,-50.6778831481933594,-2.2458610534667969
-3.7798166275024414,-35.7811241149902344,-1.5284051895141602
-11.8969640731811523,-16.3024578094482422,-2.2464172840118408
-17.1855125427246094,-46.2518196105957031,-1.5386933088302612
18.1789817810058594,-24.2926177978515625,-1.5375541448593140
-3.0549559593200684,-54.9336204528808594,-2.2500681877136230
-2.1390185356140137,-38.4408378601074219,-1.5341453552246094
17.1847362518310547,-24.2309703826904297,-1.5346087217330933
3.0720076560974121,-36.9001121520996094,-2.2422068119049072
-3.6774151325225830,-10.4517240524291992,-2.2444577217102051
-7.1236362457275391,-33.5737037658691406,-1.5333369970321655
11.2707195281982422,-15.7561092376708984,-1.5291159152984619
-11.6956777572631836,-19.9148216247558594,-1.5349516868591309
21.3690872192382813,-39.3799858093261719,-2.2412619590759277
6.2941565513610840,-33.0961380004882813,-1.5259405374526978
-8.5801458358764648,-24.5398235321044922,-1.5262700319290161
-8.1096258163452148,-55.1467399597167969,-2.2478580474853516
26.9525814056396484,-44.9287643432617188,-1.6741713285446167
11.7957248687744141,-29.0253314971923828,-1.5346480607986450
-1.0189104080200195,-42.0006179809570313,-1.5383569002151489
-12.4176578521728516,-49.2634201049804688,-1.5369763374328613
-25.7093009948730469,-45.6517829895019531,-1.5336837768554688
-3.7852616310119629,-43.2062416076660156,-1.5337681770324707
-37.3017463684082031,-54.9631156921386719,-2.2438426017761230
5.9479069709777832,-12.1229372024536133,-2.2410924434661865
11.3111228942871094,-43.4307632446289063,-2.2437686920166016
1.9927586317062378,-7.5238623619079590,-2.2416689395904541
-6.5221214294433594,-17.6289176940917969,-1.5372340679168701
11.6803112030029297,-36.4281425476074219,-1.5382432937622070
7.8365793228149414,-11.9742059707641602,-1.5320461988449097
13.3787660598754883,-30.4945774078369141,-2.2465376853942871
12.1747398376464844,-17.1647720336914063,-2.2494609355926514
18.1819972991943359,-32.6475448608398438,-1.5276263952255249
-8.6366853713989258,-5.8482608795166016,-2.2411684989929199
8.6038446426391602,-7.4405703544616699,-1.5378404855728149
11.9549999237060547,-10.6844682693481445,-1.5385345220565796
1.0176966190338135,-21.7926273345947266,-1.5312736034393311
3.0262076854705811,-43.7388648986816406,-1.5271955728530884
18.1728477478027344,-55.3554954528808594,-2.2500786781311035
-27.7808189392089844,-45.6456375122070313,-2.2441344261169434
10.6194076538085938,-15.9662084579467773,-2.2441899776458740
21.1911487579345703,-46.9040107727050781,-1.5330164432525635
35.9688186645507813,-56.2303314208984375,-1.5245095491409302
-8.5819969177246094,-46.5475807189941406,-2.2481818199157715
-18.1821727752685547,-50.6516189575195313,-2.2439908981323242
-30.5074615478515625,-57.0076141357421875,-1.5343087911605835
27.0815105438232422,-57.0082702636718750,-2.2442388534545898
13.3802471160888672,-47.6613922119140625,-1.5265308618545532
-6.8078265190124512,-14.7676868438720703,-1.5321028232574463
6.7880978584289551,-47.8997306823730469,-1.5158154964447021
-1.7229239940643311,-32.1482887268066406,-2.2424886226654053
8.5797424316406250,-42.7179641723632813,-1.5375301837921143
22.1929531097412109,-32.8584098815917969,-1.5382026433944702
-3.7782742977142334,-31.2128829956054688,-1.5364946126937866
3.7784605026245117,-50.8275642395019531,-2.2477619647979736
-3.7813563346862793,-52.6394119262695313,-1.5308377742767334
13.3792085647583008,-51.4464759826660156,-2.2540578842163086
-32.5804862976074219,-52.7353706359863281,-2.2438952922821045
22.9780902862548828,-50.6565513610839844,-1.7408865690231323
-6.6990447044372559,-52.7911186218261719,-2.2541363239288330
12.7509994506835938,-16.8220653533935547,-1.5266143083572388
-7.2577009201049805,-34.6631126403808594,-2.2451410293579102
15.4175968170166016,-27.4677810668945313,-1.5343457460403442
12.6796760559082031,-23.3500118255615234,-2.2445151805877686
-16.4011707305908203,-40.3739128112792969,-1.5348569154739380
-15.8892374038696289,-34.1391258239746094,-2.2496681213378906
-1.0174692869186401,-56.2721061706542969,-1.5357393026351929
30.5185890197753906,-57.0062141418457031,-1.5367094278335571
-22.2694492340087891,-48.6898803710937500,-2.2417578697204590
-22.5025215148925781,-55.1659622192382813,-2.2480497360229492
-30.7018966674804688,-49.7115516662597656,-1.5389138460159302
5.8216614723205566,-26.5490169525146484,-2.2511215209960938
1.5166727304458618,-51.3670120239257813,-2.2465684413909912
13.3581256866455078,-12.6522331237792969,-1.5386658906936646
-13.3805665969848633,-48.8860435485839844,-2.2522222995758057
-21.8035621643066406,-51.7293586730957031,-1.5363696813583374
-17.4054546356201172,-35.9973449707031250,-1.5387634038925171
-8.5794363021850586,-41.9385757446289063,-1.5281333923339844
-21.6848258972167969,-35.8960914611816406,-1.5379110574722290
22.9791622161865234,-54.0520057678222656,-2.2601673603057861
1.0151528120040894,-35.3920822143554688,-1.5370177030563354
11.1623382568359375,-52.7840843200683594,-1.5388035774230957
7.9045162200927734,-44.4224853515625000,-1.5313130617141724
10.6174831390380859,-40.6174392700195313,-1.5356945991516113
11.3008470535278320,-10.9562149047851563,-2.2417392730712891
-2.7819449901580811,-18.8040485382080078,-2.2438974380493164
-27.7848262786865234,-49.9402198791503906,-2.2432155609130859
-25.0167007446289063,-47.8061370849609375,-1.5363656282424927
8.5799331665039063,-33.2935180664062500,-2.2480213642120361
30.5093898773193359,-54.1480140686035156,-1.5338928699493408
1.2328000068664551,-5.9637002944946289,-1.5366381406784058
1.0199664831161499,-38.7388191223144531,-1.5317047834396362
16.1163101196289063,-42.2381286621093750,-1.5349465608596802
31.8884067535400391,-52.7076110839843750,-1.5338518619537354
-2.4688379764556885,-29.3890056610107422,-1.5338262319564819
-3.7801668643951416,-18.1171340942382813,-1.5350508689880371
13.3788385391235352,-52.0918350219726563,-1.5234154462814331
-15.4215726852416992,-23.0628299713134766,-2.2453787326812744
1.3105494976043701,-8.6693363189697266,-2.2434682846069336
-3.7779796123504639,-37.4379653930664063,-2.2450475692749023
-11.1725034713745117,-51.2016448974609375,-1.5378229618072510
-1.5191564559936523,-27.5996456146240234,-2.2484581470489502
-27.0901641845703125,-46.3655128479003906,-2.2461345195770264
-3.3418684005737305,-36.9025535583496094,-1.5278813838958740
-1.5409221649169922,-7.8598756790161133,-2.2444930076599121
10.6188478469848633,-23.3656463623046875,-1.5355633497238159
25.7019729614257813,-57.0036125183105469,-2.2483780384063721
15.4214525222778320,-53.3327445983886719,-2.2443883419036865
-2.2101628780364990,-26.8895320892333984,-2.2457890510559082
-13.3800830841064453,-20.5625915527343750,-2.2434315681457520
-6.2141261100769043,-6.9354877471923828,-1.5383400917053223
2.3389575481414795,-28.2199935913085938,-2.2460784912109375
-1.7502018213272095,-50.7690963745117188,-2.2481770515441895
27.5013542175292969,-46.2806968688964844,-2.2442369461059570
-3.7786273956298828,-28.1357345581054688,-2.2428009510040283
-36.0077934265136719,-55.2968101501464844,-1.5305943489074707
16.5853996276855469,-34.6729316711425781,-2.2488336563110352
-0.7723349928855896,-6.0204339027404785,-2.2420985698699951
-12.4997501373291016,-42.8507537841796875,-1.5389354228973389
-34.6205406188964844,-54.5829467773437500,-2.2428727149963379
-12.6738348007202148,-16.3670997619628906,-1.5371267795562744
7.8612809181213379,-50.5498161315917969,-1.5317314863204956
-18.1778278350830078,-22.0344390869140625,-1.5361732244491577
18.1798877716064453,-22.5991687774658203,-2.2434432506561279
26.5217475891113281,-48.5644683837890625,-1.5311130285263062
16.1215877532958984,-42.9447708129882813,-2.2437388896942139
-8.5787477493286133,-42.6005477905273438,-2.2525308132171631
8.5816583633422852,-56.3200073242187500,-1.5341027975082397
-35.3295135498046875,-57.0020675659179688,-1.5381718873977661
-27.0913772583007813,-49.9433097839355469,-1.5343892574310303
-7.3022189140319824,-40.2335510253906250,-1.5357760190963745
-32.5846023559570313,-55.5866889953613281,-2.2431468963623047
-27.0928134918212891,-53.4806480407714844,-2.2456262111663818
25.0192890167236328,-50.7306213378906250,-2.2433326244354248
-8.2235565185546875,-9.7231578826904297,-2.2425205707550049
12.2485923767089844,-55.2738227844238281,-1.5275721549987793
-5.8218898773193359,-56.3241233825683594,-1.5314387083053589
21.6148109436035156,-40.7472915649414063,-2.2545650005340576
6.5530729293823242,-17.8070545196533203,-1.5378844738006592
12.0110969543457031,-42.0205535888671875,-1.5353798866271973
-15.9667577743530273,-31.2642402648925781,-2.2460398674011230
-12.5803651809692383,-17.1692276000976563,-2.2413730621337891
-8.5811061859130859,-44.5535812377929688,-1.5275840759277344
7.7970728874206543,-45.8718338012695313,-1.5857729911804199
17.2126522064208984,-31.2878894805908203,-2.2425117492675781
-34.6216163635253906,-53.8678321838378906,-1.5384733676910400
12.2572565078735352,-27.8123149871826172,-1.5306971073150635
-1.0164891481399536,-41.0082740783691406,-1.5359038114547729
-1.4148465394973755,-47.9397239685058594,-2.2529911994934082
1.7148175239562988,-33.2807273864746094,-1.5350638628005981
11.2852411270141602,-50.8530998229980469,-2.2438745498657227
-2.9997723102569580,-51.0574836730957031,-1.5278964042663574
-15.5859460830688477,-22.3886508941650391,-1.5341413021087646
37.3027496337890625,-55.5906982421875000,-2.2430243492126465
-1.0120960474014282,-17.8475170135498047,-1.5369693040847778
17.4676971435546875,-45.2952499389648438,-1.5375452041625977
27.0908412933349609,-48.9491043090820313,-2.2464797496795654
8.5779218673706055,-50.5342025756835938,-2.2425756454467773
4.8307127952575684,-6.1162819862365723,-2.2427060604095459
-16.8591594696044922,-37.6538009643554688,-2.2480938434600830
-16.4061126708984375,-24.7452602386474609,-1.5302230119705200
-5.8208212852478027,-42.2058715820312500,-2.2586934566497803
3.8991603851318359,-11.5235786437988281,-1.5327999591827393
3.7791101932525635,-45.7761955261230469,-1.5355870723724365
2.2236394882202148,-38.2930641174316406,-1.5354096889495850
10.6191816329956055,-31.5067653656005859,-2.2480211257934570
21.6805191040039063,-43.9943237304687500,-1.5345392227172852
20.2193813323974609,-35.5411300659179688,-1.5351761579513550
5.8218803405761719,-17.8324623107910156,-2.2464122772216797
4.1021623611450195,-8.9503183364868164,-2.2482364177703857
-2.4357674121856689,-52.8160743713378906,-2.2460925579071045
-1.0162918567657471,-44.4125022888183594,-1.5374101400375366
26.5961589813232422,-43.4905471801757813,-1.5377911329269409
0.2445480823516846,-11.0757055282592773,-1.5356727838516235
-2.3864612579345703,-56.3073577880859375,-1.5322999954223633
-1.4845095872879028,-9.1458387374877930,-2.2436687946319580
-18.1791152954101563,-30.8707942962646484,-2.2418775558471680
-5.8199419975280762,-52.0999641418457031,-2.2589821815490723
7.0057687759399414,-41.1341094970703125,-2.2417511940002441
1.3503861427307129,-10.2630071640014648,-1.5361514091491699
-25.7069549560546875,-57.0090446472167969,-1.5337166786193848
-21.5062007904052734,-56.3583526611328125,-2.2423844337463379
-17.2403621673583984,-41.2202377319335938,-1.5323526859283447
-13.3823232650756836,-26.0641021728515625,-2.2416641712188721
6.2323527336120605,-53.5805053710937500,-2.2566416263580322
-16.2900295257568359,-43.3827133178710938,-2.2506444454193115
20.7102584838867188,-39.1162147521972656,-1.5367442369461060
-3.0601315498352051,-48.3227500915527344,-1.5359319448471069
12.6914720535278320,-21.2216129302978516,-1.5342031717300415
26.3973255157470703,-56.2919540405273438,-2.2465548515319824
34.6190071105957031,-56.2918663024902344,-1.5361872911453247
12.9408035278320313,-50.9405174255371094,-1.5233385562896729
-20.2210788726806641,-50.3623275756835938,-1.5295943021774292
13.3890190124511719,-42.7327804565429688,-2.2452969551086426
10.6187047958374023,-49.2772140502929688,-1.5335774421691895
12.9836091995239258,-11.0462474822998047,-2.2415761947631836
13.3795204162597656,-28.0755596160888672,-1.5353236198425293
8.5798587799072266,-46.4885864257812500,-1.5306251049041748
-15.4185934066772461,-35.6213798522949219,-1.5308376550674438
-10.6194658279418945,-26.1575660705566406,-2.2461953163146973
10.6179237365722656,-27.4681396484375000,-1.5312776565551758
-27.0913963317871094,-45.6540679931640625,-1.5333522558212280
16.3649559020996094,-53.0128898620605469,-2.2428619861602783
22.9788589477539063,-57.0083045959472656,-1.5334302186965942
-25.7072563171386719,-51.3615036010742188,-1.5345755815505981
15.4191856384277344,-21.9108886718750000,-1.5344200134277344
1.0218698978424072,-45.1132888793945313,-1.5330474376678467
-20.2201576232910156,-36.7512817382812500,-2.2421312332153320
7.8505754470825195,-51.2175369262695313,-2.2507369518280029
10.6134138107299805,-42.7296028137207031,-2.2427961826324463
8.5805912017822266,-30.3137264251708984,-1.5320414304733276
7.1191048622131348,-51.2072181701660156,-1.5314669609069824
6.3181009292602539,-28.3835926055908203,-1.5378543138504028
-20.9405422210693359,-45.7122993469238281,-2.2467007637023926
-1.4898709058761597,-48.9312324523925781,-2.2471718788146973
-32.5836868286132813,-56.2962036132812500,-1.5373960733413696
15.4124622344970703,-26.7743682861328125,-2.2454931735992432
13.3840808868408203,-39.1495361328125000,-1.5355156660079956
16.9387588500976563,-33.7492561340332031,-2.2468779087066650
8.5802478790283203,-57.0069160461425781,-2.2446017265319824
-12.3988542556762695,-36.8383407592773438,-1.5292168855667114
2.7944872379302979,-6.8282456398010254,-2.2447252273559570
-2.0907864570617676,-6.5832843780517578,-2.2431695461273193
-2.8805303573608398,-39.0972938537597656,-1.5298850536346436
8.0816240310668945,-30.8143024444580078,-2.2429084777832031
-10.6193904876708984,-24.0645847320556641,-1.5351985692977905
-1.7878850698471069,-13.4710397720336914,-1.5277884006500244
1.6517772674560547,-44.2596359252929688,-1.5240586996078491
8.5837812423706055,-37.6263809204101563,-2.2453846931457520
-13.3780212402343750,-12.8849735260009766,-1.5336728096008301
2.4205033779144287,-15.2808456420898438,-1.5295906066894531
12.6186056137084961,-36.4604034423828125,-2.2498013973236084
5.8222789764404297,-44.3247489929199219,-2.2448980808258057
11.4903078079223633,-13.8658638000488281,-2.2465543746948242
-3.0581080913543701,-24.0629673004150391,-2.2454679012298584
22.9752330780029297,-32.7687072753906250,-2.2422313690185547
-3.0553188323974609,-23.3733520507812500,-1.5318073034286499
3.7802250385284424,-47.4609909057617188,-2.2453291416168213
6.2215366363525391,-8.0460262298583984,-2.2412962913513184
-16.7553329467773438,-22.0324840545654297,-1.5362002849578857
-4.2800188064575195,-9.0105676651000977,-1.5381802320480347
6.8061094284057617,-45.9820480346679688,-1.5358588695526123
-1.7277293205261230,-24.2983283996582031,-2.2481708526611328
-1.3733466863632202,-12.1445417404174805,-2.2497620582580566
-6.5192289352416992,-25.1867313385009766,-2.2506682872772217
3.7804126739501953,-32.5500679016113281,-1.5353968143463135
-2.2462527751922607,-33.6553001403808594,-1.5351625680923462
-20.2119007110595703,-53.3736076354980469,-2.2429051399230957
22.9829425811767578,-55.3511161804199219,-2.2495632171630859
2.4367821216583252,-23.1827850341796875,-1.5333361625671387
-15.9184646606445313,-26.2392101287841797,-2.2435202598571777
-5.8187255859375000,-16.9208946228027344,-1.5304284095764160
12.0075445175170898,-41.3269004821777344,-2.2518188953399658
-10.6195058822631836,-29.4395160675048828,-1.5245378017425537
1.7043133974075317,-10.8636760711669922,-2.2449626922607422
-12.6874570846557617,-54.8835601806640625,-1.5353072881698608
-25.7074546813964844,-49.9425964355468750,-1.5341295003890991
-26.3986606597900391,-57.0081291198730469,-2.2454860210418701
-3.1399939060211182,-45.0488281250000000,-1.5332177877426147
17.5652141571044922,-26.0064182281494141,-2.2470066547393799
-13.3795194625854492,-14.9697513580322266,-2.2439084053039551
-37.3013381958007813,-53.2627563476562500,-1.5385432243347168
12.8209877014160156,-14.8401222229003906,-1.5359268188476563
13.2477798461914063,-31.1569786071777344,-1.5281767845153809
10.6234598159790039,-53.9353294372558594,-1.5362069606781006
2.4854011535644531,-17.7613887786865234,-2.2448310852050781
16.8430099487304688,-44.3362655639648438,-1.5342062711715698
-8.5791854858398438,-20.2192554473876953,-2.2489643096923828
1.0200978517532349,-37.7540702819824219,-1.5355757474899292
8.5804681777954102,-12.6392917633056641,-1.5336464643478394
20.9762821197509766,-45.9358253479003906,-1.5355385541915894
-11.1449251174926758,-52.1993408203125000,-1.5364854335784912
-22.9831485748291016,-46.5866394042968750,-2.2424440383911133
6.5853304862976074,-19.2003288269042969,-1.5339208841323853
-1.7405833005905151,-24.9890747070312500,-1.5351529121398926
-1.0294780731201172,-46.6574859619140625,-2.2412681579589844
-11.9241771697998047,-46.5741996765136719,-2.2475674152374268
17.4653549194335938,-33.3278198242187500,-1.5321674346923828
13.3785505294799805,-14.4067335128784180,-2.2413406372070313
5.8157920837402344,-56.0354080200195313,-2.2480623722076416
18.1798191070556641,-30.3198204040527344,-1.5329681634902954
15.4150295257568359,-39.3635215759277344,-2.2453670501708984
-8.5816583633422852,-26.1380729675292969,-2.2428610324859619
11.9904441833496094,-23.3472213745117188,-1.5318859815597534
0.7359774708747864,-6.8296360969543457,-1.5372744798660278
-29.8219051361083984,-51.3004875183105469,-2.2418012619018555
-6.5593957901000977,-39.5670661926269531,-1.5289098024368286
-15.4168796539306641,-28.7247104644775391,-1.5366476774215698
-5.8207364082336426,-33.2150077819824219,-2.2453625202178955
3.7797119617462158,-54.8413887023925781,-1.5326249599456787
18.1789913177490234,-54.0274162292480469,-2.2500240802764893
-1.7576888799667358,-46.4792175292968750,-1.5271106958389282
-10.6207942962646484,-30.7556591033935547,-1.5323441028594971
12.6935558319091797,-19.7998924255371094,-1.5337975025177002
-15.4139480590820313,-56.3020935058593750,-2.2440350055694580
11.3602609634399414,-26.8030891418457031,-1.5337866544723511
22.1642341613769531,-50.0244140625000000,-1.5288677215576172
17.2492141723632813,-26.9529819488525391,-2.2461774349212646
-6.4736666679382324,-15.8674097061157227,-1.5280057191848755
-2.1402263641357422,-4.0396285057067871,-1.5389709472656250
22.9791069030761719,-33.4730262756347656,-1.5370444059371948
-11.8569412231445313,-34.2918548583984375,-2.2447113990783691
-2.5641224384307861,-7.4596152305603027,-2.2431821823120117
11.3314933776855469,-39.9261741638183594,-1.5336303710937500
-7.5971641540527344,-16.3694000244140625,-2.2485268115997314
-15.9796667098999023,-32.2632369995117188,-2.2462747097015381
-13.3075990676879883,-12.1998424530029297,-2.2467048168182373
-2.4484114646911621,-24.9811115264892578,-2.2463378906250000
-2.3167476654052734,-23.3943691253662109,-2.2413859367370605
-1.7313590049743652,-36.5119972229003906,-2.2437148094177246
-15.4190244674682617,-41.5935592651367188,-2.2596752643585205
21.0726566314697266,-36.0530204772949219,-1.5304622650146484
5.8237481117248535,-52.4467773437500000,-2.2524175643920898
-32.5777740478515625,-49.8718261718750000,-2.2416441440582275
-22.4575653076171875,-36.5268745422363281,-1.5381447076797485
22.1207675933837891,-50.6901550292968750,-2.2517044544219971
16.2403011322021484,-47.2004318237304688,-1.5361949205398560
-18.0807533264160156,-28.5362052917480469,-2.2469956874847412
-11.9402847290039063,-49.7688789367675781,-2.2474176883697510
3.0437033176422119,-41.9867172241210938,-2.2472882270812988
-13.3897628784179688,-41.3182868957519531,-2.2466073036193848
-16.0434818267822266,-50.7017898559570313,-1.5380941629409790
5.8213276863098145,-39.0670051574707031,-2.2427999973297119
-1.0174292325973511,-35.1169319152832031,-1.5346139669418335
22.1588172912597656,-36.4966621398925781,-1.5369073152542114
-9.0505399703979492,-11.1933307647705078,-1.5353740453720093
25.0191879272460938,-54.1783943176269531,-1.5322618484497070
-20.2174911499023438,-44.3227424621582031,-1.5366685390472412
-10.6220674514770508,-50.6809196472167969,-2.2415773868560791
-11.6723394393920898,-35.2598495483398438,-2.2441656589508057
11.9023790359497070,-52.7401618957519531,-2.2420749664306641
35.3333015441894531,-57.0013465881347656,-1.5389614105224609
-7.8666563034057617,-56.3173255920410156,-1.5312010049819946
-15.4200515747070313,-34.6390266418457031,-1.5355343818664551
-16.4607353210449219,-30.7844638824462891,-1.5327730178833008
3.7805590629577637,-40.3452835083007813,-2.2455153465270996
-17.2435493469238281,-39.8597831726074219,-1.5327075719833374
-16.0768642425537109,-42.4124488830566406,-2.2473454475402832
-5.8246760368347168,-23.1400108337402344,-2.2510352134704590
1.7758045196533203,-56.3435096740722656,-1.5291335582733154
12.0542030334472656,-33.4081916809082031,-2.2491786479949951
-16.4170913696289063,-26.7343769073486328,-1.5357325077056885
-2.2752602100372314,-32.9711875915527344,-2.2467091083526611
-17.3391132354736328,-42.9301033020019531,-2.2434794902801514
8.9341526031494141,-8.0653266906738281,-2.2415347099304199
-1.0137311220169067,-28.0404758453369141,-1.5290246009826660
-13.3780527114868164,-13.5761680603027344,-2.2459623813629150
-17.4954795837402344,-55.5947456359863281,-2.2460129261016846
-5.8210639953613281,-44.8219108581542969,-1.5375245809555054
7.7522330284118652,-48.9036293029785156,-2.2467112541198730
2.4201941490173340,-35.4000701904296875,-1.5330419540405273
3.1688818931579590,-29.5437583923339844,-1.5344817638397217
8.5830917358398438,-47.1688079833984375,-2.2500534057617188
-6.7154941558837891,-50.1009597778320313,-2.2429976463317871
2.6224491596221924,-26.5942897796630859,-1.5336229801177979
-25.7086315155029297,-47.0894012451171875,-1.5335086584091187
-11.1976814270019531,-16.2841892242431641,-1.5349665880203247
7.2797574996948242,-30.2243785858154297,-2.2432959079742432
-13.3783054351806641,-49.5344467163085938,-1.5258675813674927
15.4200372695922852,-37.2373085021972656,-1.5362375974655151
27.7785739898681641,-44.2472496032714844,-1.5362569093704224
-17.1930789947509766,-36.6699218750000000,-2.2453169822692871
-1.6181041002273560,-18.6189613342285156,-1.5330562591552734
10.6074943542480469,-45.5337486267089844,-2.2465815544128418
-5.8220953941345215,-23.8111820220947266,-1.5290254354476929
12.0341186523437500,-12.4334049224853516,-1.5285803079605103
16.1633796691894531,-49.2931213378906250,-2.2452616691589355
5.8165855407714844,-54.0808639526367188,-1.5252654552459717
-12.6501579284667969,-21.9476108551025391,-1.5324053764343262
-1.0192923545837402,-34.1222381591796875,-1.5348734855651855
-1.0212264060974121,-21.9585227966308594,-1.5278288125991821
-6.6778860092163086,-38.3949623107910156,-1.5387637615203857
8.5793914794921875,-51.8970718383789063,-2.2521350383758545
25.7081489562988281,-56.2821121215820313,-1.5337723493576050
2.7816216945648193,-54.1424522399902344,-2.2507491111755371
-36.3434753417968750,-54.6832466125488281,-2.2418019771575928
-8.5790996551513672,-50.2741928100585938,-2.2440073490142822
-7.5622324943542480,-9.9688224792480469,-1.5369808673858643
5.8220949172973633,-54.7336158752441406,-2.2557873725891113
13.3771266937255859,-32.4813423156738281,-1.5278786420822144
18.1773090362548828,-31.9888687133789063,-2.2495231628417969
-2.3938066959381104,-44.3861618041992188,-1.5295356512069702
-7.2793540954589844,-40.9201393127441406,-2.2513287067413330
-1.0156540870666504,-21.2942180633544922,-2.2515239715576172
-17.4823265075683594,-53.4744491577148438,-1.5347967147827148
-16.1247692108154297,-48.5375328063964844,-2.2463350296020508
-12.4125585556030273,-38.0228042602539063,-1.5386937856674194
-27.7834129333496094,-48.5161361694335938,-2.2437262535095215
1.7947069406509399,-52.4524574279785156,-1.5353747606277466
-2.1310207843780518,-11.2592916488647461,-1.5320718288421631
-1.0165572166442871,-23.6164455413818359,-2.2461912631988525
-3.0359568595886230,-40.1428565979003906,-1.5353471040725708
-20.2195472717285156,-49.0150909423828125,-1.5323398113250732
27.7868061065673828,-51.9709358215332031,-2.2576179504394531
6.5761394500732422,-25.1965370178222656,-1.5324478149414063
12.6596479415893555,-24.0738162994384766,-1.5374884605407715
25.0197982788085938,-50.0165672302246094,-1.5357385873794556
-7.7623848915100098,-43.2913436889648438,-2.2464659214019775
17.4464321136474609,-49.6655769348144531,-2.2452812194824219
7.3163409233093262,-10.9104166030883789,-1.5356061458587646
-27.0939559936523438,-54.8922386169433594,-2.2452063560485840
29.8176383972167969,-57.0050926208496094,-2.2427797317504883
26.4468860626220703,-53.4917755126953125,-2.2474489212036133
-12.6649608612060547,-14.2745800018310547,-2.2456893920898438
10.6158714294433594,-47.9013786315917969,-1.5341761112213135
-6.1509952545166016,-30.6784172058105469,-1.5329020023345947
15.4358406066894531,-48.6111717224121094,-2.2503218650817871
25.3166866302490234,-42.4851074218750000,-2.2411828041076660
10.3971481323242188,-8.7792110443115234,-1.5338436365127563
-5.6097850799560547,-7.7421474456787109,-2.2413587570190430
-27.0920238494873047,-50.6504554748535156,-2.2451772689819336
-7.8619117736816406,-49.5862083435058594,-2.2502157688140869
-29.8162136077880859,-53.4474487304687500,-1.5358577966690063
12.6225862503051758,-53.4303665161132813,-2.2519319057464600
12.1766872406005859,-51.8860626220703125,-1.5264199972152710
-13.3805265426635742,-31.0601577758789063,-2.2438638210296631
13.3834056854248047,-35.4294242858886719,-1.5364844799041748
20.2222194671630859,-31.9446525573730469,-2.2169651985168457
-7.8342161178588867,-21.5928020477294922,-1.5365365743637085
-7.4337220191955566,-48.3741035461425781,-2.2444992065429688
-25.0150775909423828,-49.9382514953613281,-2.2440545558929443
2.4128782749176025,-33.9884109497070313,-1.5350915193557739
18.1811294555664063,-34.0086860656738281,-1.5343041419982910
35.3327064514160156,-53.3795013427734375,-2.2414078712463379
17.4740867614746094,-29.6222896575927734,-1.5360922813415527
1.9420011043548584,-48.4906005859375000,-2.2581360340118408
-27.0913028717041016,-47.8002357482910156,-2.2461171150207520
-5.8169436454772949,-27.4553050994873047,-1.5346554517745972
-16.6516799926757813,-42.8023567199707031,-1.5336987972259521
5.8251485824584961,-29.5483741760253906,-1.5281877517700195
6.4604048728942871,-10.3791580200195313,-1.5338289737701416
-17.4804286956787109,-30.8370018005371094,-1.5350313186645508
-6.5500950813293457,-37.5954666137695313,-2.2452936172485352
11.3245792388916016,-49.9757766723632813,-1.5370634794235229
-13.3784751892089844,-39.3031616210937500,-2.2458827495574951
8.5799913406372070,-13.9991416931152344,-2.2376146316528320
1.0193849802017212,-36.0931167602539063,-2.2474286556243896
-7.6108984947204590,-15.6859502792358398,-1.5306555032730103
-4.5121245384216309,-8.0410919189453125,-1.5353146791458130
3.7805273532867432,-35.4643745422363281,-1.5358192920684814
-12.2727470397949219,-10.8495349884033203,-1.5381087064743042
-11.9032268524169922,-16.9894275665283203,-1.5309103727340698
8.0727138519287109,-40.2278861999511719,-2.2436282634735107
-25.7067203521728516,-52.0667304992675781,-2.2454900741577148
-8.5784273147583008,-38.9217414855957031,-2.2470891475677490
-6.5996150970458984,-10.5706844329833984,-2.2429938316345215
25.8304138183593750,-46.1005554199218750,-1.5380241870880127
-10.6355047225952148,-38.0109138488769531,-1.5309386253356934
12.6099510192871094,-37.1459236145019531,-1.5361722707748413
13.3809490203857422,-26.3977413177490234,-2.2495977878570557
1.0285687446594238,-13.7077922821044922,-1.5352300405502319
6.5624408721923828,-39.7983207702636719,-2.2417230606079102
1.5059720277786255,-14.8921747207641602,-1.5352846384048462
-20.3357467651367188,-36.0561981201171875,-1.5377161502838135
-22.9821815490722656,-44.4724197387695313,-1.5327472686767578
17.8633365631103516,-26.6307792663574219,-1.5326133966445923
3.2664752006530762,-50.3468742370605469,-1.5384385585784912
10.3525114059448242,-11.3454132080078125,-2.2420792579650879
25.0171012878417969,-48.3212890625000000,-2.2490878105163574
-1.1173405647277832,-6.9571924209594727,-2.2413787841796875
-1.0215300321578979,-17.1572971343994141,-2.2463951110839844
13.3847179412841797,-54.7725028991699219,-1.5363379716873169
-2.5918917655944824,-40.6594429016113281,-2.2541885375976563
32.5813407897949219,-56.2991600036621094,-1.5370059013366699
-26.4000701904296875,-47.8046035766601563,-1.5342433452606201
-1.7109334468841553,-42.7089309692382813,-1.5310374498367310
-2.5848321914672852,-52.1433258056640625,-1.5328336954116821
-16.1071376800537109,-55.5948715209960938,-2.2455585002899170
-18.1789569854736328,-37.9752120971679688,-1.5267024040222168
13.3809852600097656,-24.0521392822265625,-2.2444834709167480
21.3429527282714844,-37.8947486877441406,-2.2442908287048340
11.3668069839477539,-49.2811317443847656,-2.2455167770385742
-2.4564046859741211,-51.4678726196289063,-2.2469487190246582
-12.9753437042236328,-30.1513881683349609,-2.2571184635162354
16.7865524291992188,-40.0912933349609375,-1.5353720188140869
16.3544654846191406,-32.1226043701171875,-2.2462913990020752
3.0303940773010254,-38.9889984130859375,-1.5310428142547607
8.5777444839477539,-28.3271541595458984,-2.2526552677154541
13.3841323852539063,-21.9327850341796875,-1.5361998081207275
-12.6378822326660156,-47.2597007751464844,-2.2471761703491211
10.6165475845336914,-22.6380863189697266,-2.2453501224517822
18.1803855895996094,-34.9927330017089844,-1.5399987697601318
-16.9567241668701172,-41.8358154296875000,-2.2537894248962402
-22.5190391540527344,-52.8830146789550781,-2.2505271434783936
-10.6531305313110352,-11.8411293029785156,-2.2421736717224121
16.7454528808593750,-51.6803321838378906,-2.2466332912445068
7.5868954658508301,-40.7325630187988281,-1.5365116596221924
-15.4222955703735352,-20.0088405609130859,-1.5380235910415649
7.6827473640441895,-34.3891868591308594,-1.5340012311935425
16.7786903381347656,-30.4781227111816406,-1.5372750759124756
-16.1157569885253906,-54.8797950744628906,-1.5340178012847900
-6.9475593566894531,-9.6350154876708984,-2.2441840171813965
16.2134037017822266,-47.8998451232910156,-2.2440505027770996
-22.2856998443603516,-45.8826217651367188,-2.2494008541107178
-18.1864604949951172,-56.3034782409667969,-2.2441484928131104
15.8962001800537109,-23.7358226776123047,-1.5351414680480957
-18.1790981292724609,-35.9581222534179688,-2.2499577999114990
6.4079489707946777,-9.5555686950683594,-2.2323269844055176
-6.3606333732604980,-36.4759178161621094,-1.5370734930038452
7.8531641960144043,-31.9327621459960938,-1.5337709188461304
12.6443815231323242,-47.6696014404296875,-2.2468597888946533
-3.7776458263397217,-50.3413619995117188,-1.5268219709396362
8.5809221267700195,-26.3210887908935547,-1.5329601764678955
13.3834762573242188,-44.8667755126953125,-1.5369976758956909
-10.6204538345336914,-19.0274143218994141,-2.2499816417694092
1.0180910825729370,-45.8038101196289063,-2.2428877353668213
-21.2672176361083984,-36.8537597656250000,-1.5383719205856323
11.6000137329101563,-55.0680351257324219,-2.2551388740539551
-37.1716613769531250,-55.6481018066406250,-1.5345073938369751
-3.7760627269744873,-38.8103981018066406,-2.2483093738555908
11.4698572158813477,-27.4843387603759766,-2.2467195987701416
25.0174674987792969,-54.8713836669921875,-2.2448961734771729
26.6949710845947266,-47.4199028015136719,-2.2463650703430176
-16.4053478240966797,-46.9528312683105469,-2.2406926155090332
-32.5796356201171875,-51.2952575683593750,-2.2431795597076416
36.5976524353027344,-57.0030441284179688,-1.5381544828414917
-27.0895805358886719,-47.0885314941406250,-1.5338703393936157
8.5783958435058594,-27.6595649719238281,-1.5280659198760986
6.5079684257507324,-37.6384124755859375,-1.5348044633865356
6.4986100196838379,-52.2669868469238281,-1.5385692119598389
16.8351650238037109,-43.6403083801269531,-2.2439703941345215
-6.6905956268310547,-55.8344497680664063,-1.5329581499099731
12.1126327514648438,-32.0186805725097656,-1.5378197431564331
3.1118500232696533,-34.6942863464355469,-1.5311911106109619
-8.5824356079101563,-32.2397193908691406,-1.5325691699981689
7.0626587867736816,-24.0531406402587891,-1.5353020429611206
15.4191999435424805,-54.3222846984863281,-2.2446219921112061
32.5820884704589844,-55.5954437255859375,-2.2445447444915771
25.7311153411865234,-54.1802978515625000,-2.2472400665283203
12.6913070678710938,-24.7688064575195313,-2.2490963935852051
-12.9937572479248047,-34.2496223449707031,-2.2467513084411621
7.3025140762329102,-16.8091716766357422,-2.2440550327301025
22.3020515441894531,-49.3667068481445313,-2.2512016296386719
-12.7787981033325195,-33.2795562744140625,-2.2421133518218994
-6.1743106842041016,-32.6192970275878906,-1.5359187126159668
37.2986488342285156,-52.2190628051757813,-2.2410454750061035
12.6977834701538086,-39.8625450134277344,-1.5302215814590454
7.7654848098754883,-20.3164920806884766,-2.2464635372161865
-21.9852809906005859,-38.0475502014160156,-2.2440805435180664
-25.0165119171142578,-48.5162391662597656,-2.2436177730560303
-7.4122562408447266,-55.1463165283203125,-1.5342453718185425
2.4538192749023438,-21.7900428771972656,-1.5334303379058838
-6.2508473396301270,-11.7210130691528320,-1.5360978841781616
-3.5400328636169434,-34.5001602172851563,-1.5284800529479980
-16.4091739654541016,-25.7406482696533203,-1.5330151319503784
12.6932353973388672,-20.4917507171630859,-2.2471859455108643
18.1778774261474609,-50.9997100830078125,-1.5308790206909180
22.4986324310302734,-41.7465591430664063,-2.2462265491485596
20.2210483551025391,-36.8829421997070313,-1.5344871282577515
10.6178722381591797,-52.2479248046875000,-2.2465648651123047
-8.5788869857788086,-43.8952064514160156,-2.2551987171173096
11.3071184158325195,-44.8433456420898438,-2.2472538948059082
18.1780319213867188,-51.6772270202636719,-2.2486908435821533
-20.9193820953369141,-43.6218185424804688,-1.5356024503707886
22.9777355194091797,-45.5912132263183594,-1.5330928564071655
-13.0456542968750000,-38.3680953979492188,-2.2475342750549316
11.3421363830566406,-25.4264430999755859,-1.5344200134277344
-13.3792209625244141,-21.9505519866943359,-2.2478115558624268
-1.7263828516006470,-19.7146415710449219,-2.2400269508361816
15.4179029464721680,-46.6477661132812500,-1.5280790328979492
12.0022459030151367,-20.5068874359130859,-1.5334270000457764
17.5363712310791016,-43.6343841552734375,-1.5350754261016846
15.4207191467285156,-25.6080799102783203,-2.2476959228515625
5.8340606689453125,-34.8496780395507813,-2.2493822574615479
-16.0288429260253906,-21.3474941253662109,-1.5387812852859497
-16.7617378234863281,-20.6255264282226563,-1.5378965139389038
-13.3780002593994141,-17.0725231170654297,-1.5356169939041138
2.6233921051025391,-42.5018424987792969,-1.5225150585174561
1.0217958688735962,-25.5395278930664063,-1.5319260358810425
11.9918642044067383,-22.6312503814697266,-2.2451186180114746
1.0190778970718384,-33.2812919616699219,-2.2434575557708740
-8.5624322891235352,-41.2632522583007813,-2.2494654655456543
7.8422846794128418,-21.0046768188476563,-1.5348250865936279
-10.6203298568725586,-24.7568721771240234,-2.2445151805877686
-15.4184541702270508,-44.5134849548339844,-2.2499060630798340
-12.6166133880615234,-12.2077579498291016,-1.5356421470642090
-8.5834226608276367,-55.6377677917480469,-1.5312128067016602
11.6143541336059570,-32.5202026367187500,-2.2429270744323730
-1.4023693799972534,-10.1347827911376953,-2.2437329292297363
20.2206726074218750,-37.5743522644042969,-2.2471075057983398
3.7819166183471680,-52.4913291931152344,-1.5368285179138184
12.7312955856323242,-26.5737380981445313,-1.5258864164352417
-16.7637081146240234,-49.9854049682617188,-1.5314153432846069
-7.8658819198608398,-51.2511634826660156,-1.5296627283096313
12.3667936325073242,-51.2630043029785156,-2.2577278614044189
-5.8366751670837402,-14.9984912872314453,-1.5364508628845215
-2.1734156608581543,-48.9407005310058594,-1.5251649618148804
1.7588845491409302,-40.7413864135742188,-1.5320374965667725
-1.7334276437759399,-53.5156936645507813,-2.2413024902343750
7.6817035675048828,-35.0661010742187500,-2.2525694370269775
-8.5786266326904297,-51.2624740600585938,-2.2464370727539063
-15.4201269149780273,-36.2870597839355469,-2.2509260177612305
-16.7869777679443359,-51.3611793518066406,-1.5329065322875977
6.3412442207336426,-23.3621349334716797,-1.5383062362670898
-15.4169225692749023,-45.1896820068359375,-1.5307891368865967
11.3258867263793945,-28.1582965850830078,-1.5358732938766479
3.3106889724731445,-11.1767959594726563,-2.2475197315216064
8.4860973358154297,-22.6564006805419922,-1.5322405099868774
-7.8394193649291992,-53.2973670959472656,-2.2473156452178955
-21.5715522766113281,-47.9820442199707031,-2.2474865913391113
-7.8142361640930176,-41.9402542114257813,-2.2481544017791748
5.8172764778137207,-46.0125122070312500,-1.5616388320922852
-11.2078981399536133,-36.9423332214355469,-1.5384262800216675
-12.6276197433471680,-19.1627693176269531,-1.5362986326217651
31.8897438049316406,-53.4399604797363281,-2.2465717792510986
-12.9069833755493164,-40.4561080932617188,-2.2504432201385498
-12.6635150909423828,-54.1847152709960938,-2.2449479103088379
-12.6653623580932617,-18.4657554626464844,-2.2454197406768799
-6.2837810516357422,-27.9710426330566406,-2.2483263015747070
-7.1189956665039063,-30.8923969268798828,-1.5378081798553467
-3.7755281925201416,-12.7131528854370117,-1.5386619567871094
-11.3932142257690430,-26.8766803741455078,-2.2329709529876709
-12.8797645568847656,-51.0144271850585938,-2.2433054447174072
11.2707166671752930,-46.2651748657226563,-2.2434852123260498
1.7090101242065430,-57.0178909301757813,-2.2470526695251465
11.3113441467285156,-15.0704765319824219,-2.2464127540588379
12.8677635192871094,-33.9812431335449219,-2.2466776371002197
8.7323017120361328,-9.0422096252441406,-2.2419276237487793
21.4749202728271484,-47.5267333984375000,-2.2468159198760986
-0.4518575370311737,-11.1472005844116211,-2.2446873188018799
-5.8206267356872559,-39.5711402893066406,-2.2510514259338379
-12.2304439544677734,-48.5818634033203125,-2.2425036430358887
-3.0246465206146240,-31.1613101959228516,-2.2455334663391113
-1.7248829603195190,-55.5716400146484375,-1.5370078086853027
0.7577005624771118,-3.9311437606811523,-2.2412996292114258
3.8158881664276123,-9.5710439682006836,-1.5296680927276611
3.7788269519805908,-26.0811862945556641,-1.5358635187149048
-25.0132865905761719,-54.1869316101074219,-2.2437908649444580
-10.2160806655883789,-8.4400844573974609,-2.2470045089721680
-0.1221470758318901,-7.0326213836669922,-2.2428207397460938
22.9814910888671875,-49.4536437988281250,-1.5362110137939453
-15.4201498031616211,-32.6724777221679688,-1.5368946790695190
-15.4219875335693359,-39.0410385131835938,-2.2473392486572266
-11.3223772048950195,-25.4605045318603516,-2.2459523677825928
5.3419117927551270,-7.3915872573852539,-2.2434775829315186
-25.0129795074462891,-55.5971870422363281,-2.2442429065704346
20.2198638916015625,-51.9928703308105469,-2.2448129653930664
-26.3996639251708984,-49.9403991699218750,-2.2462043762207031
-7.1380319595336914,-53.2994918823242188,-1.5312702655792236
-1.7552638053894043,-14.7708721160888672,-1.5374705791473389
-6.8824191093444824,-44.9363670349121094,-1.5376348495483398
17.4954681396484375,-37.9831085205078125,-1.5315092802047729
-3.0709996223449707,-47.6238670349121094,-2.2441344261169434
21.3788299560546875,-54.0478858947753906,-2.2471830844879150
37.3014450073242188,-54.8916320800781250,-1.5359369516372681
-13.3816318511962891,-14.2687768936157227,-1.5353302955627441
31.1977615356445313,-51.9846191406250000,-1.5340642929077148
-15.9191455841064453,-27.2355403900146484,-2.2433266639709473
-8.0508756637573242,-38.3904151916503906,-1.5376895666122437
-5.8215603828430176,-25.1784038543701172,-1.5370541810989380
-1.0205345153808594,-12.7280368804931641,-1.5325498580932617
-3.1928915977478027,-6.1989555358886719,-2.2415440082550049
15.4241857528686523,-47.2918090820312500,-2.2580227851867676
1.9676500558853149,-9.9022006988525391,-2.2427053451538086
-15.4199075698852539,-47.8374023437500000,-2.2444694042205811
5.8222770690917969,-24.5200290679931641,-1.5319565534591675
-1.0212208032608032,-37.9082527160644531,-1.5352138280868530
-17.4913635253906250,-57.0082435607910156,-2.2460176944732666
-12.6828241348266602,-11.4238080978393555,-2.2419734001159668
-15.4194746017456055,-33.6519851684570313,-1.5338505506515503
5.8199000358581543,-50.1347770690917969,-2.2520165443420410
21.3220825195312500,-55.4086837768554688,-1.5296547412872314
3.0831763744354248,-32.5555648803710938,-2.2467889785766602
-6.3792257308959961,-31.6452407836914063,-1.5346047878265381
-2.9823014736175537,-10.5268306732177734,-1.5358544588088989
5.8389649391174316,-49.4642066955566406,-1.5284101963043213
1.0206248760223389,-23.8537349700927734,-2.2456686496734619
15.4191684722900391,-52.6492042541503906,-1.5310827493667603
29.8185768127441406,-51.9917488098144531,-1.5357617139816284
-1.0193401575088501,-14.0990543365478516,-1.5317566394805908
-22.9805297851562500,-52.3832015991210938,-1.5339597463607788
8.0747880935668945,-16.1761093139648438,-2.2412295341491699
36.7131538391113281,-53.7979621887207031,-1.5383294820785522
-13.3837518692016602,-29.6651248931884766,-1.5199391841888428
20.2174377441406250,-54.3170738220214844,-2.2482829093933105
13.3794918060302734,-38.4549446105957031,-2.2459166049957275
7.2960653305053711,-50.1354942321777344,-2.2415316104888916
-10.6218299865722656,-25.4578838348388672,-1.5364903211593628
-7.7428936958312988,-20.2121601104736328,-1.5334775447845459
-6.7010293006896973,-49.1084632873535156,-2.2450153827667236
-7.5848770141601563,-22.9350185394287109,-1.5379787683486938
16.7994060516357422,-56.7833290100097656,-1.5382544994354248
-15.4218158721923828,-37.6606597900390625,-2.2450091838836670
-36.0371742248535156,-56.2984695434570313,-1.5366529226303101
16.1419639587402344,-33.1561660766601563,-2.2433862686157227
12.2376642227172852,-30.3187541961669922,-2.2449984550476074
1.0223356485366821,-28.1816577911376953,-2.2511308193206787
-1.7444751262664795,-28.7070083618164063,-1.5313655138015747
-25.0139923095703125,-52.7745590209960938,-2.2438945770263672
-6.0546903610229492,-52.6935081481933594,-1.5169305801391602
1.0208512544631958,-26.2090549468994141,-2.2493600845336914
-21.6451625823974609,-52.4143600463867188,-2.2420914173126221
3.7776689529418945,-21.5005359649658203,-1.5348780155181885
16.8302974700927734,-37.2495422363281250,-1.5368179082870483
-10.6200704574584961,-37.3299903869628906,-2.2459173202514648
37.3018341064453125,-53.2056427001953125,-2.0875859260559082
-13.3834924697875977,-37.7886505126953125,-1.5297530889511108
-11.2812967300415039,-21.4638118743896484,-2.2430241107940674
18.1791362762451172,-36.6292228698730469,-2.2569828033447266
27.7827606201171875,-48.2356376647949219,-2.2484068870544434
-12.0960865020751953,-38.6555824279785156,-2.2426929473876953
22.9780693054199219,-35.1024284362792969,-2.2429091930389404
-11.6387891769409180,-18.2870121002197266,-2.2438418865203857
-6.7954297065734863,-50.8401527404785156,-1.5308829545974731
1.0195777416229248,-17.0753555297851563,-1.5315943956375122
-11.6100969314575195,-52.7166290283203125,-2.2514028549194336
-21.6691913604736328,-51.0448875427246094,-2.2471964359283447
-35.3199081420898438,-54.5797119140625000,-1.5365923643112183
16.8753948211669922,-26.0672168731689453,-1.5337563753128052
7.2998099327087402,-18.5029850006103516,-1.5360279083251953
15.4164447784423828,-50.6636428833007813,-1.5334485769271851
-5.8162989616394043,-31.2649841308593750,-2.2503945827484131
-3.7836556434631348,-24.7373695373535156,-2.2494890689849854
-15.9691410064697266,-46.3969764709472656,-1.5373883247375488
21.3940181732177734,-40.0883674621582031,-1.5383403301239014
-22.3063640594482422,-43.6004753112792969,-1.5333297252655029
-1.7207287549972534,-31.4486160278320313,-1.5351581573486328
5.2201843261718750,-6.7010879516601563,-1.5362973213195801
13.4701633453369141,-11.5605068206787109,-1.5381399393081665
-3.8572843074798584,-4.3789024353027344,-2.1723899841308594
8.5195207595825195,-11.9495010375976563,-2.2480764389038086
-16.0945968627929688,-52.7606735229492188,-2.2471930980682373
-6.6747093200683594,-41.7049522399902344,-2.1571276187896729
3.7793445587158203,-42.6985435485839844,-2.2440557479858398
7.2700285911560059,-43.6650695800781250,-1.5387481451034546
-22.9792346954345703,-45.1696548461914063,-2.2425062656402588
22.2207317352294922,-39.9227409362792969,-2.2505612373352051
5.8254647254943848,-14.8048391342163086,-1.5336248874664307
36.0109405517578125,-55.5134887695312500,-2.2430980205535889
-7.0041122436523438,-16.7110195159912109,-1.5287836790084839
6.5608372688293457,-25.8803672790527344,-2.2485258579254150
-10.3105802536010742,-10.5023841857910156,-1.5346305370330811
12.0019912719726563,-44.1426353454589844,-2.2448821067810059
7.5853133201599121,-41.7285156250000000,-1.5378826856613159
-5.8215384483337402,-26.1725330352783203,-1.5352571010589600
30.5105915069580078,-52.7097549438476563,-1.5334783792495728
15.4198389053344727,-43.6480903625488281,-2.2444093227386475
6.9152417182922363,-53.5532722473144531,-1.5349731445312500
22.2942371368408203,-46.9886741638183594,-2.2473495006561279
16.1089496612548828,-21.1387596130371094,-1.5332664251327515
-20.9186840057373047,-40.0399055480957031,-2.2450037002563477
-8.5814428329467773,-29.5508060455322266,-1.5273673534393311
5.8173408508300781,-53.0865058898925781,-1.5216670036315918
11.3218908309936523,-40.6177024841308594,-2.2444267272949219
11.8710212707519531,-37.8091087341308594,-1.5321811437606812
12.3350582122802734,-25.3437500000000000,-1.5306174755096436
1.0178723335266113,-24.5522937774658203,-1.5380910634994507
-17.4829959869384766,-50.6607093811035156,-1.5354635715484619
17.4688606262207031,-20.3755168914794922,-2.2417871952056885
1.8019081354141235,-54.3329811096191406,-2.2509677410125732
-1.4258241653442383,-39.1241035461425781,-1.5279321670532227
-3.7796323299407959,-13.4196090698242188,-2.2437474727630615
3.7808313369750977,-53.4826278686523438,-1.5345004796981812
-2.6633193492889404,-31.7360363006591797,-1.5253016948699951
22.9813709259033203,-46.9908638000488281,-1.5357831716537476
-31.8873462677001953,-56.2922096252441406,-2.2457408905029297
-7.8406462669372559,-51.9326934814453125,-2.2477083206176758
13.2155885696411133,-48.8780059814453125,-1.5099028348922729
-5.8098931312561035,-47.2384376525878906,-2.2580664157867432
12.6810531616210938,-46.2751083374023438,-2.2434728145599365
18.1681442260742188,-24.9925384521484375,-2.2444176673889160
-10.6214685440063477,-33.3758964538574219,-2.2417418956756592
16.1714763641357422,-48.5963058471679688,-1.5357186794281006
-18.1776313781738281,-20.6267700195312500,-1.5380245447158813
21.4668693542480469,-36.6008491516113281,-2.2486984729766846
17.4842624664306641,-28.9167385101318359,-2.2453920841217041
10.6168651580810547,-21.1920070648193359,-2.2447299957275391
-1.6907556056976318,-57.0067291259765625,-1.5312242507934570
21.4236164093017578,-42.7688026428222656,-2.2468390464782715
-22.9878826141357422,-54.0303153991699219,-2.2568519115447998
-11.6663122177124023,-53.3818778991699219,-1.5323722362518311
13.3786735534667969,-37.1002006530761719,-2.2503025531768799
7.4532327651977539,-14.4014358520507813,-2.2419304847717285
5.0297098159790039,-10.6842384338378906,-1.5386530160903931
5.8440723419189453,-18.5103225708007813,-1.5298666954040527
15.4199419021606445,-32.4731330871582031,-2.2480320930480957
-27.7861423492431641,-53.4821586608886719,-1.5361174345016479
-10.6086235046386719,-42.3217201232910156,-2.2564260959625244
-18.1823539733886719,-49.9598999023437500,-1.5321612358093262
-2.4319283962249756,-16.4774017333984375,-1.5317798852920532
15.4188795089721680,-31.7955474853515625,-1.5293974876403809
12.0174560546875000,-39.9058837890625000,-2.2475512027740479
-27.7859420776367188,-51.3575363159179688,-2.2439663410186768
-6.9016165733337402,-18.5508308410644531,-1.5326135158538818
-22.1868495941162109,-35.3964805603027344,-2.2413439750671387
-20.2151336669921875,-40.7390747070312500,-2.2429599761962891
-11.3360557556152344,-44.0127334594726563,-2.2533116340637207
31.8939056396484375,-54.8738861083984375,-2.2462916374206543
22.8965091705322266,-56.3358688354492188,-2.2469391822814941
21.8833560943603516,-45.0168685913085938,-1.5346179008483887
-10.6192407608032227,-21.6933917999267578,-1.5347676277160645
-8.8902530670166016,-7.4086942672729492,-1.5385073423385620
3.4826631546020508,-18.7867641448974609,-1.5317527055740356
32.5825271606445313,-54.1554336547851563,-2.2437708377838135
-25.7113056182861328,-44.9244499206542969,-2.2461659908294678
-2.4462594985961914,-37.2055168151855469,-2.2452356815338135
10.6190586090087891,-20.4879207611083984,-1.5371031761169434
-7.2309770584106445,-24.3190269470214844,-2.2425875663757324
-17.4784431457519531,-42.2509346008300781,-1.5314670801162720
-22.3241863250732422,-44.3053092956542969,-2.2469301223754883
-3.5118222236633301,-7.1461410522460938,-2.2421391010284424
5.8221101760864258,-19.1856002807617188,-2.2505064010620117
10.6142902374267578,-21.9230899810791016,-1.5351105928421021
-11.7301321029663086,-28.7610740661621094,-1.5382697582244873
7.5841960906982422,-42.7229347229003906,-1.5380226373672485
10.6871547698974609,-12.2878561019897461,-2.2414944171905518
22.2428226470947266,-48.3744544982910156,-2.2419991493225098
13.3793888092041016,-18.3954830169677734,-2.2468366622924805
-13.3790283203125000,-29.0240478515625000,-2.2529091835021973
-16.8003387451171875,-57.0062408447265625,-1.5339598655700684
-26.4004096984863281,-49.2320098876953125,-1.5343238115310669
18.1828975677490234,-37.2809677124023438,-1.5292490720748901
8.9576606750488281,-6.8269329071044922,-2.2412569522857666
7.8445816040039063,-26.9850730895996094,-1.5343894958496094
-12.3630180358886719,-29.0763339996337891,-2.2430083751678467
13.3785963058471680,-27.3892059326171875,-2.2454373836517334
-8.5787057876586914,-18.8421344757080078,-2.2465865612030029
18.1805324554443359,-53.0436248779296875,-2.2440476417541504
1.0215791463851929,-13.0119180679321289,-2.2448987960815430
13.3812847137451172,-53.4137763977050781,-1.5269848108291626
-1.7112432718276978,-44.4015846252441406,-2.2462255954742432
8.5797700881958008,-45.8204040527343750,-2.2518494129180908
1.0299980640411377,-40.0592269897460938,-1.5263103246688843
-2.3622374534606934,-22.5929546356201172,-1.5387076139450073
-2.4167115688323975,-15.0176372528076172,-2.2419278621673584
3.2189469337463379,-22.5756626129150391,-1.5345146656036377
-7.0048704147338867,-13.7271127700805664,-1.5372182130813599
-3.7834844589233398,-32.8760757446289063,-2.2511093616485596
-16.1439952850341797,-38.3502273559570313,-2.2452762126922607
6.8004899024963379,-14.1244077682495117,-1.5386842489242554
8.5782222747802734,-23.3203639984130859,-2.2527203559875488
-18.1755752563476563,-32.5403289794921875,-1.5297372341156006
16.1499958038330078,-35.1893730163574219,-1.5318146944046021
-13.1101284027099609,-31.7002696990966797,-1.5349414348602295
-16.4468402862548828,-29.7492103576660156,-1.5370594263076782
-15.4145927429199219,-43.1707229614257813,-1.8460813760757446
-15.8436088562011719,-43.9979248046875000,-1.5268781185150146
11.6119699478149414,-30.0000820159912109,-1.5350379943847656
13.3533563613891602,-52.7500953674316406,-2.2523841857910156
-1.7514820098876953,-21.9649467468261719,-2.2414302825927734
32.5811271667480469,-52.7216415405273438,-2.2434864044189453
-21.5987300872802734,-42.8984756469726563,-1.5329167842864990
12.5587978363037109,-48.8533325195312500,-2.2502243518829346
-16.0894222259521484,-52.0572166442871094,-1.5317509174346924
26.1335201263427734,-42.6053924560546875,-1.5388295650482178
-16.8061656951904297,-34.5131378173828125,-2.2510409355163574
-10.6181859970092773,-52.6526069641113281,-2.2493939399719238
-1.7579965591430664,-51.4525527954101563,-1.5325126647949219
-11.9918289184570313,-54.9117202758789063,-2.2490963935852051
-7.1005444526672363,-28.2291259765625000,-1.5388044118881226
-2.9357764720916748,-49.8040657043457031,-1.5387647151947021
-3.7373690605163574,-27.4293899536132813,-1.5386859178543091
11.9827108383178711,-39.1744842529296875,-1.5342794656753540
-1.8071343898773193,-20.7097740173339844,-2.2477116584777832
-36.4876098632812500,-55.7682228088378906,-2.2489252090454102
-20.2184238433837891,-46.3886680603027344,-2.2521290779113770
11.1083364486694336,-31.9993705749511719,-1.5340572595596313
-1.7323670387268066,-37.2126846313476563,-1.5349301099777222
27.7843284606933594,-51.3084678649902344,-1.5308672189712524
-15.9478263854980469,-29.2547149658203125,-2.2444882392883301
-16.4134368896484375,-27.7298831939697266,-1.5337711572647095
18.1831512451171875,-40.0908851623535156,-1.5364331007003784
25.7314300537109375,-51.4287300109863281,-2.2424473762512207
22.9503440856933594,-48.4556846618652344,-1.5399998426437378
-1.0179234743118286,-32.1443557739257813,-1.5369478464126587
-2.0750164985656738,-9.9158811569213867,-1.5386407375335693
13.3811302185058594,-15.6600532531738281,-1.5350735187530518
-10.6213645935058594,-31.7397441864013672,-1.5270137786865234
17.4897632598876953,-38.6789093017578125,-2.2450532913208008
-15.4201259613037109,-31.6898536682128906,-1.5362983942031860
2.8178310394287109,-16.4604339599609375,-2.2429268360137939
-12.6626501083374023,-13.5797739028930664,-1.5359283685684204
6.0484552383422852,-7.3574738502502441,-1.5382161140441895
-6.7401995658874512,-30.2960681915283203,-2.2421519756317139
-32.5805625915527344,-52.0077514648437500,-1.5368072986602783
6.5249962806701660,-44.3246574401855469,-1.5356349945068359
12.3973913192749023,-29.3422126770019531,-2.2487225532531738
-3.7688400745391846,-44.1942596435546875,-1.5329160690307617
-11.5965585708618164,-10.1156148910522461,-1.5384263992309570
-12.3793344497680664,-57.0019836425781250,-1.5380901098251343
1.4531048536300659,-7.9807686805725098,-1.5373184680938721
3.7810597419738770,-57.0054168701171875,-1.5335516929626465
-20.9429187774658203,-46.3932189941406250,-1.5294642448425293
1.0214711427688599,-30.4889564514160156,-2.2522580623626709
-12.0672035217285156,-40.9846038818359375,-2.2464044094085693
21.0212154388427734,-41.0409851074218750,-1.5321865081787109
-22.8905200958251953,-35.3019790649414063,-1.5386605262756348
0.0360368676483631,-9.2685594558715820,-2.2427711486816406
-16.1089496612548828,-57.0076179504394531,-2.2459745407104492
16.7789211273193359,-22.6139545440673828,-2.2436513900756836
-8.4541187286376953,-43.2537841796875000,-1.5264103412628174
-15.4135694503784180,-54.1851768493652344,-1.5357871055603027
3.1737506389617920,-9.3166303634643555,-2.2429187297821045
20.7387981414794922,-51.5414352416992188,-1.5345127582550049
-31.8881359100341797,-55.5860023498535156,-1.5350804328918457
-1.0219489336013794,-19.6306800842285156,-1.5366773605346680
1.0169088840484619,-27.1981258392333984,-2.2441635131835938
20.6816158294677734,-49.2819824218750000,-2.2507793903350830
-18.1777801513671875,-42.2459487915039063,-2.2447474002838135
-3.7805020809173584,-30.5195884704589844,-2.2442722320556641
1.7287539243698120,-13.7165307998657227,-2.2465953826904297
-2.9117512702941895,-9.8104581832885742,-2.2394833564758301
-12.6624727249145508,-24.6706542968750000,-1.5351685285568237
-2.8153893947601318,-14.4326152801513672,-1.5386537313461304
9.6254854202270508,-9.4853372573852539,-2.2420783042907715
1.0100671052932739,-36.7639541625976563,-1.5253821611404419
16.1348056793212891,-36.5431632995605469,-1.5344160795211792
5.8217034339904785,-41.7109985351562500,-2.2643117904663086
-16.7885494232177734,-52.7635231018066406,-1.5356587171554565
-3.3319144248962402,-20.3439521789550781,-1.5351406335830688
8.4898347854614258,-35.6483230590820313,-2.2326312065124512
-2.0587229728698730,-12.8654346466064453,-2.2489802837371826
12.9065742492675781,-16.1568126678466797,-2.2478020191192627
20.2192802429199219,-46.5978736877441406,-1.5243875980377197
-17.4694271087646484,-20.6274948120117188,-2.2424027919769287
15.4201030731201172,-47.9441833496093750,-1.5268958806991577
-18.1860637664794922,-38.6306228637695313,-2.2556474208831787
-1.0223550796508789,-53.5158615112304688,-1.5321530103683472
-3.0570473670959473,-42.5395011901855469,-1.5356695652008057
-2.7913501262664795,-4.3239793777465820,-2.2411115169525146
-9.4723768234252930,-9.2114372253417969,-2.2439074516296387
-11.3495426177978516,-26.1623668670654297,-1.5378599166870117
-21.1907386779785156,-53.2944831848144531,-2.2469041347503662
20.9319057464599609,-32.6463127136230469,-2.2417995929718018
-22.9800434112548828,-53.3747482299804688,-1.5279114246368408
-2.3123295307159424,-19.3109169006347656,-1.5336369276046753
-25.7073860168457031,-56.3007507324218750,-2.2457804679870605
2.1898474693298340,-6.0113444328308105,-2.2417099475860596
-3.0453243255615234,-41.8400650024414063,-2.2435307502746582
-5.8195443153381348,-35.2703285217285156,-1.5279552936553955
17.4837722778320313,-40.7963943481445313,-1.5361291170120239
-11.3845653533935547,-41.0175514221191406,-1.5293540954589844
15.7736520767211914,-26.1892166137695313,-1.5294933319091797
1.0158424377441406,-56.3193969726562500,-2.2508401870727539
29.8185520172119141,-53.4294929504394531,-1.5360522270202637
5.8192744255065918,-13.1128101348876953,-2.2462768554687500
-11.8044862747192383,-14.4897222518920898,-1.5382809638977051
-2.2637238502502441,-28.2642040252685547,-2.2476441860198975
-7.9122624397277832,-15.0721673965454102,-2.2492809295654297
2.8927054405212402,-10.2718887329101563,-2.2427456378936768
2.4060690402984619,-32.5647888183593750,-1.5307129621505737
-12.6361570358276367,-52.8194694519042969,-2.2481186389923096
3.7789161205291748,-48.8451461791992188,-2.2470912933349609
8.5824689865112305,-43.7056312561035156,-1.5376762151718140
3.7822093963623047,-31.8559818267822266,-2.2448680400848389
2.2077496051788330,-53.0739173889160156,-2.2414145469665527
-2.0232682228088379,-5.0312252044677734,-1.5387063026428223
18.1858558654785156,-42.1975250244140625,-2.2444877624511719
5.8205885887145996,-31.5708923339843750,-2.2509660720825195
1.0116287469863892,-28.8396606445312500,-1.5303751230239868
16.7914886474609375,-41.5079574584960938,-1.5336861610412598
-1.6211607456207275,-23.2616424560546875,-1.5378518104553223
-5.8192501068115234,-38.2617073059082031,-2.2553052902221680
-13.3829374313354492,-54.8727111816406250,-2.2447350025177002
9.9916486740112305,-10.4143085479736328,-2.2437212467193604
-12.0441036224365234,-41.8460388183593750,-1.5367202758789063
-18.1830520629882813,-46.2936286926269531,-1.5326944589614868
25.4102993011474609,-47.7784919738769531,-1.5274686813354492
-6.6744422912597656,-56.5198173522949219,-2.2476727962493896
-21.5824718475341797,-46.5884819030761719,-2.2484738826751709
26.3054523468017578,-44.4214973449707031,-2.2415246963500977
3.0834496021270752,-31.8343982696533203,-1.5368176698684692
30.5174369812011719,-56.3051033020019531,-2.2463707923889160
6.5451049804687500,-35.5509414672851563,-2.2456178665161133
18.1829433441162109,-37.9679603576660156,-2.2458622455596924
1.7329912185668945,-21.1066017150878906,-1.5331432819366455
-10.6179513931274414,-19.6908473968505859,-1.5259348154067993
-29.8159294128417969,-52.7442359924316406,-2.2441987991333008
-3.3168945312500000,-45.7246627807617188,-2.2451937198638916
16.1065349578857422,-28.1823120117187500,-1.5359904766082764
3.7785902023315430,-54.1637458801269531,-2.2496492862701416
10.6150779724121094,-50.6613006591796875,-1.5353169441223145
6.6127562522888184,-11.8744211196899414,-1.5385432243347168
-25.7074642181396484,-53.4816322326660156,-2.2455704212188721
11.3165149688720703,-20.4844665527343750,-2.2464864253997803
16.7672615051269531,-45.2879219055175781,-2.2469241619110107
8.5387277603149414,-19.6338348388671875,-2.2501487731933594
-16.1495628356933594,-36.2918205261230469,-1.5293126106262207
-5.8195943832397461,-38.9055137634277344,-1.5248256921768188
8.5788860321044922,-18.9581031799316406,-1.5332168340682983
11.9652252197265625,-35.3976058959960938,-2.2525839805603027
-25.0140743255615234,-51.3576240539550781,-2.2437112331390381
-11.8436479568481445,-27.6088142395019531,-1.5386601686477661
-7.8025956153869629,-23.9060726165771484,-1.5373206138610840
-10.6191377639770508,-48.3027572631835938,-2.2460753917694092
16.8076267242431641,-42.2276000976562500,-2.2472047805786133
10.6399316787719727,-47.2021293640136719,-2.2430427074432373
25.0208034515380859,-47.2145347595214844,-2.2435224056243896
18.1845798492431641,-41.4960136413574219,-1.5360857248306274
-16.8941268920898438,-28.2075424194335938,-2.2532293796539307
-26.4011173248291016,-44.1724090576171875,-2.2462205886840820
-7.1187791824340820,-32.3001327514648438,-1.5381402969360352
-1.6385722160339355,-41.6571731567382813,-2.2415435314178467
-2.7973115444183350,-20.7896766662597656,-2.2461950778961182
-1.7199385166168213,-35.8165512084960938,-1.5316967964172363
16.1178722381591797,-37.9457168579101563,-1.5358234643936157
-27.7809028625488281,-44.9329109191894531,-1.5360587835311890
-7.3921875953674316,-54.4592094421386719,-2.2490007877349854
7.0546011924743652,-28.3456325531005859,-2.2443842887878418
-13.4965295791625977,-11.5216054916381836,-1.5387548208236694
-11.2959051132202148,-18.8943634033203125,-1.5340594053268433
16.1092453002929688,-38.6526603698730469,-2.2470192909240723
-1.3410563468933105,-3.7312350273132324,-2.2401850223541260
-3.0756285190582275,-55.6068000793457031,-1.5323894023895264
15.8424301147460938,-31.2728595733642578,-2.2469885349273682
20.2197456359863281,-52.9875373840332031,-2.2530221939086914
-26.4005527496337891,-48.5156021118164063,-2.2460000514984131
7.3360314369201660,-16.1061763763427734,-1.5378407239913940
3.7796123027801514,-37.6020469665527344,-2.2429153919219971
-2.9673459529876709,-28.2513923645019531,-1.5341668128967285
-20.2896728515625000,-54.3569221496582031,-2.2424492835998535
-5.8212451934814453,-40.9116668701171875,-2.2524778842926025
-18.1808319091796875,-26.8655395507812500,-1.5308222770690918
-20.2221546173095703,-37.6042861938476563,-1.5387065410614014
8.1681947708129883,-10.3402290344238281,-1.5383007526397705
10.6227216720581055,-28.1581439971923828,-2.2451758384704590
31.8886280059814453,-52.0035591125488281,-2.2460026741027832
3.7801077365875244,-29.8721046447753906,-2.2430496215820313
3.7736699581146240,-39.6661453247070313,-1.5291036367416382
-3.5516297817230225,-14.7646093368530273,-2.2460298538208008
3.2945699691772461,-51.9884948730468750,-2.2444367408752441
-12.6700572967529297,-20.5580921173095703,-1.5359246730804443
1.4907408952713013,-26.7076206207275391,-1.5291833877563477
-8.5810298919677734,-36.5784683227539063,-2.2463710308074951
-8.5904483795166016,-47.9217872619628906,-2.2508070468902588
-22.9803047180175781,-50.0370674133300781,-1.5267932415008545
13.2631464004516602,-25.7301006317138672,-1.5337469577789307
-17.6072387695312500,-26.4983196258544922,-2.2453520298004150
7.8940463066101074,-55.6110343933105469,-1.5288619995117188
-1.4499360322952271,-11.1311426162719727,-2.2447838783264160
20.2258949279785156,-53.6493949890136719,-1.5269902944564819
-31.1929206848144531,-52.0104064941406250,-1.5338506698608398
-3.5680496692657471,-9.0598745346069336,-2.2423298358917236
8.5803375244140625,-41.7277183532714844,-1.5381560325622559
12.2373304367065430,-15.9743680953979492,-1.5350056886672974
1.0156981945037842,-44.4327316284179688,-2.2516314983367920
7.2180895805358887,-39.0590171813964844,-2.2470951080322266
11.3222846984863281,-19.0804042816162109,-2.2441520690917969
1.7192081212997437,-34.6953315734863281,-1.5365296602249146
13.3816919326782227,-22.6426715850830078,-2.2433643341064453
25.0216617584228516,-51.4274940490722656,-1.5344383716583252
5.8179821968078613,-43.6339607238769531,-1.5308196544647217
2.8383815288543701,-19.0164375305175781,-2.2507655620574951
27.1628532409667969,-43.9100189208984375,-2.2427341938018799
-18.1809387207031250,-41.5519180297851563,-1.5338995456695557
21.3020381927490234,-41.7002601623535156,-2.2413775920867920
-17.4862365722656250,-52.7600669860839844,-2.2452933788299561
1.0193430185317993,-18.4351673126220703,-1.5322694778442383
-29.8220615386962891,-49.7150840759277344,-2.0113611221313477
35.4211769104003906,-54.0868377685546875,-1.5386719703674316
-7.8994684219360352,-11.6321353912353516,-1.5363358259201050
-10.6188850402832031,-46.2717590332031250,-1.5321606397628784
-18.1788311004638672,-25.8701190948486328,-1.5384280681610107
-6.2652516365051270,-5.9382438659667969,-1.5387952327728271
1.7421720027923584,-23.1648159027099609,-2.2471027374267578
8.5392074584960938,-48.1611785888671875,-2.2447361946105957
1.9904056787490845,-28.8172454833984375,-1.5340744256973267
3.7807421684265137,-49.8399085998535156,-2.2454586029052734
-10.6190977096557617,-13.2879371643066406,-2.2435834407806396
1.0224108695983887,-21.1072082519531250,-2.2446377277374268
1.7483060359954834,-17.7559432983398438,-1.5325247049331665
-16.8013134002685547,-56.3002128601074219,-2.2456560134887695
-17.4980220794677734,-25.1435813903808594,-1.5256377458572388
-21.4267158508300781,-34.7487983703613281,-2.2411921024322510
-8.4259538650512695,-6.5252242088317871,-1.5380123853683472
-3.1137807369232178,-24.8307437896728516,-1.5306085348129272
6.8033318519592285,-33.9348411560058594,-1.5292814970016479
20.2213172912597656,-42.2919158935546875,-2.2446768283843994
4.1325640678405762,-10.1683149337768555,-2.2479183673858643
3.7786412239074707,-36.9002037048339844,-1.5367639064788818
-31.1731128692626953,-50.5916938781738281,-1.5362888574600220
7.2114381790161133,-36.9310646057128906,-1.5344815254211426
5.8197317123413086,-13.8137331008911133,-1.5388149023056030
3.7509536743164063,-24.3879241943359375,-2.2399768829345703
22.2733840942382813,-35.0951805114746094,-1.5362308025360107
6.5803885459899902,-50.1405754089355469,-1.5295361280441284
-3.7838399410247803,-53.6290321350097656,-1.5201554298400879
17.5159149169921875,-42.9268531799316406,-2.2482097148895264
-17.4856815338134766,-54.1749916076660156,-2.2442238330841064
8.4455299377441406,-17.3139553070068359,-2.2560610771179199
-7.1535906791687012,-57.0068168640136719,-1.5344492197036743
5.8222851753234863,-22.8478050231933594,-2.2456994056701660
-10.6295318603515625,-44.0034027099609375,-1.5328676700592041
-7.4478092193603516,-25.5528888702392578,-2.2446060180664063
-11.9465284347534180,-21.2430057525634766,-1.5352210998535156
-18.1787204742431641,-36.6294746398925781,-1.5298049449920654
3.5847964286804199,-6.2199964523315430,-2.2434551715850830
7.1072225570678711,-27.6524848937988281,-1.5339440107345581
-3.7850883007049561,-39.4904365539550781,-1.5311967134475708
-3.7777450084686279,-28.8347930908203125,-1.5350183248519897
3.7806074619293213,-14.7909183502197266,-2.2447090148925781
-11.4529161453247070,-47.6305999755859375,-2.2454948425292969
-1.0167126655578613,-39.6596679687500000,-2.2454071044921875
27.2237148284912109,-47.8558082580566406,-1.5307834148406982
-8.5801954269409180,-28.8954162597656250,-2.2529013156890869
27.1646347045898438,-52.0856666564941406,-1.5203968286514282
-1.7059727907180786,-56.2822914123535156,-2.2481911182403564
6.8954606056213379,-52.8530387878417969,-2.2424321174621582
15.4201536178588867,-49.2876815795898438,-1.5325155258178711
22.0692558288574219,-54.2784461975097656,-1.5387405157089233
12.0107908248901367,-43.4319572448730469,-1.5351732969284058
16.5060749053955078,-55.5729293823242188,-1.5247318744659424
22.2535305023193359,-39.2484436035156250,-1.5316194295883179
-20.9137439727783203,-37.4639053344726563,-2.2446491718292236
3.5799477100372314,-28.8940315246582031,-2.2410709857940674
1.7144445180892944,-11.5562839508056641,-1.5341242551803589
-20.8191547393798828,-53.8886604309082031,-1.5379456281661987
3.1121659278869629,-23.2740173339843750,-2.2486884593963623
-8.5782041549682617,-56.3177680969238281,-2.2477955818176270
16.4843082427978516,-24.1431331634521484,-2.2413663864135742
10.3719215393066406,-7.7643823623657227,-1.5381685495376587
16.1259136199951172,-37.2389984130859375,-2.2433702945709229
0.9273852109909058,-7.5089502334594727,-2.2420656681060791
1.7521955966949463,-18.4405841827392578,-2.2471096515655518
-11.9561033248901367,-24.6946220397949219,-2.2453029155731201
-13.3749322891235352,-27.0524711608886719,-2.2417569160461426
3.1459102630615234,-12.9234876632690430,-1.5312299728393555
18.1779518127441406,-20.3585700988769531,-1.5388861894607544
11.0319147109985352,-9.0556573867797852,-2.2436759471893311
1.5353217124938965,-49.3866653442382813,-2.2464272975921631
1.0372352600097656,-4.5815110206604004,-1.5375931262969971
-0.4039438366889954,-10.1554298400878906,-2.2434499263763428
-15.4188737869262695,-27.7300014495849609,-1.5367443561553955
2.4029660224914551,-23.9755153656005859,-2.2436029911041260
10.6144781112670898,-44.8349304199218750,-1.5354889631271362
-16.7841243743896484,-52.0541038513183594,-2.2444026470184326
-7.0241112709045410,-21.0105762481689453,-1.5385063886642456
-22.2810821533203125,-40.0731391906738281,-2.2482011318206787
-2.8640959262847900,-34.6114692687988281,-2.2451574802398682
12.2848939895629883,-15.2849063873291016,-2.2456009387969971
6.4214944839477539,-11.0788488388061523,-2.2420592308044434
0.1867408603429794,-7.6624412536621094,-1.5358527898788452
25.7177505493164063,-55.5728607177734375,-2.2437582015991211
3.7870962619781494,-28.0718460083007813,-1.5357079505920410
-10.6215248107910156,-35.3518562316894531,-2.2425985336303711
11.3052196502685547,-21.2110977172851563,-1.5341304540634155
1.0157003402709961,-23.1584434509277344,-1.5343643426895142
1.0224124193191528,-17.7541446685791016,-2.2486410140991211
1.0352725982666016,-16.3872585296630859,-2.2440106868743896
-10.6167392730712891,-16.6499805450439453,-2.2464950084686279
20.2218837738037109,-43.9625053405761719,-1.5299874544143677
-1.1173739433288574,-20.6195678710937500,-1.5343284606933594
8.5810222625732422,-51.2292366027832031,-1.5306224822998047
36.3158912658691406,-53.2093696594238281,-2.2412078380584717
10.6204299926757813,-35.3704185485839844,-1.5333476066589355
-3.7779147624969482,-21.9692649841308594,-2.2421300411224365
-20.9671726226806641,-51.0327262878417969,-1.5317177772521973
7.7729759216308594,-29.0520648956298828,-2.2470974922180176
-13.3780508041381836,-47.2352371215820313,-1.5270494222640991
-26.4012870788574219,-44.9343338012695313,-1.5337072610855103
-16.7709789276123047,-32.7326354980468750,-1.5362899303436279
1.7418948411941528,-4.5758666992187500,-2.2430460453033447
37.3029136657714844,-56.2967338562011719,-1.5368523597717285
8.5548572540283203,-24.6578674316406250,-2.2498939037322998
10.8507423400878906,-34.7502174377441406,-2.2582216262817383
35.3247299194335938,-54.7879180908203125,-2.2426648139953613
-15.4205923080444336,-48.5280570983886719,-1.5345121622085571
-20.7036933898925781,-48.5205497741699219,-2.2481508255004883
12.1583919525146484,-50.0493202209472656,-2.2414150238037109
3.7786290645599365,-38.3041381835937500,-1.5356539487838745
-22.9826927185058594,-42.1730613708496094,-2.2436816692352295
17.4215240478515625,-54.6763687133789063,-2.2462959289550781
1.7802079916000366,-13.0323667526245117,-1.5322057008743286
26.4206771850585938,-50.7169647216796875,-2.2509624958038330
-8.5802392959594727,-16.6211261749267578,-2.2462770938873291
-10.8378200531005859,-45.3088684082031250,-1.5296397209167480
21.4917907714843750,-52.7380371093750000,-2.2427394390106201
2.2993683815002441,-51.9804077148437500,-2.2464048862457275
-6.3140406608581543,-21.9768676757812500,-2.2447645664215088
-31.1927795410156250,-55.5782127380371094,-2.2461130619049072
-22.9794578552246094,-39.3673629760742188,-2.2465872764587402
-12.4091377258300781,-33.8772087097167969,-1.5341099500656128
-11.2009544372558594,-45.8915977478027344,-2.2454133033752441
-3.7810289859771729,-42.5153312683105469,-2.2473318576812744
-4.3448104858398438,-9.7126207351684570,-2.2427563667297363
-13.3790473937988281,-28.0399684906005859,-2.2418487071990967
13.3846111297607422,-20.5103263854980469,-1.5354508161544800
8.5829620361328125,-48.8478469848632813,-1.5332903861999512
7.9349102973937988,-43.4201278686523438,-2.2416071891784668
10.6217651367187500,-16.9611415863037109,-2.2425248622894287
-16.8314323425292969,-47.8404273986816406,-2.2479915618896484
-1.0200868844985962,-54.8726577758789063,-1.5325479507446289
3.7805049419403076,-48.1597251892089844,-1.5342023372650146
-20.2162666320800781,-42.9190711975097656,-1.5363242626190186
15.4218006134033203,-57.0036621093750000,-1.5386044979095459
18.1805953979492188,-28.9208145141601563,-1.5357629060745239
21.9247932434082031,-57.0068092346191406,-2.2462990283966064
7.7897939682006836,-22.6873016357421875,-2.2460942268371582
20.2129421234130859,-41.6049957275390625,-1.5323489904403687
-3.7807261943817139,-23.3742599487304688,-2.2461063861846924
-18.1833686828613281,-43.9313201904296875,-1.5357427597045898
5.8434500694274902,-25.8750457763671875,-1.5295404195785522
8.5785379409790039,-16.6653022766113281,-1.5313335657119751
-3.7763113975524902,-22.6746768951416016,-1.5372624397277832
-16.8202934265136719,-43.8064308166503906,-1.5307191610336304
11.9696512222290039,-50.7260360717773438,-1.5322927236557007
20.4097747802734375,-40.2542724609375000,-1.5306512117385864
6.5148301124572754,-36.9269332885742188,-2.2452433109283447
5.8191666603088379,-40.4466590881347656,-2.2529423236846924
-8.5780420303344727,-45.8817825317382813,-1.5261682271957397
-22.2775077819824219,-46.5837936401367188,-1.5369439125061035
5.8211960792541504,-47.0059852600097656,-1.5352848768234253
-22.9827060699462891,-51.3959312438964844,-1.5337710380554199
-6.5490102767944336,-24.4949340820312500,-1.5366554260253906
-5.8499817848205566,-29.0918254852294922,-2.2567806243896484
-11.7993154525756836,-13.7813329696655273,-2.2426278591156006
5.8180994987487793,-27.8928928375244141,-2.2460389137268066
-18.1795864105224609,-45.2992439270019531,-1.5303808450698853
18.1776332855224609,-33.3254203796386719,-2.2483172416687012
16.8230724334716797,-42.9377670288085938,-1.5356510877609253
-7.8554544448852539,-57.0051307678222656,-2.2439389228820801
7.0303182601928711,-6.5121092796325684,-1.5386816263198853
1.0162206888198853,-53.0673217773437500,-1.5224692821502686
-16.1625785827636719,-39.7273406982421875,-2.2469756603240967
15.4180250167846680,-37.9387969970703125,-2.2436287403106689
15.8948040008544922,-46.1424560546875000,-2.2453670501708984
-25.0132675170898438,-56.3039970397949219,-1.5360255241394043
-7.3911690711975098,-38.1328125000000000,-2.2412836551666260
22.9838695526123047,-53.4123458862304688,-1.5243946313858032
-7.8776102066040039,-22.2948589324951172,-2.2428998947143555
-2.9040751457214355,-26.8766155242919922,-1.5320651531219482
2.7904613018035889,-55.8116569519042969,-1.5306113958358765
-12.6261100769042969,-45.2000427246093750,-1.5344763994216919
7.8387718200683594,-51.8971328735351563,-1.5306793451309204
1.0228122472763062,-19.1222343444824219,-2.2444677352905273
-11.3980493545532227,-39.3666610717773438,-2.2491707801818848
1.0200498104095459,-57.0041351318359375,-1.5335634946823120
-6.8039202690124512,-29.5921001434326172,-1.5377304553985596
17.4195556640625000,-46.7031440734863281,-1.5363820791244507
-8.7549486160278320,-9.2578630447387695,-1.5384088754653931
-13.3790912628173828,-23.3013591766357422,-2.2501137256622314
-22.9760665893554688,-48.6929168701171875,-1.5351125001907349
11.9124374389648438,-53.4431991577148438,-1.5360249280929565
8.1059122085571289,-13.1300773620605469,-2.2499930858612061
10.6192483901977539,-46.5013275146484375,-1.5352644920349121
1.0186879634857178,-15.3948001861572266,-2.2422435283660889
1.7320059537887573,-31.1857147216796875,-2.2523174285888672
-1.4329336881637573,-6.3226847648620605,-1.5385330915451050
-18.1816253662109375,-40.1906776428222656,-1.5315226316452026
-16.1419792175292969,-36.9690399169921875,-2.2480404376983643
22.2744483947753906,-52.0416145324707031,-2.2438039779663086
27.6648788452148438,-52.9561538696289063,-2.2444939613342285
2.1500456333160400,-36.9771957397460938,-1.5336935520172119
13.3846378326416016,-44.1607513427734375,-2.2434959411621094
-7.8201036453247070,-33.6001014709472656,-2.2509250640869141
16.7981052398681641,-21.1659851074218750,-2.2455482482910156
7.1194834709167480,-51.8913955688476563,-2.2446999549865723
1.7271413803100586,-19.1315956115722656,-1.5363663434982300
17.4849567413330078,-41.5004768371582031,-2.2446498870849609
25.0200939178466797,-45.5200004577636719,-1.5361727476119995
-12.3935604095458984,-29.7777099609375000,-1.5358554124832153
-11.3647937774658203,-30.0949802398681641,-1.5347440242767334
13.3818349838256836,-54.0789680480957031,-2.2485404014587402
2.4057793617248535,-48.9592781066894531,-1.5325459241867065
-25.7120132446289063,-44.2127876281738281,-1.5337501764297485
-16.2398529052734375,-19.4354667663574219,-1.5387300252914429
-16.1136608123779297,-54.1833000183105469,-2.2447431087493896
-11.2323465347290039,-42.4187202453613281,-1.5194116830825806
-8.2374401092529297,-7.6788477897644043,-2.2430722713470459
-13.3785762786865234,-22.6282444000244141,-1.5299296379089355
-15.4213495254516602,-38.3544578552246094,-1.5338460206985474
21.4630508422851563,-32.1768531799316406,-1.5387367010116577
-27.7820968627929688,-46.3738212585449219,-1.5362221002578735
17.4915027618408203,-42.2040748596191406,-1.5333383083343506
-10.5253190994262695,-7.5458154678344727,-1.5377817153930664
12.6870441436767578,-22.6409759521484375,-1.5350515842437744
-30.5061817169189453,-52.7300148010253906,-1.5339980125427246
-3.7812454700469971,-57.0043067932128906,-2.2438704967498779
13.3777475357055664,-57.0051269531250000,-1.5352638959884644
-16.8472423553466797,-38.3394393920898438,-1.5360308885574341
-16.9867744445800781,-31.3230648040771484,-2.2460999488830566
-1.8903037309646606,-7.2548666000366211,-1.5360360145568848
-3.7902967929840088,-44.8639755249023438,-2.2527368068695068
15.9038486480712891,-51.1523132324218750,-2.2443668842315674
20.2161197662353516,-49.7469558715820313,-1.5308237075805664
-8.5816793441772461,-51.9390563964843750,-1.5296359062194824
-5.8204026222229004,-43.8415069580078125,-1.5356512069702148
-31.1992721557617188,-52.7389984130859375,-2.2456960678100586
31.2004928588867188,-53.4298553466796875,-1.5339903831481934
-1.0141972303390503,-48.4397697448730469,-1.5262664556503296
-11.7003231048583984,-50.7324447631835938,-2.2420294284820557
-16.1448497772216797,-39.0417327880859375,-1.5333495140075684
-2.8540048599243164,-37.7565231323242188,-1.5293899774551392
-25.7063312530517578,-55.5987548828125000,-1.5347187519073486
2.9969999790191650,-5.1403908729553223,-1.5389689207077026
-5.0511670112609863,-9.0104503631591797,-2.2437281608581543
15.4148912429809570,-40.8114967346191406,-2.2452206611633301
-16.6474456787109375,-35.8402442932128906,-2.2497549057006836
9.0852346420288086,-9.9443559646606445,-1.5385787487030029
-1.0185770988464355,-45.8185386657714844,-1.5379570722579956
-27.0895996093750000,-44.2124748229980469,-1.5334699153900146
-20.2163944244384766,-55.3410186767578125,-2.2416412830352783
-8.5753927230834961,-14.2294750213623047,-2.2428398132324219
-27.7861213684082031,-52.0679779052734375,-1.5364394187927246
-6.9812326431274414,-15.4261312484741211,-2.2512888908386230
20.2191009521484375,-48.0937347412109375,-2.2501215934753418
-7.8608326911926270,-27.5336761474609375,-1.5362535715103149
-15.9020586013793945,-28.2329483032226563,-2.2455561161041260
-27.0922298431396484,-51.3609428405761719,-1.5351321697235107
8.5780372619628906,-20.9876689910888672,-2.2486701011657715
1.7205036878585815,-42.0853538513183594,-1.5230195522308350
4.0585846900939941,-7.8103189468383789,-1.5368053913116455
11.2874736785888672,-45.5630874633789063,-1.5330063104629517
-10.7606697082519531,-14.9711523056030273,-1.5348478555679321
4.4584069252014160,-11.1036062240600586,-2.2421813011169434
-3.0588266849517822,-22.6952896118164063,-2.2461888790130615
-13.3777284622192383,-42.8534355163574219,-2.2427763938903809
-25.0144710540771484,-50.6528701782226563,-1.5358418226242065
12.9149866104125977,-13.8489112854003906,-1.5324016809463501
-17.4606437683105469,-22.0365829467773438,-2.2430691719055176
-29.8179321289062500,-55.5758590698242188,-2.2454934120178223
-8.1266059875488281,-48.3969612121582031,-1.5290571451187134
1.7070724964141846,-20.1197586059570313,-1.5342725515365601
10.6192789077758789,-18.3728370666503906,-2.2429904937744141
-6.5622735023498535,-34.6087036132812500,-1.5364524126052856
-15.4171142578125000,-57.0050621032714844,-1.5355151891708374
-13.3799533843994141,-50.5203704833984375,-1.5368120670318604
-12.4864349365234375,-12.8994235992431641,-2.2425522804260254
-31.8915138244628906,-54.8769035339355469,-2.2455410957336426
-22.0088520050048828,-54.4419670104980469,-1.5346864461898804
-22.9798679351806641,-49.3796310424804688,-2.2517845630645752
-6.5477819442749023,-19.8110408782958984,-1.5343161821365356
-20.9252700805664063,-45.0190277099609375,-1.5355752706527710
27.7800865173339844,-48.9280319213867188,-1.5344959497451782
-6.6806268692016602,-54.4667243957519531,-1.5316504240036011
16.7880439758300781,-53.9089012145996094,-2.2436840534210205
-11.6185474395751953,-33.3338623046875000,-2.2455878257751465
-37.3012886047363281,-54.2610244750976563,-1.5374454259872437
-8.5719156265258789,-30.2232360839843750,-2.2505600452423096
30.5073680877685547,-54.8753623962402344,-2.2461967468261719
-6.2991933822631836,-45.3248825073242188,-2.2459442615509033
-7.8546576499938965,-52.6135292053222656,-1.5322083234786987
8.5788812637329102,-17.9692077636718750,-1.5341287851333618
2.4075479507446289,-33.2820396423339844,-2.2468338012695313
15.4190731048583984,-21.1563854217529297,-2.2442579269409180
20.9216880798339844,-42.2944068908691406,-1.5350303649902344
10.6199331283569336,-17.6626396179199219,-1.5370794534683228
6.5008630752563477,-13.0931348800659180,-1.5313816070556641
7.1841993331909180,-57.0052680969238281,-2.2447123527526855
5.0029797554016113,-9.6885347366333008,-2.2439680099487305
15.8723440170288086,-52.1494979858398438,-2.2522692680358887
-20.2147750854492188,-42.2018127441406250,-2.2460777759552002
18.1801757812500000,-21.8827972412109375,-1.5371979475021362
11.3016452789306641,-21.9150276184082031,-2.2467012405395508
-4.1688446998596191,-6.8880944252014160,-1.5376597642898560
-9.1030950546264648,-6.7314190864562988,-2.2414605617523193
22.1725139617919922,-32.1503181457519531,-2.2413518428802490
-20.9425029754638672,-51.7181320190429688,-2.2443425655364990
-18.1810741424560547,-33.8821334838867188,-1.5324004888534546
7.2671275138854980,-39.7882995605468750,-1.5380901098251343
1.8119239807128906,-40.0605850219726563,-2.2490763664245605
10.6214857101440430,-26.7973060607910156,-2.2507390975952148
29.8187026977539063,-56.2993659973144531,-1.5372385978698730
-12.8120880126953125,-35.3213081359863281,-2.2400052547454834
-13.3809366226196289,-56.3155860900878906,-2.2443737983703613
6.5427136421203613,-24.5116405487060547,-2.2465720176696777
-1.7481735944747925,-26.3746757507324219,-1.5344042778015137
-12.8341846466064453,-37.3793716430664063,-2.2446799278259277
3.7812321186065674,-45.0861778259277344,-2.2451741695404053
3.7875077724456787,-46.7644691467285156,-1.5339047908782959
5.8223552703857422,-27.2162590026855469,-1.5287817716598511
-1.4997814893722534,-40.5243530273437500,-2.2507438659667969
13.3804187774658203,-23.3533267974853516,-1.5363937616348267
-7.8617286682128906,-37.2582473754882813,-2.2483758926391602
-0.9147365093231201,-10.6240663528442383,-1.5332893133163452
-10.6216344833374023,-28.7930335998535156,-2.2564218044281006
13.3815374374389648,-29.5040206909179688,-2.2457134723663330
7.2109928131103516,-31.7149677276611328,-2.2498011589050293
-25.7085266113281250,-47.8008651733398438,-2.2459344863891602
27.7788066864013672,-49.9225502014160156,-1.5379247665405273
1.9474865198135376,-15.7485685348510742,-2.2519786357879639
-7.8550758361816406,-41.2593727111816406,-1.5302096605300903
10.6169624328613281,-14.3239078521728516,-2.2450339794158936
1.8760104179382324,-43.2960853576660156,-1.5284667015075684
3.0913920402526855,-4.4392237663269043,-2.2441945075988770
5.8418788909912109,-16.1580734252929688,-1.5310152769088745
-17.4477252960205078,-37.3054313659667969,-1.5319434404373169
-3.7794630527496338,-18.8161983489990234,-2.2440283298492432
3.5442116260528564,-10.5296535491943359,-1.5334376096725464
18.1796417236328125,-21.1768741607666016,-2.2428100109100342
-12.0776681900024414,-56.3646965026855469,-2.2424275875091553
18.1789722442626953,-44.5943527221679688,-1.5375981330871582
5.8190598487854004,-23.8347072601318359,-2.2451784610748291
-9.5117225646972656,-9.9072351455688477,-1.5351257324218750
-30.5063610076904297,-56.2929267883300781,-2.2454617023468018
2.3758776187896729,-37.6162261962890625,-2.2488577365875244
-1.7183889150619507,-45.1098899841308594,-1.5343836545944214
-18.1461029052734375,-37.3059883117675781,-2.2499942779541016
-6.8461494445800781,-7.4873766899108887,-2.2418377399444580
35.3119850158691406,-55.4892196655273438,-1.5344483852386475
-1.7429407835006714,-30.0710487365722656,-1.5332084894180298
27.0518989562988281,-49.9409866333007813,-2.2444543838500977
11.6963901519775391,-24.8253211975097656,-2.2435390949249268
2.5322186946868896,-41.5039825439453125,-1.5387666225433350
-12.1762866973876953,-32.9144210815429688,-1.5365586280822754
-13.3815155029296875,-15.6699743270874023,-1.5367463827133179
-17.4582729339599609,-49.2767219543457031,-1.5322715044021606
20.2206401824951172,-56.3122673034667969,-2.2473268508911133
13.3803091049194336,-46.2824249267578125,-1.5362300872802734
37.3011779785156250,-54.1908531188964844,-2.2427370548248291
-12.6434974670410156,-23.3033008575439453,-1.5314465761184692
-7.7750344276428223,-5.7772974967956543,-1.6567152738571167
-13.3785972595214844,-17.7679710388183594,-2.2448604106903076
-3.7819683551788330,-54.9174652099609375,-1.5309768915176392
-8.5816087722778320,-18.1573791503906250,-1.5316646099090576
-30.5059642791748047,-55.5910911560058594,-1.5328091382980347
3.7827687263488770,-38.9952888488769531,-2.2490649223327637
22.9808826446533203,-47.7077522277832031,-2.2411720752716064
-7.5203022956848145,-50.6896743774414063,-2.2557647228240967
-11.3318872451782227,-38.0244293212890625,-2.2463436126708984
21.1600399017333984,-37.2207145690917969,-1.5354700088500977
16.1278724670410156,-43.6446800231933594,-1.5359551906585693
27.7810058593750000,-53.6383781433105469,-1.5358071327209473
25.9948654174804688,-48.1261253356933594,-2.2471864223480225
6.5250754356384277,-39.0662765502929688,-1.5363007783889771
15.4221124649047852,-23.2145404815673828,-2.2414898872375488
21.5804367065429688,-52.0457420349121094,-1.5314841270446777
-6.2111887931823730,-18.5241870880126953,-2.2461531162261963
25.0180988311767578,-57.0020294189453125,-1.5350415706634521
-8.2840604782104492,-8.3785429000854492,-1.5360963344573975
2.8706998825073242,-43.1041793823242188,-2.2560365200042725
-3.7778902053833008,-14.1138648986816406,-1.5337482690811157
-3.7792255878448486,-41.8411026000976563,-1.5296702384948730
-11.6660022735595703,-51.7252006530761719,-2.2419247627258301
-5.8127517700195313,-45.8051414489746094,-1.5235995054244995
1.0221368074417114,-39.4031219482421875,-2.2547240257263184
-9.6252498626708984,-8.0829467773437500,-1.5342108011245728
1.0088992118835449,-48.1785697937011719,-2.2484145164489746
-27.7868022918701172,-55.5988616943359375,-2.2440669536590576
20.7023048400878906,-55.1780891418457031,-2.2550761699676514
2.6217668056488037,-27.5915603637695313,-1.5303145647048950
-12.6215333938598633,-46.5752525329589844,-1.5323594808578491
12.8708658218383789,-30.0075950622558594,-1.5385100841522217
16.1067790985107422,-27.4862403869628906,-2.2467510700225830
-29.8138179779052734,-56.3002395629882813,-1.5358974933624268
-8.5793437957763672,-28.2214832305908203,-1.5314089059829712
-25.0157756805419922,-57.0058517456054688,-2.2442183494567871
2.1619446277618408,-14.6305780410766602,-2.2413821220397949
10.7017908096313477,-54.6324195861816406,-2.2421863079071045
16.6816558837890625,-32.7212142944335938,-1.5326249599456787
-21.6409854888916016,-45.0160713195800781,-2.2461063861846924
-8.5784158706665039,-15.9259424209594727,-1.5366561412811279
-6.7793626785278320,-23.5252609252929688,-1.5384593009948730
-17.4676647186279297,-21.3324298858642578,-1.5373660326004028
8.1526107788085938,-54.3793907165527344,-2.2561123371124268
6.4913477897644043,-57.0063552856445313,-1.5311850309371948
-10.6199321746826172,-57.0078430175781250,-1.5354039669036865
3.7804338932037354,-36.1965942382812500,-2.2432646751403809
7.1977434158325195,-56.3160514831542969,-1.5303498506546021
-12.3686819076538086,-27.0802803039550781,-2.2434182167053223
-1.0216501951217651,-26.3696193695068359,-2.2477416992187500
-11.2573204040527344,-9.4933118820190430,-2.2413005828857422
-7.0484104156494141,-20.2989025115966797,-2.2429971694946289
31.8910980224609375,-51.1334342956542969,-1.5368981361389160
22.9822788238525391,-42.2427597045898438,-1.5281478166580200
12.6901025772094727,-39.1723289489746094,-2.2452414035797119
-1.0157152414321899,-52.8304214477539063,-2.2465643882751465
2.2095146179199219,-20.6042728424072266,-2.2446970939636230
-11.6066169738769531,-32.3423347473144531,-2.2452349662780762
-2.7940046787261963,-19.7984428405761719,-2.2468769550323486
-3.0457439422607422,-44.2195701599121094,-2.2456760406494141
-7.6234564781188965,-39.2908782958984375,-1.5380104780197144
-7.9743695259094238,-16.9400768280029297,-1.5303987264633179
-6.0595941543579102,-26.8156433105468750,-2.2493348121643066
-1.0220564603805542,-25.6828250885009766,-1.5332114696502686
-6.5342202186584473,-33.9114570617675781,-2.2468984127044678
-7.7702884674072266,-43.9774856567382813,-1.5316150188446045
-15.4168424606323242,-24.7489471435546875,-1.5379483699798584
-21.2022266387939453,-55.4125480651855469,-2.2484855651855469
13.3824539184570313,-19.0866260528564453,-1.5347381830215454
-8.5831747055053711,-48.9087753295898438,-2.2473890781402588
16.1020679473876953,-28.8760662078857422,-2.2478663921356201
29.8167934417724609,-54.8640556335449219,-1.5361438989639282
-1.0195000171661377,-29.3893051147460938,-1.5318349599838257
8.0819625854492188,-42.2262840270996094,-2.2445037364959717
2.9913763999938965,-11.9393062591552734,-1.5357731580734253
21.8945178985595703,-42.0870056152343750,-1.5366507768630981
-3.7782630920410156,-24.0586967468261719,-1.5316116809844971
-3.3056225776672363,-19.3242530822753906,-1.5332794189453125
5.8188052177429199,-48.1216163635253906,-1.5316650867462158
25.7276821136474609,-54.8711853027343750,-1.5356408357620239
-3.0462851524353027,-12.7481842041015625,-2.2417659759521484
-16.9378795623779297,-39.0991897583007813,-2.2413625717163086
-22.2563533782958984,-57.0105247497558594,-2.2467043399810791
-3.7484164237976074,-11.3075971603393555,-1.5352058410644531
-1.0207141637802124,-35.8141288757324219,-2.2435123920440674
-7.3474369049072266,-47.6809005737304688,-1.5338542461395264
-32.5709190368652344,-49.1629714965820313,-1.5387556552886963
-2.9137408733367920,-26.1909179687500000,-2.2467494010925293
15.4340801239013672,-33.1578445434570313,-1.5322918891906738
-5.8934402465820313,-9.7766437530517578,-2.2430033683776855
13.1350660324096680,-55.7272224426269531,-1.5268568992614746
-20.8946762084960938,-42.1931228637695313,-1.5316195487976074
-11.1002492904663086,-13.7857952117919922,-1.5334563255310059
22.2660198211669922,-46.2944602966308594,-1.5354815721511841
2.4588367938995361,-56.3884696960449219,-2.2507495880126953
-16.9493198394775391,-19.4400825500488281,-2.2413928508758545
34.6201210021972656,-54.7769508361816406,-1.5365211963653564
8.5827770233154297,-49.5381851196289063,-2.2480993270874023
-2.7007393836975098,-50.4654350280761719,-2.2489786148071289
-22.9797744750976563,-37.9982719421386719,-2.2450959682464600
7.8737874031066895,-45.1224899291992188,-2.2416820526123047
2.0080130100250244,-27.2817802429199219,-2.2452065944671631
2.5761263370513916,-46.9801330566406250,-2.2441391944885254
5.8142595291137695,-36.9312782287597656,-1.5381851196289063
-3.7778799533843994,-49.0128097534179688,-1.5301668643951416
-1.0209550857543945,-27.0531826019287109,-1.5353558063507080
-8.5780487060546875,-53.9693794250488281,-2.2493584156036377
6.4831142425537109,-32.4227752685546875,-2.2447936534881592
-20.9509811401367188,-49.6854019165039063,-1.5268222093582153
15.4204692840576172,-34.5113105773925781,-1.5294169187545776
-7.7172040939331055,-13.7184104919433594,-2.2463569641113281
8.5903882980346680,-38.3282585144042969,-1.5365182161331177
-5.8170962333679199,-57.0086936950683594,-2.2443194389343262
29.8178424835205078,-55.5958023071289063,-2.2446398735046387
10.6222333908081055,-25.4287853240966797,-2.2468850612640381
-11.3369131088256836,-55.6504936218261719,-2.2477173805236816
2.0195183753967285,-29.8090820312500000,-1.5372775793075562
-7.8413481712341309,-45.2130393981933594,-1.5339992046356201
-17.4659252166748047,-48.6004333496093750,-2.2507519721984863
2.8300225734710693,-25.7163429260253906,-2.2443361282348633
7.7908186912536621,-23.3717880249023438,-1.5316363573074341
15.4556789398193359,-35.1845359802246094,-2.2499606609344482
13.3851518630981445,-13.3557538986206055,-2.2461657524108887
10.6265773773193359,-55.6255722045898438,-2.2427635192871094
15.9794473648071289,-22.7411003112792969,-1.5594072341918945
16.4181289672851563,-25.5349693298339844,-2.2445991039276123
-2.4578955173492432,-45.7712745666503906,-1.5320060253143311
1.8006200790405273,-41.4197349548339844,-2.2487690448760986
-13.3822107315063477,-39.9844093322753906,-1.5295420885086060
1.6102290153503418,-9.3016910552978516,-1.5354071855545044
3.7845973968505859,-33.2604026794433594,-2.2436850070953369
-31.1932277679443359,-54.8756065368652344,-1.5372346639633179
12.7038478851318359,-42.0212821960449219,-2.2476365566253662
25.1392078399658203,-44.8278923034667969,-2.2423748970031738
22.9724407196044922,-39.2420005798339844,-2.2491729259490967
18.1803054809570313,-25.6878395080566406,-1.5347546339035034
-15.4153966903686523,-54.8859977722167969,-2.2433075904846191
12.4660673141479492,-10.1922473907470703,-2.2411541938781738
11.6449613571166992,-11.8849620819091797,-2.2475893497467041
20.2387714385986328,-44.6369552612304688,-2.2504062652587891
-2.6263594627380371,-46.4248275756835938,-2.2499563694000244
17.4785327911376953,-31.9392013549804688,-1.5370405912399292
10.6182117462158203,-32.4961585998535156,-2.2436430454254150
-1.0182807445526123,-55.5680122375488281,-2.2428431510925293
-26.4006214141845703,-54.8954772949218750,-1.5343221426010132
-1.0196571350097656,-42.7065315246582031,-2.2437627315521240
-1.0202766656875610,-31.4441947937011719,-2.2449245452880859
5.8157439231872559,-48.7979774475097656,-2.2518792152404785
-1.0155206918716431,-54.1964492797851563,-2.2495579719543457
-37.3049049377441406,-56.3276519775390625,-2.2479867935180664
17.5645332336425781,-35.6182823181152344,-2.2416243553161621
-11.3269834518432617,-57.0120239257812500,-2.2441990375518799
-6.7606511116027832,-35.6121559143066406,-1.8368285894393921
-2.5256597995758057,-39.6680335998535156,-2.2498898506164551
-7.7242770195007324,-36.5885848999023438,-1.5316560268402100
3.7805907726287842,-13.1627664566040039,-2.2489204406738281
5.8319454193115234,-34.1723594665527344,-1.5303542613983154
-22.9790897369384766,-55.6644172668457031,-1.5307033061981201
31.2002429962158203,-54.8653831481933594,-1.5350996255874634
-4.3839879035949707,-10.4146690368652344,-1.5369334220886230
-13.3785238265991211,-21.2599582672119141,-1.5348007678985596
-13.3792171478271484,-52.1594619750976563,-2.2551743984222412
27.7865848541259766,-55.6140480041503906,-1.5336625576019287
-5.9124011993408203,-35.9356269836425781,-2.2466087341308594
-32.5824737548828125,-57.0028419494628906,-2.2436897754669189
-27.0919742584228516,-57.0085983276367188,-1.5343773365020752
-15.9253034591674805,-24.2430992126464844,-2.2430570125579834
3.7813489437103271,-25.3857955932617188,-2.2462868690490723
2.3887426853179932,-13.9119272232055664,-1.5347242355346680
-16.9634208679199219,-30.3245334625244141,-2.2497334480285645
2.0138328075408936,-26.2900104522705078,-2.2549221515655518
7.8424019813537598,-32.6273994445800781,-2.2445151805877686
-2.4596457481384277,-25.6756820678710938,-1.5342456102371216
-11.3269395828247070,-17.3434467315673828,-2.2462701797485352
-7.8036398887634277,-12.3303918838500977,-2.2431721687316895
16.6699676513671875,-51.0026550292968750,-1.5311055183410645
13.3787822723388672,-41.2887535095214844,-2.2431523799896240
-25.7089252471923828,-49.2283325195312500,-2.2455232143402100
-16.5352287292480469,-33.8714370727539063,-1.5375090837478638
10.2688827514648438,-9.7690725326538086,-1.5362992286682129
6.6159615516662598,-40.5297775268554688,-1.5419062376022339
-1.7633556127548218,-29.3864421844482422,-2.2480900287628174
-5.8085751533508301,-11.1794738769531250,-2.2441384792327881
-18.1803493499755859,-24.4199562072753906,-1.5373358726501465
-2.9903604984283447,-28.9401111602783203,-2.2468402385711670
25.0212688446044922,-43.8375015258789063,-2.2424962520599365
-17.4589977264404297,-49.9653205871582031,-2.2458384037017822
-25.0190963745117188,-45.6445999145507813,-2.2440927028656006
7.9014968872070313,-39.0351295471191406,-1.5311442613601685
-13.3742036819458008,-18.4632606506347656,-1.5351635217666626
10.6218891143798828,-26.1174068450927734,-1.5328624248504639
-10.6160001754760742,-44.6861457824707031,-2.2515084743499756
22.2607936859130859,-45.5966796875000000,-2.2450656890869141
-12.2359218597412109,-17.9255447387695313,-1.5343421697616577
-16.6093368530273438,-35.1622123718261719,-1.5306229591369629
25.7157764434814453,-50.0234146118164063,-2.2449975013732910
6.5775237083435059,-30.2143516540527344,-1.5332027673721313
22.3141956329345703,-43.7310714721679688,-2.2480177879333496
-3.7787120342254639,-35.1150970458984375,-2.2535319328308105
7.2617530822753906,-17.8054389953613281,-2.2438774108886719
-1.4847877025604248,-34.6188774108886719,-2.2508027553558350
-3.3334610462188721,-21.4217319488525391,-1.5366954803466797
-11.1437997817993164,-33.8529281616210938,-1.5381622314453125
-37.2967529296875000,-57.0057907104492188,-1.5337145328521729
-21.6480007171630859,-45.6981697082519531,-1.5283317565917969