x,y,z
6.5532574653625488,-45.4526481628417969,-2.2520732879638672
-27.0899448394775391,-55.6060218811035156,-2.2464811801910400
-0.0679900422692299,-10.0940694808959961,-1.5384504795074463
-26.3563537597656250,-49.9471321105957031,-1.5360238552093506
12.1426639556884766,-13.1895809173583984,-1.5362855195999146
29.8192214965820313,-51.9926757812500000,-1.5364617109298706
-3.7816038131713867,-32.9146575927734375,-2.2522356510162354
21.7395668029785156,-33.2437591552734375,-2.2421510219573975
22.2935523986816406,-41.4713287353515625,-2.2458534240722656
-16.1259918212890625,-23.1579532623291016,-1.5376574993133545
-20.2199592590332031,-42.5648612976074219,-2.2455899715423584
7.1707282066345215,-27.5018196105957031,-2.2498271465301514
-27.7821826934814453,-52.7425689697265625,-1.5380586385726929
-2.8180556297302246,-19.5938682556152344,-1.5343602895736694
11.5222415924072266,-48.1931877136230469,-2.2458910942077637
-1.5086767673492432,-17.3565349578857422,-1.5340030193328857
6.5358219146728516,-42.1264877319335938,-2.2475655078887939
-17.5924625396728516,-22.7376117706298828,-1.5378183126449585
-31.6881141662597656,-54.5109977722167969,-1.5360828638076782
-20.2219333648681641,-52.7803306579589844,-2.2420630455017090
-27.0765666961669922,-45.0176048278808594,-2.2439537048339844
-21.8433151245117188,-34.0808181762695313,-1.5362496376037598
-5.8583936691284180,-4.6584920883178711,-2.2410681247711182
-20.2185935974121094,-45.8937873840332031,-1.5229958295822144
-29.8215751647949219,-52.3192596435546875,-2.2426264286041260
-16.4901485443115234,-43.2130546569824219,-1.5320746898651123
-15.4223060607910156,-31.9554347991943359,-1.5380209684371948
18.1833229064941406,-49.2746772766113281,-2.2532207965850830
10.6222209930419922,-41.7038497924804688,-2.2536725997924805
-17.1786117553710938,-47.8573112487792969,-1.5382554531097412
-16.8069744110107422,-50.1590614318847656,-1.5330593585968018
-10.6180572509765625,-23.1389827728271484,-1.5362416505813599
-1.7233643531799316,-53.6093902587890625,-2.2453334331512451
-8.1986341476440430,-10.5955305099487305,-1.5331937074661255
-11.2946767807006836,-22.4062919616699219,-1.5310786962509155
-35.3239135742187500,-53.3038215637207031,-1.5369298458099365
5.7231473922729492,-8.0705242156982422,-1.5371757745742798
-1.0210814476013184,-14.1987543106079102,-1.5375345945358276
15.5923891067504883,-45.8581428527832031,-2.2455608844757080
3.3576681613922119,-9.4212427139282227,-2.2476673126220703
-30.3175525665283203,-53.5221786499023438,-2.2431662082672119
-10.7666225433349609,-26.8951110839843750,-1.5290777683258057
-25.0159015655517578,-53.4825706481933594,-2.2454373836517334
0.6665838956832886,-6.7880897521972656,-1.5349060297012329
26.5742206573486328,-48.0792083740234375,-1.5361671447753906
-7.8495759963989258,-34.3096885681152344,-2.2429265975952148
20.9064350128173828,-38.6293449401855469,-2.2455611228942871
31.8913898468017578,-52.0172309875488281,-2.2471375465393066
3.7818295955657959,-32.0313110351562500,-1.5281721353530884
-21.2181110382080078,-34.4027900695800781,-2.2420084476470947
1.7956107854843140,-49.3404998779296875,-1.5336697101593018
-6.2705216407775879,-25.3334980010986328,-1.5318241119384766
-25.6994075775146484,-52.7598037719726563,-2.2475576400756836
25.7433929443359375,-47.3808822631835938,-1.5344591140747070
15.4208984375000000,-35.6575736999511719,-1.5302338600158691
-1.7172929048538208,-43.3489418029785156,-2.2444806098937988
-6.3442645072937012,-34.3107643127441406,-2.2417595386505127
-12.5164718627929688,-10.1931772232055664,-1.5386567115783691
3.7760040760040283,-20.3299140930175781,-1.5344487428665161
11.7483186721801758,-16.9527549743652344,-2.2497534751892090
-13.3779592514038086,-44.5189781188964844,-2.2533051967620850
20.2223644256591797,-33.1243057250976563,-2.2419252395629883
-3.7808523178100586,-22.6885185241699219,-1.5377353429794312
-1.0216996669769287,-13.2044219970703125,-1.5378946065902710
-7.7721767425537109,-35.0015525817871094,-1.5336210727691650
27.7788524627685547,-44.9526290893554688,-2.2425799369812012
-1.4881665706634521,-38.7271232604980469,-1.5377494096755981
-6.5463447570800781,-5.9108176231384277,-2.2411577701568604
-0.7782466411590576,-4.1510415077209473,-1.5380884408950806
13.3801212310791016,-43.4737663269042969,-2.2501366138458252
-7.1238451004028320,-33.6356391906738281,-2.2478411197662354
-16.1366081237792969,-41.0394706726074219,-2.2447586059570313
6.5330691337585449,-49.2726554870605469,-2.2469220161437988
16.8899307250976563,-31.9440536499023438,-1.5337913036346436
-3.7854011058807373,-29.9068317413330078,-1.5281729698181152
-1.7572213411331177,-5.5239200592041016,-2.2433855533599854
-8.4588375091552734,-9.6345834732055664,-1.5344431400299072
-6.5044479370117188,-57.0089111328125000,-2.2473576068878174
13.3824043273925781,-35.1126251220703125,-2.2440519332885742
2.7901470661163330,-36.2389068603515625,-1.5356851816177368
-10.1987686157226563,-6.8782382011413574,-1.5388151407241821
-31.8377513885498047,-51.0333747863769531,-2.2412300109863281
-2.4048218727111816,-52.2027549743652344,-1.5345433950424194
-6.8095650672912598,-24.7832183837890625,-2.2475893497467041
-12.1708116531372070,-11.1486110687255859,-1.5383833646774292
-3.7819786071777344,-34.2866249084472656,-2.2449808120727539
-11.3414468765258789,-18.8893947601318359,-2.2444417476654053
7.1127204895019531,-38.4183540344238281,-2.2480394840240479
29.8163337707519531,-54.1664924621582031,-2.2437884807586670
-1.7644685506820679,-54.9597473144531250,-2.2516996860504150
11.3549098968505859,-43.7299728393554688,-2.2465043067932129
-35.2985153198242188,-54.7899818420410156,-1.5305649042129517
-6.0458064079284668,-46.7345581054687500,-1.5294678211212158
3.4925653934478760,-6.1898441314697266,-2.2410771846771240
-3.2804806232452393,-23.1801509857177734,-2.2441577911376953
0.5701968073844910,-7.7813196182250977,-1.5335249900817871
12.6783151626586914,-35.1093406677246094,-1.5361055135726929
25.3501358032226563,-42.5602684020996094,-1.5378074645996094
5.8313851356506348,-18.8143882751464844,-1.5332151651382446
11.3219194412231445,-46.0933952331542969,-2.2463903427124023
-7.9011902809143066,-7.6989169120788574,-2.2436211109161377
-7.3512549400329590,-5.3903198242187500,-1.5371929407119751
-3.7813291549682617,-25.6611385345458984,-1.5341696739196777
16.8164920806884766,-27.1926746368408203,-1.5342166423797607
-7.6015663146972656,-26.3274707794189453,-2.2441606521606445
11.3110733032226563,-54.8608093261718750,-2.2462890148162842
-17.3900718688964844,-45.5952453613281250,-2.2477340698242188
-5.8193578720092773,-38.9131774902343750,-1.5349540710449219
16.4481582641601563,-55.2952575683593750,-2.2520952224731445
-10.6182403564453125,-30.9791126251220703,-1.5358639955520630
-2.4596061706542969,-48.6982383728027344,-2.2483243942260742
12.0266313552856445,-33.6741867065429688,-2.2423901557922363
-22.9785537719726563,-46.6531753540039063,-2.2505776882171631
-10.6182689666748047,-50.0203361511230469,-2.2469232082366943
22.9861469268798828,-45.7127647399902344,-1.5351755619049072
-11.0864181518554688,-48.2517395019531250,-1.5283650159835815
-16.1212539672851563,-54.3942565917968750,-2.2470936775207520
6.5749592781066895,-40.1599121093750000,-1.5248289108276367
-8.5786142349243164,-18.2637901306152344,-1.5381052494049072
-15.4402866363525391,-46.0794639587402344,-1.5245974063873291
8.0985326766967773,-32.3787193298339844,-2.2459237575531006
-13.3782157897949219,-35.2716445922851563,-1.5339077711105347
-12.6847000122070313,-30.2577762603759766,-1.5337812900543213
-1.0152236223220825,-37.0864486694335938,-2.2484624385833740
7.0802540779113770,-39.7666702270507813,-2.2582881450653076
-1.6806619167327881,-37.8248252868652344,-2.2492136955261230
-11.2054204940795898,-36.1556205749511719,-1.5259534120559692
-1.0223573446273804,-18.6928443908691406,-1.5387009382247925
-6.2505221366882324,-47.8892707824707031,-1.5218396186828613
-12.8348474502563477,-49.3696746826171875,-2.2560777664184570
8.1312532424926758,-22.2827396392822266,-2.2495255470275879
8.5841093063354492,-48.0231933593750000,-2.2490923404693604
6.5087037086486816,-54.9071998596191406,-2.2461252212524414
5.7286548614501953,-7.0581407546997070,-2.2412965297698975
-29.8203201293945313,-54.0208740234375000,-1.5376425981521606
-11.9320487976074219,-36.8263168334960938,-1.5305548906326294
3.1416709423065186,-25.8647613525390625,-2.2452623844146729
2.8054308891296387,-38.2345199584960938,-1.5333150625228882
-10.6214885711669922,-42.0411529541015625,-1.5246940851211548
-3.5890388488769531,-16.1549434661865234,-2.2465429306030273
-31.5065402984619141,-50.4059448242187500,-1.5387936830520630
17.4992198944091797,-42.4328613281250000,-1.5318849086761475
12.4546651840209961,-12.5560398101806641,-2.2413640022277832
-3.3859364986419678,-11.0287456512451172,-1.5386731624603271
13.0103816986083984,-33.1674995422363281,-1.5305069684982300
10.6234445571899414,-25.7570781707763672,-2.2093148231506348
-12.3917074203491211,-14.3590965270996094,-1.5357955694198608
30.5105457305908203,-56.2961769104003906,-2.2456214427947998
1.0215045213699341,-53.7082939147949219,-1.5328915119171143
-16.7627143859863281,-37.9559211730957031,-1.5340775251388550
-7.9198765754699707,-28.9874420166015625,-2.2496678829193115
2.8459677696228027,-21.7184123992919922,-2.2460491657257080
1.0203818082809448,-15.9734449386596680,-1.5372629165649414
-16.1180572509765625,-53.0051422119140625,-2.2441678047180176
21.5720787048339844,-37.2027282714843750,-1.5379110574722290
-1.0141062736511230,-23.3198642730712891,-1.5275499820709229
-21.2503890991210938,-53.7366714477539063,-2.2428388595581055
-8.5825061798095703,-45.2024192810058594,-2.2474040985107422
-15.4211969375610352,-57.0138511657714844,-2.2382197380065918
10.6222801208496094,-29.8977470397949219,-2.2413196563720703
3.1115720272064209,-25.1704921722412109,-1.5318435430526733
2.0282759666442871,-56.3514823913574219,-2.2432827949523926
7.8817939758300781,-28.1912479400634766,-2.2423381805419922
-11.8878049850463867,-35.3084259033203125,-1.5356214046478271
-22.2833499908447266,-40.9585456848144531,-1.5315389633178711
2.2304737567901611,-43.0268783569335938,-1.5381174087524414
16.7773780822753906,-54.6862411499023438,-1.5342174768447876
-3.7786316871643066,-30.5800952911376953,-2.2495853900909424
-3.7805063724517822,-15.4899635314941406,-1.5354480743408203
-1.0203080177307129,-56.3198204040527344,-1.5323979854583740
-7.5640273094177246,-10.3046121597290039,-2.2428708076477051
-5.7328448295593262,-9.6903696060180664,-2.2442255020141602
-2.3608620166778564,-38.5378112792968750,-2.2452020645141602
-5.8201780319213867,-18.2290515899658203,-1.5349259376525879
-3.1877779960632324,-49.4308204650878906,-2.2412259578704834
-22.9815292358398438,-48.6649093627929688,-1.5331169366836548
16.1602630615234375,-31.2517757415771484,-1.5360196828842163
1.7247867584228516,-13.7016057968139648,-1.5380808115005493
-21.2876052856445313,-36.8488082885742188,-1.5321844816207886
2.7062480449676514,-12.8117341995239258,-1.5348513126373291
6.3974170684814453,-16.7305488586425781,-1.5343285799026489
-10.6213169097900391,-42.6922721862792969,-2.2569434642791748
8.5808143615722656,-28.1763515472412109,-1.5355262756347656
-10.7331275939941406,-43.3236503601074219,-1.5207334756851196
7.6628937721252441,-20.3531227111816406,-1.5348320007324219
8.5785875320434570,-23.4471435546875000,-2.2501375675201416
6.4646334648132324,-23.2961788177490234,-2.2420465946197510
-15.4161767959594727,-48.0714073181152344,-2.2501163482666016
29.8164749145507813,-54.8735809326171875,-1.5366872549057007
-12.0451660156250000,-17.4865684509277344,-1.5387381315231323
-5.8156571388244629,-57.0058975219726563,-1.5351998805999756
21.1783924102783203,-47.5303192138671875,-2.2630643844604492
2.5818941593170166,-27.9187889099121094,-2.2522203922271729
6.8905558586120605,-46.0371780395507813,-1.5339154005050659
29.8213596343994141,-50.5633583068847656,-1.5382056236267090
-7.5987052917480469,-39.4704437255859375,-2.2428951263427734
-5.8207998275756836,-41.7833976745605469,-2.2472922801971436
-7.5972328186035156,-38.7679710388183594,-1.5356311798095703
-16.9220848083496094,-25.6793708801269531,-2.2460403442382813
2.8382501602172852,-24.0265731811523438,-2.2509212493896484
-3.7787344455718994,-13.7195634841918945,-2.2453911304473877
-21.1727485656738281,-42.4893455505371094,-1.5319801568984985
-11.7868871688842773,-12.0811338424682617,-1.5358492136001587
-3.4575512409210205,-8.2564983367919922,-2.2431671619415283
4.0725731849670410,-8.0967082977294922,-2.2431755065917969
-6.8084254264831543,-22.2543830871582031,-1.5280455350875854
34.6218109130859375,-54.7741432189941406,-2.2416434288024902
12.1485776901245117,-19.7285785675048828,-1.5400159358978271
-25.0225811004638672,-48.1347198486328125,-1.5337036848068237
8.1163949966430664,-40.9692497253417969,-2.2502541542053223
-8.5797929763793945,-34.9816551208496094,-2.2532212734222412
36.5972862243652344,-54.7889480590820313,-1.5378811359405518
-3.0184929370880127,-5.9232721328735352,-2.2481091022491455
31.8930854797363281,-56.2954139709472656,-2.2465345859527588
8.5049934387207031,-12.1925668716430664,-2.2425627708435059
-6.9369764328002930,-47.1794509887695313,-1.5334211587905884
9.2937335968017578,-10.1197853088378906,-1.5387992858886719
1.0196832418441772,-22.1707572937011719,-2.2462577819824219
-22.9792366027832031,-36.0420455932617188,-1.5359960794448853
16.9398555755615234,-50.9884223937988281,-2.2437741756439209
20.2160110473632813,-40.7627677917480469,-2.2436058521270752
-10.0033521652221680,-11.1241512298583984,-1.5336710214614868
-11.9731979370117188,-54.9592094421386719,-1.5353595018386841
5.8188600540161133,-20.1898002624511719,-1.5342255830764771
16.8445606231689453,-28.8611526489257813,-2.2436640262603760
-21.0597209930419922,-44.7123603820800781,-2.2442162036895752
-3.7843561172485352,-36.4372787475585938,-1.5365316867828369
-7.2807097434997559,-25.2814750671386719,-1.5333874225616455
3.7841441631317139,-15.8374300003051758,-1.5375620126724243
1.5089943408966064,-34.0853424072265625,-2.2463102340698242
-7.6558122634887695,-14.7441864013671875,-1.5273933410644531
5.8189024925231934,-35.2608757019042969,-2.2537071704864502
8.5796909332275391,-32.8603439331054688,-1.5263246297836304
-16.8050327301025391,-29.7912750244140625,-2.2462410926818848
1.9914652109146118,-31.6367187500000000,-1.5307310819625854
2.5403766632080078,-39.3630180358886719,-2.2443830966949463
15.4202890396118164,-39.6674613952636719,-2.2557420730590820
8.5793037414550781,-21.3977088928222656,-2.2432391643524170
-30.4583168029785156,-52.0166282653808594,-1.5375194549560547
-7.2463154792785645,-40.3979415893554688,-2.2427732944488525
-11.2745494842529297,-54.9378776550292969,-2.2426874637603760
-10.5564832687377930,-9.5928697586059570,-2.2439994812011719
25.0198707580566406,-46.6931228637695313,-1.5344138145446777
-2.0859961509704590,-9.9223537445068359,-2.2413678169250488
-16.7769565582275391,-31.2186794281005859,-2.2448873519897461
1.0208860635757446,-18.0896530151367188,-2.2460091114044189
-27.0800399780273438,-52.7422561645507813,-2.2443778514862061
-22.4761543273925781,-51.1356239318847656,-2.2431519031524658
21.5923175811767578,-45.7388496398925781,-1.5303974151611328
5.8658928871154785,-45.4542503356933594,-1.5272738933563232
3.2876434326171875,-35.7422676086425781,-2.2438127994537354
-4.6873660087585449,-8.3677301406860352,-1.5382746458053589
11.7169008255004883,-50.8724403381347656,-2.2442684173583984
25.0216064453125000,-45.9926033020019531,-2.2435355186462402
-2.5517446994781494,-12.3829126358032227,-1.5377529859542847
21.6022033691406250,-38.6315460205078125,-1.5343633890151978
-30.3178787231445313,-55.5166397094726563,-2.2437129020690918
-32.3798828125000000,-54.2943649291992188,-2.2433462142944336
12.6809606552124023,-26.2468814849853516,-2.2541797161102295
6.9999861717224121,-7.4629478454589844,-1.5389533042907715
20.2138500213623047,-43.5952072143554688,-2.2433886528015137
16.1360721588134766,-48.2029838562011719,-1.5291891098022461
-1.1179816722869873,-12.2130594253540039,-1.5326879024505615
26.5845699310302734,-54.0568084716796875,-1.5231556892395020
12.8860855102539063,-48.2407684326171875,-2.2438611984252930
-2.5060162544250488,-55.6272735595703125,-2.2490365505218506
-11.3149509429931641,-52.8260536193847656,-1.5359698534011841
0.7684016823768616,-8.4378719329833984,-2.2487137317657471
-3.2905371189117432,-26.1596584320068359,-2.2448821067810059
-5.8193230628967285,-49.3547401428222656,-2.2482523918151855
-3.8185365200042725,-8.8602266311645508,-1.5377151966094971
-8.5060129165649414,-12.1055021286010742,-2.2450163364410400
13.3789796829223633,-46.7477569580078125,-1.5353585481643677
3.0711619853973389,-6.8681225776672363,-1.5387568473815918
-11.7794237136840820,-48.2357482910156250,-2.2441992759704590
-7.2116780281066895,-20.5795707702636719,-2.2428781986236572
-26.3854503631591797,-57.0086631774902344,-1.5366357564926147
21.6047115325927734,-42.8899269104003906,-1.5349866151809692
-20.2222766876220703,-31.7822628021240234,-1.9573124647140503
16.4163150787353516,-38.0172271728515625,-1.5387085676193237
-8.1242971420288086,-45.6884613037109375,-1.5298550128936768
27.0953311920166016,-54.9129714965820313,-1.5333572626113892
18.1840209960937500,-35.6770629882812500,-2.2521276473999023
-17.6997928619384766,-34.4221725463867188,-1.5317883491516113
-11.2973937988281250,-54.2367248535156250,-1.5333458185195923
-22.4675369262695313,-50.1404304504394531,-2.2427165508270264
7.5835566520690918,-17.4071292877197266,-1.5355198383331299
5.8197488784790039,-37.2530632019042969,-1.5262465476989746
-3.3243336677551270,-25.1679954528808594,-2.2550287246704102
-36.6299629211425781,-57.0036659240722656,-2.2507448196411133
12.7257165908813477,-16.7485103607177734,-2.2414245605468750
1.5064635276794434,-38.3140487670898438,-2.2446742057800293
-5.8183817863464355,-37.5022735595703125,-1.5389970541000366
-1.7168061733245850,-44.0662994384765625,-1.5370821952819824
-12.1272401809692383,-18.1903114318847656,-2.2419707775115967
12.7096080780029297,-53.2704277038574219,-2.2417459487915039
25.9847621917724609,-51.0606079101562500,-1.5286055803298950
-8.5826921463012695,-39.5778045654296875,-2.2479524612426758
-25.0292663574218750,-44.6336021423339844,-2.2413108348846436
-27.7737598419189453,-50.6457099914550781,-2.2450451850891113
3.7781493663787842,-19.3380069732666016,-1.5385724306106567
-25.7118797302246094,-54.8833580017089844,-1.5348531007766724
32.5777549743652344,-50.4612960815429688,-1.6963528394699097
16.1444282531738281,-31.9425849914550781,-2.2467696666717529
-7.9129109382629395,-20.5268077850341797,-1.5344707965850830
-11.7271585464477539,-38.4515304565429688,-2.2480113506317139
8.5823402404785156,-52.0711288452148438,-1.5347608327865601
27.7804183959960938,-44.1933784484863281,-1.5418933629989624
-10.9919795989990234,-11.0077476501464844,-1.5345536470413208
-12.6899719238281250,-21.7290458679199219,-2.2477445602416992
-2.5123965740203857,-4.1319561004638672,-1.5371901988983154
29.8158283233642578,-56.2978401184082031,-1.5366905927658081
18.1793098449707031,-53.9627685546875000,-2.2461519241333008
2.4598362445831299,-52.3307914733886719,-1.5298382043838501
11.3082180023193359,-34.3709030151367188,-2.2455465793609619
-9.3162899017333984,-11.0856447219848633,-2.2463905811309814
-13.3834800720214844,-54.2754592895507813,-2.2435500621795654
7.7063827514648438,-11.2814073562622070,-2.2412884235382080
1.9271596670150757,-50.3247222900390625,-1.5289245843887329
-16.8293800354003906,-26.9551544189453125,-2.2418134212493896
3.0534539222717285,-43.7028923034667969,-1.5345752239227295
-1.5303525924682617,-21.5493240356445313,-2.2439262866973877
-8.5807819366455078,-50.8450889587402344,-1.5311467647552490
-12.4335126876831055,-47.4689979553222656,-2.2536354064941406
-1.0189197063446045,-52.1993103027343750,-1.5366663932800293
-1.0111093521118164,-54.9679145812988281,-1.5289645195007324
31.1935081481933594,-53.4364585876464844,-1.5343362092971802
12.6536369323730469,-28.0692691802978516,-1.5271697044372559
-15.4166793823242188,-31.2577686309814453,-2.2482869625091553
-17.4642276763916016,-37.9746093750000000,-2.2446060180664063
-13.3841476440429688,-52.1646308898925781,-1.5316398143768311
5.8216943740844727,-35.9196281433105469,-1.5267537832260132
18.1605701446533203,-52.5889167785644531,-2.2475550174713135
-10.0591678619384766,-9.1001653671264648,-1.5362358093261719
-10.6156311035156250,-20.9816226959228516,-2.2445805072784424
18.1861495971679688,-38.9431457519531250,-1.5329675674438477
-15.4449567794799805,-47.4016685485839844,-1.5282180309295654
3.1762640476226807,-34.3345832824707031,-1.5256241559982300
17.4490165710449219,-47.2339553833007813,-2.2487204074859619
5.4081034660339355,-9.1482343673706055,-1.5377215147018433
-2.2795314788818359,-47.5569458007812500,-1.5332076549530029
-25.5745468139648438,-50.7322387695312500,-1.5387687683105469
-16.7690830230712891,-22.1756381988525391,-1.5372130870819092
3.0050454139709473,-39.8936996459960938,-1.5368095636367798
-12.6862373352050781,-54.2649002075195313,-1.5355212688446045
-31.0857868194580078,-51.6902389526367188,-2.2417666912078857
-3.0675768852233887,-38.5392456054687500,-1.5359489917755127
21.5889816284179688,-37.9061241149902344,-2.2458291053771973
-20.3732376098632813,-44.6103858947753906,-1.5275789499282837
-21.5250358581542969,-57.0079002380371094,-1.5379468202590942
-18.1869621276855469,-50.8794212341308594,-2.2437882423400879
7.9273748397827148,-14.8226652145385742,-2.2441897392272949
-13.3904333114624023,-37.2608489990234375,-2.2558267116546631
4.6126971244812012,-11.0613031387329102,-2.2431256771087646
0.6521201133728027,-10.3822145462036133,-2.2412509918212891
26.3587512969970703,-57.0061264038085938,-1.5378683805465698
-17.6785831451416016,-48.3618431091308594,-2.2433123588562012
1.8428963422775269,-10.1122951507568359,-1.5366505384445190
-15.4223117828369141,-23.8663692474365234,-1.5380328893661499
2.2005047798156738,-4.3503527641296387,-2.2424125671386719
-3.3327729701995850,-14.2482490539550781,-1.5337061882019043
-6.3067760467529297,-42.9487686157226563,-2.2445886135101318
-1.0213005542755127,-16.8557472229003906,-2.2437887191772461
-15.4200592041015625,-27.6649951934814453,-1.5364617109298706
10.6219139099121094,-13.0191354751586914,-1.5387111902236938
-20.2243442535400391,-46.5348587036132813,-2.2585027217864990
18.1776771545410156,-24.8440723419189453,-1.9381612539291382
16.2418060302734375,-50.8960838317871094,-1.5315948724746704
-12.1043863296508789,-40.7169342041015625,-1.5362311601638794
1.6794029474258423,-15.1392421722412109,-1.5318953990936279
3.7786946296691895,-30.7162284851074219,-1.5329974889755249
3.2789399623870850,-18.8364925384521484,-2.2420415878295898
20.2160453796386719,-55.5729064941406250,-1.5351791381835938
18.0997810363769531,-28.3620071411132813,-2.2433326244354248
12.6751880645751953,-13.6350440979003906,-2.2460551261901855
2.7658307552337646,-55.7251701354980469,-1.5324267148971558
-16.1219348907470703,-28.3700103759765625,-1.5362312793731689
-7.9052305221557617,-16.8127632141113281,-2.2469520568847656
20.2189159393310547,-52.4444885253906250,-2.2447643280029297
13.3801870346069336,-47.7375679016113281,-1.5386694669723511
7.8502502441406250,-31.2025241851806641,-1.5311985015869141
16.7771663665771484,-43.8447875976562500,-2.2459554672241211
-3.0206665992736816,-46.8894500732421875,-1.5339018106460571
30.5024223327636719,-53.4439735412597656,-2.2472989559173584
12.0346622467041016,-38.0465621948242188,-2.2486042976379395
-17.3994140625000000,-42.8501472473144531,-2.2457737922668457
-16.9340171813964844,-42.3309020996093750,-1.5368257761001587
3.7776448726654053,-24.4268627166748047,-1.5310825109481812
2.6927740573883057,-9.5971279144287109,-1.5360951423645020
3.3131182193756104,-37.7319259643554688,-2.2480607032775879
-15.4207305908203125,-35.1255950927734375,-1.5290938615798950
-16.1137943267822266,-50.1538658142089844,-2.2450635433197021
10.6148595809936523,-34.3569107055664063,-1.5360473394393921
-31.7752189636230469,-52.5075263977050781,-2.2410607337951660
12.2658929824829102,-37.4007492065429688,-1.5352675914764404
-5.8186683654785156,-15.8476343154907227,-1.5340262651443481
-17.4692821502685547,-55.2958183288574219,-1.5380542278289795
-34.6218414306640625,-52.5945854187011719,-1.5387980937957764
2.4640896320343018,-46.1043930053710938,-1.5325042009353638
-34.6175079345703125,-54.7892227172851563,-2.2447650432586670
-10.6192312240600586,-46.3221015930175781,-2.2467432022094727
-11.9914741516113281,-23.1182479858398438,-1.5322817564010620
-35.3097572326660156,-54.0397720336914063,-2.2462804317474365
35.2793006896972656,-55.5229034423828125,-2.2540853023529053
-6.5260710716247559,-52.7423706054687500,-2.2433531284332275
17.4624099731445313,-52.5889053344726563,-1.5326665639877319
22.2846584320068359,-45.0225219726562500,-1.5321525335311890
1.0187795162200928,-43.7553977966308594,-1.5338312387466431
20.2218627929687500,-35.5283737182617188,-2.2420010566711426
-9.4651212692260742,-7.5558991432189941,-1.5373554229736328
1.7252149581909180,-17.3868789672851563,-2.2435359954833984
-2.2587623596191406,-24.4319343566894531,-2.2442481517791748
-20.6719322204589844,-47.6512527465820313,-2.2535133361816406
-11.3250761032104492,-20.2843570709228516,-2.2442898750305176
18.1838417053222656,-46.5662155151367188,-2.2519783973693848
-7.8852968215942383,-31.9560394287109375,-2.2460134029388428
11.9719161987304688,-35.8054275512695313,-1.5323309898376465
-2.3990001678466797,-35.7225837707519531,-2.2460956573486328
-12.6521024703979492,-17.0607318878173828,-2.2438158988952637
22.2865524291992188,-54.8839569091796875,-1.5351673364639282
22.9854507446289063,-40.0548286437988281,-1.5359647274017334
-13.3822517395019531,-57.0133247375488281,-2.2474756240844727
-6.5938882827758789,-50.6873207092285156,-1.5322871208190918
11.4721765518188477,-49.2071113586425781,-1.5350323915481567
13.3816070556640625,-48.7258148193359375,-1.5282124280929565
-6.1348905563354492,-22.2376384735107422,-2.2510054111480713
12.6897144317626953,-55.5904998779296875,-1.5351823568344116
13.3809576034545898,-24.8821563720703125,-1.5286577939987183
13.3832244873046875,-54.1670532226562500,-2.2460641860961914
13.3809652328491211,-34.4065132141113281,-1.5362693071365356
-8.5794763565063477,-46.1934127807617188,-2.2510974407196045
-12.6117181777954102,-15.7366056442260742,-2.2472443580627441
7.5362577438354492,-19.3794097900390625,-1.5377333164215088
-12.2059431076049805,-48.7911567687988281,-1.5370004177093506
5.8130593299865723,-56.3066825866699219,-1.5355288982391357
22.9794483184814453,-37.1887283325195313,-1.5378274917602539
-17.4889392852783203,-51.5808334350585938,-2.2450084686279297
-1.0189967155456543,-48.6724510192871094,-2.2475700378417969
22.2832927703857422,-37.9029350280761719,-1.5352389812469482
-10.6189250946044922,-16.1133193969726563,-2.2465591430664063
7.1529536247253418,-22.1214046478271484,-2.2488954067230225
-18.1821727752685547,-41.2494888305664063,-2.2587733268737793
29.8153800964355469,-55.5884323120117188,-2.2435965538024902
22.9836254119873047,-54.1801834106445313,-1.5355690717697144
10.6200981140136719,-49.0354690551757813,-2.2473764419555664
18.1796188354492188,-29.0605411529541016,-1.5379199981689453
-10.6350317001342773,-39.3626441955566406,-1.5344812870025635
-10.6167221069335938,-56.3789939880371094,-1.5157749652862549
-11.3011445999145508,-34.5147857666015625,-1.5298968553543091
12.6549034118652344,-46.7409706115722656,-2.2507426738739014
5.8215656280517578,-32.2360229492187500,-1.5306755304336548
-11.6127939224243164,-56.2929649353027344,-1.5387525558471680
-10.6232166290283203,-28.2106819152832031,-1.5316202640533447
-27.7847900390625000,-55.6031799316406250,-1.5367256402969360
29.8203849792480469,-51.2768745422363281,-2.2426679134368896
11.3862876892089844,-42.3496208190917969,-2.2460639476776123
-25.7144107818603516,-54.1828918457031250,-2.2446587085723877
-7.8818321228027344,-15.3789014816284180,-2.2467377185821533
3.7809250354766846,-49.1352729797363281,-1.5325967073440552
7.8387222290039063,-11.9748058319091797,-1.5353759527206421
3.8156983852386475,-11.6635265350341797,-2.2418179512023926
-7.2117009162902832,-28.2706184387207031,-2.2450375556945801
-8.5563306808471680,-32.9473381042480469,-1.5348073244094849
-18.1591320037841797,-44.2249984741210938,-1.5293124914169312
11.3618459701538086,-19.5888862609863281,-2.2449879646301270
-37.3072433471679688,-55.5405654907226563,-1.5340611934661865
-22.4825458526611328,-53.1252174377441406,-2.2450466156005859
5.9750075340270996,-8.7268934249877930,-2.2434260845184326
0.7037087678909302,-5.7905449867248535,-1.5355982780456543
-20.7138710021972656,-54.2699928283691406,-1.5346217155456543
-8.1790151596069336,-37.7732124328613281,-1.5170243978500366
-22.9845581054687500,-40.2623939514160156,-1.5370428562164307
-3.7795798778533936,-31.2615299224853516,-1.5351932048797607
-34.6154403686523438,-57.0019912719726563,-1.5328799486160278
22.2961521148681641,-39.3405075073242188,-1.5335071086883545
-16.1363620758056641,-36.4945678710937500,-2.2459571361541748
-1.7340594530105591,-18.5157051086425781,-2.2490599155426025
7.2011823654174805,-54.9027900695800781,-1.5347430706024170
-12.7102155685424805,-51.4365730285644531,-1.5311561822891235
35.2820701599121094,-53.9386062622070313,-2.2509820461273193
2.9945449829101563,-55.0849418640136719,-2.2512092590332031
7.6580204963684082,-44.2301597595214844,-1.5314141511917114
13.3795099258422852,-12.9318151473999023,-2.2438757419586182
-15.4153251647949219,-53.7003936767578125,-2.2442612648010254
-18.1826000213623047,-29.1030521392822266,-1.5364184379577637
27.2621421813964844,-48.2054977416992188,-2.2473356723785400
-5.7127828598022461,-8.6926565170288086,-2.2426834106445313
-1.0218368768692017,-15.8653268814086914,-2.2467710971832275
-16.1039142608642578,-50.8662261962890625,-1.5325601100921631
-15.4122781753540039,-30.4813671112060547,-1.5354307889938354
-1.0124604701995850,-37.8519554138183594,-1.5330529212951660
22.2778415679931641,-37.1881713867187500,-2.2444677352905273
3.2820150852203369,-36.7383499145507813,-2.2437129020690918
-18.1861972808837891,-51.5778312683105469,-1.5351221561431885
-8.5780839920043945,-29.8439426422119141,-2.2440400123596191
13.3843555450439453,-33.7151718139648438,-2.2496404647827148
-26.4071922302246094,-54.8898963928222656,-2.2447910308837891
27.0111389160156250,-42.5448608398437500,-1.5374566316604614
-27.7840976715087891,-54.1654167175292969,-1.5353484153747559
-16.8258037567138672,-49.4570922851562500,-2.2435293197631836
8.5843505859375000,-40.4877243041992188,-1.5285323858261108
26.7622241973876953,-41.1613922119140625,-1.5384322404861450
3.7797937393188477,-51.1901473999023438,-2.2455413341522217
-1.7517235279083252,-48.6828651428222656,-1.5328933000564575
20.2138671875000000,-56.2993469238281250,-2.2442052364349365
-26.1071376800537109,-44.0417785644531250,-2.2413282394409180
-36.6419410705566406,-54.7992782592773438,-1.5274716615676880
-22.2670173645019531,-36.0449981689453125,-2.2431409358978271
13.3844842910766602,-55.5923805236816406,-2.2430639266967773
-21.2537670135498047,-50.7604217529296875,-2.2428944110870361
26.1162014007568359,-45.4192047119140625,-2.2433676719665527
-12.3483200073242188,-13.3662166595458984,-1.5369375944137573
-7.2354393005371094,-52.7489280700683594,-1.5383503437042236
21.6028709411621094,-42.1830062866210938,-2.2457036972045898
16.7287387847900391,-53.2947349548339844,-1.5346088409423828
-1.7223515510559082,-30.9579830169677734,-1.5358384847640991
-21.2332229614257813,-54.7231559753417969,-2.2497086524963379
1.0206586122512817,-51.6289634704589844,-2.2425730228424072
-5.8203597068786621,-30.3813705444335938,-1.5331442356109619
22.3043594360351563,-46.4307174682617188,-1.5363781452178955
-7.7936935424804688,-4.7361416816711426,-2.1488943099975586
-13.2705059051513672,-14.9904184341430664,-2.2469170093536377
-22.5335788726806641,-43.4238090515136719,-2.2537169456481934
22.2848567962646484,-55.5895538330078125,-2.2442364692687988
-15.4221754074096680,-43.0996818542480469,-2.2511892318725586
7.7372050285339355,-33.3946495056152344,-1.5389044284820557
12.6430854797363281,-39.8183631896972656,-1.5326435565948486
-11.3227014541625977,-10.0669040679931641,-1.5383069515228271
20.9082489013671875,-44.3007850646972656,-2.2447428703308105
17.4550189971923828,-36.3428344726562500,-2.2413370609283447
11.3336124420166016,-32.9635391235351563,-2.2449970245361328
-13.3816347122192383,-53.5529174804687500,-1.5347391366958618
2.1335923671722412,-42.0337257385253906,-1.5334877967834473
3.3202331066131592,-5.2062458992004395,-2.2429363727569580
25.7236061096191406,-45.9933204650878906,-1.5341455936431885
-11.3320846557617188,-28.2206363677978516,-2.2442328929901123
17.0635795593261719,-37.7350883483886719,-2.2442073822021484
-16.7360382080078125,-38.6565361022949219,-2.2436051368713379
-3.0473923683166504,-45.5118598937988281,-1.5341776609420776
27.7847824096679688,-52.2906150817871094,-1.5315899848937988
-1.0206189155578613,-22.0133972167968750,-1.5298728942871094
7.8830270767211914,-53.4919281005859375,-2.2459969520568848
0.0786455124616623,-7.2869315147399902,-2.2439341545104980
1.7242336273193359,-21.4664421081542969,-2.2517302036285400
-0.9273153543472290,-11.5555667877197266,-2.2457649707794189
-3.7838845252990723,-52.9239807128906250,-2.2462885379791260
6.6432428359985352,-35.2356643676757813,-1.5332983732223511
15.4217815399169922,-30.2589473724365234,-2.2430958747863770
-16.6826801300048828,-45.5867042541503906,-1.5335909128189087
2.0074083805084229,-38.8146553039550781,-1.5368654727935791
17.5001010894775391,-57.0073394775390625,-2.2506613731384277
-6.6566948890686035,-10.7163600921630859,-2.2452349662780762
1.7899299860000610,-4.9220638275146484,-1.5361256599426270
20.9123897552490234,-42.8942680358886719,-2.2452263832092285
-0.0985422879457474,-2.0611321926116943,-1.5388991832733154
-7.1886820793151855,-57.0051193237304688,-1.5329607725143433
-18.1696720123291016,-46.2194099426269531,-2.2541763782501221
-6.4892096519470215,-54.8894042968750000,-1.5316070318222046
-25.7847290039062500,-48.8521156311035156,-1.5355465412139893
1.0216585397720337,-20.1143016815185547,-1.5266503095626831
-2.6846659183502197,-24.9801769256591797,-1.5319554805755615
-8.5776691436767578,-35.6350784301757813,-1.5248063802719116
8.5799875259399414,-17.4260272979736328,-1.5368975400924683
12.5924434661865234,-41.1933097839355469,-1.5339180231094360
22.2899570465087891,-38.6147613525390625,-2.2468400001525879
7.2102212905883789,-55.6093788146972656,-2.2458343505859375
7.0031147003173828,-42.6379928588867188,-1.5336741209030151
-12.7465314865112305,-37.3840827941894531,-1.5304845571517944
1.0189046859741211,-50.6363945007324219,-2.2443573474884033
-8.5797042846679688,-33.6311874389648438,-2.2495570182800293
2.3830034732818604,-14.4392471313476563,-1.5339354276657104
-22.9848442077636719,-44.3084259033203125,-2.2517988681793213
-7.4304218292236328,-45.6080665588378906,-2.2500097751617432
18.1778011322021484,-36.3503913879394531,-1.5296353101730347
6.2811098098754883,-27.0804729461669922,-2.2487812042236328
1.0195562839508057,-35.5724029541015625,-1.5306801795959473
6.4030189514160156,-29.1579685211181641,-2.2426671981811523
1.7600775957107544,-30.3220653533935547,-1.5260947942733765
-0.1879394203424454,-3.7603368759155273,-2.2416050434112549
-25.7031936645507813,-56.2932357788085938,-1.5322769880294800
-29.8220272064208984,-53.0229644775390625,-1.5371954441070557
-15.4117364883422852,-37.8738822937011719,-1.5330381393432617
22.2992095947265625,-43.5955085754394531,-1.5325986146926880
-1.3781300783157349,-9.9224328994750977,-1.5381964445114136
8.5776910781860352,-39.1408729553222656,-1.5323868989944458
-5.8167152404785156,-28.9929523468017578,-1.5357095003128052
8.5813417434692383,-15.0475425720214844,-1.5332438945770264
3.7799789905548096,-23.0680599212646484,-1.5339437723159790
-2.4744422435760498,-54.9432754516601563,-1.5345412492752075
-6.5327510833740234,-41.0897674560546875,-2.2441866397857666
5.8177475929260254,-49.2882499694824219,-1.5353895425796509
11.9724054336547852,-35.1084175109863281,-2.2456634044647217
-12.4568681716918945,-11.7945470809936523,-2.2431054115295410
-20.7229480743408203,-53.2736473083496094,-1.5367567539215088
-18.1800155639648438,-37.2816123962402344,-2.2439024448394775
2.0394513607025146,-20.8520069122314453,-1.5361711978912354
-10.6192045211791992,-35.2298736572265625,-1.5303637981414795
6.6949424743652344,-33.5754966735839844,-2.2485721111297607
-12.7107238769531250,-52.1271820068359375,-2.2493238449096680
-27.0997734069824219,-54.8873558044433594,-1.5327324867248535
2.3752951622009277,-15.1422748565673828,-2.2430837154388428
7.0801205635070801,-34.1452026367187500,-1.5342639684677124
-3.2154593467712402,-4.1248216629028320,-2.2432916164398193
-5.8221716880798340,-23.8136787414550781,-2.2414038181304932
-5.8164920806884766,-18.9245796203613281,-2.2453181743621826
2.0078001022338867,-6.9196982383728027,-2.2413752079010010
-11.7657690048217773,-47.5404472351074219,-1.5306597948074341
13.3845014572143555,-51.8434715270996094,-2.2555100917816162
-1.2233135700225830,-19.3694114685058594,-2.2448105812072754
22.2973098754882813,-54.1947746276855469,-2.2496404647827148
12.2294864654541016,-22.8274021148681641,-2.2462480068206787
-1.0154601335525513,-33.6093406677246094,-1.5337324142456055
-21.9200077056884766,-52.5690612792968750,-1.5376799106597900
25.0200500488281250,-47.3782844543457031,-2.2471947669982910
-2.4390497207641602,-17.0004577636718750,-1.5309820175170898
12.9216966629028320,-24.3958263397216797,-2.2495720386505127
12.0953073501586914,-43.0557899475097656,-2.2475371360778809
-12.6746568679809570,-54.9731407165527344,-2.2432560920715332
20.2155990600585938,-40.0558395385742188,-1.5368373394012451
6.4190444946289063,-28.1596584320068359,-2.2410449981689453
6.5125770568847656,-54.1995048522949219,-1.5361229181289673
-1.7956178188323975,-45.7464981079101563,-2.2478210926055908
27.7832183837890625,-47.7794075012207031,-1.5290075540542603
1.7692952156066895,-57.0038223266601563,-1.5378048419952393
-22.2721767425537109,-34.6370773315429688,-2.2428429126739502
1.7539509534835815,-32.2812271118164063,-2.2439577579498291
-11.9893045425415039,-54.2564888000488281,-2.2452008724212646
-4.6188468933105469,-7.6660475730895996,-2.2430479526519775
5.8202118873596191,-15.9214124679565430,-1.5369793176651001
-6.2658929824829102,-10.1398391723632813,-1.5348496437072754
-6.7047805786132813,-46.5354423522949219,-2.2489316463470459
18.1787910461425781,-32.3660926818847656,-1.5328979492187500
16.6529960632324219,-53.9947853088378906,-2.2420337200164795
-13.3844547271728516,-46.5156021118164063,-1.5245218276977539
-2.6763010025024414,-14.4626836776733398,-2.2485351562500000
27.7779254913330078,-52.9874801635742188,-2.2435214519500732
26.5728759765625000,-53.4069099426269531,-2.2600705623626709
7.4730858802795410,-13.9407653808593750,-2.2451324462890625
3.7820515632629395,-52.1867675781250000,-2.2478406429290771
-7.2040596008300781,-31.9593544006347656,-1.5275028944015503
-12.7030496597290039,-20.2968006134033203,-2.2476875782012939
-3.5141210556030273,-44.2505340576171875,-2.2484791278839111
-6.3004722595214844,-31.5482730865478516,-1.5350929498672485
13.3765497207641602,-15.3334646224975586,-2.2432165145874023
-3.7778866291046143,-17.8200378417968750,-1.5611369609832764
-16.9832057952880859,-40.9175720214843750,-1.5387153625488281
0.8931446671485901,-3.3800449371337891,-2.2412102222442627
7.7800221443176270,-34.1015205383300781,-2.2429323196411133
-9.6906147003173828,-8.5031805038452148,-2.2442698478698730
-6.7827730178833008,-44.8478431701660156,-2.2417440414428711
-20.2215347290039063,-41.8639106750488281,-1.5368009805679321
27.4122676849365234,-47.2139396667480469,-2.2503409385681152
1.0181702375411987,-44.7396240234375000,-1.5284417867660522
-8.5793142318725586,-48.2203292846679688,-1.5305399894714355
-2.6689753532409668,-54.2709579467773438,-2.2432854175567627
-22.2782974243164063,-38.1522407531738281,-1.5356812477111816
-9.2049436569213867,-5.9678344726562500,-2.2416687011718750
7.3974785804748535,-32.3997192382812500,-1.5380026102066040
3.3894288539886475,-17.7912559509277344,-2.2507660388946533
6.6203560829162598,-37.9400520324707031,-1.5331284999847412
-26.3590373992919922,-51.3500099182128906,-1.5345300436019897
-2.9175517559051514,-9.9928283691406250,-1.5386493206024170
-12.0082511901855469,-53.5364799499511719,-1.5331302881240845
17.4490032196044922,-39.5872039794921875,-1.5326911211013794
-15.4146871566772461,-29.7787437438964844,-2.2430746555328369
-1.7396647930145264,-31.9474468231201172,-1.5358809232711792
11.3189811706542969,-36.6373367309570313,-1.5366107225418091
-6.7341566085815430,-32.4215202331542969,-2.2510185241699219
2.6522307395935059,-40.5067596435546875,-2.2415626049041748
-10.6266565322875977,-47.0109214782714844,-1.5339517593383789
1.7407033443450928,-53.0187263488769531,-1.5351505279541016
6.5468044281005859,-32.9190826416015625,-1.5294057130813599
-16.1819019317626953,-46.0567817687988281,-2.2483353614807129
3.0702605247497559,-23.0650463104248047,-2.2442245483398438
7.8964223861694336,-55.5997924804687500,-1.5323985815048218
32.5827865600585938,-54.8657608032226563,-1.5358445644378662
12.0162973403930664,-36.6370620727539063,-2.2472455501556396
6.3957281112670898,-9.2879352569580078,-1.5368798971176147
-10.6215829849243164,-18.1978454589843750,-2.2451050281524658
-3.7808384895324707,-19.1575050354003906,-2.2470202445983887
6.5651006698608398,-35.9175376892089844,-2.2492787837982178
-13.3810272216796875,-17.7291393280029297,-2.2439038753509521
15.9176397323608398,-38.5314483642578125,-2.2442107200622559
-3.4327852725982666,-20.7811412811279297,-1.5333249568939209
-1.0786292552947998,-25.6433124542236328,-1.5257662534713745
18.1810989379882813,-43.8553390502929688,-2.2438442707061768
12.0140523910522461,-24.6963005065917969,-1.5382949113845825
-3.7810442447662354,-48.8455009460449219,-1.5310177803039551
-7.9777002334594727,-5.7130727767944336,-2.2424404621124268
26.1833343505859375,-56.3199157714843750,-2.2413334846496582
-11.3126697540283203,-31.6940994262695313,-1.5351483821868896
-22.9792366027832031,-42.3073616027832031,-2.2562594413757324
18.1790962219238281,-45.8962020874023438,-1.5290824174880981
-21.8812713623046875,-54.5227775573730469,-1.5343054533004761
-35.2878684997558594,-56.2651901245117188,-1.5276759862899780
0.3045575022697449,-1.4763703346252441,-2.2410914897918701
6.2227458953857422,-10.2682514190673828,-1.5348960161209106
11.1703624725341797,-26.3608188629150391,-1.5299749374389648
-35.2929115295410156,-55.5244522094726563,-2.2507486343383789
1.0671468973159790,-4.3629360198974609,-2.2429189682006836
31.8968753814697266,-51.1733283996582031,-1.5341614484786987
36.0336303710937500,-53.2695312500000000,-2.2416899204254150
-8.5816745758056641,-57.0043373107910156,-1.5365735292434692
6.7087779045104980,-47.4558258056640625,-1.5320891141891479
3.3627626895904541,-47.5418243408203125,-2.2497377395629883
-1.7143762111663818,-52.2018623352050781,-2.2457227706909180
1.7544143199920654,-45.4039268493652344,-1.5307346582412720
5.8175778388977051,-27.5641784667968750,-1.5329371690750122
5.8169751167297363,-22.5845870971679688,-1.5379203557968140
1.9787981510162354,-10.8933677673339844,-2.2417938709259033
-2.4616694450378418,-49.3841590881347656,-1.5330218076705933
11.3243923187255859,-37.3486366271972656,-2.2435514926910400
-5.8192639350891113,-41.0918312072753906,-1.5339990854263306
-12.7038421630859375,-23.8160037994384766,-1.5323661565780640
6.5117073059082031,-57.0087661743164063,-1.5356116294860840
-8.5735998153686523,-5.3347630500793457,-1.5383628606796265
6.4957909584045410,-52.0778160095214844,-2.2474908828735352
2.7705061435699463,-34.8876647949218750,-2.2429306507110596
-2.4280552864074707,-53.6113929748535156,-1.5365576744079590
-15.4190492630004883,-32.9513816833496094,-1.5343639850616455
16.4173927307128906,-39.0157928466796875,-1.5339736938476563
1.4602288007736206,-2.9528820514678955,-1.5386961698532104
10.6172924041748047,-54.8609962463378906,-1.5365812778472900
-1.0199712514877319,-30.2559833526611328,-1.5304499864578247
12.6858844757080078,-57.0059127807617188,-1.5350483655929565
-15.4185457229614258,-26.9635276794433594,-2.2429027557373047
-1.0746042728424072,-10.8737401962280273,-1.5351107120513916
1.0205802917480469,-29.3078536987304688,-2.2454466819763184
10.5450382232666016,-9.0977544784545898,-2.2427752017974854
2.4068014621734619,-13.5129871368408203,-2.2417757511138916
-13.3793611526489258,-40.5326156616210938,-2.2502007484436035
13.3777217864990234,-32.5711669921875000,-2.2413909435272217
-3.7779972553253174,-29.2376708984375000,-2.2476408481597900
6.5486373901367188,-32.2403259277343750,-2.2466526031494141
21.4755802154541016,-48.5277519226074219,-1.5353968143463135
25.3457756042480469,-41.3046531677246094,-1.5387382507324219
-21.6940345764160156,-43.9501419067382813,-2.2462856769561768
-6.5188918113708496,-28.9851703643798828,-2.2445862293243408
-21.9590091705322266,-47.9743232727050781,-2.2511034011840820
-11.6186008453369141,-57.0015182495117188,-2.2418887615203857
-7.9257149696350098,-22.4107742309570313,-1.5381258726119995
-22.2367000579833984,-57.0080337524414063,-2.2471809387207031
3.7844858169555664,-53.1710815429687500,-2.2537190914154053
8.5808162689208984,-50.6879348754882813,-1.5334750413894653
-13.3785533905029297,-27.8466682434082031,-2.2418470382690430
-22.1180000305175781,-33.4323768615722656,-2.2421007156372070
1.0191479921340942,-25.2069473266601563,-2.2441656589508057
1.8967386484146118,-6.2208852767944336,-1.5380417108535767
-18.1801090240478516,-54.5963363647460938,-1.5370553731918335
10.6172695159912109,-35.2199096679687500,-2.2449104785919189
-11.4995689392089844,-15.6473932266235352,-2.2470102310180664
11.9918794631958008,-30.8381481170654297,-2.2444911003112793
20.9014091491699219,-37.9318122863769531,-1.5320302248001099
17.4459686279296875,-47.9180068969726563,-1.5328110456466675
-16.1481151580810547,-35.8061218261718750,-1.5350846052169800
-4.8808536529541016,-7.0106563568115234,-1.5377197265625000
13.3763208389282227,-51.1828041076660156,-1.5274379253387451
11.3455448150634766,-18.8933582305908203,-1.5358469486236572
3.6927824020385742,-39.8782081604003906,-2.2536339759826660
-5.4463906288146973,-10.8506898880004883,-2.2455873489379883
22.4128551483154297,-52.2035102844238281,-1.5293743610382080
20.8803577423095703,-51.0128822326660156,-1.5292766094207764
-20.2112884521484375,-56.3766708374023438,-2.2555425167083740
2.2921628952026367,-35.7590980529785156,-2.2495853900909424
13.3824443817138672,-49.8574523925781250,-1.5283242464065552
-13.3835153579711914,-33.1516685485839844,-2.2457201480865479
-12.6473999023437500,-45.8525772094726563,-1.5315461158752441
-17.4781780242919922,-31.2234439849853516,-1.5364661216735840
11.3195962905883789,-45.1002693176269531,-2.2500772476196289
15.4176368713378906,-40.3234100341796875,-1.5294487476348877
3.7820334434509277,-40.5374221801757813,-1.5271388292312622
-8.5836830139160156,-55.5964355468750000,-1.5364891290664673
-11.0571184158325195,-9.1059865951538086,-1.5361410379409790
-17.4427680969238281,-39.3461647033691406,-2.2498445510864258
-10.6163368225097656,-52.8212852478027344,-2.2445218563079834
3.7838728427886963,-25.1072216033935547,-2.2491219043731689
16.9155826568603516,-29.5596523284912109,-1.5366868972778320
11.3190917968750000,-52.7571182250976563,-1.5298708677291870
36.6279678344726563,-54.0713653564453125,-2.2494950294494629
11.3298482894897461,-17.4963569641113281,-1.5347762107849121
-7.8766446113586426,-29.8478240966796875,-1.5328679084777832
18.0583229064941406,-33.0248146057128906,-2.2534008026123047
6.6111116409301758,-10.8487434387207031,-2.2438592910766602
27.0613346099853516,-57.0047225952148438,-2.2441859245300293
16.1327114105224609,-36.3509941101074219,-1.5319600105285645
11.3183393478393555,-54.1543655395507813,-1.5363634824752808
-12.0034999847412109,-21.7093315124511719,-1.5348041057586670
-10.6260051727294922,-45.6346664428710938,-1.5326681137084961
-16.1936454772949219,-46.7358703613281250,-1.5307762622833252
13.3677711486816406,-20.2357196807861328,-1.5335609912872314
-16.0405979156494141,-38.6403656005859375,-1.5339803695678711
-15.4211664199829102,-39.6384468078613281,-1.5371919870376587
11.3318548202514648,-32.2714881896972656,-1.5343917608261108
-7.9052677154541016,-17.5084228515625000,-1.5315155982971191
-7.2205414772033691,-29.6850643157958984,-2.2489731311798096
-26.8500766754150391,-46.0993461608886719,-2.2425127029418945
17.6204319000244141,-29.6239624023437500,-2.2414112091064453
16.8487548828125000,-30.2577533721923828,-2.2431571483612061
5.0462427139282227,-7.8735504150390625,-2.2423875331878662
21.4314231872558594,-46.5586738586425781,-2.2434110641479492
8.6892013549804688,-9.0563583374023438,-2.2435414791107178
7.4206552505493164,-41.6782760620117188,-2.2438371181488037
-27.0686664581298828,-49.2469558715820313,-1.5363966226577759
-12.0191125869750977,-52.8343544006347656,-2.2433557510375977
-11.3236865997314453,-29.5688114166259766,-2.2423450946807861
-2.4317586421966553,-26.6597251892089844,-2.2422690391540527
12.1482830047607422,-18.3097934722900391,-1.5387328863143921
11.5287179946899414,-9.6992149353027344,-1.5383760929107666
-6.5222945213317871,-53.4469947814941406,-1.5364103317260742
-6.5735406875610352,-50.0027732849121094,-2.2475595474243164
-16.1206989288330078,-40.3465995788574219,-1.5319315195083618
-3.7820570468902588,-41.9081993103027344,-1.5368540287017822
-11.7973718643188477,-14.6955986022949219,-2.2521069049835205
22.2849769592285156,-56.2952651977539063,-1.5350317955017090
13.3811731338500977,-18.5581321716308594,-2.2486853599548340
8.5780096054077148,-36.4311332702636719,-1.5298027992248535
-11.4149751663208008,-41.4378356933593750,-1.5348204374313354
-13.3823213577270508,-50.7138519287109375,-1.5347270965576172
13.2954893112182617,-44.1197738647460938,-1.5205843448638916
-11.4352769851684570,-13.7649154663085938,-2.2411408424377441
-10.6207962036132813,-38.6655464172363281,-2.2440352439880371
10.6188220977783203,-41.0426292419433594,-1.5308557748794556
32.5843429565429688,-55.5838317871093750,-2.2441906929016113
-18.1776809692382813,-48.8441925048828125,-1.5283908843994141
5.8169941902160645,-52.0445327758789063,-1.5331654548645020
21.7588253021240234,-52.9563674926757813,-1.5200152397155762
20.9028339385986328,-56.2927398681640625,-1.5331043004989624
-11.3067455291748047,-21.0018310546875000,-1.5348902940750122
-1.4748927354812622,-9.1336202621459961,-2.2417230606079102
8.0740852355957031,-48.5111198425292969,-1.5386345386505127
27.0701999664306641,-50.4569969177246094,-1.5355650186538696
1.0184808969497681,-16.6857261657714844,-2.2421326637268066
4.7491807937622070,-6.8648567199707031,-2.2420690059661865
11.7915782928466797,-47.2413558959960938,-2.2527501583099365
2.5533823966979980,-32.8616600036621094,-2.2426156997680664
25.0140857696533203,-48.7585754394531250,-2.2467133998870850
16.8596134185791016,-55.8175277709960938,-1.5264302492141724
3.7159636020660400,-21.0072746276855469,-2.2496676445007324
-25.1232738494873047,-51.8134269714355469,-1.5287992954254150
5.8196530342102051,-43.1178932189941406,-1.5334565639495850
-20.2224006652832031,-32.6890602111816406,-1.5388814210891724
13.3788251876831055,-52.4948387145996094,-1.5304930210113525
-20.2210788726806641,-51.7896537780761719,-2.2432801723480225
8.5807256698608398,-42.1781501770019531,-2.2449281215667725
-8.5798072814941406,-46.8555831909179688,-1.5281616449356079
6.5067520141601563,-43.1060409545898438,-2.2501878738403320
-17.4179821014404297,-40.0181732177734375,-1.5295751094818115
1.7225317955017090,-12.7129650115966797,-1.5369782447814941
0.1341438293457031,-3.0320739746093750,-1.5385271310806274
-11.3234424591064453,-51.4236297607421875,-1.5358997583389282
12.6954488754272461,-54.1809082031250000,-1.5325168371200562
-21.0676078796386719,-36.1972999572753906,-2.2459225654602051
10.6160469055175781,-47.7880554199218750,-2.2475814819335938
-6.5119714736938477,-16.8164272308349609,-2.2445018291473389
30.5126934051513672,-51.9964447021484375,-2.2459139823913574
15.4182586669921875,-37.0356750488281250,-1.5348383188247681
1.0204900503158569,-54.3888664245605469,-2.2520453929901123
3.7807416915893555,-39.2181129455566406,-1.5300935506820679
-30.8435420989990234,-57.0043640136718750,-1.5384085178375244
1.0182865858078003,-42.7640953063964844,-1.5322400331497192
8.0770759582519531,-18.9248542785644531,-2.2420210838317871
26.4402389526367188,-47.3930358886718750,-2.2461700439453125
20.9170436859130859,-54.1469039916992188,-2.2446157932281494
-1.6946446895599365,-41.9537658691406250,-2.2473211288452148
7.8778753280639648,-45.5808525085449219,-1.5340937376022339
-13.3814325332641602,-20.3559532165527344,-1.5291945934295654
-20.2213649749755859,-49.8134078979492188,-2.2433922290802002
3.7747244834899902,-50.4987411499023438,-1.5339736938476563
-12.6369390487670898,-43.1560173034667969,-1.5329619646072388
-8.2684898376464844,-8.2970056533813477,-1.5360074043273926
13.3659734725952148,-41.8230934143066406,-1.5263962745666504
-17.4843196868896484,-30.5164546966552734,-2.2443161010742188
-7.0472402572631836,-34.3171501159667969,-1.5333573818206787
-2.8425059318542480,-7.5422072410583496,-1.5363651514053345
-1.0151377916336060,-41.9507598876953125,-1.5335588455200195
-1.7165124416351318,-50.7746963500976563,-2.2441792488098145
-27.0866985321044922,-57.0089416503906250,-2.2443289756774902
-13.3783130645751953,-28.8445529937744141,-2.2411046028137207
3.1061477661132813,-48.4140357971191406,-1.5255092382431030
-15.4186763763427734,-25.5589179992675781,-2.2447881698608398
-10.6125345230102539,-33.8069648742675781,-1.5365031957626343
26.0514335632324219,-41.2252349853515625,-2.2412884235382080
3.7799284458160400,-55.7106361389160156,-2.2592682838439941
-6.7958445549011230,-25.7648029327392578,-2.2534296512603760
35.9501914978027344,-54.0285873413085938,-1.5306656360626221
-21.3884391784667969,-55.3855133056640625,-1.5246093273162842
8.5831031799316406,-49.9912223815917969,-2.2424526214599609
-16.5896797180175781,-39.4666099548339844,-1.5371503829956055
5.8100614547729492,-48.6076431274414063,-2.2512197494506836
11.7084636688232422,-50.1732749938964844,-1.5369654893875122
-7.2165908813476563,-17.5241737365722656,-2.2464621067047119
1.7433094978332520,-18.0851364135742188,-1.5354255437850952
-0.7767527699470520,-9.1049556732177734,-1.5306123495101929
-11.3305120468139648,-45.6257781982421875,-2.2449693679809570
17.4701671600341797,-48.6002998352050781,-2.2506902217864990
37.8012237548828125,59.1721458435058594,-2.2411088943481445
8.5860605239868164,-56.3049049377441406,-1.5361635684967041
-10.6177129745483398,-29.5711898803710938,-1.5356911420822144
-2.1965310573577881,-30.0835609436035156,-1.5363198518753052
-12.0209417343139648,-51.4186782836914063,-2.2462871074676514
-27.0769653320312500,-52.0404777526855469,-1.5359001159667969
10.6131391525268555,-24.6345806121826172,-1.5324021577835083
-22.9819240570068359,-39.5647888183593750,-2.2440924644470215
12.1803064346313477,-38.7220535278320313,-1.5343028306961060
-7.1887979507446289,-54.1859626770019531,-1.5326348543167114
-13.3809070587158203,-26.3710384368896484,-2.2437491416931152
-17.4256114959716797,-33.3001708984375000,-2.2462844848632813
-7.6788578033447266,-46.8684730529785156,-2.2444658279418945
-16.8559360504150391,-36.5086479187011719,-1.5377500057220459
1.0165445804595947,-15.2710189819335938,-2.2465133666992188
-25.7421169281005859,-46.7506370544433594,-2.2429101467132568
-2.1419599056243896,-7.4807806015014648,-2.2428808212280273
8.5788125991821289,-12.8949499130249023,-1.5380456447601318
6.8353176116943359,-12.7237262725830078,-1.5316805839538574
-12.0072393417358398,-33.8238372802734375,-1.5330953598022461
1.0203540325164795,-28.6264286041259766,-1.5290176868438721
-10.6177606582641602,-36.9771385192871094,-1.5297931432723999
17.4456558227539063,-45.2237777709960938,-1.5288723707199097
2.5469684600830078,-48.0930137634277344,-2.2535653114318848
-11.1855573654174805,-14.4204044342041016,-1.5303920507431030
12.9341554641723633,-37.6450881958007813,-2.2515177726745605
-7.0854368209838867,-49.5447959899902344,-1.5337387323379517
-31.2897167205810547,-53.1394577026367188,-1.5385460853576660
3.6629617214202881,-55.0928421020507813,-1.5175925493240356
17.3238487243652344,-35.1781921386718750,-2.2434153556823730
-7.4749064445495605,-44.9345169067382813,-1.5296816825866699
-35.3312416076660156,-52.5856552124023438,-2.2412326335906982
25.0204124450683594,-54.6477737426757813,-2.2461352348327637
-5.8200674057006836,-13.2896833419799805,-1.5338119268417358
-1.0154757499694824,-36.4015312194824219,-1.5337115526199341
-13.3820648193359375,-21.7116222381591797,-1.5349720716476440
9.6605176925659180,-11.0483207702636719,-1.5386730432510376
2.1846065521240234,-44.3911323547363281,-1.5323305130004883
-11.3181571960449219,-32.4103889465332031,-2.2449848651885986
-8.5850381851196289,-23.3927402496337891,-1.5378108024597168
-36.0284004211425781,-53.3002471923828125,-2.2421638965606689
12.4407215118408203,-50.1843948364257813,-2.2500624656677246
-32.1568832397460938,-53.6332550048828125,-1.5321009159088135
-10.6182727813720703,-27.5346546173095703,-2.2527670860290527
-5.8199381828308105,-21.3010749816894531,-2.2415299415588379
-3.7824957370758057,-27.6322193145751953,-1.5315169095993042
-1.7728365659713745,-10.9283866882324219,-2.2424588203430176
-16.2295131683349609,-55.5655593872070313,-1.5388529300689697
15.4360170364379883,-51.5612449645996094,-1.5303928852081299
-13.3825683593750000,-14.3132047653198242,-1.5342819690704346
12.6693201065063477,-30.1133766174316406,-2.2450301647186279
11.3094453811645508,-35.9350166320800781,-2.2488017082214355
12.6593589782714844,-20.2202377319335938,-2.2461395263671875
-16.1140327453613281,-29.0789966583251953,-2.2442817687988281
22.9822254180908203,-44.3147239685058594,-1.5365873575210571
6.9648370742797852,-48.7365531921386719,-1.5309345722198486
27.7793464660644531,-49.0583496093750000,-2.2434463500976563
11.0180015563964844,-28.3552474975585938,-1.5310515165328979
-10.6195573806762695,-13.6050682067871094,-1.5373512506484985
11.8221387863159180,-40.4740600585937500,-1.5386756658554077
-21.0125484466552734,-43.8560371398925781,-1.5339736938476563
-5.8135280609130859,-31.0634803771972656,-2.2480621337890625
-8.5813646316528320,-16.0810794830322266,-2.2435255050659180
-16.2267189025878906,-25.5613880157470703,-1.5386632680892944
10.6175642013549805,-15.7198934555053711,-1.5304895639419556
29.8167934417724609,-57.0037689208984375,-2.2430813312530518
1.8176503181457520,-20.1858959197998047,-2.2429215908050537
-18.1794586181640625,-23.1208114624023438,-2.2446341514587402
6.8105769157409668,-24.2326869964599609,-2.2455995082855225
-15.7642469406127930,-33.8943939208984375,-1.5268993377685547
-27.1990013122558594,-48.1383285522460938,-2.2414369583129883
-10.6170988082885742,-52.1197624206542969,-1.5367841720581055
-3.0600440502166748,-30.5777854919433594,-1.5350846052169800
-18.1703033447265625,-35.9190559387207031,-2.2483201026916504
-20.2131538391113281,-38.8261795043945313,-1.5323979854583740
-2.6100270748138428,-25.9757614135742188,-1.5381681919097900
7.4338469505310059,-40.9790153503417969,-1.5334345102310181
3.7888906002044678,-38.2255554199218750,-1.5353882312774658
-5.8168091773986816,-32.0492210388183594,-2.2479653358459473
6.5603556632995605,-36.5912361145019531,-1.5308475494384766
-22.2545032501220703,-56.3384857177734375,-1.5307781696319580
-10.9116668701171875,-8.4209642410278320,-2.2441785335540771
-12.0919179916381836,-46.2544097900390625,-2.2495591640472412
-12.6971626281738281,-30.9855518341064453,-2.2466373443603516
-31.4782371520996094,-55.1633796691894531,-2.2523210048675537
13.3801250457763672,-38.1656074523925781,-1.5367001295089722
-10.6160278320312500,-22.4357147216796875,-2.2451760768890381
-1.0162520408630371,-44.0446662902832031,-2.2438464164733887
3.7794935703277588,-35.2578430175781250,-1.5306841135025024
25.0219097137451172,-55.3376274108886719,-1.5337044000625610
-7.2205119132995605,-12.6824932098388672,-1.5329871177673340
8.5785560607910156,-18.4257774353027344,-1.5380954742431641
-32.5800476074218750,-53.0979652404785156,-2.2471325397491455
26.8004570007324219,-46.8041763305664063,-1.5360085964202881
-11.7213201522827148,-42.7615242004394531,-1.5306937694549561
-3.0786061286926270,-37.1386260986328125,-1.5362745523452759
-10.2808370590209961,-8.1266288757324219,-1.5356630086898804
-11.3353605270385742,-18.1895065307617188,-1.5363662242889404
1.2785381078720093,-10.9264755249023438,-1.5336228609085083
-10.6164236068725586,-24.5328960418701172,-1.5369117259979248
-1.0219757556915283,-57.0058021545410156,-2.2444267272949219
-1.5159628391265869,-16.3596973419189453,-1.5361866950988770
-36.0010375976562500,-54.0365982055664063,-1.5344353914260864
15.8464593887329102,-55.0187149047851563,-1.5198686122894287
1.9988232851028442,-55.0387649536132813,-2.2445721626281738
-21.2392349243164063,-52.7472305297851563,-2.2433135509490967
1.7293627262115479,-25.9062652587890625,-2.2449297904968262
-17.4913692474365234,-29.8122749328613281,-1.5329023599624634
-1.1012711524963379,-22.6696968078613281,-2.2553770542144775
16.1149044036865234,-41.7165107727050781,-2.2450499534606934
-25.0231552124023438,-49.4990425109863281,-1.5302157402038574
1.0969533920288086,-7.3274483680725098,-2.2476193904876709
-27.0850925445556641,-56.3062171936035156,-1.5358202457427979
-7.8523044586181641,-48.2108879089355469,-2.2519893646240234
-12.4357070922851563,-16.4033832550048828,-1.5328199863433838
16.7943401336669922,-43.1361923217773438,-1.5334709882736206
-1.5330590009689331,-2.7604050636291504,-2.2414293289184570
-11.8870019912719727,-45.2120094299316406,-1.5341913700103760
-22.2779026031494141,-40.2696418762207031,-2.2442553043365479
-1.7414901256561279,-57.0066032409667969,-1.5361900329589844
2.6138002872467041,-3.7751748561859131,-1.5380944013595581
1.7897150516510010,-30.9895153045654297,-2.2499065399169922
-6.5650386810302734,-36.1331748962402344,-2.2480499744415283
-7.8414397239685059,-42.5806617736816406,-2.2435476779937744
1.6217789649963379,-9.4540815353393555,-2.2452161312103271
-34.6210975646972656,-53.3173103332519531,-2.2422857284545898
-16.0987091064453125,-30.4967899322509766,-2.2468836307525635
11.3080701828002930,-24.6797237396240234,-2.2442209720611572
18.1831245422363281,-41.7069931030273438,-1.5346333980560303
17.4792308807373047,-40.2733764648437500,-2.2453498840332031
8.5827693939208984,-37.0933341979980469,-2.2511782646179199
-1.7167470455169678,-35.0033454895019531,-2.2448351383209229
1.7240817546844482,-16.6815776824951172,-1.5371741056442261
-5.8198595046997070,-28.2745304107666016,-2.2435097694396973
5.8204903602600098,-18.1250381469726563,-2.2467725276947021
-21.2380809783935547,-48.7656593322753906,-2.2410087585449219
7.7932004928588867,-26.0977001190185547,-1.5367010831832886
22.9781246185302734,-34.4137954711914063,-1.5365146398544312
-20.2207107543945313,-48.1615142822265625,-1.5298241376876831
16.1772804260253906,-52.2339515686035156,-1.5291844606399536
-13.3810405731201172,-56.3489532470703125,-1.5282645225524902
30.5110321044921875,-57.0061759948730469,-1.5343643426895142
-13.3873758316040039,-23.8173160552978516,-2.2451450824737549
22.9829502105712891,-53.1874923706054688,-1.5312305688858032
-16.1232261657714844,-49.4463272094726563,-1.5361053943634033
8.1987638473510742,-47.5038566589355469,-1.5199664831161499
14.0314397811889648,-11.1081924438476563,-1.5389084815979004
12.5563764572143555,-15.4790353775024414,-1.5328823328018188
-5.8205862045288086,-51.3571395874023438,-1.5321068763732910
-37.3079910278320313,-56.2753677368164063,-2.2456665039062500
-5.8201689720153809,-44.4405250549316406,-1.5290691852569580
-20.2211418151855469,-43.2523956298828125,-1.5331768989562988
-8.5791549682617188,-15.3747901916503906,-1.5374532938003540
-13.3669090270996094,-13.3180809020996094,-1.5368185043334961
-8.0037908554077148,-6.7091746330261230,-2.2421135902404785
-13.3797655105590820,-33.8577957153320313,-1.5370805263519287
16.6499023437500000,-33.7726821899414063,-1.5342909097671509
-13.2965955734252930,-38.2408027648925781,-2.2501046657562256
-8.7236661911010742,-11.4437360763549805,-1.5349881649017334
16.8645324707031250,-32.6333274841308594,-2.2466402053833008
-25.7064647674560547,-55.5942802429199219,-2.2456123828887939
11.3389339447021484,-23.2685985565185547,-2.2453067302703857
-3.7787773609161377,-47.5340805053710938,-1.5270004272460938
-3.7901372909545898,-44.8583717346191406,-1.5275757312774658
-32.5061988830566406,-50.2910575866699219,-2.2412278652191162
-1.7136123180389404,-34.3068122863769531,-1.5340774059295654
2.2082297801971436,-5.5848240852355957,-2.2414276599884033
-37.3064880371093750,-57.0023994445800781,-1.5340009927749634
16.1416149139404297,-30.2573451995849609,-1.5367075204849243
-22.9779338836669922,-45.9787864685058594,-1.5325464010238647
-5.8217668533325195,-50.6835594177246094,-2.2516915798187256
10.2503890991210938,-9.7387752532958984,-1.5377472639083862
27.7839641571044922,-53.6851005554199219,-1.5324133634567261
12.0572452545166016,-43.7395095825195313,-1.5314650535583496
1.0200129747390747,-23.5157756805419922,-1.5377873182296753
-25.0214710235595703,-46.7485885620117188,-1.5359994173049927
1.7976760864257813,-36.2332000732421875,-1.5346130132675171
-12.7035388946533203,-33.1176452636718750,-1.5319359302520752
-15.4195222854614258,-48.7487792968750000,-1.5332027673721313
3.0729534626007080,-44.3936309814453125,-2.2477450370788574
20.2212276458740234,-34.5328903198242188,-2.2426609992980957
-10.6195945739746094,-30.2750129699707031,-2.2432293891906738
-6.9162893295288086,-27.3989315032958984,-1.5330672264099121
10.6217336654663086,-14.6220827102661133,-1.5373734235763550
6.5472579002380371,-19.5129146575927734,-1.5368818044662476
-1.7417289018630981,-56.3152809143066406,-2.2466559410095215
22.9835624694824219,-55.5922279357910156,-1.5356266498565674
18.1827793121337891,-49.9213790893554688,-1.5236295461654663
-15.4221534729003906,-46.7385826110839844,-2.2531106472015381
30.5064315795898438,-54.1561050415039063,-1.5334472656250000
16.8144721984863281,-41.7164497375488281,-1.5355000495910645
-3.0931224822998047,-35.7261924743652344,-1.5340569019317627
10.6199045181274414,-45.1086692810058594,-1.5383189916610718
3.7802097797393799,-29.7278366088867188,-1.5353480577468872
3.7812738418579102,-42.3429069519042969,-2.2507531642913818
3.7827920913696289,-47.0531196594238281,-1.5208206176757813
3.7829229831695557,-13.0296545028686523,-1.5333838462829590
21.6028785705566406,-40.7613220214843750,-2.2452499866485596
18.1776218414306641,-27.6630077362060547,-1.5374461412429810
-26.4010009765625000,-55.5914077758789063,-1.5342502593994141
1.0204045772552490,-33.6017074584960938,-1.5292000770568848
-20.8772239685058594,-39.5652732849121094,-1.5338357686996460
8.5782251358032227,-13.6017913818359375,-2.2422885894775391
8.4903612136840820,-24.1124973297119141,-1.5275436639785767
-1.0222759246826172,-40.9558029174804688,-1.5377453565597534
-12.0036954879760742,-30.9804420471191406,-1.5347864627838135
17.5014057159423828,-41.7031440734863281,-2.2483789920806885
-1.0186234712600708,-24.9738636016845703,-2.2485196590423584
-8.5800161361694336,-48.8861770629882813,-2.2542030811309814
32.5819435119628906,-53.4409523010253906,-1.5373204946517944
-10.7195672988891602,-12.9146318435668945,-2.2449429035186768
-22.9796752929687500,-36.7433662414550781,-2.2431876659393311
-2.7856786251068115,-22.6834373474121094,-1.5356438159942627
1.0214506387710571,-53.0197639465332031,-2.2464461326599121
-11.3221035003662109,-25.2333068847656250,-1.5351501703262329
5.9562497138977051,-47.2959938049316406,-2.2528772354125977
22.9807510375976563,-35.8086090087890625,-1.5367484092712402
-8.5597724914550781,-50.1895294189453125,-2.2564802169799805
26.8301963806152344,-43.8928680419921875,-1.5347380638122559
18.1799659729003906,-40.2653846740722656,-1.5377410650253296
-1.0208193063735962,-40.2561531066894531,-2.2446656227111816
-20.8955745697021484,-32.4627456665039063,-2.2413268089294434
-16.0851612091064453,-31.2082099914550781,-1.5306175947189331
22.2636260986328125,-36.4928817749023438,-1.5347231626510620
-10.5702877044677734,-7.4825172424316406,-2.2414777278900146
-6.0121536254882813,-13.9478778839111328,-2.2510464191436768
-10.5396814346313477,-11.5728158950805664,-2.2434720993041992
-3.0972037315368652,-42.6300811767578125,-1.5325222015380859
-1.7113190889358521,-35.7034187316894531,-1.5334006547927856
17.5132770538330078,-25.5246753692626953,-2.2425711154937744
-11.3572101593017578,-40.0544548034667969,-1.5341417789459229
-1.0201847553253174,-49.3642234802246094,-1.5365751981735229
-7.7992076873779297,-35.6900672912597656,-2.2455623149871826
37.3059692382812500,-54.0864715576171875,-1.5342901945114136
18.1788291931152344,-54.6502532958984375,-1.5308648347854614
1.0204030275344849,-52.3284759521484375,-1.5346935987472534
-16.1106090545654297,-52.2999000549316406,-1.5344336032867432
-18.1800136566162109,-24.6908321380615234,-1.8186005353927612
30.5091037750244141,-55.5855789184570313,-1.5346480607986450
-2.3472771644592285,-39.2305412292480469,-1.5366681814193726
10.9509935379028320,-11.6042909622192383,-1.5369948148727417
-16.5253658294677734,-21.5123157501220703,-2.2416141033172607
12.6189002990722656,-44.1153602600097656,-2.2493574619293213
3.7866413593292236,-23.7501602172851563,-2.2491822242736816
1.0211706161499023,-13.6761426925659180,-2.2420241832733154
-7.0783200263977051,-11.2758474349975586,-1.5379571914672852
-15.4170999526977539,-29.0726585388183594,-1.5366250276565552
31.2035045623779297,-52.0014266967773438,-1.5335381031036377
-35.9566917419433594,-57.0039710998535156,-1.5300701856613159
-10.6237869262695313,-41.3859138488769531,-2.2540502548217773
-0.4778127670288086,-8.4762649536132813,-2.2431397438049316
9.9022560119628906,-8.8026466369628906,-1.5383293628692627
26.4533691406250000,-54.6978187561035156,-2.2523095607757568
15.4187736511230469,-38.0266609191894531,-1.5352872610092163
10.6182613372802734,-44.4035415649414063,-2.2445757389068604
-6.3201365470886230,-20.8004760742187500,-1.5376039743423462
8.5633373260498047,-29.1688690185546875,-1.5339154005050659
-35.9548759460449219,-56.2714157104492188,-2.2508614063262939
3.0781753063201904,-13.7312593460083008,-1.5365475416183472
2.3345837593078613,-45.0597457885742188,-2.2491450309753418
-7.2420020103454590,-7.4470934867858887,-1.5377664566040039
-11.3187875747680664,-24.5246009826660156,-2.2454009056091309
15.4210386276245117,-27.1675605773925781,-1.5378338098526001
-10.6121902465820313,-28.8886928558349609,-2.2494902610778809
8.5154943466186523,-34.7909202575683594,-2.2564611434936523
32.5802574157714844,-51.2969360351562500,-2.2435166835784912
8.2942438125610352,-8.4744024276733398,-1.5376757383346558
20.9115505218505859,-40.0518798828125000,-2.2453262805938721
-2.3597683906555176,-20.5100059509277344,-1.5389739274978638
-13.0146198272705078,-25.7711048126220703,-1.5372818708419800
-0.4248809516429901,-7.7762594223022461,-1.5350257158279419
26.7192878723144531,-51.7368659973144531,-1.5337793827056885
7.8609309196472168,-27.4892063140869141,-1.5345637798309326
8.5800514221191406,-46.2802162170410156,-1.5346033573150635
-20.2219543457031250,-50.8011169433593750,-2.2415747642517090
8.7147827148437500,-11.5002956390380859,-1.5387673377990723
7.5626864433288574,-12.6090974807739258,-2.2476937770843506
12.4497489929199219,-49.5196609497070313,-1.5206780433654785
-20.7381591796875000,-51.2798233032226563,-1.5367776155471802
17.1332454681396484,-49.5860366821289063,-2.2412323951721191
-21.9808979034423828,-46.6326408386230469,-2.2501018047332764
-25.0149898529052734,-54.8846092224121094,-2.2442498207092285
-27.0601997375488281,-49.9475860595703125,-2.2439670562744141
-7.2341866493225098,-28.9851398468017578,-1.5355610847473145
-3.9879000186920166,-11.4047536849975586,-2.2411606311798096
12.6652078628540039,-29.4236030578613281,-1.5327087640762329
12.6579761505126953,-46.0630378723144531,-1.5329409837722778
-7.8794598579406738,-12.8772640228271484,-2.2480928897857666
-10.7988204956054688,-12.2221250534057617,-1.5358417034149170
7.4586396217346191,-16.4207534790039063,-1.5326398611068726
13.3496437072753906,-28.0346870422363281,-2.2427539825439453
-15.4182500839233398,-49.4459762573242188,-2.2432277202606201
-12.3114681243896484,-28.3249168395996094,-2.2547361850738525
3.0421192646026611,-43.0062828063964844,-2.2432751655578613
12.7693481445312500,-32.2087631225585938,-1.5356501340866089
15.4220352172851563,-34.9849548339843750,-2.2476878166198730
7.0136094093322754,-11.4179630279541016,-1.5346995592117310
7.8612117767333984,-37.7673034667968750,-2.2475917339324951
-13.3796157836914063,-36.6125106811523438,-1.5238144397735596
22.9827518463134766,-56.2971954345703125,-2.2429184913635254
13.3820896148681641,-23.8866138458251953,-1.5334198474884033
15.4373159408569336,-48.2079162597656250,-2.2478761672973633
-16.7080707550048828,-44.2166061401367188,-1.5331268310546875
7.1825728416442871,-51.3731918334960938,-2.2469372749328613
-3.0984556674957275,-52.2019577026367188,-2.2459416389465332
-5.8186044692993164,-34.7768936157226563,-1.5331730842590332
25.7275524139404297,-43.8921890258789063,-2.2427663803100586
-18.1646595001220703,-43.5513610839843750,-2.2502450942993164
12.8832874298095703,-19.0511436462402344,-1.5374096632003784
20.2148208618164063,-54.1526489257812500,-1.5381673574447632
20.9097347259521484,-40.7637748718261719,-1.5343697071075439
20.2156124114990234,-41.4744262695312500,-1.5367492437362671
20.2150802612304688,-45.0073738098144531,-2.2423224449157715
-18.1791782379150391,-57.0039787292480469,-1.5379452705383301
-13.3821849822998047,-49.7298812866210938,-1.5305188894271851
-7.2278399467468262,-37.5137138366699219,-1.5337057113647461
25.7565097808837891,-54.6618843078613281,-1.5348826646804810
9.7249755859375000,-7.7153639793395996,-1.5383572578430176
-8.5787248611450195,-18.9710884094238281,-2.2427673339843750
6.6482787132263184,-13.3851613998413086,-2.2445144653320313
11.0540399551391602,-16.2439880371093750,-2.2458465099334717
7.1940746307373047,-53.4806060791015625,-1.5319721698760986
-5.8171458244323730,-16.8346958160400391,-1.5341370105743408
16.1398925781250000,-33.3155517578125000,-2.2475726604461670
2.6263604164123535,-51.0168380737304688,-1.5295026302337646
15.4135732650756836,-43.8248634338378906,-2.2462539672851563
26.9623889923095703,-41.8404235839843750,-2.2418823242187500
7.8859238624572754,-54.1898117065429688,-1.5355707406997681
11.3024549484252930,-55.5812339782714844,-1.5332711935043335
-13.3868417739868164,-32.3965682983398438,-1.5342737436294556
3.7814574241638184,-14.4325313568115234,-1.5373666286468506
1.6957812309265137,-14.4143056869506836,-2.2481558322906494
-10.6177806854248047,-34.5368041992187500,-2.2458798885345459
-16.1687412261962891,-43.7987022399902344,-2.2508409023284912
2.7744705677032471,-29.5496654510498047,-1.5237078666687012
-18.1790904998779297,-56.3007011413574219,-2.2440876960754395
20.2150802612304688,-42.8901863098144531,-1.5368487834930420
2.7549238204956055,-54.4510955810546875,-1.5319420099258423
13.3805246353149414,-21.6153011322021484,-1.5326251983642578
-21.5638904571533203,-35.3370246887207031,-2.2421760559082031
-11.3321142196655273,-19.5861949920654297,-1.5355979204177856
-18.1789588928222656,-38.6692848205566406,-2.2483012676239014
-31.7756805419921875,-55.7672271728515625,-1.5328462123870850
-12.6925458908081055,-53.5633811950683594,-2.2474427223205566
-6.3148016929626465,-7.8984961509704590,-2.2429332733154297
-1.5038602352142334,-39.7574005126953125,-1.5352755784988403
-32.5679321289062500,-57.0066757202148438,-2.2473082542419434
-16.9444274902343750,-23.0257282257080078,-2.2413475513458252
-3.0643548965454102,-39.2314720153808594,-2.2468736171722412
-3.0385234355926514,-40.5404701232910156,-2.2567901611328125
10.6053047180175781,-10.6699810028076172,-1.5376447439193726
18.0309314727783203,-30.7145938873291016,-2.2524063587188721
2.8463153839111328,-5.8953595161437988,-1.5388034582138062
-3.7802948951721191,-16.8218994140625000,-1.5342094898223877
7.1143431663513184,-29.8583431243896484,-2.2491352558135986
16.2730464935302734,-46.0173759460449219,-1.5346620082855225
2.8417060375213623,-41.3384284973144531,-1.5313137769699097
20.2154445648193359,-44.3028450012207031,-1.5356652736663818
1.7053487300872803,-24.4823017120361328,-2.2470090389251709
10.6193857192993164,-26.7547645568847656,-2.2476909160614014
-3.7871487140655518,-51.4975509643554688,-2.2455365657806396
3.4415981769561768,-7.7949886322021484,-1.5347212553024292
-20.2223110198974609,-48.8275260925292969,-2.2481961250305176
13.3656015396118164,-20.9261779785156250,-2.2457933425903320
1.5646591186523438,-7.8328027725219727,-1.5359323024749756
-8.5790157318115234,-25.3324298858642578,-2.2439711093902588
16.8114891052246094,-42.4195671081542969,-2.2449529170989990
5.8210725784301758,-21.8833866119384766,-2.2446730136871338
-7.0896000862121582,-22.8734683990478516,-2.2456798553466797
12.2569494247436523,-14.1777858734130859,-1.5288971662521362
18.1803092956542969,-37.0196914672851563,-2.2528126239776611
-7.8441748619079590,-11.9127435684204102,-1.5320776700973511
22.9813785552978516,-38.6158523559570313,-1.5364176034927368
1.3400797843933105,-8.8197870254516602,-1.5344572067260742
-25.7132511138916016,-53.4815559387207031,-1.5344412326812744
-6.9931917190551758,-14.9272775650024414,-2.2470884323120117
7.8410224914550781,-29.1775398254394531,-2.2464511394500732
-11.1729373931884766,-44.5140113830566406,-1.5388010740280151
-6.5313239097595215,-41.7849769592285156,-1.5327476263046265
20.2162818908691406,-39.3459205627441406,-2.2437968254089355
-0.3983038961887360,-10.7144451141357422,-2.2478828430175781
-9.0895948410034180,-8.8638715744018555,-1.5375132560729980
-2.5236027240753174,-3.4059722423553467,-2.2414948940277100
10.6218490600585938,-13.9155826568603516,-2.2421019077301025
-3.9645826816558838,-6.0094008445739746,-1.5387628078460693
-16.8117408752441406,-37.2222404479980469,-2.2488889694213867
-20.2216110229492188,-40.4525413513183594,-1.5370459556579590
22.9851875305175781,-48.0557708740234375,-2.2430319786071777
-20.9220218658447266,-40.4575004577636719,-2.2466437816619873
-18.1883964538574219,-52.2791671752929688,-2.2432484626770020
-20.8164482116699219,-55.6124687194824219,-2.2688484191894531
-17.4866847991943359,-50.8798866271972656,-1.5349847078323364
17.0325412750244141,-50.2876625061035156,-1.5381801128387451
-27.3459815979003906,-46.9909591674804688,-2.2429990768432617
-1.0210405588150024,-39.2515983581542969,-2.2434673309326172
-20.2215042114257813,-35.3864784240722656,-2.2437825202941895
10.6159181594848633,-55.5723724365234375,-2.2447574138641357
8.3005247116088867,-20.0672283172607422,-2.2447233200073242
-6.9418807029724121,-44.0928649902343750,-1.5304030179977417
7.6191349029541016,-21.0443649291992188,-2.2457528114318848
-1.0155721902847290,-53.6050758361816406,-1.5357873439788818
-10.6177005767822266,-48.6968688964843750,-2.2581715583801270
-5.8192901611328125,-43.4502830505371094,-1.5348192453384399
11.9304990768432617,-28.7540035247802734,-1.5340024232864380
3.4694421291351318,-10.4133596420288086,-2.2413280010223389
-6.5354332923889160,-36.8145179748535156,-1.5330613851547241
-13.3667984008789063,-43.1780319213867188,-2.2493302822113037
12.6932172775268555,-54.8792762756347656,-2.2457532882690430
-12.8688068389892578,-13.8386049270629883,-2.2431385517120361
-20.3909912109375000,-36.0563049316406250,-1.5314046144485474
-17.5358104705810547,-25.3921718597412109,-1.5295715332031250
-20.2196769714355469,-37.4120559692382813,-1.5357787609100342
10.6192951202392578,-28.9067497253417969,-2.2451210021972656
5.8213772773742676,-14.6206216812133789,-1.5316622257232666
3.0623219013214111,-50.4984397888183594,-2.2476325035095215
15.4140110015869141,-42.4166755676269531,-2.2437868118286133
1.0216903686523438,-26.6084671020507813,-2.2454576492309570
-11.3087310791015625,-33.8218917846679688,-2.2445716857910156
3.7787530422210693,-33.6077117919921875,-2.2401010990142822
20.9000988006591797,-55.5847854614257813,-2.2473044395446777
-10.6201419830322266,-40.0520439147949219,-2.2488589286804199
11.3813285827636719,-21.9598522186279297,-2.2476456165313721
-5.8184752464294434,-14.5837659835815430,-1.5272784233093262
5.8212895393371582,-17.1278877258300781,-2.2420706748962402
-12.5870084762573242,-19.3111591339111328,-2.2449393272399902
-3.1560990810394287,-6.5957431793212891,-1.5338033437728882
-1.9991580247879028,-29.4190692901611328,-2.2445170879364014
-11.6978549957275391,-27.6394004821777344,-1.5342271327972412
7.1914925575256348,-52.7826652526855469,-2.2447485923767090
6.7660746574401855,-40.8047142028808594,-2.2496333122253418
12.2836160659790039,-44.7165298461914063,-1.5353628396987915
-13.1025838851928711,-47.7825736999511719,-1.5316981077194214
10.6160230636596680,-30.8876838684082031,-2.2465002536773682
-2.8913376331329346,-16.1169242858886719,-1.5375974178314209
20.2114448547363281,-47.3893852233886719,-2.2415997982025146
13.3803024291992188,-46.0610198974609375,-2.2486579418182373
17.4760150909423828,-43.8531608581542969,-1.5363985300064087
-21.9924373626708984,-42.5869255065917969,-2.2466571331024170
6.3821849822998047,-17.7259979248046875,-1.5339360237121582
7.1443800926208496,-28.1849212646484375,-1.5356638431549072
-37.7999992370605469,59.2062873840332031,-1.8103495836257935
13.3803958892822266,-16.0316715240478516,-1.5371062755584717
-1.7389652729034424,-55.6311378479003906,-1.5308834314346313
-12.0273122787475586,-50.7254486083984375,-1.5358188152313232
0.7738513350486755,-11.3701457977294922,-2.2552678585052490
-22.9776020050048828,-32.5248718261718750,-2.2417738437652588
-1.0191740989685059,-32.6243286132812500,-1.5357990264892578
-34.6192893981933594,-54.0592155456542969,-1.5357459783554077
10.8793077468872070,-48.4090881347656250,-1.5271477699279785
-6.5237302780151367,-30.3848953247070313,-2.2475948333740234
-22.9813785552978516,-42.9572601318359375,-1.5234261751174927
-1.0211433172225952,-28.9056987762451172,-1.5312079191207886
5.8168025016784668,-53.4957160949707031,-1.5363550186157227
-6.5192160606384277,-18.2282886505126953,-2.2429757118225098
12.3840560913085938,-52.5207443237304688,-1.5370800495147705
-13.2734088897705078,-38.8941993713378906,-1.5238995552062988
-27.0986804962158203,-54.1757469177246094,-2.2477040290832520
-3.9211256504058838,-7.7318215370178223,-1.5348153114318848
-1.7159738540649414,-42.6528968811035156,-1.5352506637573242
-16.4924201965332031,-34.8762054443359375,-1.5335001945495605
-12.6331148147583008,-44.5165481567382813,-1.5300952196121216
-8.5779504776000977,-40.5620765686035156,-2.2500529289245605
11.2878732681274414,-35.0857048034667969,-1.5315848588943481
-21.9076442718505859,-45.9601898193359375,-1.5335258245468140
-7.0742416381835938,-35.0069808959960938,-2.2466270923614502
11.9932422637939453,-56.2938613891601563,-1.5331975221633911
18.1783027648925781,-31.3747386932373047,-1.5342717170715332
-3.1060531139373779,-50.7813224792480469,-2.2472651004791260
3.7776126861572266,-43.0164527893066406,-1.5298248529434204
13.3815946578979492,-57.0032920837402344,-2.2440624237060547
-15.4176874160766602,-44.4394798278808594,-2.2451655864715576
13.3803443908691406,-44.7516708374023438,-2.2599024772644043
-18.1799640655517578,-26.9483623504638672,-2.2463264465332031
11.3216552734375000,-53.4482269287109375,-2.2435467243194580
21.5418262481689453,-34.3956642150878906,-1.5373901128768921
-2.9838926792144775,-47.5780029296875000,-2.2469050884246826
-13.3777294158935547,-43.8515434265136719,-1.5291733741760254
-10.6222581863403320,-55.2842063903808594,-1.5386641025543213
-13.3802528381347656,-18.7121620178222656,-2.2486355304718018
-13.3794431686401367,-45.1791305541992188,-1.5277502536773682
22.9776687622070313,-33.7097434997558594,-2.2422652244567871
17.5890216827392578,-26.5630321502685547,-1.5386776924133301
-13.4378175735473633,-11.6173706054687500,-2.2404267787933350
20.9098930358886719,-42.1835784912109375,-1.5342607498168945
18.1784572601318359,-30.0537605285644531,-1.5341924428939819
6.7388238906860352,-12.0499238967895508,-2.2477838993072510
18.1778202056884766,-26.9567356109619141,-2.2418985366821289
-1.0262247323989868,-47.9988517761230469,-1.5277161598205566
27.2620201110839844,-54.1175460815429688,-2.2473113536834717
3.0710651874542236,-22.3758316040039063,-1.5339905023574829
-21.5795574188232422,-38.8604965209960938,-1.5365736484527588
16.6035022735595703,-44.6991195678710938,-1.5364015102386475
5.8214035034179688,-33.6022872924804688,-1.5355604887008667
22.7292518615722656,-50.8887062072753906,-1.5318195819854736
-18.1801185607910156,-42.8836631774902344,-1.5250447988510132
8.5858764648437500,-54.1881484985351563,-2.2429766654968262
3.0452034473419189,-45.7539901733398438,-2.2485110759735107
-32.5834159851074219,-56.3337974548339844,-1.5310992002487183
-8.5826854705810547,-29.1483993530273438,-1.5330531597137451
-22.9786109924316406,-50.6440658569335938,-1.5379055738449097
-2.0503048896789551,-11.8869047164916992,-2.2433891296386719
3.3360297679901123,-29.2202758789062500,-2.2574896812438965
-3.7817707061767578,-37.1422500610351563,-2.2434384822845459
26.3065967559814453,-42.6115722656250000,-2.2425224781036377
20.2186946868896484,-54.8578453063964844,-2.2441420555114746
-2.9813828468322754,-48.2620048522949219,-1.5315096378326416
8.1757497787475586,-10.6636638641357422,-1.5387752056121826
20.9786205291748047,-49.0205612182617188,-2.2423713207244873
-3.0772166252136230,-18.0297584533691406,-2.2434518337249756
-3.4570600986480713,-7.2189764976501465,-2.2470030784606934
16.1326980590820313,-25.7577152252197266,-2.2414627075195313
-5.8135595321655273,-54.8598556518554688,-2.2462825775146484
-18.1797847747802734,-42.2326622009277344,-2.2515323162078857
5.8193078041076660,-38.5304946899414063,-1.5310370922088623
5.8253302574157715,-36.5871162414550781,-2.2513332366943359
-17.6817512512207031,-47.3643264770507813,-2.2435944080352783
21.5904045104980469,-55.5840148925781250,-1.5340831279754639
8.5820417404174805,-55.6075553894042969,-2.2457082271575928
-16.2068405151367188,-48.0835342407226563,-1.5294915437698364
3.7800462245941162,-18.3449592590332031,-1.5338299274444580
-5.8209047317504883,-38.2120399475097656,-2.2431790828704834
3.7838213443756104,-28.7335281372070313,-1.5288840532302856
11.7254867553710938,-26.7500686645507813,-2.2468817234039307
20.2195758819580078,-45.7124481201171875,-1.5349825620651245
-13.3789625167846680,-54.9787597656250000,-1.5358686447143555
-12.0120296478271484,-32.4019241333007813,-1.5348917245864868
-7.8854260444641113,-54.1873359680175781,-2.2444818019866943
8.5809402465820313,-41.4810714721679688,-1.5357773303985596
8.5803289413452148,-26.1093120574951172,-2.2495105266571045
3.7777543067932129,-53.8248786926269531,-1.5236024856567383
31.8915500640869141,-54.8697929382324219,-2.2461726665496826
-25.0210304260253906,-48.8214759826660156,-2.2480006217956543
-8.5817260742187500,-17.5631637573242188,-2.2466001510620117
13.3816738128662109,-45.3905296325683594,-1.5252735614776611
13.3821611404418945,-19.5455341339111328,-2.2449755668640137
-6.5250391960144043,-17.5258407592773438,-1.5357612371444702
18.1871013641357422,-45.2225608825683594,-2.2509596347808838
-11.2631397247314453,-36.8296394348144531,-2.2543373107910156
30.5092773437500000,-54.8774032592773438,-2.2461314201354980
31.1935901641845703,-52.7268981933593750,-2.2455577850341797
11.1169986724853516,-40.5503959655761719,-2.2421081066131592
-2.0444955825805664,-13.2427310943603516,-1.5366076231002808
-25.0227661132812500,-47.4434547424316406,-2.2454586029052734
6.9366054534912109,-26.8569889068603516,-1.5327963829040527
16.1407318115234375,-51.5656471252441406,-2.2508373260498047
-1.3382937908172607,-8.2909774780273438,-1.5318132638931274
-21.5768146514892578,-40.2683258056640625,-1.5328950881958008
-1.7288855314254761,-26.4462089538574219,-1.5380084514617920
5.8181114196777344,-26.2135334014892578,-2.1871783733367920
2.7668752670288086,-57.0040817260742188,-1.5368113517761230
10.6214637756347656,-37.3519744873046875,-1.5367374420166016
12.4326753616333008,-50.8607368469238281,-1.5321264266967773
11.9929981231689453,-57.0062255859375000,-2.2467267513275146
-1.0174865722656250,-46.3523750305175781,-2.2464764118194580
7.8612594604492188,-44.8865623474121094,-2.2453937530517578
10.6212158203125000,-23.9559192657470703,-2.2486715316772461
-3.7781987190246582,-55.0139198303222656,-2.2421243190765381
20.2156944274902344,-51.7420425415039063,-1.5384577512741089
22.2931671142578125,-42.1803131103515625,-1.5337420701980591
7.2428355216979980,-49.9568786621093750,-2.2419645786285400
16.0205535888671875,-47.2480010986328125,-2.2488863468170166
20.2477283477783203,-49.0164947509765625,-1.5224646329879761
8.5774526596069336,-37.7754135131835938,-1.5324996709823608
-8.5777559280395508,-49.5407142639160156,-1.5243948698043823
-29.8195476531982422,-56.0125122070312500,-1.5378530025482178
1.5070110559463501,-22.6531448364257813,-1.5327399969100952
9.3737325668334961,-8.3304738998413086,-2.2415590286254883
1.0169559717178345,-25.9120998382568359,-1.5364607572555542
5.8215556144714355,-23.5715160369873047,-1.5312274694442749
1.0190062522888184,-39.8021354675292969,-1.5373445749282837
-16.8162326812744141,-29.0840206146240234,-1.5371779203414917
-1.0135884284973145,-35.0053100585937500,-1.5381945371627808
-6.5467114448547363,-51.3695144653320313,-2.2483563423156738
-3.6320166587829590,-12.0355844497680664,-1.5389471054077148
-3.7790961265563965,-13.0232400894165039,-1.5353200435638428
11.3388986587524414,-23.9606876373291016,-1.5334748029708862
-2.2776169776916504,-46.8692932128906250,-2.2470800876617432
-12.3237094879150391,-57.0026817321777344,-1.5371083021163940
2.1911919116973877,-29.8318805694580078,-2.2568080425262451
-8.5842161178588867,-37.2832031250000000,-2.2522442340850830
-11.3527011871337891,-46.3194427490234375,-1.5346167087554932
-11.9764156341552734,-34.5586700439453125,-2.2471530437469482
2.6742599010467529,-31.5242481231689453,-2.2446112632751465
6.8000273704528809,-9.8646059036254883,-2.2427134513854980
-3.7875268459320068,-50.8063278198242188,-1.5328938961029053
-1.0148268938064575,-17.8457088470458984,-2.2423822879791260
1.3010560274124146,-1.3421308994293213,-2.2412669658660889
12.0261583328247070,-53.4516677856445313,-1.5375400781631470
3.7797160148620605,-13.7270021438598633,-2.2435591220855713
12.8034381866455078,-43.0760955810546875,-1.5387802124023438
-7.4619059562683105,-9.6079254150390625,-1.5372474193572998
1.6281948089599609,-3.9367034435272217,-1.5376464128494263
21.6004695892333984,-41.4735946655273438,-1.5347127914428711
16.1935272216796875,-48.8845634460449219,-2.2472715377807617
20.2394008636474609,-33.8297538757324219,-1.5372850894927979
-12.1091852188110352,-40.0135192871093750,-2.2423415184020996
-21.2571144104003906,-47.9833221435546875,-1.5342782735824585
8.1039075851440430,-35.9307250976562500,-2.2476603984832764
22.0981941223144531,-35.8179092407226563,-2.2438347339630127
-5.6127433776855469,-7.9920673370361328,-1.5386339426040649
-21.9889507293701172,-48.6479301452636719,-1.5328396558761597
-11.3066778182983398,-23.1535758972167969,-2.2486088275909424
-5.8138780593872070,-22.8254280090332031,-1.5321494340896606
-3.7795641422271729,-4.5416746139526367,-1.5375785827636719
17.0739288330078125,-27.8344306945800781,-2.2462964057922363
-15.4821882247924805,-43.7643241882324219,-1.5283410549163818
3.7810273170471191,-41.6725997924804688,-1.5284731388092041
12.0232734680175781,-23.9877414703369141,-2.2463152408599854
5.8139700889587402,-54.2012939453125000,-2.2435269355773926
-3.7835028171539307,-35.0110359191894531,-1.5354558229446411
-12.0425043106079102,-18.8884544372558594,-1.5347168445587158
7.6608519554138184,-13.2821226119995117,-1.5310627222061157
1.0217856168746948,-17.3909111022949219,-1.5365178585052490
13.3785362243652344,-41.1633186340332031,-2.2521481513977051
12.8794317245483398,-38.6631889343261719,-2.2426517009735107
-13.3811960220336914,-39.5503349304199219,-2.2463665008544922
12.4526462554931641,-47.3812446594238281,-1.5304555892944336
1.0194007158279419,-56.3493995666503906,-1.5241354703903198
1.7333182096481323,-52.3212738037109375,-2.2444334030151367
7.2088880538940430,-57.0035781860351563,-2.2462654113769531
17.3465766906738281,-34.4804916381835938,-1.5355995893478394
-22.3675403594970703,-44.0690002441406250,-1.5257040262222290
12.6849508285522461,-56.2958793640136719,-2.2449350357055664
25.0126476287841797,-52.9602394104003906,-1.5376670360565186
8.1421051025390625,-14.1542711257934570,-1.5368580818176270
-3.7790141105651855,-53.9194526672363281,-2.2436096668243408
1.0197732448577881,-41.7767829895019531,-1.5351456403732300
15.4207420349121094,-46.5315132141113281,-1.5363842248916626
-22.9804515838623047,-47.3253250122070313,-1.5289510488510132
10.6205062866210938,-23.2705440521240234,-1.5323038101196289
-7.2019104957580566,-41.8193054199218750,-2.2528190612792969
13.3805036544799805,-22.6141548156738281,-1.5323996543884277
10.6209573745727539,-49.7190246582031250,-1.5301738977432251
5.8155713081359863,-46.1121978759765625,-2.2573642730712891
-22.4608840942382813,-54.1235084533691406,-2.2417464256286621
30.5278034210205078,-50.5616760253906250,-2.2419548034667969
27.7754154205322266,-50.4607086181640625,-2.2437257766723633
2.1919071674346924,-22.6077613830566406,-2.2466678619384766
22.0188350677490234,-50.0296478271484375,-2.2545759677886963
22.2693595886230469,-33.7114486694335938,-1.5381941795349121
16.0935478210449219,-43.8469848632812500,-1.5309380292892456
3.3270940780639648,-12.5325117111206055,-2.2520749568939209
-16.2564201354980469,-42.5505638122558594,-2.2412700653076172
-0.8224237561225891,-2.7492964267730713,-1.5386425256729126
25.0204620361328125,-50.8057022094726563,-1.5288027524948120
-6.3067984580993652,-27.0635166168212891,-2.2446041107177734
-3.7801823616027832,-37.8420066833496094,-1.5355111360549927
-3.1150436401367188,-27.3876419067382813,-2.2411160469055176
-7.5131745338439941,-51.7900695800781250,-1.5388599634170532
2.0134136676788330,-39.8090286254882813,-1.5343632698059082
-10.6169376373291016,-25.9223194122314453,-1.5362855195999146
13.3763475418090820,-26.3307781219482422,-1.5401536226272583
-20.9195156097412109,-41.8591384887695313,-2.2474994659423828
-2.3931095600128174,-30.7807960510253906,-2.2454056739807129
-12.0661859512329102,-12.7245607376098633,-2.2434303760528564
-11.9075746536254883,-43.8340148925781250,-1.5333385467529297
7.5802106857299805,-18.3960514068603516,-1.5350413322448730
-16.1267890930175781,-37.1885452270507813,-1.5344387292861938
-7.2911458015441895,-50.7128868103027344,-2.2448964118957520
-25.8413124084472656,-45.3500823974609375,-2.2419488430023193
-2.2824616432189941,-22.2020130157470703,-2.2450430393218994
26.3427124023437500,-49.7751960754394531,-1.5380256175994873
-30.3297653198242188,-56.5200080871582031,-2.2434713840484619
-26.6312599182128906,-46.7673492431640625,-1.5365159511566162
1.9314609766006470,-35.1758651733398438,-1.5354256629943848
2.3321630954742432,-49.7817802429199219,-2.2468791007995605
35.8874626159667969,-54.7359199523925781,-2.2382719516754150
15.4377679824829102,-31.9415798187255859,-1.5325527191162109
6.3171706199645996,-24.7296237945556641,-1.5363520383834839
16.5901679992675781,-35.8511581420898438,-2.2492377758026123
12.1101064682006836,-25.8805217742919922,-1.5335109233856201
-22.9797458648681641,-38.1544647216796875,-2.2429108619689941
6.3610024452209473,-39.0744361877441406,-2.2419939041137695
1.0206421613693237,-27.2963790893554688,-1.5306242704391479
-22.9809017181396484,-38.8597488403320313,-1.5369642972946167
15.4171895980834961,-50.8912315368652344,-2.2548840045928955
-12.0202169418334961,-52.1380233764648438,-1.5341105461120605
2.7735381126403809,-4.7639689445495605,-1.5374017953872681
-10.6214199066162109,-37.6676521301269531,-2.2447462081909180
2.1775746345520020,-28.8281784057617188,-2.2471475601196289
27.7786006927490234,-43.1963043212890625,-1.5370494127273560
-6.1954259872436523,-5.2934865951538086,-1.5388982295989990
-16.7900791168212891,-50.8796386718750000,-2.2453117370605469
8.5827741622924805,-35.4441108703613281,-1.5291882753372192
-2.2347390651702881,-21.5005893707275391,-1.5379658937454224
1.5050210952758789,-44.2572860717773438,-2.2458336353302002
-1.1024484634399414,-7.6712732315063477,-2.2515375614166260
-7.1848759651184082,-54.8857994079589844,-2.2437083721160889
-10.6190986633300781,-14.8047504425048828,-2.2464442253112793
-5.8194603919982910,-33.7921142578125000,-1.5321185588836670
-20.2213058471679688,-34.3906478881835938,-2.2422776222229004
15.4213924407958984,-28.8649864196777344,-2.2443020343780518
11.8816289901733398,-11.7382955551147461,-2.2425699234008789
27.7776050567626953,-41.7859039306640625,-1.5381733179092407
7.2042613029479980,-10.4405040740966797,-1.5371539592742920
32.5804138183593750,-52.0028953552246094,-1.5358692407608032
8.5806741714477539,-31.8747425079345703,-1.5334872007369995
-3.0728492736816406,-39.9059486389160156,-1.5239652395248413
20.2185935974121094,-46.4034042358398438,-2.2447714805603027
17.2258987426757813,-51.6199531555175781,-1.5347906351089478
12.1987962722778320,-48.3379859924316406,-1.5299898386001587
3.7802038192749023,-54.4695243835449219,-2.2581770420074463
15.4225759506225586,-28.1645431518554688,-1.5375667810440063
1.0163676738739014,-38.8144302368164063,-1.5370372533798218
7.3382425308227539,-35.2919692993164063,-2.2444202899932861
-37.3100624084472656,-54.8225021362304688,-2.2475326061248779
-16.1256790161132813,-27.6646327972412109,-2.2431960105895996
1.0348395109176636,-55.6983032226562500,-2.2550692558288574
2.6660082340240479,-47.4115409851074219,-1.5370650291442871
-21.0796489715576172,-45.4049835205078125,-1.5344738960266113
5.8295240402221680,-28.5552425384521484,-1.5383896827697754
-17.1834716796875000,-34.8697433471679688,-2.2465684413909912
-7.3301153182983398,-46.2734375000000000,-1.5286380052566528
7.3960237503051758,-24.8151531219482422,-1.5386078357696533
13.3886108398437500,-37.1742439270019531,-1.5259832143783569
-1.7050009965896606,-33.5815887451171875,-2.2457170486450195
7.8955984115600586,-57.0105361938476563,-1.5322433710098267
-8.5802040100097656,-36.2999610900878906,-2.2475910186767578
-16.8547687530517578,-35.8067436218261719,-2.2431244850158691
10.6178445816040039,-31.5806865692138672,-1.5348896980285645
-17.9327373504638672,-23.7703685760498047,-1.5359250307083130
10.6195039749145508,-19.5708236694335938,-1.5324332714080811
-3.7768123149871826,-49.8263511657714844,-1.5388201475143433
-11.3167963027954102,-33.1110038757324219,-1.5355362892150879
10.6215858459472656,-38.7377929687500000,-1.5308680534362793
6.9156055450439453,-20.9929199218750000,-1.5356826782226563
1.4777314662933350,-43.2620544433593750,-2.2507019042968750
-11.6828699111938477,-28.9588031768798828,-1.5386929512023926
11.2596387863159180,-25.3769340515136719,-1.5379778146743774
16.3108501434326172,-50.2178306579589844,-2.2500078678131104
16.1395244598388672,-28.8653106689453125,-1.5359573364257813
-5.8147730827331543,-25.8592033386230469,-2.2440273761749268
-7.8589272499084473,-47.5377655029296875,-1.5318330526351929
2.4919581413269043,-19.4491996765136719,-2.2468249797821045
11.3173675537109375,-20.2826290130615234,-1.5359472036361694
15.4175176620483398,-33.9939079284667969,-2.2471032142639160
12.1053037643432617,-48.9892921447753906,-2.2610785961151123
2.8090581893920898,-28.5544300079345703,-1.5320173501968384
12.6434926986694336,-28.7433261871337891,-2.2489349842071533
-22.4636745452880859,-32.0365715026855469,-1.5386593341827393
-18.1833324432373047,-30.5218734741210938,-1.5364979505538940
-21.9712486267089844,-44.9712333679199219,-1.5616821050643921
-1.0167284011840820,-26.2973690032958984,-2.2484836578369141
2.6511194705963135,-51.6921730041503906,-2.2524495124816895
-8.5792760848999023,-14.3738784790039063,-1.5388251543045044
-7.8837881088256836,-18.9777851104736328,-1.5303864479064941
15.4172048568725586,-55.5238800048828125,-2.2494411468505859
-5.8157372474670410,-24.8218479156494141,-2.2475628852844238
-2.7376132011413574,-10.6765193939208984,-2.2433717250823975
18.1787281036376953,-50.9137687683105469,-1.5377223491668701
-27.7833156585693359,-57.0061759948730469,-1.5357040166854858
-17.4729099273681641,-31.9239311218261719,-2.2447807788848877
5.8210554122924805,-25.2280845642089844,-2.2428221702575684
26.5125598907470703,-44.5057601928710938,-2.2470445632934570
16.7220497131347656,-46.5486106872558594,-2.2449095249176025
-5.8185276985168457,-52.0460433959960938,-2.2451202869415283
1.0164664983749390,-24.5070934295654297,-1.5354286432266235
-1.0184174776077271,-50.7730293273925781,-1.5365710258483887
-2.6389002799987793,-18.9245262145996094,-2.2452178001403809
-20.7206649780273438,-52.2771034240722656,-1.5356597900390625
-3.7864637374877930,-57.0039710998535156,-2.2500894069671631
11.6170101165771484,-27.4386787414550781,-1.5352154970169067
-7.0842208862304688,-48.8490295410156250,-2.2431490421295166
-27.7855434417724609,-56.3073654174804688,-2.2438685894012451
-27.0596694946289063,-51.3441352844238281,-2.2450039386749268
12.4326391220092773,-25.2643299102783203,-2.2434065341949463
1.1991530656814575,-6.3363423347473145,-2.2429175376892090
-18.1834697723388672,-27.6421031951904297,-1.5323312282562256
-6.7733802795410156,-15.5750341415405273,-1.5321402549743652
20.3084201812744141,-32.4210815429687500,-1.5386947393417358
-8.5809612274169922,-38.2774810791015625,-2.2562096118927002
-18.0892238616943359,-21.1287174224853516,-2.2407512664794922
10.9043016433715820,-8.4917306900024414,-1.5375747680664063
31.8939876556396484,-55.5825424194335938,-1.5334448814392090
1.0204969644546509,-27.9644012451171875,-2.2532629966735840
6.1140780448913574,-46.6637573242187500,-1.5191625356674194
12.4779224395751953,-23.4695663452148438,-1.5325899124145508
10.6175365447998047,-54.1514968872070313,-2.2436854839324951
-15.4204750061035156,-56.0397148132324219,-2.2434699535369873
3.7806954383850098,-16.5494174957275391,-2.2443234920501709
-27.7782592773437500,-48.5454444885253906,-1.5378282070159912
3.0553004741668701,-49.1053695678710938,-2.2424418926239014
0.5340126156806946,-2.4482502937316895,-2.2417237758636475
25.9859428405761719,-51.7343177795410156,-2.2484810352325439
-2.4181838035583496,-43.3587951660156250,-1.5351878404617310
3.6590313911437988,-31.3769054412841797,-2.2519288063049316
-10.6198492050170898,-20.2814884185791016,-1.5367828607559204
-13.3797369003295898,-34.5743370056152344,-2.2432324886322021
-7.8148546218872070,-27.9483623504638672,-1.5284646749496460
-15.4271402359008789,-41.7417335510253906,-2.2468843460083008
-18.1808834075927734,-37.9837188720703125,-1.5345203876495361
-18.1807956695556641,-40.0054397583007813,-2.2573533058166504
15.4130725860595703,-47.5238533020019531,-1.5304677486419678
-13.3797788619995117,-55.6715774536132813,-2.2471280097961426
7.5889134407043457,-49.0247535705566406,-2.2441306114196777
-17.4998645782470703,-54.4369812011718750,-2.2439970970153809
21.5761146545410156,-52.3387641906738281,-2.2593517303466797
10.6168985366821289,-22.5912208557128906,-2.2501337528228760
2.3818750381469727,-15.8426294326782227,-1.5324896574020386
-8.5781822204589844,-34.3075218200683594,-1.5303990840911865
21.5944252014160156,-57.0061874389648438,-1.5334043502807617
7.8858003616333008,-52.7737503051757813,-1.5340681076049805
-25.0144805908203125,-54.1826171875000000,-1.5363048315048218
-16.1578865051269531,-47.4128036499023438,-2.2500231266021729
-3.7879152297973633,-39.9067764282226563,-2.2430534362792969
22.9911689758300781,-46.4061164855957031,-2.2461774349212646
-21.0184707641601563,-43.1631355285644531,-2.2450888156890869
-25.8114128112792969,-51.7710189819335938,-2.2455835342407227
-7.3684072494506836,-36.8308525085449219,-2.2441813945770264
4.1095404624938965,-6.5637898445129395,-1.5376281738281250
-13.3842668533325195,-30.9645919799804688,-1.5351763963699341
31.2028999328613281,-55.5857429504394531,-2.2451915740966797
30.5182533264160156,-51.2775192260742188,-1.5353426933288574
-7.1490917205810547,-11.9840717315673828,-2.2428133487701416
-8.1996231079101563,-8.9921178817749023,-2.2447595596313477
11.7912921905517578,-45.5817680358886719,-1.5327537059783936
-10.6197156906127930,-43.9659843444824219,-2.2487902641296387
-3.0906062126159668,-51.4968528747558594,-1.5339543819427490
7.8903493881225586,-54.8903083801269531,-2.2463366985321045
22.9859943389892578,-42.1801185607910156,-2.2435815334320068
36.6839904785156250,-52.9881629943847656,-1.5384649038314819
-7.8905801773071289,-53.4927482604980469,-1.5312178134918213
8.0865564346313477,-16.9227142333984375,-2.2442026138305664
6.5174174308776855,-34.5535812377929688,-2.2451086044311523
16.1414127349853516,-49.5687370300292969,-1.5304635763168335
-8.5796108245849609,-24.6328334808349609,-1.5366885662078857
5.8452692031860352,-19.5009422302246094,-2.2469871044158936
13.0814065933227539,-17.9664516448974609,-1.5307638645172119
-10.6191549301147461,-17.4987506866455078,-1.5372290611267090
22.3200531005859375,-53.2205467224121094,-2.2584221363067627
-9.0951681137084961,-6.9583296775817871,-2.2428171634674072
7.0330119132995605,-17.9674625396728516,-2.2449038028717041
34.6185722351074219,-54.0726051330566406,-1.5333167314529419
-17.5035381317138672,-52.9908294677734375,-2.2483189105987549
13.0571794509887695,-49.2822380065917969,-2.2599596977233887
25.7497940063476563,-53.9689407348632813,-2.2455904483795166
-8.5821504592895508,-31.9537506103515625,-1.5377869606018066
-18.1824398040771484,-33.9464035034179688,-2.2533261775970459
15.4221487045288086,-52.8937759399414063,-1.5257867574691772
15.4232931137084961,-25.7518825531005859,-1.5382758378982544
-12.7348957061767578,-24.5636386871337891,-2.2431235313415527
-11.3210554122924805,-25.9951686859130859,-2.2410333156585693
-12.7784662246704102,-48.3889083862304688,-2.2463898658752441
-15.4191675186157227,-34.4600868225097656,-2.2527532577514648
-2.7879843711853027,-23.6798534393310547,-1.5368227958679199
-10.6215515136718750,-50.7153205871582031,-1.5361549854278564
-30.8169898986816406,-54.0186958312988281,-1.5369294881820679
-11.0816869735717773,-16.6194915771484375,-1.5326397418975830
3.5246198177337646,-32.6526679992675781,-2.2465496063232422
-2.3882424831390381,-41.9253845214843750,-1.5338883399963379
-30.8134994506835938,-55.0150299072265625,-1.5345153808593750
15.9093561172485352,-34.4813041687011719,-1.5365009307861328
-7.5977807044982910,-38.0837860107421875,-2.2517967224121094
7.8439388275146484,-38.4519729614257813,-1.5328608751296997
-16.6265449523925781,-44.9001159667968750,-2.2465472221374512
-6.2604861259460449,-9.1413011550903320,-1.5386260747909546
35.9439659118652344,-55.5411682128906250,-1.5297572612762451
20.2176818847656250,-53.4400024414062500,-2.2446286678314209
8.5800933837890625,-45.5773391723632813,-2.2428178787231445
21.5905704498291016,-54.8787879943847656,-2.2467157840728760
-2.4116630554199219,-42.6408843994140625,-2.2458429336547852
-20.2219848632812500,-33.6871871948242188,-1.5373672246932983
-21.5766372680664063,-39.5714492797851563,-2.2438476085662842
-3.0767040252685547,-41.2096176147460938,-1.5336420536041260
1.7708551883697510,-55.6986732482910156,-1.5366991758346558
-1.0197017192840576,-29.5845222473144531,-2.2501668930053711
-17.4847755432128906,-37.2797355651855469,-1.5314525365829468
27.0810375213623047,-52.9866256713867188,-1.5296598672866821
-2.5999684333801270,-31.4527740478515625,-1.5387265682220459
-25.0173282623291016,-56.3104782104492188,-2.2458858489990234
7.6092905998229980,-47.8265304565429688,-2.2453193664550781
-17.4723339080810547,-32.6141090393066406,-1.5334868431091309
-10.6211805343627930,-57.0108871459960938,-2.2520520687103271
2.4569911956787109,-26.5878810882568359,-2.2470440864562988
3.1857199668884277,-4.1896071434020996,-2.2425293922424316
-32.4634742736816406,-55.6531219482421875,-2.2454342842102051
8.5786752700805664,-34.1474151611328125,-1.5224506855010986
6.8253078460693359,-30.8638954162597656,-2.2431352138519287
16.4135169982910156,-39.7092781066894531,-2.2459554672241211
-1.9757322072982788,-6.5005965232849121,-2.2446298599243164
21.9996299743652344,-48.0695304870605469,-2.2455027103424072
31.2138690948486328,-51.2862472534179688,-2.2453627586364746
8.5791358947753906,-31.1999092102050781,-2.2499113082885742
12.1788415908813477,-19.0170860290527344,-2.2420518398284912
2.0399007797241211,-3.3611738681793213,-2.2417850494384766
-18.1821804046630859,-40.6371459960937500,-1.5154057741165161
-18.1776714324951172,-44.8936805725097656,-2.2515842914581299
-15.4191465377807617,-28.3677158355712891,-2.2429862022399902
17.6030712127685547,-31.9614048004150391,-2.2412149906158447
-16.3812828063964844,-34.2012176513671875,-2.2476191520690918
20.2178993225097656,-37.9097518920898438,-2.2459754943847656
27.4143009185791016,-51.7384376525878906,-2.2513747215270996
17.1076087951660156,-38.9932861328125000,-2.2491898536682129
10.6181564331054688,-52.0591163635253906,-1.5308958292007446
11.9726953506469727,-30.1362075805664063,-1.5351378917694092
-10.6089229583740234,-54.2150039672851563,-2.2460942268371582
-3.0160613059997559,-11.6341114044189453,-2.2412390708923340
-12.0073013305664063,-21.0080451965332031,-2.2430567741394043
-36.6009941101074219,-52.8845939636230469,-1.5383749008178711
-26.3840217590332031,-52.7491416931152344,-1.5338683128356934
-22.9776515960693359,-33.2310600280761719,-1.5376464128494263
-3.7805120944976807,-24.6673622131347656,-1.5345916748046875
15.4331455230712891,-25.0431404113769531,-2.2412407398223877
-2.3470637798309326,-41.2281379699707031,-2.2436468601226807
13.3799619674682617,-29.4181613922119141,-2.2464663982391357
-27.0659332275390625,-50.6466217041015625,-1.5357871055603027
-7.1750931739807129,-30.5570106506347656,-1.5318073034286499
17.3456249237060547,-30.7519035339355469,-1.5343351364135742
21.7741699218750000,-50.6140441894531250,-1.5216485261917114
-15.4145078659057617,-55.0682945251464844,-2.2466259002685547
27.0795917510986328,-43.2430229187011719,-2.2447872161865234
5.9573111534118652,-12.2473449707031250,-1.5386756658554077
-2.9016201496124268,-21.2591247558593750,-2.2411019802093506
-18.1775321960449219,-26.2667217254638672,-1.5310170650482178
25.7389163970947266,-46.6856689453125000,-2.2451119422912598
-0.3248897492885590,-6.7200798988342285,-1.5310469865798950
-2.1398029327392578,-19.7868080139160156,-2.2460792064666748
2.3841228485107422,-24.4909114837646484,-1.5259288549423218
25.0220546722412109,-43.8928375244140625,-1.5373871326446533
-6.2849326133728027,-43.9466705322265625,-2.2521073818206787
5.8198094367980957,-13.9329738616943359,-2.2450778484344482
-1.7851384878158569,-4.8210144042968750,-1.5359668731689453
-16.1243991851806641,-53.7047538757324219,-1.5345722436904907
-13.3834409713745117,-52.8565635681152344,-2.2440438270568848
1.9267382621765137,-47.3320236206054688,-2.2578973770141602
-5.8197879791259766,-52.7423324584960938,-1.5360220670700073
25.7279319763183594,-48.0749626159667969,-2.2464053630828857
-17.4957714080810547,-52.2869911193847656,-1.5348410606384277
12.0483036041259766,-32.2678756713867188,-2.2422783374786377
1.0199922323226929,-32.9468574523925781,-2.2542176246643066
1.0689260959625244,-30.2988815307617188,-2.2452466487884521
-3.0137124061584473,-20.2537040710449219,-2.2492318153381348
2.7438898086547852,-33.8295097351074219,-2.2510783672332764
18.1779022216796875,-48.5956726074218750,-1.5324665307998657
-27.7797679901123047,-52.0363197326660156,-2.2437815666198730
2.8039338588714600,-32.2121238708496094,-1.5356180667877197
12.6774740219116211,-36.4972991943359375,-1.5312191247940063
-16.8020668029785156,-24.7211017608642578,-1.5359581708908081
-22.9765586853027344,-31.5265083312988281,-2.2286040782928467
6.9734787940979004,-18.9603118896484375,-2.2441697120666504
-10.6167211532592773,-49.3449172973632813,-1.5272337198257446
22.9807796478271484,-37.8965797424316406,-2.2429082393646240
2.2726125717163086,-36.7562217712402344,-2.2418484687805176
-2.3335547447204590,-5.9142355918884277,-1.5316199064254761
-1.0217792987823486,-28.2270812988281250,-2.2483556270599365
1.0317167043685913,-45.3967361450195313,-2.2542800903320313
-7.2232594490051270,-18.2326946258544922,-1.5356687307357788
6.8182392120361328,-25.2249526977539063,-2.2425010204315186
-7.5956211090087891,-44.2694587707519531,-2.2495682239532471
6.9538383483886719,-22.7872314453125000,-1.5372920036315918
-18.1785507202148438,-39.3475608825683594,-1.5286233425140381
-22.9809646606445313,-37.4486694335937500,-1.5375851392745972
-5.8174924850463867,-29.6873321533203125,-2.2449834346771240
-2.5178277492523193,-45.0683708190917969,-2.2476053237915039
1.0150586366653442,-49.3059310913085938,-2.2516145706176758
17.4870624542236328,-43.1468849182128906,-2.2449073791503906
1.0152177810668945,-14.3960361480712891,-1.5339913368225098
-22.9815864562988281,-57.0063858032226563,-1.5381069183349609
7.3435697555541992,-43.6318855285644531,-2.2493574619293213
25.6588706970214844,-52.6767539978027344,-2.2444782257080078
-7.8854608535766602,-55.5922393798828125,-2.2450976371765137
7.8475933074951172,-30.5274295806884766,-2.2502305507659912
1.0830119848251343,-11.9631795883178711,-1.5340615510940552
30.4590969085693359,-49.7975654602050781,-1.6021928787231445
-30.3190059661865234,-54.5192337036132813,-2.2431795597076416
-22.4535331726074219,-45.5167770385742188,-2.2427353858947754
-9.5203437805175781,-9.5537586212158203,-2.2419402599334717
-8.5847244262695313,-54.8918304443359375,-2.2438082695007324
22.9799404144287109,-47.3570404052734375,-1.5350874662399292
-2.3932554721832275,-33.5890693664550781,-1.5289062261581421
13.3779668807983398,-39.8209648132324219,-2.2520320415496826
1.0212018489837646,-12.6725864410400391,-2.2422120571136475
11.4055566787719727,-39.4507484436035156,-1.5361241102218628
-12.6767568588256836,-23.1288280487060547,-2.2471191883087158
5.3059601783752441,-11.1737861633300781,-1.5324758291244507
-27.7737960815429688,-49.2488288879394531,-2.2434720993041992
7.3754491806030273,-31.6948795318603516,-2.2444992065429688
7.8892168998718262,-42.1929283142089844,-1.5349025726318359
-7.8699803352355957,-30.5458908081054688,-2.2441005706787109
7.4787240028381348,-46.8333244323730469,-1.5347608327865601
-17.7129611968994141,-41.7224845886230469,-1.5333837270736694
-2.8550631999969482,-15.1243638992309570,-1.5352051258087158
-20.9203147888183594,-37.4249343872070313,-2.2459864616394043
-20.2211132049560547,-43.9435348510742188,-2.2459502220153809
7.7086954116821289,-40.0200080871582031,-1.5360649824142456
-12.6945838928222656,-22.4267673492431641,-1.5350462198257446
-8.5828380584716797,-16.7759056091308594,-1.5325177907943726
8.5779123306274414,-25.4426536560058594,-1.5279996395111084
-8.0588502883911133,-43.7434120178222656,-1.5386142730712891
5.5947713851928711,-10.5523004531860352,-2.2471468448638916
-8.5821924209594727,-53.4838447570800781,-2.2467148303985596
12.3224020004272461,-17.3292961120605469,-1.5361008644104004
-12.4426841735839844,-46.8191299438476563,-1.5248696804046631
11.3397617340087891,-38.0468063354492188,-1.5354059934616089
-37.3013381958007813,-52.9915580749511719,-2.2415683269500732
-16.8219604492187500,-27.6597290039062500,-1.5342664718627930
-1.9690008163452148,-40.6388473510742188,-1.5371708869934082
3.0869517326354980,-16.5402793884277344,-1.5320469141006470
6.3032317161560059,-20.6801433563232422,-2.2476208209991455
6.5584259033203125,-41.4533729553222656,-1.5302242040634155
10.6205654144287109,-40.0609931945800781,-1.5297669172286987
3.7332773208618164,-7.1583409309387207,-2.2430670261383057
-1.1278817653656006,-23.9888267517089844,-2.2454290390014648
-7.9417304992675781,-40.2714614868164063,-1.5382660627365112
12.0181608200073242,-31.5542201995849609,-1.5346014499664307
-17.4276981353759766,-44.2255363464355469,-2.2466256618499756
37.3048362731933594,-57.0012359619140625,-1.5352333784103394
-15.8852729797363281,-21.2069740295410156,-1.5386480093002319
20.2157669067382813,-48.3798828125000000,-2.2590277194976807
11.9949226379394531,-55.5807952880859375,-2.2452416419982910
-1.0119318962097168,-42.6578369140625000,-2.2430856227874756
1.0216124057769775,-48.6125526428222656,-1.5373722314834595
10.6213359832763672,-18.1952381134033203,-1.5346403121948242
-15.4190082550048828,-45.4229660034179688,-2.2498731613159180
-10.6172800064086914,-31.7028732299804688,-2.2443890571594238
-3.7779355049133301,-14.7886953353881836,-2.2428212165832520
-7.7851333618164063,-49.5603904724121094,-2.2474079132080078
11.5778808593750000,-12.3737602233886719,-1.5374807119369507
-1.7532683610916138,-47.9972801208496094,-2.2473771572113037
-7.2062416076660156,-16.1050739288330078,-2.2464623451232910
-1.5513789653778076,-27.1220664978027344,-2.2493414878845215
-16.1005058288574219,-51.5877304077148438,-2.2467374801635742
13.3846101760864258,-25.5600681304931641,-2.2441577911376953
-5.8221659660339355,-27.5718441009521484,-1.5372289419174194
5.8208184242248535,-30.9060363769531250,-1.5278909206390381
-7.8827691078186035,-57.0048675537109375,-2.2441556453704834
22.2984523773193359,-42.8929023742675781,-2.2461025714874268
-8.5741567611694336,-41.8971366882324219,-2.2485706806182861
-12.6873950958251953,-27.0917282104492188,-2.2468338012695313
2.4457340240478516,-53.0114593505859375,-2.2481997013092041
8.5809593200683594,-49.0070228576660156,-2.2416467666625977
-36.6304321289062500,-55.5448341369628906,-2.2514402866363525
21.6048812866210938,-40.0550613403320313,-1.5348124504089355
-22.3688659667968750,-55.3733596801757813,-1.5236318111419678
-8.5829544067382813,-44.2209434509277344,-2.2417662143707275
11.3465385437011719,-38.7500152587890625,-2.2421951293945313
26.1246147155761719,-41.9299583435058594,-1.5380316972732544
-30.7859802246093750,-52.6423110961914063,-2.2420120239257813
12.1104106903076172,-10.1037797927856445,-2.2414567470550537
17.7234287261962891,-50.3919067382812500,-2.2501008510589600
10.3379058837890625,-8.0697154998779297,-2.2418773174285889
16.8563804626464844,-25.7822818756103516,-1.5382078886032104
-11.4178199768066406,-13.0078706741333008,-1.5384445190429688
-22.2754344940185547,-36.7457923889160156,-1.5360519886016846
6.5136694908142090,-53.5038375854492188,-2.2478363513946533
-12.3889780044555664,-38.3057441711425781,-1.5294928550720215
15.8875541687011719,-56.0156784057617188,-1.5323692560195923
2.9127998352050781,-11.2419900894165039,-2.2504281997680664
-12.6343650817871094,-45.1852607727050781,-2.2523920536041260
-8.2462472915649414,-24.0120658874511719,-2.2425522804260254
1.5187824964523315,-40.2980728149414063,-2.2443819046020508
16.8826560974121094,-26.4912776947021484,-2.2413704395294189
-11.7160987854003906,-49.4087181091308594,-2.2413761615753174
6.5171070098876953,-21.8931884765625000,-1.5324144363403320
-7.8845653533935547,-56.2995529174804688,-1.5362961292266846
-8.5809602737426758,-27.3237133026123047,-2.2434978485107422
35.3271484375000000,-53.2424850463867188,-1.5376563072204590
-16.7857494354248047,-55.1289863586425781,-2.2437551021575928
6.0424609184265137,-15.2648353576660156,-2.2474348545074463
-1.7252336740493774,-54.2943840026855469,-1.5300946235656738
27.7699165344238281,-42.4922637939453125,-2.2423901557922363
8.5786209106445313,-30.5210552215576172,-1.5307265520095825
-2.6055281162261963,-32.4445648193359375,-1.5325390100479126
-6.2937307357788086,-24.3336391448974609,-1.5319669246673584
34.6218566894531250,-53.1894874572753906,-2.2414412498474121
-1.7012684345245361,-24.8727989196777344,-1.5367170572280884
-6.0414700508117676,-15.2122163772583008,-2.2516222000122070
-6.5295248031616211,-29.6874465942382813,-1.5356529951095581
21.3730964660644531,-49.6994514465332031,-1.5388365983963013
-4.1837739944458008,-9.7877120971679688,-1.5366450548171997
-26.5390605926513672,-45.4665222167968750,-1.5368890762329102
-1.0352654457092285,-31.9349117279052734,-2.2447063922882080
5.8178367614746094,-44.7891654968261719,-2.2473933696746826
0.4900956451892853,-3.9627192020416260,-1.5374031066894531
-18.1788692474365234,-47.8631439208984375,-1.5383428335189819
-2.3165950775146484,-46.1853485107421875,-1.5316749811172485
22.9693851470947266,-35.1117057800292969,-2.2447199821472168
-8.5859565734863281,-54.1922683715820313,-1.5357414484024048
11.3515777587890625,-43.0402526855468750,-1.5339809656143188
-3.7813987731933594,-21.7009773254394531,-1.5363507270812988
-21.9884910583496094,-47.3065605163574219,-1.5291831493377686
-7.5263924598693848,-14.0911741256713867,-2.2530715465545654
-27.7810573577880859,-51.3396835327148438,-1.5347595214843750
9.6068868637084961,-9.4469461441040039,-2.2416610717773438
12.0961914062500000,-39.4081649780273438,-2.2483775615692139
22.2943096160888672,-40.7661743164062500,-1.5334498882293701
-3.7803292274475098,-19.8511219024658203,-1.5372260808944702
12.2087469100952148,-20.7251777648925781,-1.5307816267013550
21.9726238250732422,-49.0518074035644531,-2.2235622406005859
-1.0190864801406860,-51.4869651794433594,-2.2435946464538574
36.6207427978515625,-57.0019073486328125,-2.2485601902008057
25.9310359954833984,-53.3082389831542969,-1.5279430150985718
-3.1083838939666748,-52.9049377441406250,-1.5316280126571655
25.0289688110351563,-53.9544334411621094,-1.5366801023483276
-22.2758121490478516,-37.4467468261718750,-2.2428395748138428
5.8193693161010742,-51.3470344543457031,-2.2430982589721680
20.7215118408203125,-46.8982772827148438,-1.5384441614151001
20.2165031433105469,-57.0048408508300781,-1.5366829633712769
8.0887594223022461,-17.9214763641357422,-2.2451329231262207
-32.5781250000000000,-52.4044914245605469,-1.5357798337936401
-8.5781173706054688,-12.8081722259521484,-1.5386600494384766
-17.4202156066894531,-44.9132957458496094,-1.5327389240264893
1.7944734096527100,-19.4838047027587891,-1.5358785390853882
1.0142879486083984,-49.9591674804687500,-1.5259344577789307
25.0221729278564453,-49.4474639892578125,-1.5335772037506104
-15.4165487289428711,-50.8640785217285156,-2.2445297241210938
12.7352666854858398,-10.8821125030517578,-2.2412440776824951
12.6922140121459961,-30.8262424468994141,-1.5357002019882202
-15.4193916320800781,-26.2570266723632813,-1.5361614227294922
8.5239162445068359,-7.8054866790771484,-2.2416088581085205
22.9865970611572266,-41.4746780395507813,-1.5364636182785034
22.9838905334472656,-51.5212783813476563,-2.2451992034912109
21.6113948822021484,-44.9921226501464844,-2.2496685981750488
-13.3810806274414063,-35.9536285400390625,-2.2513642311096191
-1.5507098436355591,-46.8745193481445313,-1.5388044118881226
20.2221317291259766,-36.5219154357910156,-2.2445096969604492
21.4189739227294922,-35.0890388488769531,-2.2428708076477051
0.2589695453643799,-9.4662456512451172,-2.2424070835113525
22.9815025329589844,-57.0036354064941406,-1.5369269847869873
-13.3818616867065430,-47.1713104248046875,-2.2532694339752197
-8.7958383560180664,-10.2396774291992188,-2.2450923919677734
6.9493417739868164,-15.4527597427368164,-1.5345664024353027
-12.0598230361938477,-37.5124855041503906,-2.2422895431518555
-22.9782981872558594,-47.9916381835937500,-2.2516229152679443
-1.0193362236022949,-55.6370697021484375,-2.2493805885314941
15.4221296310424805,-49.5694732666015625,-2.2486355304718018
16.6260375976562500,-35.1701545715332031,-1.5327742099761963
-20.2183456420898438,-45.2441787719726563,-2.2561557292938232
-22.9777717590332031,-51.6347694396972656,-1.5384399890899658
-17.5075149536132813,-53.7366638183593750,-1.5308637619018555
-3.7690029144287109,-46.2003211975097656,-1.5272319316864014
-15.4220743179321289,-21.7439231872558594,-2.2414591312408447
1.0127438306808472,-36.8371734619140625,-1.5203014612197876
-21.9422969818115234,-50.6102333068847656,-1.5377478599548340
-11.8682775497436523,-35.9984550476074219,-2.2467296123504639
-6.5244069099426270,-19.6207809448242188,-2.2452561855316162
11.3065929412841797,-57.0071868896484375,-1.5328587293624878
1.0223489999771118,-57.0084075927734375,-2.2480320930480957
-12.6157846450805664,-43.8374290466308594,-2.2484774589538574
22.9777698516845703,-33.0020828247070313,-1.5386453866958618
25.0127353668212891,-56.0266532897949219,-2.2470483779907227
-21.9662284851074219,-49.6295585632324219,-1.5377595424652100
22.2493000030517578,-35.1287498474121094,-1.5383002758026123
5.8201084136962891,-21.1841659545898438,-1.5366879701614380
-18.1784591674804688,-45.5601119995117188,-1.5272555351257324
-1.1085072755813599,-45.0252418518066406,-2.2484753131866455
3.7801787853240967,-22.3703880310058594,-2.2449581623077393
2.1902132034301758,-21.9263935089111328,-1.5269184112548828
27.0800876617431641,-49.0490684509277344,-1.5353085994720459
-2.1509995460510254,-17.6133270263671875,-2.2487418651580811
16.6160659790039063,-34.4722175598144531,-2.2431421279907227
-8.0681581497192383,-21.2020111083984375,-2.2462255954742432
-3.7893331050872803,-52.1936225891113281,-1.5347558259963989
22.2491378784179688,-34.4202232360839844,-2.2415802478790283
3.7822554111480713,-37.2324256896972656,-1.5352632999420166
-12.6750059127807617,-34.5651588439941406,-1.5374319553375244
-6.4540729522705078,-45.7945518493652344,-1.5387057065963745
-12.6029767990112305,-41.8779182434082031,-1.5340586900711060
1.0218384265899658,-46.9127540588378906,-2.2269227504730225
-22.9609203338623047,-56.3022193908691406,-2.2421159744262695
20.9095230102539063,-54.8596954345703125,-1.5321122407913208
-10.6203422546386719,-25.2312183380126953,-2.2457251548767090
12.0968942642211914,-16.3599357604980469,-1.5346246957778931
1.5136424303054810,-41.2875900268554688,-2.2452712059020996
-8.5831384658813477,-56.3003311157226563,-2.2436096668243408
16.1621532440185547,-52.9097862243652344,-2.2483577728271484
25.0210418701171875,-57.0100479125976563,-2.2424595355987549
3.7778885364532471,-44.3910293579101563,-1.5353876352310181
15.4133777618408203,-41.7171478271484375,-1.5367797613143921
11.6022958755493164,-14.3709869384765625,-2.2464666366577148
27.7796649932861328,-51.1588630676269531,-1.5347604751586914
21.0690460205078125,-50.3403511047363281,-2.2416408061981201
-8.1005649566650391,-25.8382434844970703,-1.5339542627334595
-16.8263874053955078,-56.1130218505859375,-2.2456171512603760
5.8200883865356445,-50.6427268981933594,-1.5368666648864746
5.0242419242858887,-9.7373762130737305,-2.2431290149688721
-5.8223128318786621,-19.6171607971191406,-1.5344139337539673
-2.2091157436370850,-27.3256530761718750,-1.5356972217559814
20.6768741607666016,-47.9298706054687500,-1.5234063863754272
18.1800460815429688,-56.0115737915039063,-1.5351414680480957
18.1810321807861328,-51.9028396606445313,-1.5350136756896973
-30.8143119812011719,-56.0111541748046875,-1.5370143651962280
-3.7779748439788818,-32.2480888366699219,-1.5319347381591797
11.8058929443359375,-46.5755767822265625,-1.5294517278671265
25.0218753814697266,-43.1861763000488281,-2.2419161796569824
13.3829250335693359,-28.7334365844726563,-1.5335615873336792
2.0109050273895264,-40.8014793395996094,-1.5361748933792114
-3.0706589221954346,-37.8386840820312500,-2.2442111968994141
17.3773937225341797,-33.0899810791015625,-1.5324455499649048
22.0583610534667969,-32.6125564575195313,-1.5383059978485107
20.2163867950439453,-50.9922332763671875,-2.2494139671325684
-12.6799173355102539,-29.5559139251708984,-2.2438948154449463
-22.2790012359619141,-39.5656318664550781,-1.5363364219665527
-2.4072914123535156,-34.2855720520019531,-2.2459194660186768
-11.3216409683227539,-52.1241188049316406,-2.2439861297607422
-3.7809312343597412,-23.6776752471923828,-1.5378457307815552
27.7307262420654297,-45.6584854125976563,-1.5386542081832886
-7.6264066696166992,-24.3480262756347656,-1.5366462469100952
-16.9321269989013672,-33.7857818603515625,-1.5344946384429932
-15.4168519973754883,-37.1779937744140625,-2.2445147037506104
21.6762676239013672,-47.1878166198730469,-1.5154299736022949
-3.7845196723937988,-35.7221641540527344,-2.2436783313751221
-11.3342618942260742,-39.3622436523437500,-2.2456827163696289
-10.6211366653442383,-18.8880271911621094,-1.5337857007980347
-21.5871200561523438,-38.1607131958007813,-2.2486262321472168
22.9877223968505859,-42.8844528198242188,-1.5354321002960205
-10.6204957962036133,-51.4168853759765625,-2.2434294223785400
20.9059143066406250,-53.4470214843750000,-1.5343372821807861
11.9987430572509766,-54.8787994384765625,-1.5336939096450806
13.3792934417724609,-17.0226306915283203,-1.5385824441909790
3.9892480373382568,-9.7026453018188477,-1.5356718301773071
16.1081562042236328,-43.1192207336425781,-2.2467238903045654
-13.3802995681762695,-12.6223850250244141,-2.2462275028228760
-12.6857700347900391,-27.7757034301757813,-1.5295060873031616
32.5850028991699219,-56.2965507507324219,-1.5364440679550171
-30.1112785339355469,-51.3639106750488281,-2.2411038875579834
-1.0190325975418091,-35.7097892761230469,-2.2458882331848145
27.7846813201904297,-54.9533500671386719,-2.2483227252960205
-6.8880634307861328,-38.7771492004394531,-2.2467262744903564
22.9825820922851563,-43.6153488159179688,-2.2460813522338867
-1.5456242561340332,-13.7386865615844727,-2.2451641559600830
2.4322345256805420,-25.8948554992675781,-1.5362045764923096
11.3003435134887695,-30.8617267608642578,-1.5331510305404663
-5.8174648284912109,-40.4023742675781250,-2.2449443340301514
30.5060367584228516,-52.7149047851562500,-1.5322504043579102
34.6166915893554688,-56.9796485900878906,-1.5319271087646484
-6.8519358634948730,-6.8612051010131836,-2.2433364391326904
16.1227207183837891,-27.1673030853271484,-2.2450103759765625
3.1209514141082764,-53.0755462646484375,-1.5303355455398560
15.9049777984619141,-44.6864089965820313,-2.2448828220367432
1.0172373056411743,-31.6180114746093750,-2.2563235759735107
8.5786828994750977,-16.4295349121093750,-1.5350455045700073
-6.5183963775634766,-38.2063865661621094,-1.5324438810348511
-12.5934839248657227,-38.9478073120117188,-2.2504663467407227
-13.2800664901733398,-19.3741664886474609,-1.5318311452865601
3.4545495510101318,-41.1005897521972656,-2.2598676681518555
-25.7532768249511719,-47.4530715942382813,-1.5366632938385010
-18.1793136596679688,-32.6215896606445313,-2.2463612556457520
-18.1816997528076172,-46.8808288574218750,-1.5306749343872070
2.6232757568359375,-30.8232612609863281,-1.5378251075744629
-16.8033523559570313,-54.4366798400878906,-1.5320674180984497
10.6179122924804688,-32.9628028869628906,-1.5342273712158203
-1.5375305414199829,-14.7359762191772461,-2.2457017898559570
-15.4154758453369141,-52.3037719726562500,-2.2441098690032959
7.8643989562988281,-46.2689704895019531,-2.2475399971008301
21.5927391052246094,-56.2952613830566406,-2.2461409568786621
-16.8230495452880859,-53.7048454284667969,-2.2454369068145752
5.8167734146118164,-40.7942314147949219,-1.5244202613830566
13.3802623748779297,-36.5004577636718750,-2.2471587657928467
-21.8944587707519531,-32.4598770141601563,-2.2414357662200928
-12.0093507766723633,-31.7007045745849609,-2.2454755306243896
-1.5140576362609863,-3.4674286842346191,-1.5372269153594971
32.5838851928710938,-57.0040550231933594,-2.2433404922485352
20.9179458618164063,-45.7058219909667969,-2.2473707199096680
12.6293954849243164,-40.5049476623535156,-2.2465107440948486
-1.0176823139190674,-50.0687637329101563,-2.2428240776062012
12.4048671722412109,-26.8291568756103516,-1.5211058855056763
22.9835147857666016,-50.2488403320312500,-2.2444355487823486
-6.1990065574645996,-39.4915275573730469,-2.2446079254150391
-2.7113957405090332,-13.4677600860595703,-2.2418544292449951
13.1327314376831055,-23.2499790191650391,-2.2492368221282959
3.7799663543701172,-49.8111877441406250,-2.2489211559295654
-27.7779140472412109,-45.7315406799316406,-2.2420027256011963
-7.9582424163818359,-11.2384204864501953,-2.2476139068603516
25.7215499877929688,-55.3540267944335938,-2.2465825080871582
-15.4204006195068359,-36.4870834350585938,-1.5332510471343994
-27.7781581878662109,-46.4372749328613281,-1.5371285676956177
2.4407787322998047,-18.0796070098876953,-2.2478013038635254
-20.8908939361572266,-33.4606170654296875,-2.2418711185455322
-12.6203660964965820,-35.9755783081054688,-1.5364485979080200
-17.4856090545654297,-56.2924957275390625,-1.5326058864593506
17.4921112060546875,-40.9872474670410156,-1.5343040227890015
7.8531680107116699,-39.1427917480468750,-2.2432627677917480
6.6846299171447754,-31.5538635253906250,-1.5373303890228271
-16.7676200866699219,-31.9202613830566406,-1.5382385253906250
15.4213409423828125,-26.4592437744140625,-2.2417767047882080
7.9191336631774902,-49.7495231628417969,-1.5381523370742798
-11.3237133026123047,-23.8420772552490234,-1.5325059890747070
2.2668006420135498,-12.2628250122070313,-2.2422487735748291
1.8968909978866577,-28.1498718261718750,-1.5612854957580566
-10.6165885925292969,-44.9480094909667969,-2.2451097965240479
12.6705331802368164,-35.8092460632324219,-2.2449674606323242
-2.8759660720825195,-29.9093647003173828,-2.2468886375427246
1.7163857221603394,-29.3342380523681641,-1.5339964628219604
15.4202213287353516,-32.6262893676757813,-2.2476649284362793
-17.5088195800781250,-27.6786231994628906,-2.2492005825042725
1.7109552621841431,-46.7521286010742188,-1.5203223228454590
-15.9234209060668945,-44.9377250671386719,-1.5384707450866699
-6.4885663986206055,-55.5881767272949219,-2.2428267002105713
6.7486844062805176,-44.4323425292968750,-2.2507562637329102
15.4180412292480469,-41.0101509094238281,-2.2451369762420654
-3.2879915237426758,-18.6886730194091797,-1.5308818817138672
-22.9813232421875000,-41.6564025878906250,-1.5278271436691284
3.7829847335815430,-17.2442531585693359,-1.5317919254302979
-1.0183082818984985,-47.3330001831054688,-2.2481338977813721
7.8024435043334961,-24.1592826843261719,-2.2448015213012695
7.6275749206542969,-23.1411705017089844,-2.2438900470733643
-11.8864479064941406,-44.5221939086914063,-2.2466068267822266
-2.8736038208007813,-44.4985427856445313,-1.5248769521713257
6.5165381431579590,-50.6390724182128906,-2.2465369701385498
-7.2238750457763672,-18.9188632965087891,-2.2514932155609131
-3.3457679748535156,-54.4625282287597656,-1.5351294279098511
-7.1571378707885742,-19.8807868957519531,-1.5332108736038208
-17.5362930297851563,-35.6207656860351563,-1.5381733179092407
-25.7290859222412109,-46.0469818115234375,-1.5373388528823853
-20.9134960174560547,-38.1208000183105469,-1.5319023132324219
-22.2680358886718750,-35.3417930603027344,-1.5367984771728516
-13.3848476409912109,-51.3978424072265625,-2.2488136291503906
-25.0223560333251953,-46.0469207763671875,-2.2429075241088867
-25.7405281066894531,-44.6488113403320313,-1.5385525226593018
3.7796843051910400,-43.6957626342773438,-2.2467131614685059
7.5788884162902832,-15.7509384155273438,-2.2470803260803223
7.0827617645263672,-39.0973243713378906,-1.5311106443405151
16.8847732543945313,-48.9190979003906250,-1.5315723419189453
-8.5834608078002930,-30.5432491302490234,-1.5360705852508545
26.6988391876220703,-45.8143157958984375,-1.5363874435424805
5.8203573226928711,-39.5113067626953125,-1.5278724431991577
-2.8836066722869873,-28.0549507141113281,-1.5350255966186523
21.0124797821044922,-32.5130043029785156,-2.2413151264190674
13.3777217864990234,-13.6341600418090820,-1.5368351936340332
3.7855865955352783,-48.4373397827148438,-2.2456078529357910
-21.2723083496093750,-49.7635459899902344,-2.2419075965881348
26.0525836944580078,-43.2687873840332031,-1.5371673107147217
-8.5813646316528320,-21.6626281738281250,-1.5357549190521240
25.7450046539306641,-48.7578620910644531,-1.5314756631851196
12.9149045944213867,-22.1116008758544922,-2.2480182647705078
-2.4141900539398193,-50.7734642028808594,-1.5348577499389648
2.5769283771514893,-18.7599449157714844,-1.5355710983276367
6.5445222854614258,-30.2270088195800781,-1.5329923629760742
3.7761976718902588,-45.7534561157226563,-1.5271092653274536
20.2125492095947266,-50.3041610717773438,-1.5292789936065674
-4.2743396759033203,-6.6470475196838379,-2.2416934967041016
27.2622756958007813,-46.2156677246093750,-2.2469055652618408
12.4429388046264648,-51.5510025024414063,-2.2444055080413818
-6.5340380668640137,-52.0486221313476563,-1.5325841903686523
-18.1829090118408203,-31.9223423004150391,-1.5366029739379883
-5.8172163963317871,-48.3697967529296875,-2.2497496604919434
-3.7791590690612793,-26.6490859985351563,-1.5359969139099121
16.5966911315917969,-45.4002380371093750,-2.2436077594757080
36.6230392456054688,-56.2715644836425781,-1.5314054489135742
-3.0455191135406494,-29.2521133422851563,-1.5275280475616455
-11.3266983032226563,-50.7124595642089844,-2.2433476448059082
-11.2948074340820313,-21.7061328887939453,-2.2420496940612793
27.6259689331054688,-41.0937576293945313,-2.2412862777709961
-10.6163606643676758,-33.1078147888183594,-2.2442378997802734
18.1789894104003906,-33.6834602355957031,-1.5291385650634766
11.9091138839721680,-29.4461002349853516,-2.2454957962036133
15.4228992462158203,-33.3101768493652344,-1.5322494506835938
18.1830768585205078,-43.1519699096679688,-1.5362920761108398
-18.1778507232666016,-22.1232681274414063,-2.2413060665130615
-2.8078856468200684,-33.0833702087402344,-2.2547240257263184
-5.2198624610900879,-6.3268747329711914,-2.2413201332092285
-1.8208580017089844,-23.8884353637695313,-1.5359402894973755
8.5841455459594727,-20.7049083709716797,-1.5349071025848389
16.1130809783935547,-42.4183502197265625,-1.5355226993560791
11.3278369903564453,-31.5777072906494141,-2.2459156513214111
-6.5280480384826660,-40.3935356140136719,-1.5365798473358154
6.4985523223876953,-52.7713584899902344,-1.5325454473495483
7.1045651435852051,-29.1752033233642578,-1.5342580080032349
20.2138881683349609,-38.6449890136718750,-1.5359355211257935
8.5859947204589844,-54.8925514221191406,-1.5366095304489136
5.8219761848449707,-34.5913505554199219,-1.5321706533432007
18.1831340789794922,-40.9775085449218750,-2.2439210414886475
-18.1788997650146484,-34.9334259033203125,-2.2416512966156006
-1.9623264074325562,-15.5002260208129883,-1.7678192853927612
-22.9822864532470703,-54.6035308837890625,-1.5392948389053345
2.7863609790802002,-37.2363166809082031,-1.5356630086898804
-16.5172080993652344,-32.8789558410644531,-1.5306119918823242
-0.7600368261337280,-5.7286148071289063,-2.2422459125518799
31.2026844024658203,-56.2950897216796875,-1.5345174074172974
-7.8860912322998047,-54.8906250000000000,-1.5361959934234619
-3.0569474697113037,-5.2297325134277344,-1.5339031219482422
-15.4168815612792969,-53.0049362182617188,-1.5354371070861816
-26.4105720520019531,-54.1792640686035156,-1.5347712039947510
6.5599050521850586,-43.7836303710937500,-1.5309666395187378
-12.7163715362548828,-12.4404726028442383,-1.5340321063995361
27.7790489196777344,-56.3139801025390625,-2.2468321323394775
11.3947782516479492,-41.6596336364746094,-1.5338021516799927
1.0130763053894043,-46.0663032531738281,-1.5344012975692749
27.7848567962646484,-46.6546592712402344,-1.5303297042846680
-6.0904870033264160,-11.1217479705810547,-1.5348776578903198
-8.5778627395629883,-22.6858272552490234,-2.2418453693389893
11.3037328720092773,-13.7473850250244141,-1.5343449115753174
7.2117829322814941,-50.6874275207519531,-1.5320287942886353
6.5440850257873535,-49.9568138122558594,-1.5313315391540527
-18.1823387145996094,-50.1756668090820313,-1.5342004299163818
5.8836655616760254,-11.5459318161010742,-2.2446849346160889
-20.2214050292968750,-53.7722282409667969,-2.2422335147857666
21.6103096008300781,-43.6038017272949219,-2.2458684444427490
17.4626255035400391,-53.9636001586914063,-1.5338126420974731
-15.4190273284912109,-41.0481109619140625,-1.5363734960556030
6.6664757728576660,-48.1247138977050781,-2.2495286464691162
-7.1927919387817383,-21.2807979583740234,-1.5354554653167725
-13.3185834884643555,-41.1844062805175781,-1.5253757238388062
-7.1370468139648438,-23.8577022552490234,-2.2473692893981934
-17.5079421997070313,-28.3735504150390625,-1.5321207046508789
-1.0220091342926025,-45.6834716796875000,-1.5263227224349976
-8.5840940475463867,-52.8000564575195313,-1.5344514846801758
-18.1814727783203125,-33.2981338500976563,-1.5250786542892456
11.2522563934326172,-10.9641027450561523,-2.2414019107818604
1.4983400106430054,-42.2756385803222656,-2.2498497962951660
4.6723895072937012,-8.4742984771728516,-1.5381082296371460
8.3925399780273438,-9.6902170181274414,-1.5364507436752319
-2.2428145408630371,-2.7559926509857178,-1.5385204553604126
16.7075366973876953,-24.9570236206054688,-2.0808665752410889
4.7232813835144043,-10.3705234527587891,-1.5360864400863647
3.3021514415740967,-38.7259788513183594,-2.2453825473785400
-34.6169662475585938,-55.5265388488769531,-1.5340995788574219
8.5808496475219727,-57.0022354125976563,-2.2459247112274170
-11.4030246734619141,-40.7445449829101563,-2.2458798885345459
1.7977429628372192,-47.9868659973144531,-1.5308326482772827
-11.4455642700195313,-42.1300544738769531,-2.2453541755676270
4.4467225074768066,-7.5023059844970703,-1.5368473529815674
-17.1791019439697266,-48.8549003601074219,-1.5363081693649292
-15.4172821044921875,-50.1476516723632813,-1.5361182689666748
13.3834896087646484,-56.2996025085449219,-1.5369030237197876
-13.3782739639282227,-15.6731185913085938,-1.5345368385314941
32.5828590393066406,-52.7345237731933594,-2.2435407638549805
-10.6209478378295898,-40.7234992980957031,-1.5276185274124146
27.0655384063720703,-56.3114204406738281,-1.5347074270248413
-8.5794839859008789,-42.5739021301269531,-1.5280429124832153
11.9991321563720703,-34.3854331970214844,-1.5333379507064819
-12.0198907852172852,-20.3070049285888672,-1.5332055091857910
-20.8849582672119141,-38.8656806945800781,-2.2483279705047607
16.1292934417724609,-26.4650592803955078,-1.5375919342041016
2.3252956867218018,-37.7534713745117188,-2.2479355335235596
27.0598564147949219,-49.7535552978515625,-2.2420864105224609
-6.7649126052856445,-14.2659940719604492,-1.5375982522964478
11.7483882904052734,-52.2586746215820313,-2.2545046806335449
7.8847074508666992,-52.0765228271484375,-2.2457246780395508
-6.7595934867858887,-9.6426372528076172,-2.2432165145874023
2.4228501319885254,-16.6797313690185547,-2.2468125820159912
-36.6942100524902344,-54.0420188903808594,-2.2449162006378174
3.0816850662231445,-15.1391038894653320,-1.5374307632446289
-2.1972208023071289,-23.2902851104736328,-2.2413887977600098
-15.4213047027587891,-40.3434066772460938,-2.2426495552062988
11.9402914047241211,-10.7926235198974609,-1.5386542081832886
1.9534386396408081,-33.2450828552246094,-1.5404381752014160
-16.8162212371826172,-53.0033493041992188,-1.5344761610031128
-21.4965190887451172,-33.0939598083496094,-1.5383161306381226
1.0450805425643921,-32.2800292968750000,-1.5287474393844604
11.3520345687866211,-18.1941146850585938,-2.2437121868133545
29.8176383972167969,-53.4360084533691406,-1.5346648693084717
3.7821612358093262,-45.0829048156738281,-2.2488417625427246
-3.7779831886291504,-45.5325622558593750,-2.2506225109100342
-2.4111289978027344,-35.0081024169921875,-1.5339269638061523
13.4764432907104492,-11.5506143569946289,-2.2415697574615479
-12.0885057449340820,-15.3076705932617188,-1.5283489227294922
-1.8182862997055054,-45.0560531616210938,-1.5358046293258667
-12.3648958206176758,-42.5223274230957031,-2.2480387687683105
-6.8273744583129883,-13.4190311431884766,-2.0609319210052490
-3.2180991172790527,-12.6097745895385742,-2.2437541484832764
-13.3859214782714844,-22.4345378875732422,-2.2435331344604492
10.6187372207641602,-33.6564407348632813,-2.2445278167724609
-9.5006141662597656,-10.2621765136718750,-1.5385305881500244
-8.5796079635620117,-47.5327415466308594,-2.2470495700836182
-6.4955859184265137,-56.2900581359863281,-1.5330073833465576
11.3799095153808594,-21.2744274139404297,-1.5345847606658936
12.0379009246826172,-32.9707603454589844,-1.5369063615798950
-13.3815221786499023,-42.5022544860839844,-1.5285773277282715
10.6200189590454102,-52.7470130920410156,-2.2439572811126709
11.0331554412841797,-50.8938446044921875,-1.5234773159027100
-20.8757915496826172,-56.2611961364746094,-1.5300246477127075
-37.3024368286132813,-53.6987380981445313,-1.5371253490447998
1.7515953779220581,-48.6624183654785156,-2.2488183975219727
16.8267307281494141,-57.0022621154785156,-1.5322704315185547
3.6268582344055176,-8.7740383148193359,-1.5383583307266235
-1.3547008037567139,-6.0986089706420898,-1.5348024368286133
-1.5182497501373291,-20.5544986724853516,-2.2454960346221924
6.5083041191101074,-55.6053123474121094,-1.5353720188140869
-3.5820729732513428,-28.2696399688720703,-2.2474663257598877
35.9384956359863281,-56.2678108215332031,-2.2446055412292480
-15.4211378097534180,-24.8627891540527344,-1.5359090566635132
-13.3818502426147461,-27.0678234100341797,-1.5358902215957642
27.7785720825195313,-57.0051651000976563,-1.5360244512557983
-13.3791217803955078,-48.7378616333007813,-1.5367074012756348
-3.2334001064300537,-9.2587671279907227,-2.2413742542266846
-1.9276456832885742,-32.6137847900390625,-2.2442893981933594
25.3806800842285156,-52.0426406860351563,-1.5293277502059937
1.7741808891296387,-27.3143444061279297,-2.2416269779205322
-12.0970640182495117,-26.7307434082031250,-1.5312740802764893
1.7234357595443726,-23.4865760803222656,-2.2421476840972900
-6.6148881912231445,-23.3968048095703125,-1.5376706123352051
-25.0134220123291016,-52.7906455993652344,-1.5340057611465454
6.6676959991455078,-14.0905199050903320,-1.5382187366485596
17.3650646209716797,-37.0962219238281250,-1.5387630462646484
-12.6773872375488281,-28.8683395385742188,-1.5289843082427979
7.7985534667968750,-10.0650129318237305,-2.2431051731109619
12.5010395050048828,-14.8061895370483398,-2.2505307197570801
-20.7400493621826172,-50.2824821472167969,-1.5362006425857544
-15.4182434082031250,-54.3932456970214844,-1.5318762063980103
-8.0711202621459961,-36.7814598083496094,-1.5380172729492188
7.2057433128356934,-56.3058357238769531,-1.5358768701553345
-11.3106451034545898,-30.9927501678466797,-2.2460598945617676
17.4352760314941406,-46.5593681335449219,-1.5288414955139160
-17.1815814971923828,-26.3406772613525391,-1.5386538505554199
16.8831062316894531,-52.2245445251464844,-2.2463347911834717
5.8173651695251465,-41.4480094909667969,-2.2516131401062012
-17.4890384674072266,-50.1858978271484375,-2.2482454776763916
-7.8285622596740723,-48.8803749084472656,-1.5301622152328491
-0.9998717904090881,-6.6894617080688477,-2.2494494915008545
0.9215341806411743,-9.7266244888305664,-1.5386624336242676
-2.2199530601501465,-16.3389167785644531,-2.2428388595581055
18.1852817535400391,-55.3229827880859375,-2.2489304542541504
-12.6580123901367188,-55.6738929748535156,-1.5362702608108521
-5.2499074935913086,-10.1942157745361328,-1.5326691865921021
-6.2074618339538574,-33.2586326599121094,-2.2539606094360352
15.4229450225830078,-29.5619792938232422,-1.5351550579071045
16.6089572906494141,-36.8501777648925781,-2.2431709766387939
10.6221904754638672,-18.8837966918945313,-2.2469391822814941
27.0806102752685547,-44.8992843627929688,-1.5351282358169556
3.3300228118896484,-51.7066574096679688,-1.5269091129302979
-29.8216857910156250,-57.0052566528320313,-1.5378628969192505
-16.1202983856201172,-24.8524894714355469,-2.2448391914367676
25.0193939208984375,-45.2928848266601563,-1.5352584123611450
1.4448909759521484,-37.3124160766601563,-2.2548413276672363
3.9128191471099854,-5.5874304771423340,-1.5381801128387451
-20.2186756134033203,-36.7195396423339844,-2.2469685077667236
-21.3937664031982422,-31.9579563140869141,-1.5385597944259644
-15.9262781143188477,-56.5164489746093750,-1.5345964431762695
3.0271296501159668,-45.0720672607421875,-1.5310566425323486
-7.3743605613708496,-6.3880858421325684,-1.5378788709640503
18.1824150085449219,-42.4327011108398438,-2.2449357509613037
10.6149196624755859,-56.2960281372070313,-1.5358757972717285
6.6267876625061035,-16.0706176757812500,-2.2438588142395020
-2.6893978118896484,-28.7053031921386719,-2.2544791698455811
10.7755556106567383,-12.3267030715942383,-2.2412500381469727
1.5143826007843018,-39.3072433471679688,-2.2451729774475098
-13.3790264129638672,-24.8430614471435547,-1.5378344058990479
-1.9320331811904907,-25.7676162719726563,-2.2413730621337891
16.7109527587890625,-47.2438354492187500,-1.5335096120834351
-1.0215872526168823,-20.0304870605468750,-1.5355128049850464
-5.8177499771118164,-36.1368675231933594,-1.5361701250076294
-5.9251632690429688,-6.2548179626464844,-1.5386604070663452
-16.8171138763427734,-28.3842182159423828,-2.2458758354187012
16.1309337615966797,-28.1632499694824219,-2.2419614791870117
-1.0175601243972778,-52.9072456359863281,-2.2443606853485107
2.4150695800781250,-25.1824245452880859,-2.2434356212615967
-3.7842106819152832,-42.6086463928222656,-2.2454242706298828
1.0187795162200928,-19.4535732269287109,-2.2517712116241455
5.8169932365417480,-43.8070297241210938,-2.2441546916961670
13.3798789978027344,-39.1518516540527344,-1.5317200422286987
-7.2169570922851563,-53.4506301879882813,-2.2481560707092285
1.7734992504119873,-46.0865364074707031,-2.2491900920867920
-1.5359436273574829,-2.0504951477050781,-1.5389163494110107
1.0221577882766724,-21.4758739471435547,-1.5354422330856323
1.0221829414367676,-18.7751979827880859,-1.5317139625549316
-21.2547683715820313,-51.7551994323730469,-2.2427437305450439
-13.3561954498291016,-17.0449123382568359,-1.5313776731491089
-22.4774856567382813,-49.1448059082031250,-2.2440135478973389
7.8648324012756348,-26.7942447662353516,-2.2444577217102051
17.4239921569824219,-53.2752799987792969,-2.2472159862518311
-3.0803406238555908,-41.9059524536132813,-2.2450335025787354
-26.3369617462158203,-50.6502380371093750,-2.2428169250488281
7.3956885337829590,-37.2628555297851563,-1.5337532758712769
-1.0849137306213379,-4.7866473197937012,-2.2430057525634766
2.4678926467895508,-27.2664337158203125,-1.5273680686950684
-12.7043037414550781,-32.4167976379394531,-2.2470843791961670
-11.9536170959472656,-55.6600227355957031,-2.2428181171417236
-12.5984544754028320,-36.6720390319824219,-2.2457540035247803
-11.3228330612182617,-17.4899425506591797,-2.2434258460998535
-15.4213008880615234,-22.4518795013427734,-1.5377036333084106
-7.2081704139709473,-16.7981376647949219,-1.5347341299057007
17.3510932922363281,-33.7838668823242188,-2.2445738315582275
-35.2837486267089844,-57.0033874511718750,-2.2516005039215088
-7.2149004936218262,-43.3533782958984375,-2.2410783767700195
5.8187627792358398,-24.2396430969238281,-2.2480583190917969
-11.5285282135009766,-11.4375190734863281,-2.2467210292816162
5.8137292861938477,-54.9029350280761719,-1.5363357067108154
-8.5809497833251953,-13.6680850982666016,-2.2448003292083740
18.1732635498046875,-34.3530693054199219,-2.2513077259063721
20.9074344635009766,-57.0078125000000000,-2.2470929622650146
-1.0169513225555420,-34.3009414672851563,-2.2451429367065430
-13.3814411163330078,-30.2619609832763672,-2.2437279224395752
1.7163624763488770,-15.9790458679199219,-2.2472944259643555
7.2686614990234375,-23.7282924652099609,-1.5293940305709839
-25.0209655761718750,-51.1622467041015625,-2.2496395111083984
-8.0833921432495117,-26.8349094390869141,-1.5354044437408447
31.8854103088378906,-53.4430809020996094,-2.2453775405883789
22.2956047058105469,-40.0476303100585938,-2.2466075420379639
12.5903072357177734,-41.8880271911621094,-2.2444355487823486
-2.4509813785552979,-57.0057868957519531,-2.2449460029602051
-5.8200445175170898,-32.7187881469726563,-1.5276613235473633
2.7161591053009033,-10.5913991928100586,-1.5342173576354980
3.0276451110839844,-53.8173332214355469,-2.2438368797302246
20.7193107604980469,-35.0313758850097656,-1.5363316535949707
6.9009456634521484,-14.7566194534301758,-2.2432324886322021
-4.5228271484375000,-9.1675863265991211,-2.2414658069610596
-12.0029935836791992,-30.2822360992431641,-2.2476389408111572
13.3814277648925781,-30.1104793548583984,-1.5341233015060425
31.8894634246826172,-52.7236480712890625,-1.5347962379455566
-10.4385347366333008,-10.5800352096557617,-2.2434909343719482
10.6198949813842773,-35.9239921569824219,-1.5364093780517578
-15.4208850860595703,-42.4244956970214844,-1.5309005975723267
-3.7794656753540039,-38.5347633361816406,-2.2468121051788330
-7.9196081161499023,-52.5679512023925781,-2.2418479919433594
10.6188650131225586,-32.2727851867675781,-2.2458400726318359
-22.4727649688720703,-52.1303253173828125,-2.2422270774841309
-18.1811714172363281,-31.2236690521240234,-2.2441914081573486
-3.7796807289123535,-56.0102081298828125,-2.2432665824890137
-27.7786865234375000,-49.9486961364746094,-1.5358177423477173
-7.1903138160705566,-55.5910263061523438,-1.5353716611862183
18.1804389953613281,-44.5485153198242188,-1.5318987369537354
-12.0129232406616211,-33.1252708435058594,-2.2456440925598145
-5.8213548660278320,-26.5610332489013672,-1.5366188287734985
-1.7210571765899658,-50.0670623779296875,-1.5360732078552246
2.7685785293579102,-17.4795551300048828,-1.5343223810195923
-27.7848072052001953,-54.8957214355468750,-2.2448294162750244
7.8012909889221191,-25.3955154418945313,-2.2425258159637451
15.4222459793090820,-36.3436431884765625,-2.2461013793945313
7.8356728553771973,-29.8539581298828125,-1.5291191339492798
-36.6968002319335938,58.6288719177246094,-2.3999998569488525
-8.5840063095092773,-20.3578033447265625,-2.2469148635864258
5.8144741058349609,-52.7980308532714844,-2.2460432052612305
10.6168460845947266,-57.0042419433593750,-2.2436254024505615
-21.8048782348632813,-43.2552680969238281,-1.5373038053512573
-20.2178516387939453,-41.1575508117675781,-2.2420125007629395
-20.2223148345947266,-57.0131492614746094,-1.5271465778350830
-4.5780062675476074,-10.3637313842773438,-2.2455389499664307
7.5028080940246582,-36.2722358703613281,-1.5367401838302612
-16.1126461029052734,-29.7820529937744141,-1.5349465608596802
2.4313378334045410,-23.4581642150878906,-1.5385046005249023
-7.2558069229125977,-41.1002311706542969,-1.5378452539443970
-11.3364648818969727,-47.0110931396484375,-2.2468683719635010
37.3020210266113281,-54.8116378784179688,-2.2419943809509277
8.5785579681396484,-44.8725624084472656,-1.5382285118103027
-32.5765838623046875,-50.9965209960937500,-1.5383378267288208
-1.5375621318817139,-7.1273508071899414,-1.5359640121459961
18.1787681579589844,-25.7591781616210938,-1.5381662845611572
16.1347751617431641,-29.5616664886474609,-2.2451906204223633
-7.8856034278869629,-31.2467212677001953,-1.5362522602081299
10.6814718246459961,-21.2451839447021484,-2.2462916374206543
22.9786891937255859,-49.0691680908203125,-2.2429606914520264
-1.0191305875778198,-27.5429725646972656,-1.5319772958755493
5.8937768936157227,-40.1524505615234375,-2.2580716609954834
34.6164360046386719,-55.5514640808105469,-1.5319918394088745
-2.4844176769256592,-4.8368105888366699,-2.2443876266479492
-5.8172640800476074,-46.0955886840820313,-2.2459666728973389
1.7292243242263794,-51.6300659179687500,-1.5324560403823853
16.1107463836669922,-41.0240516662597656,-1.5320255756378174
-6.8972129821777344,-39.4730644226074219,-1.5356115102767944
13.3077554702758789,-12.2365055084228516,-1.5368133783340454
3.7827897071838379,-34.5957679748535156,-2.2531306743621826
1.7140297889709473,-25.2121849060058594,-1.5346306562423706
-3.1256828308105469,-17.0374202728271484,-2.2462861537933350
-13.3824224472045898,-21.0239219665527344,-2.2491197586059570
22.0445747375488281,-51.2147979736328125,-2.2506399154663086
18.1737918853759766,-47.2347984313964844,-1.5292414426803589
-18.1844062805175781,-53.0062561035156250,-1.5350528955459595
8.5781354904174805,-19.4238586425781250,-1.5373872518539429
-32.5783157348632813,-54.9660072326660156,-1.5359398126602173
12.2102975845336914,-21.4118442535400391,-2.2436938285827637
-21.1358318328857422,-46.7957153320312500,-1.5376372337341309
-20.2138175964355469,-55.4406547546386719,-1.5247652530670166
3.0937013626098633,-11.8932828903198242,-1.5314514636993408
-16.0866546630859375,-37.9080085754394531,-2.2505257129669189
3.7817804813385010,-36.2445755004882813,-1.5374231338500977
22.4974842071533203,-48.5590438842773438,-1.5350815057754517
-18.1815147399902344,-25.5880966186523438,-2.2499768733978271
11.0356826782226563,-15.1852951049804688,-2.2467124462127686
13.3842153549194336,-35.8053283691406250,-1.5350608825683594
5.8196640014648438,-31.5657100677490234,-2.2530531883239746
-2.4165959358215332,-52.9112548828125000,-2.2449848651885986
1.2372726202011108,-5.3431406021118164,-2.2451241016387939
-16.1398124694824219,-41.7360382080078125,-1.5369589328765869
15.4152774810791016,-43.1218223571777344,-1.5367015600204468
1.7314277887344360,-26.6037940979003906,-1.5378693342208862
26.7099189758300781,-51.0473556518554688,-2.2459261417388916
-22.9800434112548828,-40.9713554382324219,-2.2449221611022949
5.8197264671325684,-29.5458049774169922,-1.5345469713211060
5.8209486007690430,-32.9184722900390625,-2.2482149600982666
-11.9825553894042969,-22.4221458435058594,-2.2442862987518311
21.0313949584960938,-33.2212295532226563,-1.5381656885147095
32.5823593139648438,-54.1540870666503906,-2.2430729866027832
-10.6144695281982422,-53.5209617614746094,-1.5353497266769409
-21.6313686370849609,-41.1676483154296875,-2.2450978755950928
-10.6154623031616211,-35.8908004760742188,-2.2566277980804443
-12.6985378265380859,-31.6848621368408203,-1.5329391956329346
-3.2003002166748047,-55.6250419616699219,-1.5354560613632202
-1.7173773050308228,-52.9100837707519531,-1.5357754230499268
21.8312511444091797,-31.9409046173095703,-2.2412102222442627
-22.9782466888427734,-52.6253967285156250,-1.5383336544036865
25.7250823974609375,-49.4416427612304688,-2.2453665733337402
13.3798198699951172,-42.4906921386718750,-2.2463707923889160
12.0914421081542969,-42.3704223632812500,-1.5334699153900146
8.5879020690917969,-51.3834457397460938,-2.2454612255096436
-1.6904933452606201,-37.1270484924316406,-1.5318349599838257
-20.8837108612060547,-35.1443824768066406,-1.5380138158798218
25.5032138824462891,-56.5057754516601563,-1.5338344573974609
1.7475224733352661,-18.7853584289550781,-2.2432181835174561
-1.9251623153686523,-19.1507568359375000,-1.5265604257583618
20.9114875793457031,-43.5971794128417969,-1.5359250307083130
31.8867855072021484,-54.1525688171386719,-1.5342854261398315
-5.8216624259948730,-45.1091880798339844,-2.2472319602966309
15.8981637954711914,-37.5366973876953125,-2.2466394901275635
-3.7847120761871338,-39.2181167602539063,-1.5325169563293457
13.3858547210693359,-30.8013324737548828,-2.2458899021148682
-22.9889049530029297,-55.3054275512695313,-2.2559924125671387
11.5731744766235352,-22.6174297332763672,-1.5317988395690918
13.3779125213623047,-40.4920310974121094,-1.5297687053680420
-26.4589748382568359,-47.4458580017089844,-2.2436654567718506
18.1815662384033203,-57.0043945312500000,-1.5354692935943604
10.6217317581176758,-46.1025009155273438,-1.5360144376754761
31.8928432464599609,-57.0063629150390625,-1.5331947803497314
-2.0241067409515381,-14.2402048110961914,-1.5334739685058594
-18.1840991973876953,-28.4087505340576172,-2.2478160858154297
-13.3776512145996094,-41.8430824279785156,-2.2532756328582764
-12.6864585876464844,-33.8614120483398438,-2.2478585243225098
-2.3717107772827148,-37.8401145935058594,-1.5345535278320313
-16.9471492767333984,-41.6251640319824219,-2.2417650222778320
-31.3411998748779297,-56.4994163513183594,-2.2414162158966064
-16.0018882751464844,-33.2808303833007813,-2.2588672637939453
-0.8401023745536804,-1.3337429761886597,-1.5387229919433594
-2.4504337310791016,-56.3083343505859375,-1.5348432064056396
10.6175699234008789,-51.3940010070800781,-2.2540590763092041
25.9773426055908203,-50.3893470764160156,-2.2473208904266357
16.1622161865234375,-32.6298446655273438,-1.5329555273056030
17.4589672088623047,-54.6509246826171875,-2.2477705478668213
22.3284568786621094,-47.1358299255371094,-2.2493674755096436
3.9133689403533936,-10.9644374847412109,-1.5375839471817017
11.3325967788696289,-44.4176788330078125,-1.5328265428543091
21.6116828918457031,-54.1493988037109375,-1.5342713594436646
-18.1812152862548828,-29.8042583465576172,-2.2447810173034668
-12.0319547653198242,-24.5423545837402344,-1.5364743471145630
10.6224660873413086,-43.0415115356445313,-2.2495357990264893
-0.8081153631210327,-2.0416550636291504,-2.2417376041412354
-12.8203992843627930,-10.8340482711791992,-2.2412307262420654
-20.9282970428466797,-41.1588439941406250,-1.5373665094375610
-6.4517793655395508,-12.0529127120971680,-1.5341802835464478
1.1187347173690796,-36.2133789062500000,-2.2603189945220947
-7.1879906654357910,-56.2939567565917969,-2.2452037334442139
6.7896528244018555,-46.7308731079101563,-2.2447390556335449
-20.2184276580810547,-39.7509689331054688,-2.2459938526153564
-5.4628701210021973,-4.0689010620117188,-1.5388575792312622
15.4222793579101563,-31.2529697418212891,-2.2442061901092529
18.1807098388671875,-53.2751197814941406,-1.5332107543945313
-22.9720745086669922,-44.9878997802734375,-1.5353188514709473
-26.3880596160888672,-56.3111267089843750,-2.2467153072357178
-3.7776494026184082,-48.1889457702636719,-2.2560822963714600
13.3767108917236328,-27.3292179107666016,-1.5383594036102295
15.4178848266601563,-52.2368469238281250,-2.2520680427551270
-22.9786643981933594,-53.6157150268554688,-1.5370380878448486
8.5740928649902344,-43.1746330261230469,-2.2425832748413086
-16.1228713989257813,-26.9586791992187500,-1.5364713668823242
-1.0191959142684937,-21.0242710113525391,-1.5351016521453857
3.7789237499237061,-26.9074993133544922,-2.2430284023284912
1.0189259052276611,-55.0446929931640625,-1.5244185924530029
-22.9779663085937500,-49.6541595458984375,-1.5380009412765503
7.0443019866943359,-16.9735507965087891,-2.2471990585327148
-27.7779045104980469,-47.5481986999511719,-1.5381077527999878
16.4655532836914063,-56.4062652587890625,-2.2432413101196289
3.0764734745025635,-14.4328422546386719,-2.2442650794982910
5.8222708702087402,-42.1281585693359375,-1.5354808568954468
-5.8176460266113281,-17.5279655456542969,-2.2441658973693848
10.6186723709106445,-50.3863067626953125,-2.2535200119018555
-16.9375171661376953,-23.7343120574951172,-1.5384498834609985
-3.0898804664611816,-36.4317665100097656,-2.2445683479309082
8.5823211669921875,-53.4836044311523438,-1.5366141796112061
-21.9758014678955078,-41.9000549316406250,-1.5354456901550293
-21.9273681640625000,-53.5473136901855469,-1.5365155935287476
-30.7543907165527344,-51.0629997253417969,-1.5387771129608154
-4.6087517738342285,-11.0621128082275391,-1.5375726222991943
10.6215906143188477,-21.9208660125732422,-1.5290679931640625
36.6235771179199219,-55.5441932678222656,-2.2488117218017578
-17.6310653686523438,-21.6718826293945313,-1.5386891365051270
-3.0944247245788574,-35.0066413879394531,-2.2480275630950928
8.5778388977050781,-26.7944717407226563,-1.5333498716354370
15.4177293777465820,-48.8883934020996094,-1.5310524702072144
-12.0088167190551758,-25.2382812500000000,-2.2463941574096680
3.1748828887939453,-26.5544719696044922,-1.5350735187530518
26.8551158905029297,-40.4584350585937500,-2.2412254810333252
10.6212339401245117,-43.7203102111816406,-1.5315159559249878
37.3051338195800781,-55.5412406921386719,-1.5347803831100464
8.5772829055786133,-15.7369794845581055,-2.2461538314819336
8.5809698104858398,-46.9638099670410156,-2.2500710487365723
-25.0133438110351563,-55.5854377746582031,-1.5357935428619385
-25.7867431640625000,-49.5474243164062500,-2.2451944351196289
-11.4518575668334961,-26.9848670959472656,-2.2446374893188477
20.9168663024902344,-45.0083656311035156,-1.5361694097518921
15.4200220108032227,-50.2440414428710938,-1.5253933668136597
-22.9793071746826172,-33.9355888366699219,-2.2425010204315186
-27.7816886901855469,-53.4507026672363281,-2.2433021068572998
-7.8341708183288574,-19.7055053710937500,-2.2420718669891357
9.9524574279785156,-10.3832063674926758,-2.2412364482879639
-17.4505310058593750,-57.0012969970703125,-2.2394223213195801
13.3802366256713867,-14.3379192352294922,-2.2418735027313232
25.0219841003417969,-41.9350929260253906,-2.2419185638427734
11.4483919143676758,-13.0649662017822266,-2.2435207366943359
1.0182086229324341,-40.7894821166992188,-1.5374552011489868
27.0448760986328125,-55.6170120239257813,-2.2453367710113525
8.5832490921020508,-43.8767166137695313,-1.5376231670379639
-6.5483336448669434,-35.4488563537597656,-1.5326603651046753
16.8634510040283203,-31.2531108856201172,-2.2452955245971680
-15.4161272048950195,-51.5863265991210938,-1.5347493886947632
-1.7905195951461792,-22.6981220245361328,-1.5366722345352173
-31.8420410156250000,-57.0017738342285156,-1.5388478040695190
5.3360028266906738,-6.4677443504333496,-1.5385667085647583
-11.3168659210205078,-30.2686519622802734,-1.5329645872116089
-10.6210842132568359,-19.5809421539306641,-2.2444913387298584
-25.0220165252685547,-45.3418731689453125,-1.5379970073699951
1.0959404706954956,-47.9088287353515625,-2.2413036823272705
11.2059383392333984,-29.4963493347167969,-1.5384482145309448
-1.0209304094314575,-15.1899833679199219,-1.5306919813156128
-27.7778320312500000,-44.3072586059570313,-2.2340283393859863
7.1919136047363281,-52.0595054626464844,-1.5334335565567017
-1.9999629259109497,-28.7166004180908203,-1.5364971160888672
12.4676008224487305,-45.3922653198242188,-2.2433688640594482
10.9023962020874023,-10.0294179916381836,-2.2419071197509766
-13.3799190521240234,-16.3648471832275391,-2.2472128868103027
-3.1300532817840576,-31.9770278930664063,-2.2415075302124023
11.8925905227661133,-41.1765899658203125,-2.2442908287048340
2.3511562347412109,-43.7198791503906250,-2.2440783977508545
3.7814912796020508,-28.0680732727050781,-2.2534778118133545
-3.6006867885589600,-10.1847133636474609,-2.2415909767150879
20.2198390960693359,-37.2117271423339844,-1.5345081090927124
-8.5866508483886719,-26.3308067321777344,-2.2428355216979980
3.1667773723602295,-30.3701171875000000,-2.2416265010833740
17.4013824462890625,-28.4416942596435547,-1.5341681241989136
1.9460084438323975,-50.9916038513183594,-2.2530498504638672
-3.0243740081787109,-46.2005500793457031,-2.2465202808380127
-22.2808170318603516,-38.8651008605957031,-2.2443563938140869
-12.8312082290649414,-18.2755699157714844,-1.5386199951171875
7.0464167594909668,-20.0133266448974609,-2.2417442798614502
3.4289393424987793,-27.5110797882080078,-1.5305130481719971
31.1997203826904297,-54.8709945678710938,-1.5340099334716797
-12.7036781311035156,-50.5257835388183594,-2.2418382167816162
18.1785030364990234,-37.6755256652832031,-1.5239292383193970
3.7812397480010986,-15.1354427337646484,-2.2443318367004395
-2.2151544094085693,-39.9753112792968750,-2.2412402629852295
5.8161797523498535,-57.0062065124511719,-2.2443139553070068
-1.9929777383804321,-28.0058174133300781,-2.2359437942504883
18.0268630981445313,-38.3023529052734375,-2.2579038143157959
10.6206169128417969,-46.7974662780761719,-2.2436299324035645
-1.8093261718750000,-4.1033673286437988,-2.2432196140289307
6.5056471824645996,-56.3003959655761719,-2.2460036277770996
17.4894371032714844,-56.0218658447265625,-2.2493822574615479
1.7624751329421997,-54.3872718811035156,-1.5326040983200073
7.8265647888183594,-34.8008499145507813,-1.5348584651947021
27.7827529907226563,-55.6292190551757813,-1.5310274362564087
-7.1581525802612305,-32.9550971984863281,-1.5311707258224487
-8.5783662796020508,-51.8235588073730469,-1.5384608507156372
3.7578127384185791,-4.6011786460876465,-1.5380963087081909
-7.6015486717224121,-23.3502426147460938,-1.5351455211639404
26.3536243438720703,-55.6168594360351563,-1.5331323146820068
-5.8523049354553223,-50.0203819274902344,-1.5267111063003540
3.7778215408325195,-56.3529205322265625,-1.5234889984130859
31.2252292633056641,-50.4350662231445313,-1.5387719869613647
-22.9781570434570313,-34.6402778625488281,-1.5371876955032349
-18.1829280853271484,-36.5867385864257813,-1.5316889286041260
-16.1321277618408203,-48.7543334960937500,-2.2478542327880859
-31.4927005767822266,-53.8356971740722656,-2.2443034648895264
-2.3794758319854736,-37.1218185424804688,-2.2458081245422363
26.6949214935302734,-52.4250259399414063,-2.2471230030059814
-5.8178577423095703,-20.3114871978759766,-2.2444322109222412
8.5784549713134766,-29.8471679687500000,-2.2507202625274658
-31.7857761383056641,-51.7975616455078125,-1.5385538339614868
29.8195133209228516,-52.7153701782226563,-2.2449114322662354
8.5808362960815430,-27.4834098815917969,-2.2462980747222900
-2.3862118721008301,-18.2663002014160156,-1.5367377996444702
6.4705119132995605,-25.8370056152343750,-1.5363469123840332
10.6199483871459961,-27.4462337493896484,-1.5370743274688721
1.0187925100326538,-37.8272476196289063,-1.5309799909591675
-16.1247730255126953,-22.4531326293945313,-2.2436993122100830
13.3865709304809570,-54.8866081237792969,-1.5360636711120605
-20.2177238464355469,-38.1272926330566406,-2.2430517673492432
31.1959152221679688,-54.1593055725097656,-2.2462685108184814
2.8007988929748535,-7.5217757225036621,-2.2432720661163330
-35.9636230468750000,-55.5315017700195313,-1.5284638404846191
-17.4539756774902344,-38.6667671203613281,-1.5324506759643555
-3.2790477275848389,-22.1835041046142578,-2.2438879013061523
8.5790252685546875,-38.4583396911621094,-2.2482817173004150
15.4174003601074219,-54.5356979370117188,-2.2510843276977539
37.3059234619140625,-56.2763977050781250,-2.2445724010467529
11.6578330993652344,-28.1251773834228516,-2.2500295639038086
22.2857952117919922,-57.0056457519531250,-2.2455768585205078
12.7124786376953125,-31.5255126953125000,-2.2466812133789063
22.2787723541259766,-45.7244796752929688,-2.2439990043640137
-20.7529239654541016,-49.2842102050781250,-1.5378956794738770
20.9120407104492188,-39.3475761413574219,-1.5343146324157715
-6.3383402824401855,-48.8834304809570313,-1.5384466648101807
-2.4095492362976074,-44.0492591857910156,-2.2529833316802979
31.2028503417968750,-57.0066642761230469,-2.2455685138702393
-34.6168785095214844,-56.2602539062500000,-2.2465920448303223
16.7723350524902344,-40.2989425659179688,-1.5354084968566895
-25.0199565887451172,-50.1778678894042969,-2.2452750205993652
-11.8787088394165039,-10.5030612945556641,-2.2418987751007080
20.9080562591552734,-52.4507637023925781,-1.5339411497116089
-13.3848800659179688,-29.5586318969726563,-1.5368767976760864
-3.2817533016204834,-24.1757221221923828,-2.2436211109161377
-2.3892490863800049,-36.4240036010742188,-1.5364340543746948
13.3794965744018555,-50.5211219787597656,-2.2531282901763916
11.1084728240966797,-47.3019561767578125,-1.5343819856643677
8.5814647674560547,-24.7743797302246094,-2.2515020370483398
-6.2379980087280273,-7.2024726867675781,-1.5360919237136841
12.0139789581298828,-54.1548385620117188,-2.2467002868652344
-1.0175043344497681,-54.2979736328125000,-2.2484591007232666
-12.4170198440551758,-26.1344528198242188,-2.2471837997436523
10.6165552139282227,-53.4516868591308594,-1.5366965532302856
-8.5797538757324219,-38.9219551086425781,-1.5227481126785278
-8.0634555816650391,-51.3431777954101563,-2.2422535419464111
-21.1383571624755859,-46.0969848632812500,-2.2447063922882080
-12.6240987777709961,-41.1835403442382813,-2.2445731163024902
-3.7779457569122314,-46.8657684326171875,-2.2516257762908936
-26.4917831420898438,-48.1466293334960938,-1.5362858772277832
17.4649734497070313,-44.5483703613281250,-2.2471365928649902
-35.9733657836914063,-54.7855682373046875,-2.2504968643188477
-10.6215667724609375,-47.7051467895507813,-2.2428388595581055
11.3226451873779297,-33.6620445251464844,-1.5366568565368652
-16.8961639404296875,-46.7513923645019531,-2.2444157600402832
1.0192271471023560,-30.9753475189208984,-1.5248575210571289
20.7532939910888672,-36.0566558837890625,-1.5385780334472656
-10.8374586105346680,-15.4582729339599609,-1.5321997404098511
-12.0252580642700195,-39.3175315856933594,-1.5326664447784424
-2.4222726821899414,-50.0719413757324219,-2.2447938919067383
-2.4055998325347900,-51.4885711669921875,-2.2469346523284912
-5.8162856101989746,-42.4639015197753906,-1.5316973924636841
12.6839561462402344,-34.4144325256347656,-2.2473750114440918
-11.3150892257690430,-53.5274581909179688,-2.2443737983703613
15.4183168411254883,-53.5580329895019531,-2.2469208240509033
1.0999238491058350,-2.0219330787658691,-1.5385154485702515
7.0826330184936523,-26.1810741424560547,-2.2441160678863525
-7.9116411209106445,-13.5513353347778320,-1.5259060859680176
-1.0181853771209717,-43.3551521301269531,-1.5334841012954712
-5.8351569175720215,-35.4527664184570313,-2.2497456073760986
10.6201038360595703,-42.3687667846679688,-1.5289180278778076
5.9569888114929199,-13.2450761795043945,-1.5377064943313599
18.1813373565673828,-47.9106712341308594,-2.2480645179748535
-2.3975729942321777,-11.2839307785034180,-1.5348443984985352
-7.7924981117248535,-50.2449645996093750,-1.5323368310928345
-16.7887935638427734,-30.5096607208251953,-1.5348318815231323
-18.1849098205566406,-53.7149162292480469,-2.2459895610809326
11.7474918365478516,-51.5823860168457031,-1.5333718061447144
-16.1330661773681641,-32.2911567687988281,-2.2410585880279541
-13.3864564895629883,-31.6951122283935547,-2.2443277835845947
35.2796249389648438,-57.0072174072265625,-2.2541534900665283
15.4156818389892578,-56.5113143920898438,-2.2525713443756104
-26.4942150115966797,-48.8459205627441406,-2.2439436912536621
-12.6596050262451172,-35.2747306823730469,-2.2421975135803223
-1.0216337442398071,-30.9425735473632813,-2.2446258068084717
-8.4940814971923828,-7.3251204490661621,-1.5368894338607788
3.7814166545867920,-46.4119300842285156,-2.2567265033721924
-15.4214820861816406,-23.1616458892822266,-2.2427558898925781
-12.3132305145263672,-49.7806777954101563,-1.5326708555221558
7.8935480117797852,-50.6930236816406250,-2.2476649284362793
21.2183856964111328,-36.5913238525390625,-2.2418770790100098
-8.5806274414062500,-43.2401885986328125,-2.2476658821105957
4.1851453781127930,-4.0353260040283203,-2.2411565780639648
-21.5673332214355469,-56.2682037353515625,-2.2446210384368896
25.8589229583740234,-44.7557945251464844,-1.5381176471710205
2.7019951343536377,-20.1050567626953125,-1.5359634160995483
0.1817089617252350,-11.0602073669433594,-1.5296084880828857
10.6212434768676758,-38.0527343750000000,-2.2455322742462158
12.5665540695190430,-11.5699882507324219,-1.5379648208618164
-18.1841793060302734,-49.4940757751464844,-2.2525482177734375
15.9447164535522461,-54.0254859924316406,-1.5387380123138428
22.9837608337402344,-39.3289947509765625,-2.2443516254425049
11.3045492172241211,-56.2902832031250000,-2.2470891475677490
-10.6176681518554688,-32.4043617248535156,-1.5367996692657471
22.9913978576660156,-52.5072288513183594,-2.2527289390563965
5.8212580680847168,-47.9454536437988281,-1.5272691249847412
-26.4011249542236328,-53.4668579101562500,-2.2468297481536865
17.3535194396972656,-38.3603057861328125,-1.5304435491561890
15.4202871322631836,-45.1838607788085938,-1.5352212190628052
25.0215873718261719,-44.5962600708007813,-2.2436978816986084
0.1554438769817352,-6.2222142219543457,-2.2445414066314697
10.6178016662597656,-36.6481323242187500,-2.2432231903076172
2.7967667579650879,-46.7202301025390625,-2.2426326274871826
-16.4171295166015625,-57.0092010498046875,-2.2428829669952393
3.7789521217346191,-57.0102424621582031,-2.2480151653289795
8.5787792205810547,-33.5054206848144531,-2.2583448886871338
8.9811782836914063,-10.8431043624877930,-2.2413632869720459
3.0184800624847412,-21.0456962585449219,-1.5365061759948730
-6.9641337394714355,-42.6897163391113281,-1.5386874675750732
-7.4101438522338867,-21.9368877410888672,-2.2476949691772461
16.7982997894287109,-40.9961929321289063,-2.2463247776031494
-1.7141641378402710,-51.4851531982421875,-1.5345518589019775
-7.2674236297607422,-36.1390571594238281,-1.5358077287673950
3.7812633514404297,-21.6831398010253906,-1.5320061445236206
27.7797527313232422,-49.7595329284667969,-1.5366381406784058
6.7055020332336426,-37.2572059631347656,-2.2482705116271973
-25.0190601348876953,-57.0069808959960938,-1.5373797416687012
10.6226215362548828,-17.4951572418212891,-2.2431130409240723
-1.5526440143585205,-12.7466287612915039,-2.2459750175476074
21.0133113861083984,-33.9279174804687500,-2.2420501708984375
16.7432575225830078,-47.9304962158203125,-2.2503697872161865
11.8922080993652344,-15.6931581497192383,-2.2437305450439453
-7.5867247581481934,-27.3186912536621094,-2.2517964839935303
25.0173645019531250,-50.1349372863769531,-2.2490592002868652
35.9434318542480469,-57.0015068054199219,-1.5290822982788086
1.0169150829315186,-20.7821941375732422,-2.2473454475402832
7.0608229637145996,-45.0230674743652344,-1.5280117988586426
22.9853610992431641,-40.7606773376464844,-2.2436804771423340
-6.5282487869262695,-37.5093917846679688,-2.2442469596862793
-8.6012945175170898,-6.3332228660583496,-1.5376524925231934
4.2895431518554688,-9.0673780441284180,-2.2425363063812256
21.6078910827636719,-44.3003387451171875,-1.5348235368728638
-12.6336030960083008,-56.3738098144531250,-2.2431182861328125
21.6035804748535156,-39.3362541198730469,-2.2455191612243652
-5.8196587562561035,-47.3736724853515625,-2.2481935024261475
-16.7591686248779297,-40.1353988647460938,-2.2526974678039551
3.0254833698272705,-56.3611755371093750,-2.2461369037628174
-0.6922978162765503,-9.7712984085083008,-2.2473199367523193
-3.1159007549285889,-43.3436126708984375,-2.2426240444183350
13.3831462860107422,-53.4770050048828125,-1.5350433588027954
-12.8594036102294922,-40.0634574890136719,-1.5387678146362305
-21.9396247863769531,-51.5902557373046875,-1.5372749567031860
-15.4198894500732422,-38.9394645690917969,-2.2451906204223633
-16.2388782501220703,-23.8611145019531250,-2.2410354614257813
-10.9866218566894531,-55.8770713806152344,-2.2539606094360352
-17.3957061767578125,-46.2798995971679688,-1.5327689647674561
10.6169004440307617,-39.4094772338867188,-2.2543065547943115
5.9380688667297363,-37.8921661376953125,-2.2579848766326904
25.0205574035644531,-51.4779319763183594,-2.2508442401885986
15.4201240539550781,-39.0123519897460938,-1.5295797586441040
-5.8185586929321289,-54.1520805358886719,-1.5367441177368164
8.8757057189941406,-7.1898088455200195,-1.5387878417968750
-5.8293876647949219,-11.7640867233276367,-2.2462882995605469
37.3016967773437500,-53.3355941772460938,-2.2413527965545654
-7.8524045944213867,-32.9523773193359375,-2.2427568435668945
-11.1037235260009766,-38.1647377014160156,-1.5326271057128906
-5.8109946250915527,-56.3055419921875000,-2.2455787658691406
17.4599571228027344,-45.8910560607910156,-2.2519114017486572
-27.7784805297851563,-45.0247421264648438,-1.5374594926834106
-8.5819845199584961,-19.6745491027832031,-1.5340403318405151
-6.5108990669250488,-54.1528396606445313,-2.2481651306152344
-36.6299972534179688,-56.2712020874023438,-1.5301452875137329
-7.8599085807800293,-41.8928756713867188,-1.5296652317047119
8.5816106796264648,-22.7731952667236328,-1.5282856225967407
20.2161350250244141,-42.1847686767578125,-2.2436189651489258
3.1563432216644287,-33.2647666931152344,-1.5385807752609253
15.8367624282836914,-57.0097618103027344,-1.5301488637924194
-6.8182187080383301,-4.9301939010620117,-2.2420711517333984
26.4448719024658203,-48.7663040161132813,-2.2443902492523193
-17.3662128448486328,-24.2981147766113281,-2.2419621944427490
-8.5862636566162109,-28.2924251556396484,-2.0415930747985840
18.1800518035888672,-35.0192604064941406,-1.5264629125595093
1.7429475784301758,-53.7085571289062500,-2.2481548786163330
-5.8181495666503906,-53.4427223205566406,-2.2423965930938721
-3.7776889801025391,-43.6003341674804688,-1.5386393070220947
-8.5818223953247070,-31.2447834014892578,-2.2438068389892578
-1.7240577936172485,-49.3701934814453125,-2.2454009056091309
21.5715942382812500,-51.6963500976562500,-1.5268429517745972
-6.9143304824829102,-26.4129600524902344,-1.5302023887634277
-3.7826361656188965,-33.5882911682128906,-1.5336602926254272
-20.2165889739990234,-47.1741943359375000,-1.5240287780761719
2.0142335891723633,-11.6019020080566406,-1.5385820865631104
7.7210850715637207,-21.7284717559814453,-1.5334814786911011
10.6200981140136719,-20.2556743621826172,-2.2456340789794922
-15.4214258193969727,-35.8021278381347656,-2.2482581138610840
-26.7113132476806641,-44.4136238098144531,-1.5385073423385620
3.0374610424041748,-49.8057746887207031,-1.5356149673461914
-6.1739315986633301,-12.6950035095214844,-2.2451481819152832
20.9094524383544922,-41.4729499816894531,-2.2460546493530273
-6.5155968666076660,-28.2956943511962891,-1.5335096120834351
-16.8011169433593750,-52.2904815673828125,-2.2458350658416748
-11.2161655426025391,-7.7768321037292480,-1.5389100313186646
-16.1202583312988281,-26.2599544525146484,-2.2436337471008301
-11.3442220687866211,-50.0104560852050781,-1.5368928909301758
1.0216118097305298,-34.5881271362304688,-1.5379396677017212
25.0216083526611328,-48.0693359375000000,-1.5340663194656372
20.2213096618652344,-49.6625442504882813,-2.2581434249877930
-3.7810609340667725,-41.2010765075683594,-2.2416033744812012
-6.9632019996643066,-31.3045272827148438,-2.2413952350616455
-27.0885353088378906,-53.4531707763671875,-1.5334537029266357
-11.7711620330810547,-16.6028461456298828,-2.2450366020202637
0.1616691201925278,-8.7713079452514648,-1.5357629060745239
-3.1350133419036865,-57.0080528259277344,-1.5269346237182617
7.8675451278686523,-43.1864242553710938,-1.5357110500335693
5.8297095298767090,-30.2295417785644531,-2.2485659122467041
22.6023979187011719,-49.6612014770507813,-1.5359847545623779
12.4072465896606445,-27.4714298248291016,-2.2573559284210205
-6.9218420982360840,-47.8660202026367188,-2.2474439144134521
8.5822715759277344,-52.7827453613281250,-2.2437491416931152
-29.8193950653076172,-55.0174064636230469,-1.5381417274475098
-8.8708534240722656,-7.9348258972167969,-2.2425210475921631
2.1858618259429932,-34.2161407470703125,-1.5327875614166260
22.9790840148925781,-45.0134963989257813,-2.2449672222137451
-32.5778160095214844,-51.7031974792480469,-2.2426269054412842
-5.2294101715087891,-9.2008552551269531,-1.5366750955581665
-20.2222976684570313,-54.7650680541992188,-2.2460277080535889
-17.4340553283691406,-43.5384635925292969,-1.5330334901809692
-22.9778518676757813,-35.3432044982910156,-2.2435727119445801
-3.7520790100097656,-5.2528986930847168,-2.2427396774291992
10.6214847564697266,-16.7927684783935547,-1.5366895198822021
22.9878559112548828,-54.8951721191406250,-2.2438344955444336
-8.5826358795166016,-41.2204322814941406,-1.5274142026901245
8.5786705017089844,-39.8220901489257813,-2.2505662441253662
2.8330018520355225,-42.0331306457519531,-2.2432298660278320
-13.3775224685668945,-45.8524971008300781,-2.2510719299316406
3.0795857906341553,-15.8441448211669922,-2.2439022064208984
-18.1777954101562500,-55.3030700683593750,-2.2415096759796143
10.3162851333618164,-11.3115510940551758,-2.2438020706176758
34.6189537048339844,-56.2663688659667969,-2.2350499629974365
-11.4091329574584961,-43.3633041381835938,-2.2491142749786377
-16.7930431365966797,-51.5831947326660156,-1.5346556901931763
-25.7590160369873047,-48.1538810729980469,-2.2436537742614746
6.3816676139831543,-7.8122787475585938,-2.2413506507873535
-3.0938844680786133,-34.2946968078613281,-1.5327814817428589
-5.5366830825805664,-7.2739367485046387,-2.2419483661651611