x,y,z
-20.2681980133056641,-56.0655174255371094,-1.2594184875488281
-7.5963397026062012,-26.0532379150390625,-1.9791817665100098
2.1133079528808594,-16.6252670288085938,-1.0389007329940796
31.6566963195800781,-56.6146202087402344,-2.2420110702514648
1.8347623348236084,-25.2011795043945313,-1.3831449747085571
-8.5782766342163086,-49.3727607727050781,-1.2846659421920776
13.1725282669067383,-48.3988990783691406,-1.0352170467376709
1.0254038572311401,-40.4453849792480469,-2.2446336746215820
15.4220762252807617,-39.9055061340332031,-2.0021388530731201
-1.1105862855911255,-45.0957412719726563,-2.2459933757781982
16.3563537597656250,-40.4720153808593750,-2.2436008453369141
-21.9558715820312500,-41.5445175170898438,-1.0385624170303345
16.3430004119873047,-51.8072471618652344,-1.2474712133407593
-30.7007770538330078,-50.2753295898437500,-1.4178823232650757
22.1125068664550781,-53.6545524597167969,-2.2418158054351807
-12.5108594894409180,-35.2891921997070313,-2.2428174018859863
26.7892837524414063,-54.1901931762695313,-2.2418041229248047
-6.8361506462097168,-36.8709678649902344,-1.0356020927429199
-11.5463171005249023,-28.1038265228271484,-2.2416789531707764
-22.1140327453613281,-47.9912185668945313,-1.9490360021591187
13.3799915313720703,-42.5597648620605469,-2.0330016613006592
17.1590099334716797,-48.6682319641113281,-2.2452306747436523
-29.8223457336425781,-51.0717277526855469,-1.9075946807861328
-7.6343054771423340,-41.2353782653808594,-1.0379353761672974
11.6414718627929688,-57.0120353698730469,-1.0322023630142212
-17.1634635925292969,-36.5362167358398438,-2.2417802810668945
-13.3777170181274414,-21.4072513580322266,-2.2410469055175781
17.2781982421875000,-48.9106254577636719,-1.0337785482406616
-21.1149368286132813,-45.9367141723632813,-1.0379637479782104
-11.4995937347412109,-27.8379535675048828,-1.2804986238479614
1.0221276283264160,-21.3085556030273438,-2.2423338890075684
15.4365148544311523,-40.6606636047363281,-1.0385283231735229
-3.7781951427459717,-35.6465034484863281,-1.0357296466827393
2.8858454227447510,-46.1266860961914063,-2.2468655109405518
6.7165837287902832,-30.2029018402099609,-1.0383881330490112
35.3731994628906250,-56.2801208496093750,-1.6371198892593384
-12.4567203521728516,-50.9280815124511719,-1.0288447141647339
-11.4832277297973633,-48.9974937438964844,-1.2717301845550537
2.9013886451721191,-45.1390075683593750,-2.2429444789886475
-5.8228754997253418,-28.1202964782714844,-1.0354410409927368
-6.7992987632751465,-32.0652122497558594,-1.2394900321960449
6.7601890563964844,-56.3039932250976563,-2.2519690990447998
-12.4027166366577148,-54.3014755249023438,-2.2425363063812256
17.3125152587890625,-34.1603965759277344,-1.9026012420654297
-10.6363267898559570,-30.5648365020751953,-1.9969431161880493
-16.3702373504638672,-55.2790794372558594,-1.2527948617935181
3.7789552211761475,-44.2881469726562500,-1.0384533405303955
-2.7183749675750732,-18.9438152313232422,-1.3458491563796997
2.8728034496307373,-51.3626441955566406,-1.3907448053359985
6.8850975036621094,-33.9606018066406250,-1.3793411254882813
-20.2230892181396484,-43.4527244567871094,-2.0343708992004395
-30.7350959777832031,-53.7327728271484375,-2.2421994209289551
-22.9820785522460938,-53.1761398315429688,-2.0256495475769043
17.2485847473144531,-42.3465652465820313,-1.0375660657882690
5.8265609741210938,-47.2928466796875000,-2.2436165809631348
13.3804302215576172,-41.6182174682617188,-1.2495443820953369
10.6191787719726563,-49.4147071838378906,-2.2465298175811768
12.5180807113647461,-56.5671691894531250,-1.0346072912216187
16.2844676971435547,-55.7623100280761719,-2.2483222484588623
16.2841815948486328,-55.7454681396484375,-1.0354660749435425
-3.6969177722930908,-31.4385986328125000,-2.2448592185974121
-11.5489883422851563,-54.8187217712402344,-1.2482466697692871
2.0722248554229736,-36.1575851440429688,-2.2448594570159912
6.6511230468750000,-40.0774612426757813,-1.8832199573516846
-8.5777072906494141,-29.1500091552734375,-1.0367696285247803
2.8540949821472168,-33.8377952575683594,-2.2440755367279053
6.7120981216430664,-35.8688125610351563,-1.0360559225082397
8.5786819458007813,-39.6010971069335938,-1.0373450517654419
1.9167395830154419,-46.1323738098144531,-1.0384891033172607
7.6338820457458496,-51.4701919555664063,-1.0361274480819702
-18.1793460845947266,-46.2720451354980469,-1.0368727445602417
1.8603867292404175,-39.0422325134277344,-1.8984631299972534
-5.9337568283081055,-25.2074756622314453,-1.0371961593627930
3.6740088462829590,-33.7977333068847656,-1.0341207981109619
25.9713497161865234,-47.3306732177734375,-1.0389113426208496
26.7135868072509766,-50.2817459106445313,-1.8853670358657837
-11.4776220321655273,-47.0760612487792969,-1.2823623418807983
-15.4185285568237305,-44.0412254333496094,-2.2478981018066406
-13.3792037963867188,-35.2782402038574219,-1.3834271430969238
7.7059588432312012,-51.1834602355957031,-2.0476934909820557
2.7528173923492432,-43.3316040039062500,-2.2440338134765625
2.0352370738983154,-37.1459083557128906,-2.2414319515228271
17.1678924560546875,-41.8228721618652344,-1.9076184034347534
-18.1778163909912109,-31.9019947052001953,-1.2659342288970947
-22.9765567779541016,-40.5217475891113281,-1.0382087230682373
-3.7830440998077393,-53.1547393798828125,-2.0258123874664307
-2.0652678012847900,-34.2165298461914063,-2.2420229911804199
12.3129110336303711,-37.5995368957519531,-2.2440638542175293
-32.5769004821777344,-50.1773681640625000,-1.0387955904006958
32.5774917602539063,-56.0264434814453125,-1.0376772880554199
-5.8214054107666016,-34.8166809082031250,-1.2915145158767700
20.2577476501464844,-51.6554222106933594,-1.0375274419784546
-8.5269355773925781,-32.0637435913085938,-1.0377715826034546
-21.0584945678710938,-48.8634796142578125,-1.3680012226104736
-30.8006153106689453,-53.1859397888183594,-1.0383511781692505
-16.6583137512207031,-41.1740646362304688,-1.0372470617294312
2.9240787029266357,-48.9856338500976563,-2.2444887161254883
-31.6860980987548828,-56.5690307617187500,-1.0364346504211426
-3.5850241184234619,-38.0392150878906250,-2.2423508167266846
-3.7777626514434814,-17.8492374420166016,-1.8457319736480713
-27.7786445617675781,-50.4574432373046875,-2.0257394313812256
29.8221912384033203,-51.9031791687011719,-2.2412641048431396
1.0218918323516846,-54.3318443298339844,-1.0335198640823364
3.7779290676116943,-22.8516559600830078,-2.2427554130554199
-20.2223453521728516,-41.5345954895019531,-1.0379072427749634
-2.0324926376342773,-30.4640312194824219,-1.8941640853881836
-1.0251486301422119,-44.6728706359863281,-1.0330016613006592
-10.6222944259643555,-28.6405448913574219,-1.9977123737335205
27.7716140747070313,-48.2834548950195313,-1.0376811027526855
8.5781488418579102,-50.6577644348144531,-2.0126461982727051
-1.9322133064270020,-37.5949783325195313,-1.0346437692642212
-12.5195407867431641,-37.2690582275390625,-2.2453794479370117
25.9013347625732422,-52.6206779479980469,-2.2415084838867188
-2.0592334270477295,-20.3811569213867188,-1.3660284280776978
-17.1278991699218750,-43.0736351013183594,-2.0070781707763672
11.4834232330322266,-48.9307823181152344,-2.2427046298980713
20.2224006652832031,-40.6111602783203125,-1.0384855270385742
5.8199725151062012,-46.3041801452636719,-2.2469410896301270
11.6571674346923828,-40.6805267333984375,-1.0325667858123779
-13.3850030899047852,-49.8796806335449219,-2.2529075145721436
1.8574405908584595,-28.0285625457763672,-1.3873662948608398
-12.6967239379882813,-51.6253089904785156,-1.6763167381286621
-3.7576539516448975,-18.7641410827636719,-2.2414081096649170
3.7780122756958008,-31.4450855255126953,-1.8984385728836060
13.3774042129516602,-25.8942260742187500,-1.0406248569488525
8.5800170898437500,-48.8912200927734375,-1.0347681045532227
-36.5097961425781250,-57.0036849975585938,-1.6400244235992432
20.3202304840087891,-55.1498641967773438,-2.2437269687652588
-2.6887946128845215,-54.9698104858398438,-1.0295790433883667
16.3912887573242188,-37.1529769897460938,-1.0380231142044067
-20.2244167327880859,-56.0402870178222656,-2.2477328777313232
5.8211455345153809,-33.4901084899902344,-1.0335187911987305
-11.6856508255004883,-25.1969604492187500,-2.2414636611938477
32.5767555236816406,-57.0034065246582031,-2.2416424751281738
5.8216409683227539,-29.6571102142333984,-1.0384908914566040
-21.0786972045898438,-53.6766738891601563,-1.3893513679504395
-15.4243812561035156,-42.0196952819824219,-1.0388610363006592
2.0398867130279541,-24.2924480438232422,-1.0381597280502319
-3.7778375148773193,-19.7604961395263672,-2.2411770820617676
25.0221176147460938,-50.2137298583984375,-2.2421345710754395
-6.7836222648620605,-31.0891666412353516,-1.0368167161941528
11.5777940750122070,-36.7211875915527344,-1.0340950489044189
13.3792572021484375,-37.7238159179687500,-2.2451610565185547
-13.3785591125488281,-42.9225463867187500,-1.0354484319686890
-6.8738059997558594,-48.6830902099609375,-1.9858303070068359
-17.2782039642333984,-39.4499588012695313,-2.2443625926971436
26.9051837921142578,-53.6403007507324219,-1.0387361049652100
16.4262199401855469,-46.3785209655761719,-2.2411894798278809
-7.7226037979125977,-53.6981620788574219,-1.2834827899932861
-2.7593896389007568,-25.2385997772216797,-2.2415668964385986
-5.9005599021911621,-30.0323982238769531,-1.0367270708084106
-8.5779361724853516,-26.5319061279296875,-2.2420830726623535
3.7798078060150146,-57.0035324096679688,-1.2467213869094849
-25.0248947143554688,-54.1252212524414063,-1.0377781391143799
-5.8197927474975586,-52.6353111267089844,-1.8897174596786499
21.1245784759521484,-48.7395401000976563,-1.0367144346237183
-21.1912269592285156,-55.1513671875000000,-2.2452142238616943
-8.5027484893798828,-40.0325126647949219,-1.9927425384521484
-26.8465328216552734,-54.2064933776855469,-1.0388032197952271
6.7147359848022461,-27.2487068176269531,-1.2801522016525269
16.3087596893310547,-52.8705139160156250,-2.2429282665252686
-6.7280740737915039,-22.6793804168701172,-2.2416553497314453
15.5573348999023438,-37.9901580810546875,-1.9904185533523560
-29.8223094940185547,-50.1309432983398438,-2.2412366867065430
2.9338114261627197,-35.7550697326660156,-1.8946911096572876
-6.7599067687988281,-49.6247253417968750,-2.2440137863159180
-30.8483123779296875,-51.7854118347167969,-1.9396128654479980
8.5776996612548828,-22.3667678833007813,-1.0387783050537109
-13.3796606063842773,-49.5021133422851563,-1.0328921079635620
-18.1768951416015625,-34.8424568176269531,-1.2674964666366577
1.8602559566497803,-26.6029376983642578,-1.9000113010406494
-11.5208454132080078,-25.8758869171142578,-1.0381051301956177
-7.6654348373413086,-44.3686752319335938,-2.2452921867370605
20.2215480804443359,-41.5825004577636719,-1.2577559947967529
-2.0175776481628418,-52.3801536560058594,-2.2452268600463867
5.8215203285217285,-52.5634384155273438,-1.3494216203689575
15.4244365692138672,-51.3843002319335938,-1.2475342750549316
-7.6659855842590332,-52.0471801757812500,-2.2453863620758057
-8.5778436660766602,-22.3451995849609375,-1.0381442308425903
6.8198394775390625,-25.0612716674804688,-2.2413635253906250
3.7811381816864014,-49.4193038940429688,-1.9916744232177734
-7.7004861831665039,-25.7491874694824219,-1.0372160673141479
16.2745571136474609,-44.2160491943359375,-1.9170542955398560
-2.0248618125915527,-38.0078964233398438,-2.2427132129669189
13.3788194656372070,-36.8339729309082031,-1.8047479391098022
3.7783100605010986,-52.1223869323730469,-1.2634917497634888
-1.1729695796966553,-54.6125106811523438,-2.2474455833435059
-3.7784135341644287,-24.1681194305419922,-1.0379201173782349
-6.7360401153564453,-40.9810600280761719,-2.2420392036437988
-12.4203062057495117,-52.3805770874023438,-2.2467188835144043
2.7389807701110840,-33.4175567626953125,-1.0375734567642212
-18.1822357177734375,-50.2596206665039063,-2.2437875270843506
1.0203677415847778,-47.1256561279296875,-2.2437059879302979
-1.0219560861587524,-27.1109447479248047,-2.2432446479797363
-3.7777702808380127,-26.1513843536376953,-1.0370289087295532
-1.8406505584716797,-54.6756896972656250,-1.4558980464935303
25.9878654479980469,-53.2518882751464844,-1.0377292633056641
21.1998062133789063,-49.7274856567382813,-1.0335098505020142
-7.7174177169799805,-22.2294559478759766,-2.2411015033721924
-25.9776496887207031,-51.4172668457031250,-2.2413647174835205
-13.3801040649414063,-57.0131340026855469,-1.0350266695022583
-13.3772926330566406,-22.4055252075195313,-2.2413198947906494
-18.1785278320312500,-44.3109092712402344,-1.2652081251144409
-3.5826599597930908,-54.0733108520507813,-1.0384223461151123
2.8326632976531982,-52.8208351135253906,-2.2426319122314453
13.3869285583496094,-57.0125808715820313,-1.0367705821990967
7.4715614318847656,-54.7609519958496094,-1.0362182855606079
-22.9689922332763672,-46.3785743713378906,-1.2507950067520142
5.8194656372070313,-39.6578140258789063,-2.2433109283447266
11.5811271667480469,-42.9073486328125000,-1.9708825349807739
-1.9423847198486328,-39.9605979919433594,-2.2428631782531738
-10.6190299987792969,-29.6033000946044922,-2.2432394027709961
1.8921431303024292,-51.9008140563964844,-1.0345807075500488
2.0362734794616699,-31.9036846160888672,-1.1336324214935303
8.5803318023681641,-35.3480377197265625,-2.2449417114257813
21.0918216705322266,-46.9056968688964844,-1.0376359224319458
25.9744186401367188,-47.8942947387695313,-1.9261863231658936
1.9089329242706299,-53.7498779296875000,-1.0325641632080078
-1.0202932357788086,-32.7593803405761719,-2.2449228763580322
5.8237457275390625,-26.6907176971435547,-1.0380614995956421
26.7637901306152344,-45.9503707885742188,-1.2244472503662109
-16.3736495971679688,-39.0947608947753906,-2.0131196975708008
-5.8920841217041016,-49.1862983703613281,-1.2106591463088989
-29.8201942443847656,-57.0056152343750000,-2.2421200275421143
-22.0966110229492188,-48.9403038024902344,-2.2430777549743652
7.5199017524719238,-38.1719245910644531,-1.3932677507400513
-8.5776920318603516,-35.8937072753906250,-1.0362561941146851
-26.0774059295654297,-55.7805595397949219,-1.0345520973205566
2.7052161693572998,-46.6213264465332031,-1.4038937091827393
32.5788955688476563,-57.0021743774414063,-1.2430161237716675
-16.3065948486328125,-37.0869560241699219,-2.2424714565277100
11.3572845458984375,-55.0230827331542969,-1.0298886299133301
-6.8010482788085938,-21.3317432403564453,-1.0389155149459839
26.8689422607421875,-51.7773132324218750,-1.0387107133865356
-10.6222076416015625,-31.2594623565673828,-1.2821168899536133
16.3915061950683594,-44.7768249511718750,-1.0388742685317993
7.6907887458801270,-32.0507850646972656,-2.2359991073608398
-12.4743299484252930,-45.7204055786132813,-2.2459201812744141
-22.1041946411132813,-50.7899589538574219,-2.2455677986145020
10.6197919845581055,-46.2521095275878906,-2.2507059574127197
8.5799922943115234,-42.9642524719238281,-2.2454366683959961
-12.4566822052001953,-45.3080787658691406,-1.0322458744049072
10.6230831146240234,-45.3342552185058594,-1.8941155672073364
-8.4801959991455078,-46.7701263427734375,-1.9939188957214355
1.8833054304122925,-24.7018814086914063,-2.2432599067687988
22.1000061035156250,-50.7986068725585938,-2.2414402961730957
1.9260530471801758,-34.2056007385253906,-2.2459728717803955
-1.1896674633026123,-20.9215278625488281,-1.3921451568603516
-7.6505885124206543,-31.5847167968750000,-1.0360910892486572
-1.0222504138946533,-23.2666816711425781,-2.2418267726898193
-12.4432067871093750,-56.2684326171875000,-2.2487614154815674
-13.0885295867919922,-29.1352882385253906,-2.2420084476470947
7.6314625740051270,-23.4618091583251953,-2.2416896820068359
-18.1769790649414063,-52.1294326782226563,-1.0370385646820068
-2.7923431396484375,-53.2776222229003906,-1.0297584533691406
22.0950717926025391,-42.5711860656738281,-1.0365974903106689
-30.7304782867431641,-54.1360931396484375,-1.3298738002777100
-1.2051451206207275,-46.4886169433593750,-1.0344926118850708
2.8523750305175781,-48.5023841857910156,-1.0358859300613403
22.9791755676269531,-53.4518318176269531,-1.0343642234802246
3.7786502838134766,-55.0429573059082031,-1.0385622978210449
-1.9286078214645386,-26.6918716430664063,-2.2426843643188477
-37.3022804260253906,-57.0021934509277344,-2.2429022789001465
34.7212181091308594,-57.0017700195312500,-2.0377969741821289
3.7782602310180664,-37.6392326354980469,-1.0376549959182739
3.5538022518157959,-39.1088905334472656,-2.1901867389678955
-22.1490669250488281,-53.6912727355957031,-1.8763093948364258
-27.7777290344238281,-47.5363426208496094,-2.2413456439971924
1.0187513828277588,-49.8256149291992188,-1.9798672199249268
5.9847450256347656,-24.7522716522216797,-1.0381370782852173
1.9414546489715576,-40.5102043151855469,-1.0350754261016846
16.7015800476074219,-56.4066352844238281,-1.6397808790206909
-20.2219047546386719,-49.2820434570312500,-2.0335314273834229
-22.9782104492187500,-51.2679824829101563,-2.0039074420928955
-12.5640726089477539,-23.4155826568603516,-1.3671951293945313
3.7797515392303467,-55.1286430358886719,-2.2449095249176025
-2.9022581577301025,-43.8376235961914063,-1.0370532274246216
-18.0767116546630859,-35.0374145507812500,-2.2416334152221680
13.2883462905883789,-26.8886947631835938,-1.0386738777160645
-3.7795062065124512,-45.5574188232421875,-1.8892145156860352
-11.6888103485107422,-38.4160385131835938,-1.0384497642517090
-2.0486562252044678,-42.2755050659179688,-1.0365743637084961
-22.0423393249511719,-56.0867233276367188,-1.3828188180923462
7.6062865257263184,-55.8003540039062500,-2.2487082481384277
-7.6383891105651855,-25.0954170227050781,-2.2422258853912354
-17.1653766632080078,-34.6164169311523438,-2.2417261600494385
22.0494270324707031,-56.4851913452148438,-2.2476027011871338
-35.7183303833007813,-57.0028533935546875,-2.2435812950134277
-21.0688610076904297,-54.6657371520996094,-1.3877283334732056
31.7035140991210938,-52.1753044128417969,-1.4222751855850220
-10.6210346221923828,-39.2035484313964844,-2.2440123558044434
21.2401027679443359,-53.5226860046386719,-1.0372802019119263
11.4748477935791016,-38.1359939575195313,-2.2466607093811035
13.3715105056762695,-43.5750579833984375,-1.0360593795776367
-27.7765464782714844,-48.5104637145996094,-2.0234580039978027
-21.2502899169921875,-47.4918746948242188,-1.9186451435089111
16.3903846740722656,-37.5010795593261719,-2.2412552833557129
18.1782398223876953,-52.4587898254394531,-1.2538787126541138
6.9681897163391113,-39.6523437500000000,-1.0372176170349121
22.1404514312744141,-51.7338104248046875,-1.8973745107650757
17.2639255523681641,-40.8880004882812500,-2.2412924766540527
-13.3793830871582031,-28.1878280639648438,-2.2425110340118408
12.5230398178100586,-42.0805435180664063,-1.0358834266662598
2.6880400180816650,-44.2471885681152344,-1.8738511800765991
-5.8204078674316406,-41.2799644470214844,-1.9925297498703003
-20.2220554351806641,-44.4550857543945313,-1.2458931207656860
-2.8736298084259033,-38.9616432189941406,-1.0375844240188599
3.7389409542083740,-19.9873485565185547,-2.2416219711303711
-6.7857956886291504,-57.0167503356933594,-2.2444508075714111
16.4202766418457031,-33.5982208251953125,-1.9967603683471680
1.9011805057525635,-56.6114082336425781,-1.0343028306961060
18.1781158447265625,-37.8948059082031250,-1.3802130222320557
8.5824813842773438,-47.7650871276855469,-2.2447555065155029
11.4784774780273438,-49.9239921569824219,-2.2462992668151855
-16.3481254577636719,-52.8738822937011719,-1.0335546731948853
-15.4263544082641602,-34.8070373535156250,-1.2671389579772949
5.8849062919616699,-25.4123477935791016,-2.2416574954986572
-7.6554384231567383,-46.2706604003906250,-2.2446389198303223
-12.4616069793701172,-49.1148109436035156,-1.0366353988647461
-8.5785818099975586,-36.1614036560058594,-1.9955898523330688
18.1791782379150391,-55.4194145202636719,-1.0381752252578735
-10.6226158142089844,-26.6832065582275391,-2.2422764301300049
-1.0214037895202637,-41.8575820922851563,-1.0359387397766113
6.8131465911865234,-21.1392135620117188,-2.2355117797851563
2.8677763938903809,-29.5965003967285156,-1.0360233783721924
-3.6886229515075684,-25.6034564971923828,-2.2421941757202148
-30.3868618011474609,-54.6760597229003906,-2.2444217205047607
13.3780260086059570,-32.6856956481933594,-1.0379790067672729
-6.8825354576110840,-28.5124263763427734,-1.9709635972976685
16.4056339263916016,-40.9060783386230469,-1.0346773862838745
15.4217233657836914,-46.4694290161132813,-1.0349469184875488
-11.4757776260375977,-33.8929901123046875,-1.9940887689590454
-6.7559304237365723,-56.0915374755859375,-1.3937829732894897
6.8278093338012695,-33.4653587341308594,-2.2428724765777588
3.7779421806335449,-24.7535419464111328,-1.9129366874694824
1.0178016424179077,-47.5337028503417969,-1.0302976369857788
-27.7777252197265625,-49.6284141540527344,-1.2541369199752808
25.0212230682373047,-55.0664634704589844,-1.2488721609115601
8.2661323547363281,-44.7954788208007813,-1.8314785957336426
6.9241113662719727,-21.4682884216308594,-1.0388593673706055
-2.0904066562652588,-39.5156097412109375,-1.3654844760894775
-11.4857330322265625,-31.9980869293212891,-2.0597074031829834
-22.9774093627929688,-41.5848464965820313,-2.2421898841857910
15.4216709136962891,-35.8028793334960938,-1.0376182794570923
1.9209784269332886,-48.0942192077636719,-1.0347478389739990
-29.8222274780273438,-52.9995498657226563,-2.2420730590820313
10.6180315017700195,-39.6269836425781250,-2.2438995838165283
8.5788030624389648,-29.5314712524414063,-2.2425236701965332
-1.7955350875854492,-46.5722389221191406,-1.8608459234237671
3.7789211273193359,-57.0153770446777344,-2.2445158958435059
16.4162349700927734,-46.5553588867187500,-1.0320218801498413
2.8188138008117676,-52.2707633972167969,-1.0346467494964600
-15.4221935272216797,-45.5629539489746094,-2.2440128326416016
-20.2699909210205078,-47.3407325744628906,-2.0323982238769531
-1.0285102128982544,-20.4213581085205078,-2.2414426803588867
-11.4876937866210938,-47.3115806579589844,-2.2470147609710693
12.3260440826416016,-28.5111713409423828,-1.3764611482620239
2.8544583320617676,-34.8296470642089844,-2.2436802387237549
35.7224426269531250,-53.9889831542968750,-2.2411463260650635
-29.8222637176513672,-52.4995155334472656,-1.3787621259689331
-18.1817760467529297,-56.0350875854492188,-1.0378500223159790
-16.3517379760742188,-35.4246368408203125,-1.2820236682891846
12.4719772338867188,-29.4369506835937500,-1.0386621952056885
21.9563179016113281,-52.2262878417968750,-1.0372331142425537
15.4498977661132813,-46.6072082519531250,-2.0156309604644775
-16.2983474731445313,-34.1863822937011719,-1.9972321987152100
-11.5198526382446289,-23.9595909118652344,-1.0384296178817749
1.0625667572021484,-51.7462692260742188,-2.2465550899505615
-11.6176013946533203,-36.5108795166015625,-1.0357364416122437
6.7417988777160645,-24.0670719146728516,-2.2417175769805908
37.3003616333007813,-57.0021667480468750,-2.2410473823547363
-1.9530513286590576,-29.5430374145507813,-2.2445793151855469
-12.5110073089599609,-25.3411827087402344,-1.0378972291946411
25.8830852508544922,-54.5984878540039063,-2.2430572509765625
-5.9081525802612305,-39.6312294006347656,-1.0338296890258789
-5.8211379051208496,-32.6466369628906250,-2.2443339824676514
-26.8521118164062500,-50.2273406982421875,-1.0386651754379272
-8.5782651901245117,-44.8649101257324219,-1.9756673574447632
-10.6221075057983398,-44.9445457458496094,-2.2426736354827881
7.6734962463378906,-44.8875770568847656,-1.0368640422821045
6.6584124565124512,-47.2039909362792969,-1.0322118997573853
-10.6200332641601563,-37.2831306457519531,-2.2443878650665283
-16.5459575653076172,-31.3090095520019531,-2.2412819862365723
-6.7081713676452637,-23.6322689056396484,-1.9495453834533691
-12.5881900787353516,-38.6719284057617188,-1.3877233266830444
-10.6221094131469727,-26.4139308929443359,-1.2809840440750122
18.0238914489746094,-49.5314102172851563,-1.2694561481475830
5.8206062316894531,-42.5512351989746094,-1.8985674381256104
30.8065547943115234,-54.0763740539550781,-2.2415251731872559
12.5128221511840820,-27.0569515228271484,-2.2412567138671875
21.1555118560791016,-49.2429008483886719,-1.8975681066513062
10.6235704421997070,-52.3549003601074219,-2.0330481529235840
1.0209168195724487,-29.5349655151367188,-1.0364685058593750
-11.4764633178710938,-29.0966453552246094,-2.2415094375610352
-37.3014907836914063,-54.6548385620117188,-1.6395428180694580
6.7701773643493652,-56.2525062561035156,-1.0336742401123047
12.4026451110839844,-35.6685485839843750,-2.0283143520355225
17.9452438354492188,-49.7275543212890625,-2.2469747066497803
3.7778575420379639,-34.2816619873046875,-1.8933016061782837
-16.3418617248535156,-38.0848121643066406,-2.2412004470825195
-12.4348192214965820,-55.2852478027343750,-2.2439572811126709
-13.3783254623413086,-31.5038204193115234,-1.0359624624252319
-12.6058177947998047,-43.4275131225585938,-1.4150485992431641
12.6694231033325195,-52.8669853210449219,-2.2507157325744629
-12.4708471298217773,-33.9380607604980469,-1.0359711647033691
-25.0214557647705078,-51.2098731994628906,-1.0377414226531982
5.8170824050903320,-57.0066795349121094,-1.0347348451614380
-3.6265830993652344,-40.8523483276367188,-2.2442774772644043
3.7785696983337402,-26.6819591522216797,-2.2443854808807373
-17.3188171386718750,-45.8242874145507813,-1.2612682580947876
2.9113540649414063,-17.6080837249755859,-2.2413334846496582
7.6697206497192383,-45.8810577392578125,-1.0361325740814209
-20.2215557098388672,-50.2938041687011719,-1.0378664731979370
-12.4547557830810547,-49.5247573852539063,-2.2490899562835693
25.0439929962158203,-50.1913528442382813,-1.2445855140686035
18.1832714080810547,-48.8271331787109375,-1.9588077068328857
7.3854899406433105,-28.2334079742431641,-1.8637645244598389
-6.7795381546020508,-40.7138977050781250,-1.0375131368637085
18.1792430877685547,-53.5639915466308594,-2.2434713840484619
18.1776027679443359,-34.0920524597167969,-1.0385807752609253
-25.0228023529052734,-47.0415763854980469,-2.1872484683990479
-15.4203386306762695,-51.6180496215820313,-1.0373156070709229
16.3205261230468750,-54.7561454772949219,-1.0349164009094238
12.4199790954589844,-33.4068794250488281,-1.0354436635971069
-34.6227264404296875,-54.8594093322753906,-2.2411503791809082
-6.7797002792358398,-22.2882003784179688,-1.3244925737380981
7.7573747634887695,-53.1028823852539063,-1.9797369241714478
34.7043647766113281,-57.0017318725585938,-1.0389859676361084
7.5191841125488281,-48.6485633850097656,-1.3234200477600098
-17.2193069458007813,-38.4911384582519531,-1.9950480461120605
22.1906070709228516,-49.7611122131347656,-1.8942668437957764
6.7028264999389648,-38.7028884887695313,-1.0375305414199829
-21.9432678222656250,-44.4586906433105469,-1.3088079690933228
22.9802265167236328,-54.4001808166503906,-1.2903233766555786
15.4184551239013672,-54.3036231994628906,-2.0299127101898193
-1.9062672853469849,-35.1961746215820313,-2.2427017688751221
1.9034543037414551,-42.3432083129882813,-1.0360097885131836
-21.9601898193359375,-42.5234718322753906,-1.2274421453475952
-22.9392395019531250,-42.4697761535644531,-1.0374969244003296
7.7108073234558105,-21.9913330078125000,-1.3626490831375122
-2.0447285175323486,-44.7459411621093750,-1.8956513404846191
-10.6208019256591797,-57.0038795471191406,-2.2422378063201904
20.2224006652832031,-41.4203643798828125,-2.2419784069061279
-12.4400377273559570,-44.3198699951171875,-1.0335901975631714
27.7778282165527344,-53.1483955383300781,-2.0345859527587891
22.0782203674316406,-49.2633285522460938,-1.0379825830459595
34.6215400695800781,-56.0298881530761719,-2.2419393062591553
13.3847122192382813,-57.0077056884765625,-2.0325763225555420
1.9271692037582397,-22.3130054473876953,-1.0378906726837158
-1.9617205858230591,-52.7335052490234375,-1.0331761837005615
-12.4235868453979492,-55.2912101745605469,-1.2500350475311279
11.3405303955078125,-48.2188339233398438,-1.5657912492752075
5.8219265937805176,-31.6381549835205078,-1.0358239412307739
-11.4856100082397461,-33.6183166503906250,-1.0365651845932007
-16.1220149993896484,-40.3346977233886719,-1.0344605445861816
13.1946258544921875,-31.7688865661621094,-1.3807189464569092
16.2811470031738281,-48.9013290405273438,-1.0348795652389526
-7.6482610702514648,-56.4366035461425781,-1.0314432382583618
22.0932998657226563,-52.6632614135742188,-2.2462592124938965
15.4249238967895508,-55.2699546813964844,-1.2479442358016968
-13.2891407012939453,-33.3630104064941406,-1.0369529724121094
-11.5371379852294922,-21.3609485626220703,-2.2412307262420654
-17.1713638305664063,-54.6114425659179688,-1.0381704568862915
-36.5039825439453125,-54.6565437316894531,-1.0384399890899658
2.7729623317718506,-56.1211700439453125,-1.4019945859909058
-7.6467285156250000,-38.3017883300781250,-1.0354208946228027
-11.4771795272827148,-45.1252021789550781,-1.0349682569503784
11.4956998825073242,-44.8062934875488281,-1.9840629100799561
-5.8211131095886230,-53.5441246032714844,-2.2479703426361084
-7.6865077018737793,-32.5445213317871094,-1.2828763723373413
-37.3021621704101563,-57.0022239685058594,-1.0370317697525024
26.0176887512207031,-50.2812232971191406,-1.0389816761016846
-16.3452663421630859,-43.5978736877441406,-1.0389250516891479
20.2207889556884766,-49.2125129699707031,-2.2428774833679199
7.6406908035278320,-53.3915061950683594,-1.0360524654388428
-6.7600755691528320,-25.5771484375000000,-2.2416989803314209
-5.8218469619750977,-29.0765647888183594,-1.2901840209960938
6.6789555549621582,-23.3765964508056641,-1.0384658575057983
-10.6138315200805664,-56.0111389160156250,-1.0305351018905640
-29.8200492858886719,-53.9353752136230469,-1.9011503458023071
-7.7062816619873047,-42.4583244323730469,-2.2443251609802246
-32.5802154541015625,-56.0375671386718750,-2.0299539566040039
16.3660964965820313,-43.7753181457519531,-1.0340996980667114
8.5746641159057617,-27.1941547393798828,-1.0380556583404541
-7.7496786117553711,-46.0232582092285156,-1.2848135232925415
27.7786636352539063,-57.0087127685546875,-1.0356876850128174
22.0815486907958984,-47.2867164611816406,-1.0375715494155884
1.9165865182876587,-49.0823822021484375,-1.0367183685302734
17.1779422760009766,-54.1953277587890625,-2.0159869194030762
21.1909065246582031,-42.9929542541503906,-1.0378458499908447
18.1780128479003906,-51.4863395690917969,-1.0360057353973389
-2.9181308746337891,-48.7483406066894531,-1.2671052217483521
17.1317100524902344,-39.9267425537109375,-1.9298617839813232
12.5208129882812500,-45.9769973754882813,-2.0177347660064697
8.5781583786010742,-36.2700119018554688,-1.8948992490768433
-1.8525819778442383,-51.8025932312011719,-1.3425365686416626
22.1479530334472656,-43.0202941894531250,-1.9217249155044556
18.1790866851806641,-43.7603149414062500,-1.0375835895538330
-20.2234439849853516,-40.5288772583007813,-2.2418498992919922
10.6127719879150391,-48.6231918334960938,-1.0343855619430542
-2.7209222316741943,-54.1202354431152344,-1.5320780277252197
13.1791601181030273,-28.4850540161132813,-1.9413080215454102
-11.6902685165405273,-36.7767143249511719,-1.9907598495483398
15.4220771789550781,-36.0702018737792969,-1.9987114667892456
-1.0783741474151611,-37.5679016113281250,-2.2458689212799072
6.7459263801574707,-46.9125061035156250,-2.1598911285400391
13.3788261413574219,-40.6296234130859375,-2.0291106700897217
-5.8215613365173340,-25.9142646789550781,-2.2416236400604248
16.1937732696533203,-57.0034446716308594,-2.2463498115539551
-8.5771589279174805,-35.2047653198242188,-2.2440445423126221
1.0242067575454712,-50.5016708374023438,-1.0373370647430420
12.3207340240478516,-31.9141540527343750,-1.9015959501266479
-1.0214806795120239,-47.4122467041015625,-1.3210554122924805
-13.3788728713989258,-35.7801132202148438,-2.2425122261047363
11.4539136886596680,-31.0428180694580078,-1.3392518758773804
-7.7209405899047852,-33.8011474609375000,-2.2414190769195557
15.4203844070434570,-55.2654953002929688,-2.2434928417205811
11.5117521286010742,-49.0393371582031250,-1.0343083143234253
1.0215827226638794,-52.4249267578125000,-1.0328772068023682
-6.7640595436096191,-50.3509712219238281,-1.2896424531936646
25.0218429565429688,-46.8357810974121094,-1.6334466934204102
-17.3191261291503906,-55.5856094360351563,-2.2420446872711182
10.6174173355102539,-39.2408981323242188,-1.0360896587371826
-8.5782108306884766,-34.2474327087402344,-1.9955012798309326
-13.3791036605834961,-43.3429794311523438,-2.2431511878967285
2.8562836647033691,-30.0266628265380859,-2.2451727390289307
-5.8210520744323730,-38.4233055114746094,-2.2446019649505615
2.0321588516235352,-56.0883102416992188,-2.2471714019775391
-1.0993400812149048,-53.2309913635253906,-1.0351592302322388
-3.7125680446624756,-22.7426834106445313,-2.2422733306884766
-17.3093643188476563,-34.3465728759765625,-1.2911311388015747
7.3782577514648438,-47.6847648620605469,-1.4996088743209839
11.5328607559204102,-29.0971450805664063,-1.0391839742660522
7.7049341201782227,-24.8163833618164063,-1.0388493537902832
8.5775032043457031,-37.6869735717773438,-1.3824596405029297
22.9788036346435547,-54.1456375122070313,-2.2473199367523193
-1.9678719043731689,-47.1310005187988281,-1.0364774465560913
-25.0195045471191406,-54.8276100158691406,-2.2441966533660889
12.2925195693969727,-34.7082481384277344,-2.2461571693420410
-25.8556308746337891,-47.5533409118652344,-1.9814856052398682
2.0872004032135010,-54.2298431396484375,-1.8781960010528564
-20.9611053466796875,-39.1195678710937500,-1.5235117673873901
13.1776657104492188,-35.0333404541015625,-1.9392163753509521
-6.7969031333923340,-48.4185333251953125,-1.0341839790344238
-11.4705877304077148,-43.4643325805664063,-1.9761066436767578
-1.9835147857666016,-49.0104980468750000,-1.0357282161712646
1.0212109088897705,-53.6376342773437500,-2.2439308166503906
11.5983381271362305,-26.6454181671142578,-2.2411096096038818
-16.3078575134277344,-32.4644126892089844,-1.0387033224105835
-8.5789728164672852,-53.1885490417480469,-1.2835156917572021
-21.0988578796386719,-52.7540321350097656,-1.0355077981948853
7.7714943885803223,-40.1256408691406250,-1.3893735408782959
7.6705813407897949,-26.3639564514160156,-2.2424428462982178
6.6894273757934570,-45.8210678100585938,-2.2470471858978271
22.1034698486328125,-42.0799865722656250,-2.2423331737518311
-8.5504245758056641,-41.6743202209472656,-1.0370144844055176
-6.7559452056884766,-42.9404945373535156,-2.2434687614440918
16.2829494476318359,-48.0546073913574219,-2.2448749542236328
10.6235446929931641,-32.4926338195800781,-1.0371127128601074
-1.9360253810882568,-57.0211448669433594,-1.8736896514892578
-22.9777679443359375,-38.6681327819824219,-1.9955846071243286
8.5782718658447266,-31.0715847015380859,-1.0375441312789917
7.7128505706787109,-28.6859416961669922,-1.0376014709472656
-12.4707860946655273,-46.7125167846679688,-2.2473382949829102
-12.3978404998779297,-54.3197441101074219,-1.0382030010223389
10.6223497390747070,-26.1539497375488281,-1.8599182367324829
-18.1787776947021484,-51.2474060058593750,-2.2439630031585693
-8.5780153274536133,-37.8335151672363281,-1.2861464023590088
20.2195987701416016,-56.0766868591308594,-1.9147213697433472
-10.7576065063476563,-22.5616836547851563,-1.2720379829406738
-20.2219371795654297,-55.1138687133789063,-1.0326137542724609
16.1951808929443359,-57.0035400390625000,-1.0327646732330322
11.5966396331787109,-33.4472427368164063,-2.2418906688690186
-6.7748231887817383,-34.9624481201171875,-1.0353567600250244
22.0799121856689453,-48.8345794677734375,-2.2419459819793701
16.2884025573730469,-34.2933349609375000,-1.2921587228775024
12.4178762435913086,-32.4107742309570313,-1.0402201414108276
-1.0198045969009399,-35.6584053039550781,-1.8996183872222900
27.7352676391601563,-50.2069625854492188,-2.0340340137481689
22.9813098907470703,-55.1020240783691406,-1.9970889091491699
-1.0989949703216553,-44.1796112060546875,-1.8909660577774048
20.2222328186035156,-38.7615432739257813,-1.5480389595031738
-22.9743366241455078,-45.4933547973632813,-2.0294032096862793
-5.8454627990722656,-26.9082660675048828,-2.2429912090301514
-7.5809378623962402,-40.5197143554687500,-1.9847282171249390
-2.9110500812530518,-41.9133224487304688,-1.3821722269058228
-5.9198060035705566,-42.4798965454101563,-1.2926626205444336
25.0207576751708984,-53.1348762512207031,-1.2453511953353882
3.7806928157806396,-56.0727844238281250,-2.0104811191558838
-32.5776100158691406,-51.1179161071777344,-1.3732945919036865
-17.9899826049804688,-43.5688133239746094,-1.9857119321823120
16.2839717864990234,-36.5112457275390625,-2.2419669628143311
-5.8209276199340820,-34.5397491455078125,-2.2452468872070313
8.5821809768676758,-54.5922164916992188,-2.2477278709411621
-1.0184086561203003,-53.6393547058105469,-2.2481789588928223
-6.7768692970275879,-30.4487266540527344,-2.2435696125030518
-30.7324428558349609,-55.6114692687988281,-2.2418034076690674
-8.5781002044677734,-21.7052421569824219,-2.2416195869445801
11.5249290466308594,-42.5766639709472656,-1.0355318784713745
10.6153059005737305,-55.8927307128906250,-2.2547142505645752
7.7163376808166504,-50.2103385925292969,-2.2453286647796631
21.1073513031005859,-37.5822563171386719,-2.2412233352661133
6.6632933616638184,-49.1531791687011719,-1.2912577390670776
1.1901897192001343,-31.3825740814208984,-1.0370541810989380
18.0241184234619141,-40.2415466308593750,-2.2437779903411865
-1.0212774276733398,-28.5221023559570313,-1.0347311496734619
1.0211108922958374,-39.4541740417480469,-2.2433149814605713
-22.9821414947509766,-57.0138435363769531,-2.2439956665039063
-15.4206504821777344,-50.6346893310546875,-1.0349482297897339
21.7437305450439453,-38.2379531860351563,-1.8390194177627563
-16.3199996948242188,-38.3160209655761719,-1.0378987789154053
6.7360591888427734,-26.2841224670410156,-1.0380581617355347
-12.5159845352172852,-34.9223785400390625,-1.0384809970855713
-12.6269226074218750,-50.5113296508789063,-2.2429218292236328
-12.5043344497680664,-31.9845523834228516,-1.0365121364593506
-3.7890141010284424,-57.0060234069824219,-2.0244355201721191
7.6544933319091797,-30.1236763000488281,-1.9201526641845703
-18.1777114868164063,-31.1185092926025391,-2.2404620647430420
-1.9201165437698364,-17.9810104370117188,-2.2412726879119873
30.7150764465332031,-56.6172637939453125,-1.0371197462081909
12.3233652114868164,-48.4066696166992188,-2.2537071704864502
2.0415205955505371,-19.4166240692138672,-1.3568185567855835
-2.9672214984893799,-26.6472835540771484,-1.3447051048278809
2.8473672866821289,-50.4553985595703125,-1.0344816446304321
10.6214218139648438,-49.5726051330566406,-1.2704137563705444
31.6516456604003906,-53.6717453002929688,-1.8930132389068604
1.0182079076766968,-38.5248680114746094,-1.8985639810562134
13.3785419464111328,-30.8532562255859375,-1.0380507707595825
-7.7041821479797363,-48.8916473388671875,-1.0355151891708374
-13.3778467178344727,-37.7090682983398438,-1.9156378507614136
-15.9315643310546875,-31.1519470214843750,-1.4698194265365601
-13.2635507583618164,-46.2104034423828125,-1.8875781297683716
-16.3396205902099609,-45.9731025695800781,-1.0285739898681641
6.7428784370422363,-41.0046272277832031,-2.2410490512847900
-1.0223044157028198,-51.2795600891113281,-1.0363520383834839
-18.0737056732177734,-33.0815849304199219,-2.0091266632080078
15.4221820831298828,-37.7302246093750000,-1.0374679565429688
3.7766671180725098,-18.1106796264648438,-2.2413518428802490
32.5783386230468750,-53.1498832702636719,-1.8294539451599121
-18.1566810607910156,-50.1932373046875000,-1.0375056266784668
-25.0238780975341797,-49.2776412963867188,-1.0382373332977295
-3.7778594493865967,-48.2344131469726563,-1.2675205469131470
22.9827117919921875,-55.3439331054687500,-1.0309219360351563
3.7227623462677002,-32.3704948425292969,-2.2427949905395508
-12.5061683654785156,-28.1686573028564453,-1.0360097885131836
-22.9790420532226563,-52.1515350341796875,-1.2549005746841431
-18.1019058227539063,-38.8866424560546875,-2.2429232597351074
-8.5794734954833984,-48.4180870056152344,-1.0339710712432861
-7.5924158096313477,-29.9364204406738281,-1.9871257543563843
-10.6217269897460938,-34.4079322814941406,-1.9971069097518921
-17.2891788482666016,-50.6887359619140625,-1.0378527641296387
8.5402879714965820,-24.8592872619628906,-1.9292069673538208
11.5202159881591797,-29.5062007904052734,-2.2417492866516113
7.7562117576599121,-21.4696292877197266,-2.2402536869049072
2.7176167964935303,-24.2921390533447266,-1.8804484605789185
-8.5779981613159180,-40.7238349914550781,-1.2831883430480957
-1.1689752340316772,-30.4243164062500000,-1.3949840068817139
-12.3262367248535156,-43.8953285217285156,-2.2457714080810547
-5.8213071823120117,-30.7342205047607422,-2.2453980445861816
11.3473215103149414,-38.7595176696777344,-1.4904386997222900
-13.2654724121093750,-42.4295616149902344,-1.8880311250686646
13.3848228454589844,-47.4330940246582031,-1.0353925228118896
-11.5940618515014648,-28.8011550903320313,-1.0385644435882568
-10.6224021911621094,-25.7186794281005859,-1.9977228641510010
-10.6221351623535156,-23.5221595764160156,-1.0386089086532593
7.7306632995605469,-33.0397224426269531,-2.2446317672729492
2.8913581371307373,-22.8669242858886719,-1.3708075284957886
10.6942424774169922,-30.0680580139160156,-2.2419638633728027
26.8980197906494141,-54.6351013183593750,-1.0347013473510742
8.2846813201904297,-28.6660480499267578,-1.8550366163253784
-18.1791629791259766,-42.6286888122558594,-2.2427179813385010
2.7729475498199463,-38.0817489624023438,-1.0359585285186768
-6.7819657325744629,-46.7485275268554688,-2.2460107803344727
3.5944588184356689,-23.8317642211914063,-2.2417232990264893
-17.3062286376953125,-51.7415390014648438,-2.2431440353393555
17.2435092926025391,-42.7594985961914063,-2.2424697875976563
-7.7258954048156738,-21.2740154266357422,-1.9525783061981201
-2.8174231052398682,-37.4038200378417969,-2.1778721809387207
6.7851176261901855,-37.2897415161132813,-2.2450063228607178
22.0057144165039063,-55.1404800415039063,-1.0388044118881226
-2.9345629215240479,-30.0371780395507813,-1.9142280817031860
-26.8311328887939453,-53.5579376220703125,-1.9598343372344971
13.2942199707031250,-50.2882995605468750,-2.0212724208831787
-1.0220910310745239,-26.6804161071777344,-1.0378348827362061
12.2129955291748047,-40.1551628112792969,-2.2433156967163086
-21.1084384918212891,-47.9284210205078125,-1.0360883474349976
-12.3742904663085938,-26.7624111175537109,-2.2444150447845459
10.6202259063720703,-34.4409179687500000,-1.3223869800567627
22.9764118194580078,-39.2024345397949219,-1.0382803678512573
-22.1338672637939453,-49.8668212890625000,-1.8885120153427124
-3.7809693813323975,-50.2616195678710938,-2.2430980205535889
3.7789404392242432,-25.2751922607421875,-1.0381052494049072
5.8218665122985840,-51.9907722473144531,-2.2433190345764160
20.2221851348876953,-37.9028816223144531,-1.0387632846832275
25.0235481262207031,-46.0344657897949219,-1.0386027097702026
-26.8091201782226563,-47.8509254455566406,-2.2417886257171631
25.0217590332031250,-53.1472129821777344,-2.2428107261657715
1.9672325849533081,-53.3192291259765625,-2.2442524433135986
-21.1051006317138672,-43.9786109924316406,-1.0383546352386475
5.8221540451049805,-32.0585136413574219,-2.2420911788940430
-16.3606491088867188,-37.3539695739746094,-1.2842966318130493
-5.8215756416320801,-40.5805892944335938,-1.2842391729354858
-11.6841688156127930,-43.2162857055664063,-1.0364568233489990
15.4359626770019531,-32.9005661010742188,-1.2869195938110352
10.6221513748168945,-27.6795463562011719,-1.3245469331741333
6.7330679893493652,-23.1004276275634766,-1.9966299533843994
-11.4822559356689453,-27.1399726867675781,-1.9980759620666504
-32.5794486999511719,-57.0052871704101563,-2.2417562007904053
12.5305223464965820,-43.0360946655273438,-2.2422089576721191
1.0220279693603516,-30.9478607177734375,-2.2461955547332764
-1.0176064968109131,-56.0407371520996094,-1.0380642414093018
-2.0425179004669189,-23.8253860473632813,-2.1326136589050293
-21.0947246551513672,-50.7825622558593750,-1.0373657941818237
3.7789034843444824,-54.1523170471191406,-2.2429661750793457
-5.8215246200561523,-52.1326904296875000,-1.0357327461242676
12.3954362869262695,-43.0632667541503906,-1.0379391908645630
-25.0224018096923828,-50.2440490722656250,-1.2813966274261475
8.5793867111206055,-42.4457740783691406,-1.0352993011474609
-21.0858421325683594,-49.7959861755371094,-1.0375094413757324
-20.2222347259521484,-38.5858192443847656,-1.0388731956481934
-25.8899269104003906,-47.8804626464843750,-1.0385848283767700
12.5550575256347656,-55.8079299926757813,-1.6593568325042725
21.1539745330810547,-43.5449371337890625,-1.9344478845596313
3.7800014019012451,-37.1707305908203125,-2.2419772148132324
10.6194801330566406,-41.5949707031250000,-2.2476828098297119
22.9789447784423828,-40.5817680358886719,-2.2415719032287598
-15.5288009643554688,-31.6645011901855469,-2.2401323318481445
-15.4223766326904297,-33.8374824523925781,-1.0381302833557129
-13.3776645660400391,-40.5270805358886719,-2.2443530559539795
-15.4223012924194336,-36.7422370910644531,-1.2679849863052368
2.9955246448516846,-39.9560775756835938,-1.4160962104797363
-1.0217702388763428,-50.3043327331542969,-1.1057173013687134
21.2094211578369141,-50.7132606506347656,-1.0374863147735596
-6.8572607040405273,-30.1308250427246094,-1.3016840219497681
-31.5563697814941406,-50.2693481445312500,-2.2411966323852539
1.9490748643875122,-28.5238342285156250,-2.2445702552795410
22.9786701202392578,-46.8521461486816406,-1.0359688997268677
15.4221878051757813,-44.5357017517089844,-1.0351420640945435
-12.2926139831542969,-28.6595230102539063,-1.8754516839981079
7.6104669570922852,-52.4292793273925781,-1.2677863836288452
-3.0988647937774658,-52.5535545349121094,-1.6203992366790771
8.4524173736572266,-40.0179061889648438,-2.2433495521545410
-20.2198143005371094,-51.2358894348144531,-2.2435948848724365
31.5789775848388672,-56.0501365661621094,-1.0381845235824585
-27.7803516387939453,-57.0016059875488281,-1.0371145009994507
7.5825724601745605,-45.3830718994140625,-2.2447698116302490
-35.6144599914550781,-55.7691383361816406,-1.0377919673919678
-13.3783702850341797,-54.0935363769531250,-2.2444651126861572
-6.7837076187133789,-26.2197341918945313,-1.3077110052108765
-13.3770103454589844,-34.7858810424804688,-2.2453055381774902
7.7107496261596680,-37.6841964721679688,-2.2431695461273193
-1.8845397233963013,-55.5584983825683594,-1.0350420475006104
-6.8441495895385742,-39.0441703796386719,-1.9955421686172485
1.8862906694412231,-55.6749343872070313,-1.3568738698959351
-10.9222116470336914,-50.6850357055664063,-1.9402085542678833
-11.4854412078857422,-35.5279235839843750,-1.0366718769073486
11.5229816436767578,-43.8543395996093750,-2.2439813613891602
-31.8399772644042969,-54.5824928283691406,-1.0368288755416870
-3.7831308841705322,-40.4341697692871094,-1.0335515737533569
17.2766361236572266,-33.6603164672851563,-1.0387248992919922
-18.1776008605957031,-32.1168251037597656,-2.2412879467010498
21.1485309600830078,-38.2754707336425781,-1.0384500026702881
1.0215996503829956,-51.4660301208496094,-1.2539480924606323
17.2323303222656250,-54.1096305847167969,-1.0332360267639160
18.1007575988769531,-51.6335220336914063,-2.0156912803649902
-20.2544784545898438,-46.3977012634277344,-1.2479523420333862
-22.0654067993164063,-39.3148651123046875,-1.9935003519058228
-2.8427374362945557,-49.9263725280761719,-2.2425339221954346
8.5762596130371094,-25.3061485290527344,-1.0378339290618896
3.7549808025360107,-53.0941390991210938,-1.0350512266159058
-18.1797580718994141,-37.7486267089843750,-1.0363572835922241
-3.7784850597381592,-44.1561622619628906,-1.3901836872100830
20.2211856842041016,-47.2199058532714844,-2.2411632537841797
1.0921443700790405,-46.6187515258789063,-1.3817871809005737
31.5861091613769531,-57.0035591125488281,-1.3269315958023071
15.4188852310180664,-49.5146179199218750,-2.2429909706115723
-6.7371420860290527,-54.1834793090820313,-1.0275801420211792
-8.5776243209838867,-26.2476062774658203,-1.2500768899917603
-13.3680553436279297,-29.5775661468505859,-1.3874448537826538
-11.4686193466186523,-32.6624565124511719,-1.3152736425399780
-11.4790887832641602,-39.3860359191894531,-1.0366652011871338
-7.7337093353271484,-42.1906509399414063,-1.2865808010101318
-13.3792934417724609,-45.2974662780761719,-2.2460684776306152
-5.8217387199401855,-23.2829856872558594,-1.0378776788711548
-6.7911620140075684,-24.2741641998291016,-1.0389127731323242
27.7790222167968750,-52.1533432006835938,-2.0355548858642578
21.2112236022949219,-47.3305244445800781,-2.2435567378997803
-12.4136791229248047,-42.5381965637207031,-1.0362787246704102
-10.6213684082031250,-25.4465484619140625,-1.0379709005355835
-7.6889104843139648,-28.6687202453613281,-1.0384187698364258
7.7079720497131348,-49.2291908264160156,-2.1085062026977539
22.9800357818603516,-49.2672042846679688,-2.2429659366607666
18.1787967681884766,-54.4257812500000000,-1.0340718030929565
-8.5789442062377930,-29.4195823669433594,-1.9973077774047852
-7.6420216560363770,-21.8728256225585938,-1.0387470722198486
-6.7594037055969238,-38.0903739929199219,-2.2441568374633789
18.1765995025634766,-34.5309333801269531,-2.2415173053741455
8.5801916122436523,-46.6203041076660156,-2.2460012435913086
-13.3841867446899414,-51.1370849609375000,-2.2429523468017578
-1.0215008258819580,-29.5139350891113281,-1.0362586975097656
-6.7859668731689453,-26.5728721618652344,-2.2414913177490234
-11.5619192123413086,-42.5166587829589844,-2.2442455291748047
-18.1780185699462891,-36.0024337768554688,-2.0162513256072998
-25.9461517333984375,-52.7744331359863281,-1.0383489131927490
2.7773723602294922,-20.4022979736328125,-2.1365165710449219
13.3777179718017578,-29.4151859283447266,-2.2416710853576660
-10.6210803985595703,-32.2210960388183594,-1.0359538793563843
-1.8495820760726929,-53.2627563476562500,-1.8605360984802246
-2.8356895446777344,-21.4136409759521484,-2.2413492202758789
6.6770410537719727,-42.4988670349121094,-1.3962844610214233
-20.2221946716308594,-46.3703231811523438,-2.2432978153228760
1.0826605558395386,-50.8013191223144531,-1.9876575469970703
3.7826085090637207,-43.2975082397460938,-1.0331311225891113
6.6672616004943848,-38.2118606567382813,-1.9028835296630859
-32.5786132812500000,-56.0076408386230469,-1.0362530946731567
18.1780185699462891,-35.5285186767578125,-2.2417094707489014
-15.4173498153686523,-52.5545501708984375,-2.2445349693298340
1.9256349802017212,-35.1879119873046875,-2.2418181896209717
-10.6222782135009766,-24.7536067962646484,-2.2420024871826172
-15.4179382324218750,-47.3432617187500000,-1.6496930122375488
-2.8383779525756836,-57.0038566589355469,-2.2482390403747559
-1.9424986839294434,-47.4721069335937500,-2.2428023815155029
12.4378929138183594,-50.7454833984375000,-2.2448697090148926
-21.4174861907958984,-38.5971260070800781,-2.2415130138397217
-11.5365266799926758,-34.8520660400390625,-2.2429261207580566
-6.7592911720275879,-44.8395271301269531,-2.2443635463714600
5.8212833404541016,-35.4311141967773438,-1.3322970867156982
-3.7779150009155273,-27.1426315307617188,-1.0388733148574829
-32.5764122009277344,-53.4838218688964844,-2.2417802810668945
-12.5249128341674805,-29.1622505187988281,-1.0415458679199219
5.8558764457702637,-39.2317466735839844,-1.0368696451187134
-18.0641345977783203,-36.9645500183105469,-2.2433390617370605
-5.8221364021301270,-31.9472885131835938,-1.0344556570053101
-22.0809783935546875,-55.6003608703613281,-2.2461807727813721
-21.0940170288085938,-41.0385055541992188,-1.0388568639755249
-17.3628425598144531,-40.4414062500000000,-2.2508251667022705
-11.4654331207275391,-21.0489997863769531,-1.0388320684432983
-5.8209905624389648,-41.5340995788574219,-1.0325464010238647
-11.5785131454467773,-55.7844276428222656,-1.0366244316101074
10.6120233535766602,-55.1089897155761719,-1.6678957939147949
21.0205001831054688,-52.5560455322265625,-1.0309758186340332
31.6948966979980469,-55.6165924072265625,-2.2420217990875244
-27.7779464721679688,-52.4296875000000000,-2.2421076297760010
22.9777202606201172,-48.2755393981933594,-2.2453105449676514
-21.3061389923095703,-52.2657127380371094,-1.8785425424575806
10.6139669418334961,-54.3194656372070313,-2.2465693950653076
-2.8832123279571533,-34.7922363281250000,-2.2441391944885254
8.5801515579223633,-52.6118240356445313,-2.2425734996795654
-30.7098026275634766,-52.1931266784667969,-1.0386805534362793
-2.9328179359436035,-24.2618122100830078,-2.2424132823944092
1.0209208726882935,-32.3612174987792969,-1.0335789918899536
-8.5783834457397461,-24.6242294311523438,-2.2422778606414795
-1.0216228961944580,-48.3500213623046875,-1.0364738702774048
-12.3160552978515625,-44.8163032531738281,-1.8850584030151367
-8.5434246063232422,-33.9784240722656250,-1.0361033678054810
13.3793830871582031,-44.5392532348632813,-1.2539449930191040
8.5792675018310547,-57.0027885437011719,-1.0374850034713745
-8.4734010696411133,-25.5776538848876953,-1.9819101095199585
-2.9214079380035400,-39.9531822204589844,-1.0388413667678833
1.9769234657287598,-28.9496269226074219,-1.0377281904220581
2.8501310348510742,-55.1438636779785156,-1.3870810270309448
16.3015995025634766,-36.1955680847167969,-1.2958517074584961
-22.6947364807128906,-38.6112670898437500,-1.0389398336410522
12.5203819274902344,-44.9926986694335938,-1.0381489992141724
-22.9744644165039063,-48.3198089599609375,-1.2516381740570068
3.7785813808441162,-46.5681991577148438,-2.2444880008697510
-12.5147047042846680,-36.2783966064453125,-2.2416636943817139
25.8496398925781250,-49.7793922424316406,-1.8896789550781250
2.7127742767333984,-23.3645114898681641,-2.2417309284210205
-8.5783100128173828,-47.7205276489257813,-2.2463455200195313
-30.7284011840820313,-49.7109718322753906,-2.2411909103393555
-31.9918918609619141,-55.2724266052246094,-2.2472980022430420
-16.3835601806640625,-55.2645606994628906,-2.2448699474334717
11.4720106124877930,-51.8586921691894531,-2.2454359531402588
-12.3758735656738281,-32.9604988098144531,-1.0379849672317505
-3.7785508632659912,-42.2582817077636719,-1.0338243246078491
-16.3753871917724609,-56.2426681518554688,-1.0346214771270752
-22.9778060913085938,-43.4428482055664063,-1.2485123872756958
-29.8211231231689453,-54.4330673217773438,-1.0372769832611084
15.4183530807495117,-44.7058753967285156,-2.0119047164916992
12.4735383987426758,-30.4329471588134766,-1.0384100675582886
25.8034152984619141,-46.9644279479980469,-2.2415492534637451
-2.8513493537902832,-44.2711334228515625,-2.2418949604034424
5.8220858573913574,-50.1235961914062500,-2.2449090480804443
1.0213948488235474,-24.1617412567138672,-2.2441339492797852
-22.9789524078369141,-50.3132743835449219,-2.2463462352752686
1.9599069356918335,-20.9657878875732422,-2.2414793968200684
-34.6207504272460938,-55.8639450073242188,-1.0376521348953247
20.2207489013671875,-49.3470039367675781,-1.0339834690093994
2.9302725791931152,-18.0228538513183594,-1.0381447076797485
-1.1710864305496216,-24.7016334533691406,-1.0384225845336914
-2.9028422832489014,-42.4220581054687500,-2.2417600154876709
-22.0600528717041016,-44.1301078796386719,-2.2425918579101563
-5.8222241401672363,-20.1469917297363281,-1.8562200069427490
-20.2222671508789063,-39.5840187072753906,-1.0385752916336060
-7.6979923248291016,-27.0045757293701172,-2.2417533397674561
-20.2222175598144531,-39.5525169372558594,-2.0369162559509277
-1.9196091890335083,-43.2534027099609375,-1.0371556282043457
10.6219205856323242,-32.8901863098144531,-1.9492249488830566
1.8898948431015015,-38.5411567687988281,-1.0377892255783081
-11.4791069030761719,-41.3071556091308594,-1.0348515510559082
-22.9760951995849609,-54.1336746215820313,-2.2426095008850098
2.0706126689910889,-21.9081573486328125,-1.9372365474700928
7.5128116607666016,-35.3772583007812500,-1.4045552015304565
17.2249546051025391,-53.1142997741699219,-1.0387952327728271
-17.2750988006591797,-41.9576225280761719,-1.0329396724700928
-18.0070304870605469,-57.0068664550781250,-1.0366281270980835
-13.1394262313842773,-26.8012142181396484,-1.0378687381744385
-11.7012205123901367,-50.1711502075195313,-2.2458343505859375
-1.9266006946563721,-48.4610748291015625,-2.2466769218444824
-13.3793039321899414,-39.5886955261230469,-1.9293940067291260
7.5525951385498047,-50.5280494689941406,-1.3186918497085571
13.3780574798583984,-44.5082969665527344,-2.2469453811645508
-11.4902830123901367,-48.2635650634765625,-1.9935063123703003
3.7780311107635498,-50.1780166625976563,-1.2645078897476196
-5.8223543167114258,-37.7291374206542969,-1.0369051694869995
8.4590463638305664,-30.1273078918457031,-1.3285753726959229
31.0242805480957031,-52.0739212036132813,-2.2411572933197021
17.2443408966064453,-40.3654441833496094,-1.0395938158035278
-20.2211551666259766,-49.3019866943359375,-1.0371118783950806
-6.8287148475646973,-43.8885955810546875,-1.9928156137466431
-21.9900112152099609,-53.1898498535156250,-1.0357440710067749
21.9741840362548828,-41.6351509094238281,-1.3588131666183472
20.2195091247558594,-55.2752571105957031,-1.0387500524520874
-20.2211341857910156,-47.3668060302734375,-1.0365853309631348
-15.4206790924072266,-48.1097221374511719,-1.0297764539718628
6.6395850181579590,-35.3728141784667969,-1.8973677158355713
18.1034927368164063,-37.3979454040527344,-2.2421689033508301
1.0527597665786743,-56.0214118957519531,-2.0565869808197021
-11.5358028411865234,-52.9004173278808594,-1.2533512115478516
6.6350955963134766,-28.7682819366455078,-2.2430830001831055
-11.5159006118774414,-37.7143020629882813,-2.2441742420196533
-7.2703461647033691,-56.1577148437500000,-2.2445182800292969
-7.7163929939270020,-43.1513938903808594,-1.0355383157730103
-8.5781297683715820,-45.8175773620605469,-2.2432141304016113
20.2208862304687500,-45.4574699401855469,-1.2755943536758423
36.6779556274414063,-55.5086517333984375,-1.6399495601654053
-25.0241699218750000,-57.0000419616699219,-2.2431368827819824
-17.2393741607666016,-37.5282440185546875,-2.2415914535522461
5.8220705986022949,-43.4747543334960938,-2.2444717884063721
-8.5798149108886719,-49.6311531066894531,-2.2459847927093506
29.8210620880126953,-57.0039138793945313,-1.2448681592941284
-15.4209613800048828,-57.0072364807128906,-2.2420749664306641
-10.6196031570434570,-43.9848899841308594,-1.9948396682739258
22.1095256805419922,-41.0838966369628906,-2.2411713600158691
5.9690036773681641,-41.1363105773925781,-1.3924876451492310
20.2632160186767578,-53.2237052917480469,-2.2448637485504150
-13.3777580261230469,-26.2504768371582031,-1.9427554607391357
-11.4837207794189453,-42.2714538574218750,-1.2806439399719238
-22.0980014801025391,-52.7707099914550781,-2.2423663139343262
12.0592575073242188,-53.3751640319824219,-1.6622749567031860
-2.7676391601562500,-43.3445625305175781,-1.8927357196807861
-3.7768120765686035,-20.3994579315185547,-1.0386947393417358
-5.8214850425720215,-47.2597389221191406,-1.2812265157699585
1.1427909135818481,-35.6938896179199219,-1.8931748867034912
2.9152400493621826,-32.4411354064941406,-1.0376502275466919
-11.4760942459106445,-26.8703002929687500,-1.0375145673751831
5.8223485946655273,-28.6647758483886719,-1.0371718406677246
3.7785301208496094,-49.1795349121093750,-1.0331352949142456
5.8220381736755371,-35.8389282226562500,-2.2418892383575439
-26.8585338592529297,-47.3593330383300781,-1.0386450290679932
16.3276100158691406,-39.0465850830078125,-1.0375194549560547
-21.2380924224853516,-48.4320640563964844,-2.2442457675933838
-8.4687948226928711,-37.1421928405761719,-1.9940286874771118
2.7361080646514893,-37.1663665771484375,-1.4022102355957031
25.0205211639404297,-56.0479316711425781,-2.0261566638946533
-18.1782131195068359,-37.9242630004882813,-2.0158848762512207
-11.5772457122802734,-22.0410079956054688,-1.0388782024383545
15.4200696945190430,-45.6572647094726563,-2.2458779811859131
-12.3608894348144531,-47.6259613037109375,-1.8888694047927856
21.1885337829589844,-54.5100898742675781,-1.0359976291656494
-12.3617982864379883,-38.2393684387207031,-2.2461829185485840
-1.0215671062469482,-37.0710678100585938,-1.3858472108840942
2.8489394187927246,-21.9286975860595703,-1.0382246971130371
11.4978170394897461,-31.4653644561767578,-2.2421362400054932
6.7610387802124023,-36.2940864562988281,-2.2446889877319336
-10.6223125457763672,-22.7595424652099609,-2.2412915229797363
-7.6357336044311523,-50.1398849487304688,-2.2439944744110107
-12.4449596405029297,-41.5533752441406250,-1.0347130298614502
1.9577943086624146,-50.9086952209472656,-1.0355702638626099
8.5793676376342773,-45.6330718994140625,-2.2441005706787109
10.6209278106689453,-40.2279052734375000,-1.0363199710845947
-7.1680712699890137,-20.0742568969726563,-1.3244894742965698
-2.5681328773498535,-56.0458526611328125,-2.2427792549133301
-5.8234953880310059,-57.0013732910156250,-1.0360480546951294
-16.9670963287353516,-46.8886489868164063,-2.2457115650177002
16.3101615905761719,-32.3500633239746094,-1.2311058044433594
12.5774393081665039,-55.0448379516601563,-1.0321065187454224
-1.0202832221984863,-48.0473480224609375,-2.2430379390716553
-25.0198154449462891,-53.1345214843750000,-1.0378086566925049
25.8866729736328125,-50.7130126953125000,-2.2414586544036865
1.0202192068099976,-34.7747573852539063,-2.2427761554718018
-7.7245097160339355,-48.2381591796875000,-2.2449407577514648
8.5783510208129883,-23.3375015258789063,-1.2694871425628662
3.7779693603515625,-33.3587913513183594,-2.2449429035186768
11.9717521667480469,-54.5272178649902344,-1.6192075014114380
12.3743124008178711,-26.6316509246826172,-1.3486516475677490
-10.6761522293090820,-30.2971687316894531,-1.0370756387710571
-12.4112386703491211,-48.5401496887207031,-2.2454614639282227
11.4780464172363281,-52.9030685424804688,-1.0313606262207031
-21.9701728820800781,-45.4164657592773438,-1.0384353399276733
-7.6592597961425781,-39.5650100708007813,-2.2433469295501709
3.7781319618225098,-28.1015968322753906,-1.0363411903381348
-7.7054114341735840,-37.3485946655273438,-1.3055962324142456
-1.9884526729583740,-44.2367553710937500,-1.0392422676086426
26.8857803344726563,-49.7848014831542969,-1.0377811193466187
21.2841091156005859,-40.6484794616699219,-1.8862607479095459
8.5789728164672852,-40.5888137817382813,-1.0359987020492554
1.8930988311767578,-37.5533332824707031,-1.0364428758621216
2.0586504936218262,-34.7293128967285156,-1.0372477769851685
-27.7777957916259766,-52.5596008300781250,-1.2538613080978394
-7.7215371131896973,-31.8483180999755859,-1.9948995113372803
10.6174478530883789,-54.3564491271972656,-1.0334861278533936
-1.0222532749176025,-23.7747592926025391,-1.3731811046600342
13.3780059814453125,-27.5553874969482422,-2.2414546012878418
22.0964851379394531,-53.1457824707031250,-1.3816248178482056
3.7787001132965088,-30.9494571685791016,-1.0358647108078003
27.7771587371826172,-51.2015647888183594,-1.2468141317367554
-6.8915977478027344,-25.2280445098876953,-1.3160885572433472
13.3552789688110352,-56.0258865356445313,-1.0342741012573242
-22.0860595703125000,-56.5928192138671875,-2.2416024208068848
5.9044351577758789,-36.8225593566894531,-2.2429282665252686
-3.7786126136779785,-33.8486518859863281,-1.0371222496032715
-10.6322412490844727,-45.9351387023925781,-2.2440083026885986
-6.8173661231994629,-34.0017051696777344,-1.2792153358459473
-21.0981311798095703,-51.7687606811523438,-1.0374729633331299
20.2229099273681641,-53.2914428710937500,-1.0365656614303589
30.8112812042236328,-55.0649337768554688,-2.1172740459442139
-1.0856021642684937,-42.7721824645996094,-1.3865230083465576
6.7335362434387207,-52.9593963623046875,-1.2599377632141113
-1.9310334920883179,-48.0694236755371094,-1.3369696140289307
-1.9394265413284302,-30.9548950195312500,-1.0353350639343262
1.0215705633163452,-48.5248718261718750,-1.0372931957244873
-15.4700622558593750,-33.6274261474609375,-2.0129554271697998
-5.8221988677978516,-39.3780899047851563,-1.9928587675094604
5.8217773437500000,-43.0415840148925781,-1.0346277952194214
-26.8436717987060547,-48.8492507934570313,-2.2410910129547119
-3.7780239582061768,-29.4649391174316406,-2.2432904243469238
-25.0221996307373047,-51.9016380310058594,-2.2426786422729492
22.9650707244873047,-47.3487586975097656,-1.8983538150787354
13.2861738204956055,-33.1883277893066406,-1.8952401876449585
8.5784177780151367,-32.0046920776367188,-1.3793505430221558
11.4920139312744141,-26.1640396118164063,-1.3689448833465576
16.3589420318603516,-42.2973327636718750,-2.2431457042694092
12.6118650436401367,-52.8813285827636719,-1.0241154432296753
13.3823690414428711,-47.4127120971679688,-2.2457003593444824
2.9196100234985352,-55.6376342773437500,-2.2489557266235352
1.0183614492416382,-52.6907882690429688,-1.9893128871917725
-11.4924802780151367,-22.3297710418701172,-2.0055615901947021
5.9885096549987793,-54.4748039245605469,-1.0334321260452271
5.8222870826721191,-24.4286117553710938,-2.0956666469573975
22.9798278808593750,-49.6847190856933594,-1.0353040695190430
8.5884761810302734,-53.6646842956542969,-1.0338042974472046
13.3785753250122070,-45.4680442810058594,-2.0261514186859131
-11.4781703948974609,-35.8098564147949219,-1.9926306009292603
12.5103511810302734,-29.9980773925781250,-2.2416117191314697
-1.0214779376983643,-36.1516418457031250,-1.0344390869140625
27.7463359832763672,-44.8000755310058594,-2.1410169601440430
-1.9363255500793457,-32.3715057373046875,-2.2437422275543213
32.5630989074707031,-55.0500564575195313,-1.2430204153060913
22.0142154693603516,-43.9480476379394531,-2.2425403594970703
2.9131171703338623,-19.0495128631591797,-1.0388543605804443
-2.8219902515411377,-49.7152595520019531,-1.0389311313629150
-17.2014827728271484,-32.6290359497070313,-2.2411403656005859
-20.2200756072998047,-53.1696395874023438,-2.0289216041564941
3.7780671119689941,-41.8943634033203125,-2.2468957901000977
-20.2185974121093750,-54.1621894836425781,-1.2681005001068115
18.1775932312011719,-39.8225135803222656,-1.0379757881164551
-30.7928638458251953,-57.0055389404296875,-1.0380122661590576
-17.3528041839599609,-31.7430400848388672,-1.8061945438385010
7.6348357200622559,-41.0452384948730469,-1.0367673635482788
-3.7781713008880615,-44.6434898376464844,-2.2496476173400879
-27.7778949737548828,-54.4249763488769531,-2.2430634498596191
10.6217155456542969,-29.0729255676269531,-2.2407834529876709
-15.4212446212768555,-45.5869979858398438,-1.0341496467590332
-13.3786764144897461,-55.0546569824218750,-2.0232501029968262
-5.8217597007751465,-23.0198345184326172,-2.0000464916229248
-6.7405519485473633,-55.3253479003906250,-2.2446646690368652
7.6976199150085449,-25.8132934570312500,-1.0376684665679932
2.6532206535339355,-39.5210266113281250,-2.2447857856750488
11.7262411117553711,-47.6201210021972656,-2.2468965053558350
-8.5780019760131836,-30.1129512786865234,-1.2822830677032471
-8.5782356262207031,-23.3432254791259766,-1.0388206243515015
5.8206038475036621,-38.2387542724609375,-1.0356320142745972
15.4221944808959961,-48.4404296875000000,-1.2501287460327148
-1.9320918321609497,-51.4014739990234375,-2.2451350688934326
6.7823233604431152,-41.5906143188476563,-1.0360519886016846
-2.8462214469909668,-31.9610958099365234,-2.2431197166442871
-10.6215019226074219,-51.4888458251953125,-1.0388151407241821
11.5632772445678711,-50.9449653625488281,-1.0348457098007202
-2.8958351612091064,-45.2627182006835938,-2.2440259456634521
21.2987804412841797,-44.9431953430175781,-1.0356459617614746
36.3265571594238281,-56.2241287231445313,-2.2412967681884766
-17.1794548034667969,-48.2613754272460938,-1.0343024730682373
-10.6221923828125000,-23.7567386627197266,-2.2410976886749268
-17.2406387329101563,-44.8634033203125000,-1.0358145236968994
7.7350521087646484,-33.9644546508789063,-1.8959543704986572
3.5745553970336914,-27.1276855468750000,-1.0382219552993774
36.3279876708984375,-56.2243232727050781,-1.0385365486145020
34.6222724914550781,-55.0533905029296875,-2.0366213321685791
17.3232593536376953,-37.5112304687500000,-1.0374406576156616
-25.9517078399658203,-48.8769035339355469,-1.0505712032318115
-7.6742386817932129,-44.1083869934082031,-1.2834255695343018
3.7776768207550049,-21.4228515625000000,-1.0381287336349487
2.9312167167663574,-25.7971343994140625,-1.0381844043731689
10.6199331283569336,-37.7328987121582031,-1.8923300504684448
-1.9289090633392334,-22.8434391021728516,-2.2419509887695313
-16.1411132812500000,-41.7386703491210938,-1.6745604276657104
-10.6213169097900391,-39.8970069885253906,-1.0353099107742310
20.2211952209472656,-43.5230865478515625,-1.2602109909057617
-12.4409770965576172,-47.1351737976074219,-1.0316541194915771
-32.5776786804199219,-53.0556602478027344,-1.0388053655624390
7.5224204063415527,-32.5636978149414063,-1.3948098421096802
26.8028564453125000,-44.9700851440429688,-1.0389502048492432
-20.2360515594482422,-40.5596733093261719,-1.2442924976348877
-7.7200756072998047,-50.8288993835449219,-1.0355019569396973
-32.5778656005859375,-52.5484085083007813,-1.9038263559341431
-1.8811098337173462,-19.8683032989501953,-2.2414662837982178
-17.3156661987304688,-36.2762451171875000,-1.2896430492401123
-21.1770629882812500,-39.7882881164550781,-2.2410786151885986
21.1620311737060547,-56.0274200439453125,-2.2411224842071533
13.3837642669677734,-54.4677391052246094,-1.0373911857604980
-12.5371704101562500,-32.5083923339843750,-1.9123911857604980
25.0211563110351563,-52.1542358398437500,-2.2419421672821045
16.3003482818603516,-49.9735603332519531,-2.2449741363525391
10.6201925277709961,-46.7491188049316406,-1.4023742675781250
-21.1869697570800781,-57.0073280334472656,-2.2434554100036621
-3.0180170536041260,-45.6974143981933594,-1.0347001552581787
-8.5767040252685547,-22.6678428649902344,-1.9821677207946777
-6.7826323509216309,-52.2520751953125000,-1.2756105661392212
-12.5103187561035156,-39.2165565490722656,-2.2432203292846680
-27.7785034179687500,-53.4274520874023438,-2.2413704395294189
11.7644472122192383,-55.9520835876464844,-2.2449729442596436
-5.8221039772033691,-36.4808197021484375,-1.9917091131210327
15.4220962524414063,-38.9421615600585938,-2.2429621219635010
-3.7780580520629883,-24.6711692810058594,-1.9043297767639160
22.9633750915527344,-41.1546134948730469,-1.3346365690231323
-3.7777953147888184,-19.4353065490722656,-1.2971262931823730
-35.4051475524902344,-54.2047157287597656,-2.2413668632507324
-31.7231006622314453,-51.2012863159179688,-1.9253404140472412
-36.5085792541503906,-56.2112922668457031,-1.0370509624481201
27.7765522003173828,-51.1799812316894531,-2.2429950237274170
-35.4076499938964844,-55.0007896423339844,-1.6397064924240112
-16.1831188201904297,-54.3037528991699219,-2.2489671707153320
13.3781032562255859,-31.2859878540039063,-2.2421672344207764
17.3141365051269531,-33.1622772216796875,-1.9034655094146729
-22.0943450927734375,-51.7800483703613281,-2.2435185909271240
-1.9961816072463989,-28.5513324737548828,-2.2457396984100342
-25.6632652282714844,-56.3644752502441406,-1.7233093976974487
-12.4810419082641602,-27.7530136108398438,-2.2415807247161865
6.7313036918640137,-32.0508155822753906,-1.0380829572677612
-6.8670411109924316,-21.6922454833984375,-2.2414596080780029
-27.7802410125732422,-53.5295982360839844,-1.0376405715942383
-22.0036239624023438,-40.5728225708007813,-1.2588077783584595
15.4155082702636719,-48.5356559753417969,-2.2431983947753906
8.5798673629760742,-44.3113403320312500,-1.0314528942108154
-13.3807735443115234,-48.5104866027832031,-1.0301052331924438
16.3535194396972656,-41.9009284973144531,-1.0381016731262207
-3.7784676551818848,-49.1963081359863281,-1.0339739322662354
-11.4776086807250977,-44.4182090759277344,-2.2443623542785645
-22.9034805297851563,-44.4138069152832031,-1.0385853052139282
-5.8223304748535156,-24.2490062713623047,-1.2809208631515503
-7.7530317306518555,-22.8151226043701172,-1.3473172187805176
-11.4843215942382813,-44.1631622314453125,-1.2694684267044067
36.3101730346679688,-54.8013801574707031,-1.0388137102127075
6.7588443756103516,-26.9948005676269531,-2.2426121234893799
-6.8168582916259766,-53.4686698913574219,-2.2480609416961670
21.0753707885742188,-45.9108810424804688,-1.0379194021224976
17.3888072967529297,-43.2612876892089844,-1.3945285081863403
1.0198943614959717,-53.3807601928710938,-1.2799388170242310
22.0793704986572266,-54.0701828002929688,-1.0324658155441284
1.0210977792739868,-43.2890548706054688,-2.2452270984649658
-15.4222354888916016,-51.5711250305175781,-2.2423784732818604
-11.4857778549194336,-30.0910911560058594,-2.2434043884277344
7.6138939857482910,-55.7455215454101563,-1.0341750383377075
7.7240495681762695,-37.2713890075683594,-1.0349247455596924
11.5479831695556641,-37.8967514038085938,-1.0379081964492798
-8.5765810012817383,-30.3813095092773438,-2.2432551383972168
17.2709159851074219,-39.3747367858886719,-1.0376900434494019
-5.9382967948913574,-22.0592880249023438,-2.2412214279174805
-13.3783149719238281,-34.3520736694335938,-1.0352071523666382
15.4222183227539063,-41.6285438537597656,-1.2736327648162842
10.6368350982666016,-53.3932342529296875,-1.2513679265975952
31.7653236389160156,-52.7432212829589844,-2.2414720058441162
17.2775230407714844,-37.9590225219726563,-2.2436234951019287
10.6283998489379883,-31.0024337768554688,-1.9026683568954468
2.7492523193359375,-38.5909538269042969,-1.9053400754928589
29.8216590881347656,-55.0507545471191406,-2.2421231269836426
-11.5813322067260742,-30.7173767089843750,-1.0362417697906494
5.8781871795654297,-49.1991462707519531,-1.9032992124557495
1.9243690967559814,-30.3823890686035156,-2.2433924674987793
-1.0119383335113525,-55.5122947692871094,-1.8930710554122925
15.4206142425537109,-56.2386054992675781,-1.0333572626113892
25.0187416076660156,-57.0094947814941406,-2.2431633472442627
-7.7159976959228516,-28.9872512817382813,-2.2425827980041504
7.6701831817626953,-42.0404357910156250,-1.0364186763763428
-10.6210575103759766,-32.4882583618164063,-1.9959117174148560
-37.2365646362304688,-53.8605117797851563,-1.0386787652969360
-12.5338525772094727,-33.4493141174316406,-2.2425193786621094
-5.8793144226074219,-53.1216697692871094,-1.0312225818634033
-1.0207754373550415,-47.0623664855957031,-2.2463896274566650
2.8086946010589600,-57.0163192749023438,-1.0328853130340576
-15.4218835830688477,-56.0409507751464844,-1.2484430074691772
-21.3609409332275391,-54.1713905334472656,-2.2422897815704346
15.4271354675292969,-54.3001861572265625,-1.0355319976806641
-7.6629772186279297,-37.6713294982910156,-2.2453849315643311
-12.4001665115356445,-30.1466884613037109,-1.0360159873962402
1.8709039688110352,-19.9724235534667969,-2.2413043975830078
-22.0024318695068359,-39.5998992919921875,-1.0386005640029907
7.5274963378906250,-39.6449394226074219,-2.2298543453216553
12.3622226715087891,-37.3327827453613281,-1.0364794731140137
13.3807306289672852,-52.2150611877441406,-2.0311076641082764
-3.7782862186431885,-26.5496082305908203,-1.9485558271408081
2.9167752265930176,-50.8582077026367188,-2.2449851036071777
16.4462852478027344,-35.2441482543945313,-1.0382778644561768
-8.5531482696533203,-43.9112243652343750,-2.2454755306243896
-20.3155899047851563,-50.2480850219726563,-2.2417993545532227
-13.3306617736816406,-30.5091152191162109,-1.0377295017242432
21.1696186065673828,-57.0104141235351563,-1.0335806608200073
-10.6194839477539063,-54.4762229919433594,-2.2454741001129150
21.9997882843017578,-39.7481765747070313,-1.3092572689056396
-27.7776889801025391,-54.4971160888671875,-1.2507882118225098
1.0215054750442505,-29.9591236114501953,-2.2410156726837158
-7.6911411285400391,-45.3213386535644531,-1.9927349090576172
-17.3073978424072266,-30.7499370574951172,-1.9179134368896484
7.9770474433898926,-56.4678115844726563,-1.6185351610183716
11.7054100036621094,-39.5699539184570313,-1.0346069335937500
-3.7785823345184326,-28.4811000823974609,-2.1262240409851074
2.9264423847198486,-17.0879364013671875,-1.3888398408889771
-3.7779603004455566,-20.7561950683593750,-2.2411365509033203
2.0620753765106201,-49.4983711242675781,-2.2426285743713379
-16.3574504852294922,-52.8661766052246094,-2.2456433773040771
-11.2217311859130859,-56.4935951232910156,-1.6367256641387939
-6.7603249549865723,-45.7938346862792969,-1.9954941272735596
3.6951560974121094,-56.0358657836914063,-1.0308806896209717
-11.4789276123046875,-38.6993217468261719,-2.2428243160247803
25.0221920013427734,-56.0358619689941406,-1.0340228080749512
-3.7769718170166016,-23.2340717315673828,-1.3779944181442261
12.6541709899902344,-47.7063255310058594,-1.6471723318099976
5.8685669898986816,-51.0595741271972656,-1.9333908557891846
21.2749404907226563,-52.1019897460937500,-2.2463312149047852
17.3216037750244141,-38.4450874328613281,-1.3781080245971680
2.7659614086151123,-39.0729141235351563,-1.0353361368179321
1.0219135284423828,-30.4652633666992188,-1.3778113126754761
-26.8514175415039063,-50.7516708374023438,-2.2421143054962158
-25.0477275848388672,-47.3419342041015625,-1.0389323234558105
-22.9786529541015625,-47.3498954772949219,-1.0353010892868042
-8.5845279693603516,-57.0118026733398438,-2.2468941211700439
8.5778598785400391,-31.5112800598144531,-2.2430250644683838
1.0222573280334473,-17.4997367858886719,-1.9170067310333252
-5.8217420578002930,-45.0756301879882813,-1.9960271120071411
-20.2221240997314453,-44.4262199401855469,-2.2427396774291992
25.1229572296142578,-54.1016349792480469,-1.0358693599700928
-1.1326943635940552,-48.9825630187988281,-1.9528161287307739
16.4422302246093750,-42.8381919860839844,-1.3597321510314941
27.7803668975830078,-52.1723327636718750,-1.0378079414367676
13.3787364959716797,-33.6815605163574219,-1.0368871688842773
7.4049534797668457,-57.0103683471679688,-1.0328460931777954
1.8613226413726807,-41.4262847900390625,-1.3884084224700928
16.2911834716796875,-52.7977294921875000,-1.2498110532760620
8.5783348083496094,-41.5156898498535156,-1.3705070018768311
-5.9737687110900879,-28.8232479095458984,-2.2430565357208252
3.7789881229400635,-34.7897415161132813,-1.0374609231948853
-30.7586688995361328,-51.1967697143554688,-1.0388430356979370
-2.9287486076354980,-24.7646999359130859,-1.3796402215957642
-7.6668968200683594,-52.7417755126953125,-1.0349241495132446
-17.4633808135986328,-56.3643302917480469,-1.6395771503448486
-2.6841058731079102,-40.5177764892578125,-1.8759677410125732
-5.8204555511474609,-50.1577644348144531,-1.0364749431610107
-25.9895305633544922,-57.0028266906738281,-1.0344467163085938
-16.3420562744140625,-34.4586753845214844,-1.0381206274032593
-13.3761072158813477,-53.1074867248535156,-2.2457685470581055
6.8030643463134766,-53.9082832336425781,-1.0215005874633789
20.2214241027832031,-46.2477989196777344,-2.0202150344848633
-25.8938732147216797,-50.8264389038085938,-1.3316409587860107
6.8090124130249023,-49.8719520568847656,-2.0003387928009033
21.2619705200195313,-47.8206062316894531,-1.3815689086914063
-1.9366036653518677,-27.1370353698730469,-1.0364139080047607
-25.8407135009765625,-54.3293685913085938,-1.9566833972930908
-5.8216304779052734,-35.5271682739257813,-2.2430913448333740
-22.1636085510253906,-38.1403541564941406,-1.7597264051437378
-1.0383734703063965,-33.7481079101562500,-2.2427496910095215
5.8206334114074707,-51.6312217712402344,-1.0360579490661621
-18.1828002929687500,-47.4307441711425781,-2.2461035251617432
11.5092315673828125,-31.9955272674560547,-1.0389071702957153
11.4284048080444336,-28.5688838958740234,-1.9177291393280029
-1.0222175121307373,-40.4130096435546875,-2.2436490058898926
8.5787391662597656,-28.1877822875976563,-1.0364621877670288
-13.3878650665283203,-56.0151901245117188,-2.2469987869262695
-1.9166200160980225,-55.2749061584472656,-2.2431502342224121
3.7786021232604980,-51.1498298645019531,-1.0345145463943481
25.0251617431640625,-47.6264305114746094,-2.2420182228088379
-27.7033500671386719,-48.6575698852539063,-1.0384999513626099
-1.5869609117507935,-56.2034873962402344,-2.2528038024902344
2.9152166843414307,-19.4212665557861328,-2.2416627407073975
-5.8217916488647461,-30.9891624450683594,-1.2842435836791992
-7.5556020736694336,-20.3338966369628906,-2.2412023544311523
2.9095265865325928,-23.8030815124511719,-1.0363121032714844
-1.0223423242568970,-20.0033187866210938,-1.0388016700744629
22.1121578216552734,-45.9289627075195313,-2.2441601753234863
-15.4206151962280273,-55.0755500793457031,-1.0344179868698120
-13.3785963058471680,-37.1885147094726563,-1.0386626720428467
-7.7440824508666992,-38.6157989501953125,-1.9742679595947266
-18.1484298706054688,-45.2786483764648438,-1.0380988121032715
17.2519798278808594,-52.3031120300292969,-2.0038032531738281
22.5795516967773438,-56.1691627502441406,-1.3609176874160767
11.5261793136596680,-45.4947967529296875,-1.2680591344833374
11.4944829940795898,-35.2998390197753906,-2.2426559925079346
-22.0801048278808594,-47.0408134460449219,-2.2421884536743164
-31.7288436889648438,-52.1466636657714844,-2.2416162490844727
-15.4197854995727539,-48.8855705261230469,-1.6392716169357300
-10.6202192306518555,-47.8530540466308594,-2.2443838119506836
22.0734558105468750,-57.0122604370117188,-1.4180294275283813
-1.9693664312362671,-49.4435806274414063,-2.2425224781036377
18.1786880493164063,-41.7950630187988281,-1.1833161115646362
-5.8150696754455566,-57.0143013000488281,-2.0293352603912354
-27.7830581665039063,-57.0120429992675781,-2.2456574440002441
-36.9529075622558594,-53.1284790039062500,-1.6562029123306274
1.0203107595443726,-37.1126937866210938,-1.3822085857391357
11.5340976715087891,-30.0949897766113281,-1.0387206077575684
26.8956527709960938,-50.7808952331542969,-1.0379991531372070
6.8319630622863770,-42.9882507324218750,-2.2451677322387695
-3.7779784202575684,-27.4967632293701172,-2.2425689697265625
-5.8223648071289063,-21.0681266784667969,-2.2413270473480225
-3.7797722816467285,-39.9404067993164063,-1.8987371921539307
-22.9777450561523438,-39.5458679199218750,-1.2469532489776611
-6.7374858856201172,-35.2167968750000000,-1.9968804121017456
27.7780666351318359,-47.2832031250000000,-2.2420897483825684
-17.3146667480468750,-50.7500686645507813,-2.2437283992767334
11.6793203353881836,-39.3134803771972656,-2.2452473640441895
-2.0874631404876709,-24.1789608001708984,-1.0380332469940186
-1.9297670125961304,-21.8488006591796875,-2.2421472072601318
26.0096969604492188,-51.2763938903808594,-1.0387716293334961
17.2038784027099609,-48.0286788940429688,-1.4866940975189209
6.7438664436340332,-29.6974792480468750,-1.9027539491653442
6.8045153617858887,-34.4578666687011719,-2.2429239749908447
-5.8221359252929688,-23.9862155914306641,-2.2428746223449707
30.7342643737792969,-54.7086944580078125,-1.0385634899139404
20.9408187866210938,-38.7527008056640625,-2.2414119243621826
-5.9315938949584961,-35.7636299133300781,-1.0374413728713989
-2.7319674491882324,-16.9886150360107422,-1.4166426658630371
12.4355754852294922,-45.0160026550292969,-2.2424383163452148
16.3737621307373047,-43.2884101867675781,-2.2449891567230225
8.5761079788208008,-26.8021697998046875,-2.1912407875061035
22.0962905883789063,-50.2544937133789063,-1.0367696285247803
25.8769969940185547,-55.5923576354980469,-2.2442367076873779
22.9509067535400391,-43.5630874633789063,-2.2419490814208984
-1.0219321250915527,-34.7343482971191406,-2.2433369159698486
2.9190528392791748,-29.1021194458007813,-1.8982340097427368
21.6504611968994141,-56.1469955444335938,-1.0345537662506104
-8.5788269042968750,-31.3411502838134766,-1.9946062564849854
-5.9358539581298828,-54.5202407836914063,-2.2478585243225098
-7.7220869064331055,-30.6265029907226563,-1.2805968523025513
17.2399578094482422,-55.0803413391113281,-1.2502660751342773
-16.2506790161132813,-40.0590820312500000,-2.2410514354705811
22.9823722839355469,-51.5737991333007813,-1.0357131958007813
-18.1778373718261719,-39.8789443969726563,-1.2441301345825195
-25.9532737731933594,-53.7714576721191406,-1.1358524560928345
2.8510882854461670,-56.6558227539062500,-2.2414302825927734
-6.7386322021484375,-37.1336402893066406,-1.9900789260864258
-21.8734188079833984,-51.2798194885253906,-1.4129532575607300
12.5283145904541016,-51.7741622924804688,-1.0321493148803711
-13.3789501190185547,-46.7096176147460938,-1.0345327854156494
-18.1810703277587891,-53.1216239929199219,-1.0362224578857422
-7.6295051574707031,-47.9376831054687500,-1.3005485534667969
-5.8199267387390137,-50.7985305786132813,-1.9608668088912964
15.4225225448608398,-38.6972541809082031,-1.2757887840270996
13.3778734207153320,-29.8564090728759766,-1.0376884937286377
2.9141900539398193,-25.1949214935302734,-2.2422783374786377
-3.7267334461212158,-49.3114547729492188,-2.0165970325469971
-25.9108886718750000,-50.4220199584960938,-2.2423920631408691
-1.8818166255950928,-18.4535236358642578,-1.0384786128997803
1.0219148397445679,-36.6103324890136719,-2.2436087131500244
18.1786365509033203,-39.3237342834472656,-1.9005823135375977
-3.6060154438018799,-17.2888793945312500,-1.0383666753768921
-2.9230649471282959,-37.1955528259277344,-1.0353672504425049
35.4941902160644531,-55.4955215454101563,-2.2414042949676514
11.4641065597534180,-51.9174156188964844,-1.0312100648880005
-5.8207640647888184,-43.1797027587890625,-1.9950426816940308
-1.2412531375885010,-39.9203948974609375,-1.0373800992965698
20.6532783508300781,-56.1657562255859375,-1.0286238193511963
3.7800748348236084,-24.2828521728515625,-1.0361598730087280
-1.8475242853164673,-35.6934814453125000,-1.3515001535415649
-21.1176357269287109,-46.9317588806152344,-1.0388606786727905
2.9132761955261230,-47.1139831542968750,-2.2444088459014893
-8.5301465988159180,-52.2342872619628906,-1.0334160327911377
-15.4212417602539063,-57.0064163208007813,-1.0371909141540527
1.1149235963821411,-27.9981517791748047,-2.0889098644256592
-1.8928675651550293,-42.8754234313964844,-1.9580754041671753
-1.0210237503051758,-38.4916954040527344,-1.9062136411666870
12.5426645278930664,-39.3958320617675781,-1.6958415508270264
37.2999992370605469,-57.0020904541015625,-1.0389461517333984
-13.3780565261840820,-25.3006896972656250,-2.2417137622833252
7.7199006080627441,-34.4733963012695313,-1.0379084348678589
-10.6211891174316406,-41.8145484924316406,-1.0348639488220215
5.8201575279235840,-32.5636215209960938,-1.3807969093322754
-6.8320169448852539,-57.0079307556152344,-1.0365061759948730
-1.8806545734405518,-37.0945014953613281,-1.8909462690353394
-1.9574335813522339,-41.9315376281738281,-2.2423217296600342
20.2266921997070313,-48.2163887023925781,-2.2428951263427734
27.7790260314941406,-49.2335395812988281,-2.2423861026763916
-16.2232131958007813,-44.5883026123046875,-1.0369529724121094
3.7768840789794922,-17.6117382049560547,-1.3763984441757202
6.7485852241516113,-47.9073410034179688,-2.2413578033447266
1.8411638736724854,-44.2363586425781250,-1.3519781827926636
11.5746526718139648,-45.7568550109863281,-2.2432403564453125
15.4227561950683594,-31.9335994720458984,-1.0388762950897217
20.2104682922363281,-57.0088233947753906,-1.2544546127319336
-12.4125566482543945,-53.3241920471191406,-1.0356549024581909
2.9159936904907227,-27.1822586059570313,-2.2423529624938965
5.8231067657470703,-21.5225048065185547,-2.2411835193634033
26.8815517425537109,-46.9236373901367188,-1.0378705263137817
21.3164558410644531,-45.4211502075195313,-1.9044209718704224
8.5785531997680664,-38.1790466308593750,-2.2458002567291260
17.1996612548828125,-37.0257186889648438,-1.9005477428436279
-6.8653764724731445,-39.7559661865234375,-1.2824199199676514
25.0218086242675781,-52.1396102905273438,-1.2439700365066528
26.8056316375732422,-52.2027130126953125,-2.2422754764556885
7.6722869873046875,-43.0334701538085938,-1.0381257534027100
-20.4185981750488281,-38.5951271057128906,-2.2410621643066406
2.8841578960418701,-28.1736850738525391,-2.2424712181091309
-10.6214332580566406,-53.4656028747558594,-1.2440040111541748
15.4431037902832031,-50.4110870361328125,-1.0355278253555298
6.6857848167419434,-22.4077243804931641,-1.2789394855499268
34.6221771240234375,-56.0070228576660156,-1.0387922525405884
-1.0180828571319580,-45.5893936157226563,-1.3878443241119385
25.9936695098876953,-55.1344375610351563,-1.0378105640411377
1.8653076887130737,-40.0282669067382813,-1.9025613069534302
-22.9792995452880859,-49.2893142700195313,-1.0341788530349731
15.4648504257202148,-52.3851165771484375,-2.0263240337371826
-22.9777488708496094,-45.4067192077636719,-1.0370552539825439
13.3805704116821289,-38.7103919982910156,-1.0358086824417114
-17.3109264373779297,-33.3488121032714844,-1.2821433544158936
-1.0221058130264282,-21.4177265167236328,-2.2420692443847656
1.8121784925460815,-49.9980087280273438,-1.3999589681625366
27.7587089538574219,-49.2572669982910156,-1.2454319000244141
-3.7787611484527588,-51.1512260437011719,-1.2626971006393433
-20.2470226287841797,-45.3984832763671875,-2.0334007740020752
-27.7408981323242188,-46.7118110656738281,-1.0389434099197388
8.5824556350708008,-47.1862297058105469,-1.4385110139846802
-25.9012622833251953,-48.5158462524414063,-2.2413759231567383
-15.4289512634277344,-37.5039634704589844,-2.0120208263397217
-13.3784828186035156,-25.8335227966308594,-1.0376691818237305
-22.9783134460449219,-46.4616317749023438,-2.2441782951354980
-13.3622188568115234,-54.1773262023925781,-1.2549171447753906
12.4092197418212891,-26.0662822723388672,-2.1714706420898438
-7.7089791297912598,-41.4682617187500000,-2.2420005798339844
10.6176891326904297,-55.8521804809570313,-1.0275416374206543
22.9782752990722656,-47.8466224670410156,-1.0362101793289185
3.7786958217620850,-48.4697036743164063,-2.2456107139587402
18.1735095977783203,-53.4307785034179688,-1.0387517213821411
-6.7433676719665527,-29.4576053619384766,-2.2418367862701416
-22.9776744842529297,-42.5575904846191406,-2.0300328731536865
10.6206016540527344,-45.8329277038574219,-1.0343526601791382
-12.5633983612060547,-21.4832992553710938,-1.0392307043075562
25.0185928344726563,-55.0843162536621094,-2.2446212768554688
-11.4813833236694336,-26.1732139587402344,-2.2413144111633301
-21.9904117584228516,-47.3971519470214844,-1.1587115526199341
-32.5782737731933594,-53.9985618591308594,-1.3660078048706055
1.9321147203445435,-51.4065933227539063,-1.8952690362930298
-13.3777217864990234,-33.8576583862304688,-1.8979424238204956
-1.0222586393356323,-17.1165008544921875,-1.0388993024826050
1.0211528539657593,-39.9539451599121094,-1.3795536756515503
-1.9500970840454102,-25.7425403594970703,-1.9473788738250732
8.4659395217895508,-50.7916679382324219,-1.0322799682617188
3.7777945995330811,-17.1118545532226563,-2.2410926818847656
17.2753410339355469,-44.1780662536621094,-1.0366263389587402
-11.5890350341796875,-23.2948455810546875,-2.2413036823272705
13.3810195922851563,-37.4474182128906250,-1.0314955711364746
17.3295211791992188,-46.1572608947753906,-1.0346062183380127
1.0218701362609863,-19.4387874603271484,-2.2419254779815674
-5.8223543167114258,-27.1588592529296875,-1.2792342901229858
-32.5481414794921875,-52.0573577880859375,-1.0376255512237549
25.8705329895019531,-45.2723426818847656,-2.2410826683044434
-17.3139209747314453,-52.6325569152832031,-1.0364720821380615
-17.9187755584716797,-48.3509025573730469,-1.9904623031616211
-1.8684257268905640,-31.8828659057617188,-1.3789190053939819
13.3792781829833984,-50.3535079956054688,-1.0343376398086548
-8.5806341171264648,-54.3913688659667969,-1.9911681413650513
-2.7918131351470947,-18.5092582702636719,-2.2414102554321289
-11.5318508148193359,-53.8682441711425781,-2.0191361904144287
5.8519010543823242,-44.4626235961914063,-2.2445645332336426
-18.1776046752929688,-41.6335754394531250,-2.2420535087585449
6.6703982353210449,-46.2883033752441406,-1.3770350217819214
18.1776962280273438,-36.4648857116699219,-1.9022773504257202
16.2173709869384766,-41.3855247497558594,-1.8822972774505615
26.0216941833496094,-49.2854614257812500,-1.0388983488082886
1.0223802328109741,-18.0238323211669922,-1.0388804674148560
6.8230066299438477,-41.9940605163574219,-2.2423310279846191
-35.6150436401367188,-55.7677459716796875,-2.2426054477691650
29.8221836090087891,-56.0310821533203125,-1.0375744104385376
10.6227645874023438,-28.0751495361328125,-2.2412683963775635
20.2222595214843750,-38.0446281433105469,-2.2416026592254639
7.5546135902404785,-36.7769165039062500,-1.8793997764587402
10.6224365234375000,-28.6360187530517578,-1.0386757850646973
-8.5782527923583984,-34.9383544921875000,-1.2818931341171265
-17.3136634826660156,-35.3112983703613281,-1.0381430387496948
13.3398246765136719,-56.0382957458496094,-2.2438588142395020
-1.9085172414779663,-49.9355583190917969,-1.3777011632919312
-1.9277729988098145,-45.6664390563964844,-2.2442848682403564
6.6692633628845215,-39.1451148986816406,-2.2421143054962158
5.8228468894958496,-26.3720397949218750,-1.9838802814483643
10.6191120147705078,-38.2471771240234375,-1.0381717681884766
1.1477091312408447,-23.7208862304687500,-1.0377409458160400
22.1461048126220703,-54.5778083801269531,-1.8787640333175659
5.8182597160339355,-48.6912193298339844,-1.0388064384460449
-10.6214056015014648,-43.7240028381347656,-1.0342626571655273
3.7787280082702637,-29.0946750640869141,-1.0365473031997681
12.5160388946533203,-56.6018943786621094,-2.2461767196655273
-6.7916355133056641,-27.1798419952392578,-1.0386415719985962
-8.5331554412841797,-27.4941883087158203,-1.9971852302551270
-3.7780053615570068,-41.8327407836914063,-2.2489089965820313
15.4223594665527344,-32.2210159301757813,-2.0188472270965576
-18.1801834106445313,-46.4682235717773438,-2.0127844810485840
1.8717560768127441,-27.1007099151611328,-1.0366843938827515
16.3042907714843750,-38.0978927612304688,-1.3371815681457520
20.2214527130126953,-48.3817634582519531,-1.2615389823913574
7.6824712753295898,-22.4653797149658203,-2.2411346435546875
10.6712017059326172,-42.5080032348632813,-1.8918590545654297
1.9814987182617188,-27.5292243957519531,-2.2422592639923096
-18.1797199249267578,-38.7195091247558594,-1.2627770900726318
3.7781527042388916,-26.2119274139404297,-1.3674581050872803
20.2304039001464844,-47.4153556823730469,-1.0381492376327515
-35.7171821594238281,-57.0023345947265625,-1.0366940498352051
5.8191385269165039,-40.6412658691406250,-2.2428376674652100
26.8407840728759766,-51.2688560485839844,-1.9054019451141357
13.3805961608886719,-34.1132278442382813,-2.2439210414886475
15.4199199676513672,-41.8574790954589844,-2.2441806793212891
18.1778621673583984,-38.8277359008789063,-1.0367276668548584
11.6185312271118164,-57.0104293823242188,-2.2472970485687256
-27.0158023834228516,-56.1123542785644531,-1.0366520881652832
27.7782592773437500,-50.2303543090820313,-1.0373774766921997
1.9706943035125732,-57.0136680603027344,-1.9383347034454346
-20.2373847961425781,-43.4824714660644531,-1.0374338626861572
-2.9177441596984863,-19.8718891143798828,-1.0387351512908936
7.5700407028198242,-22.9253597259521484,-1.0388399362564087
6.8242816925048828,-52.8639373779296875,-2.2440657615661621
5.8225708007812500,-22.4823856353759766,-1.9669185876846313
11.5509281158447266,-27.1045131683349609,-1.0386072397232056
-1.0190700292587280,-38.9689331054687500,-1.0358225107192993
-6.7739887237548828,-41.6725425720214844,-1.2922718524932861
2.0135290622711182,-43.3216667175292969,-1.0335210561752319
-21.8643112182617188,-54.1770668029785156,-1.0381543636322021
22.8697109222412109,-52.5134315490722656,-1.3052085638046265
15.4217634201049805,-42.5954895019531250,-1.0343390703201294
7.7342000007629395,-23.8643264770507813,-1.3346680402755737
5.8268003463745117,-23.4417476654052734,-2.2416024208068848
8.5115785598754883,-30.5220775604248047,-2.2420697212219238
18.1782016754150391,-43.1111373901367188,-2.2414026260375977
-12.4296169281005859,-53.3407249450683594,-2.0279912948608398
-3.7834398746490479,-56.0447959899902344,-2.2464199066162109
16.1934375762939453,-47.2077484130859375,-1.7363376617431641
-29.9359550476074219,-49.6337738037109375,-1.3824360370635986
21.2242527008056641,-48.3203659057617188,-2.2436873912811279
-1.9079381227493286,-26.1460227966308594,-1.0374487638473511
2.9042394161224365,-43.7624397277832031,-1.0355854034423828
6.6690721511840820,-37.7144813537597656,-1.0365998744964600
-10.6232748031616211,-36.3257217407226563,-1.9949653148651123
17.1707935333251953,-51.3596954345703125,-2.2456328868865967
-3.7785055637359619,-22.2982082366943359,-1.0381720066070557
-20.2187328338623047,-52.2259864807128906,-1.0377372503280640
-16.5834407806396484,-45.2686157226562500,-1.6644335985183716
-12.4528894424438477,-31.5714244842529297,-2.2421553134918213
-7.6776328086853027,-45.0659790039062500,-1.0340511798858643
-32.5776443481445313,-51.6104240417480469,-2.2416665554046631
-1.9740345478057861,-29.9639072418212891,-1.0351378917694092
10.6123237609863281,-53.3306961059570313,-2.2437827587127686
-5.8218393325805664,-37.4360237121582031,-2.2425193786621094
-12.3983011245727539,-46.2210044860839844,-1.3917561769485474
10.6239500045776367,-36.8108596801757813,-2.2448024749755859
-11.4814319610595703,-31.7075290679931641,-1.0383555889129639
10.6220636367797852,-27.0767116546630859,-2.2412145137786865
17.2964725494384766,-41.3552856445312500,-1.0375112295150757
-18.1779632568359375,-49.2247810363769531,-1.2484096288681030
-2.8810317516326904,-21.8637218475341797,-1.0380804538726807
21.8659343719482422,-46.3916244506835938,-1.4019780158996582
13.3776397705078125,-39.6633949279785156,-2.2436208724975586
-13.3781661987304688,-27.7083759307861328,-1.3694742918014526
-3.7786259651184082,-30.9504299163818359,-1.3810026645660400
-18.1539154052734375,-57.0119628906250000,-2.0207598209381104
7.7086482048034668,-31.6556873321533203,-1.0377334356307983
8.5798177719116211,-49.8464088439941406,-1.2692641019821167
-22.0032291412353516,-43.5018348693847656,-1.0378690958023071
12.5148134231567383,-42.0656814575195313,-2.0316073894500732
-25.0220584869384766,-53.8334121704101563,-2.2416210174560547
-16.3054580688476563,-32.2506179809570313,-2.0140271186828613
-21.1395664215087891,-40.0723342895507813,-1.2842171192169189
3.7778680324554443,-35.7864456176757813,-1.0384765863418579
3.7786307334899902,-35.2017936706542969,-2.2441165447235107
-1.9605373144149780,-43.8214721679687500,-2.2437214851379395
-2.7251701354980469,-22.3439006805419922,-1.8982789516448975
-34.6211128234863281,-55.8574867248535156,-2.2417771816253662
11.4284505844116211,-34.3654365539550781,-1.8977085351943970
11.5401716232299805,-33.8749427795410156,-1.0375939607620239
-7.7207365036010742,-29.6627464294433594,-1.0373286008834839
29.8220043182373047,-55.0571022033691406,-1.2445303201675415
-3.6900701522827148,-46.4650955200195313,-2.2464475631713867
6.6781377792358398,-44.8953781127929688,-1.8901451826095581
-25.0221557617187500,-48.3102531433105469,-1.2808732986450195
-26.1491718292236328,-46.6350097656250000,-2.2411043643951416
-8.5845441818237305,-55.3361778259277344,-2.2481737136840820
-5.8223166465759277,-42.2281570434570313,-2.2478859424591064
11.4771203994750977,-50.8924255371093750,-2.0258359909057617
3.7803897857666016,-47.2477111816406250,-1.0352213382720947
-3.7418270111083984,-38.4688835144042969,-1.0352408885955811
15.4223489761352539,-33.1940460205078125,-2.2414147853851318
12.2284269332885742,-38.7230720520019531,-1.0341597795486450
31.5765132904052734,-55.1164131164550781,-1.3876614570617676
15.5576982498168945,-31.2640590667724609,-1.7677038908004761
-8.5765619277954102,-28.1868095397949219,-1.2818462848663330
-1.0201342105865479,-46.0790748596191406,-2.2462854385375977
-21.9935817718505859,-46.4113044738769531,-1.0375467538833618
1.9465236663818359,-17.9783420562744141,-2.2411272525787354
1.0218492746353149,-33.7848091125488281,-2.2425119876861572
17.9993381500244141,-45.0630416870117188,-2.2442400455474854
2.9107818603515625,-54.6476287841796875,-2.2458827495574951
21.3003559112548828,-37.3227996826171875,-1.2961729764938354
-16.2141551971435547,-54.3288917541503906,-1.0314607620239258
5.8203005790710449,-43.9691963195800781,-1.3795158863067627
15.4224176406860352,-47.4664916992187500,-1.0386880636215210
-8.5752363204956055,-21.3814010620117188,-1.2969082593917847
-32.5820732116699219,-54.4780044555664063,-2.2412030696868896
-22.1527633666992188,-54.6785697937011719,-1.8945919275283813
25.8049430847167969,-48.3137321472167969,-1.0376381874084473
18.1806907653808594,-46.0347099304199219,-2.2414965629577637
5.8194689750671387,-28.2822113037109375,-1.9562650918960571
-6.8498520851135254,-49.4034309387207031,-1.0376045703887939
12.5528583526611328,-55.0164833068847656,-2.2487490177154541
-12.4617385864257813,-48.1265296936035156,-1.0364842414855957
-15.4203386306762695,-43.0835380554199219,-2.0222988128662109
-13.3779640197753906,-32.4354095458984375,-1.3788034915924072
7.7082586288452148,-25.4115142822265625,-1.9503762722015381
32.5783767700195313,-56.0303993225097656,-2.0347547531127930
-10.7330551147460938,-55.2378311157226563,-1.6302332878112793
26.8196105957031250,-55.6928253173828125,-1.0385307073593140
3.5836818218231201,-38.5609550476074219,-1.3572483062744141
10.6221723556518555,-30.5016822814941406,-1.0386755466461182
-31.6841297149658203,-55.5676689147949219,-1.0388939380645752
-31.5993595123291016,-51.7363052368164063,-1.0388382673263550
5.8209547996520996,-53.5001296997070313,-1.0353113412857056
-5.9372949600219727,-48.8913078308105469,-2.2473785877227783
25.0221786499023438,-45.2995033264160156,-1.7147803306579590
-11.8033189773559570,-57.0090866088867188,-1.0339038372039795
11.3355312347412109,-40.1152534484863281,-1.7735689878463745
-2.7226550579071045,-57.0106811523437500,-1.2586266994476318
-7.6746149063110352,-51.7861747741699219,-1.2836130857467651
-5.8945002555847168,-44.1268272399902344,-2.2468180656433105
-2.0483112335205078,-25.1674289703369141,-1.1377391815185547
-8.5799293518066406,-33.2923622131347656,-2.2449269294738770
-7.7085075378417969,-34.4507637023925781,-1.3148124217987061
22.1145095825195313,-40.0873680114746094,-2.2412288188934326
5.8221035003662109,-30.2330951690673828,-2.2423665523529053
15.4140863418579102,-57.0151405334472656,-1.6393480300903320
-6.8923554420471191,-33.3068122863769531,-1.9883408546447754
-10.6205205917358398,-29.3350276947021484,-1.2816503047943115
-1.9415433406829834,-38.5890731811523438,-1.0384135246276855
-5.8216829299926758,-32.9037361145019531,-1.2817512750625610
17.2264556884765625,-50.1866950988769531,-1.0372749567031860
-12.4112663269042969,-40.5694236755371094,-1.0342401266098022
-22.8574314117431641,-54.0987739562988281,-1.0377378463745117
-5.8206930160522461,-48.2170257568359375,-1.0335568189620972
17.1638927459716797,-45.6075477600097656,-2.2441582679748535
-21.1649150848388672,-56.0795974731445313,-1.8979046344757080
10.6264419555664063,-26.7229175567626953,-1.0388858318328857
-3.7791521549224854,-41.3444290161132813,-1.3924218416213989
11.4056606292724609,-55.0283012390136719,-2.2495965957641602
-21.2089881896972656,-41.7515220642089844,-1.9873394966125488
5.8218121528625488,-23.8085308074951172,-1.3133022785186768
25.9593410491943359,-56.0709037780761719,-1.3758002519607544
-16.5331153869628906,-41.0159568786621094,-2.2423770427703857
15.4222507476806641,-37.0366249084472656,-2.2423517704010010
-16.3426303863525391,-51.8962669372558594,-2.0320761203765869
2.8941233158111572,-22.3848743438720703,-2.2424316406250000
1.0873236656188965,-42.7972908020019531,-1.3846267461776733
8.5780820846557617,-29.1835460662841797,-1.0384881496429443
-25.0222892761230469,-48.0385932922363281,-2.2414963245391846
-12.4579029083251953,-39.5841865539550781,-1.0368921756744385
-3.7780778408050537,-32.8592796325683594,-1.0373073816299438
11.5468950271606445,-41.9570884704589844,-2.2443842887878418
-5.8977713584899902,-51.7295989990234375,-2.2486355304718018
-1.0219559669494629,-19.4795532226562500,-1.9152022600173950
-22.0714530944824219,-41.2475357055664063,-1.9911673069000244
26.9187145233154297,-45.3436355590820313,-2.0026304721832275
13.3810043334960938,-41.5960121154785156,-2.2449827194213867
5.9401249885559082,-44.8893165588378906,-1.0366899967193604
12.4334793090820313,-27.5786018371582031,-1.0386825799942017
1.0434391498565674,-17.0252990722656250,-1.0387529134750366
-3.7789514064788818,-30.4533195495605469,-2.2429640293121338
18.0568218231201172,-42.1263198852539063,-2.2421777248382568
5.8183069229125977,-45.3845100402832031,-1.8937749862670898
7.7148919105529785,-43.4513168334960938,-2.2426698207855225
13.3779716491699219,-45.5035705566406250,-1.0337468385696411
-10.6111669540405273,-50.4627914428710938,-1.0323382616043091
15.4388828277587891,-40.8670387268066406,-2.2419314384460449
10.7206277847290039,-29.5688934326171875,-1.3783771991729736
22.9779510498046875,-53.1823883056640625,-2.0327396392822266
12.5061035156250000,-44.0268402099609375,-2.2428596019744873
-15.4212646484375000,-56.0203514099121094,-2.2431142330169678
27.2123317718505859,-46.5381317138671875,-1.8959525823593140
6.8268337249755859,-25.2925243377685547,-1.0385968685150146
15.4219093322753906,-52.3569679260253906,-1.0350689888000488
12.4002838134765625,-25.6828575134277344,-1.0389086008071899
-10.6342420578002930,-34.1443786621093750,-1.0359787940979004
-16.3303203582763672,-42.6215019226074219,-1.2469123601913452
-15.4192323684692383,-39.6313018798828125,-1.0329990386962891
5.8144097328186035,-56.0185127258300781,-1.0338674783706665
16.3340682983398438,-33.3293418884277344,-1.0387042760848999
15.4229993820190430,-34.8356285095214844,-1.2767727375030518
12.5081729888916016,-30.9352970123291016,-1.9000355005264282
27.7806415557861328,-54.1203918457031250,-2.2446646690368652
-21.1030254364013672,-56.5773696899414063,-1.0375155210494995
-8.5775823593139648,-27.2212848663330078,-1.0378050804138184
-13.2076520919799805,-48.9976692199707031,-1.8688958883285522
-5.8196077346801758,-47.9552078247070313,-1.9902993440628052
-3.1871087551116943,-55.4976158142089844,-1.6942186355590820
12.5214071273803711,-40.1410217285156250,-1.0370508432388306
-16.2783946990966797,-43.5348243713378906,-2.2419838905334473
20.2185630798339844,-50.6602058410644531,-1.0378779172897339
-22.0521087646484375,-40.2818450927734375,-2.2411742210388184
-1.0198738574981689,-31.3353481292724609,-1.0365388393402100
-20.2423954010009766,-41.5040931701660156,-2.0352494716644287
-1.9302188158035278,-50.8644332885742188,-1.0361579656600952
7.7220540046691895,-26.7644767761230469,-1.3312311172485352
6.8084855079650879,-45.3800048828125000,-1.0334290266036987
18.1813297271728516,-56.2238998413085938,-1.6241813898086548
-18.1845092773437500,-44.5039024353027344,-2.2431182861328125
5.8211121559143066,-27.3319625854492188,-2.2425069808959961
8.5780735015869141,-37.1906013488769531,-2.2451658248901367
-2.9155833721160889,-50.7084465026855469,-1.0351676940917969
-16.5568141937255859,-49.9948997497558594,-1.0378957986831665
-10.6199913024902344,-57.0055847167968750,-1.0374066829681396
1.0218998193740845,-37.6005668640136719,-2.2461128234863281
27.7788715362548828,-53.1618194580078125,-1.0370200872421265
2.8664064407348633,-21.3893108367919922,-2.2416307926177979
-8.5323848724365234,-44.5491714477539063,-1.0339041948318481
-8.2707662582397461,-19.8156566619873047,-1.7748272418975830
25.0220756530761719,-57.0047111511230469,-1.2458288669586182
15.4225549697875977,-35.1028518676757813,-2.2414174079895020
22.9785099029541016,-50.2586975097656250,-2.2446265220642090
22.1427764892578125,-37.7937736511230469,-1.0387157201766968
8.5781068801879883,-33.9243392944335938,-1.0347853899002075
17.2332973480224609,-53.2487030029296875,-2.2460136413574219
-26.7620220184326172,-51.2181396484375000,-1.0357617139816284
8.5232048034667969,-32.9328498840332031,-1.0362535715103149
13.3821563720703125,-49.3669090270996094,-1.0352843999862671
-6.7773580551147461,-34.2574157714843750,-2.2434663772583008
15.4207372665405273,-43.5654678344726563,-1.2646927833557129
12.4864263534545898,-49.8511657714843750,-1.0333042144775391
-1.8816440105438232,-17.5092563629150391,-1.3619545698165894
-2.9241540431976318,-36.2655563354492188,-1.3739550113677979
34.7277412414550781,-54.0818138122558594,-2.2410604953765869
7.7164144515991211,-43.9615936279296875,-1.3883594274520874
-2.8293550014495850,-48.9384269714355469,-2.2428965568542480
-7.6006407737731934,-55.5459823608398438,-1.4573611021041870
-21.0872879028320313,-43.0071487426757813,-1.2595860958099365
-16.9736137390136719,-48.1747856140136719,-2.2431540489196777
22.9778919219970703,-41.5763511657714844,-2.2396111488342285
20.2996482849121094,-42.3901901245117188,-2.0197463035583496
11.5089206695556641,-53.9207649230957031,-2.2515161037445068
16.3019428253173828,-39.9799919128417969,-1.3791993856430054
-2.8968472480773926,-33.3792686462402344,-1.0343375205993652
6.6153912544250488,-55.2755088806152344,-1.0345029830932617
-26.8294315338134766,-55.1690025329589844,-1.3031376600265503
-22.0133590698242188,-55.1595077514648438,-1.0352227687835693
8.5782814025878906,-51.6210289001464844,-2.2461495399475098
-6.7841925621032715,-55.1732406616210938,-1.0345728397369385
-6.8711323738098145,-42.6262702941894531,-1.0380405187606812
25.8927249908447266,-46.4052658081054688,-1.4032899141311646
11.5430727005004883,-40.9649963378906250,-2.2428035736083984
-18.1816902160644531,-54.1570358276367188,-2.2477552890777588
-12.5293397903442383,-21.9939422607421875,-1.9104826450347900
6.8069529533386230,-44.3940849304199219,-1.0379021167755127
-13.3775863647460938,-21.9788551330566406,-1.3382339477539063
-25.9362621307373047,-51.7783927917480469,-1.0385659933090210
6.3281226158142090,-53.7091445922851563,-1.8644595146179199
2.9132132530212402,-20.9784832000732422,-1.3329055309295654
-7.7048482894897461,-43.4140663146972656,-1.9960827827453613
12.5256357192993164,-41.0959320068359375,-2.2440543174743652
-6.8020401000976563,-43.6167945861816406,-1.0361588001251221
-34.6215820312500000,-57.0019226074218750,-2.2416195869445801
13.3781938552856445,-48.3716926574707031,-2.0063986778259277
13.3774824142456055,-26.5902347564697266,-1.9874525070190430
-6.8379621505737305,-53.2367210388183594,-1.2834867238998413
-6.7600164413452148,-39.9953231811523438,-2.2435381412506104
8.5801067352294922,-36.7630882263183594,-1.0339392423629761
-8.5247821807861328,-57.0057716369628906,-1.2506468296051025
-6.7398405075073242,-27.5664501190185547,-2.2418339252471924
26.8899288177490234,-56.6500701904296875,-1.3130996227264404
3.7755696773529053,-23.3511638641357422,-1.3813380002975464
25.9381675720214844,-48.8392601013183594,-2.2412631511688232
-7.6285490989685059,-54.6491470336914063,-1.0360921621322632
-2.8640761375427246,-23.2685623168945313,-2.2415795326232910
3.7788813114166260,-30.0223751068115234,-1.3816940784454346
1.1415073871612549,-21.8048954010009766,-1.3851472139358521
6.8553929328918457,-31.1266326904296875,-1.3822550773620605
-1.0209486484527588,-43.2641334533691406,-2.2464077472686768
7.7033267021179199,-42.4646339416503906,-2.2430996894836426
-25.0921554565429688,-50.9378967285156250,-1.9960660934448242
-1.0333180427551270,-18.5368938446044922,-2.2414016723632813
7.6853823661804199,-27.3609256744384766,-2.2413146495819092
1.8450447320938110,-17.5346317291259766,-1.3520923852920532
1.9313325881958008,-54.7411766052246094,-1.0362324714660645
18.1789970397949219,-42.7717933654785156,-1.0373704433441162
-2.0067143440246582,-36.1807060241699219,-2.2430152893066406
-25.0211925506591797,-52.8685111999511719,-1.9995994567871094
-17.3135910034179688,-42.1335945129394531,-2.2455904483795166
-17.2038154602050781,-49.2430801391601563,-1.0328770875930786
-13.3821001052856445,-43.9099006652832031,-1.0348836183547974
-16.1999683380126953,-48.2721672058105469,-1.6277807950973511
1.0217288732528687,-32.7928886413574219,-2.2442138195037842
3.7781910896301270,-20.9841117858886719,-2.2418704032897949
17.2549858093261719,-34.6578941345214844,-1.0385589599609375
3.7789549827575684,-51.3154792785644531,-2.0114364624023438
20.2211418151855469,-39.4816665649414063,-2.2402060031890869
-13.3794603347778320,-28.6474628448486328,-1.0373612642288208
10.6209707260131836,-57.0019798278808594,-2.2418475151062012
-2.8707008361816406,-20.4597015380859375,-1.9491521120071411
-10.6210536956787109,-48.5490760803222656,-1.0367588996887207
2.9235627651214600,-49.9242057800292969,-1.9197657108306885
-5.8213467597961426,-40.3285026550292969,-2.2467064857482910
-25.0181694030761719,-55.8247413635253906,-2.2439990043640137
-2.0448501110076904,-54.1366996765136719,-2.2541577816009521
1.8764901161193848,-32.8719902038574219,-1.0360819101333618
-1.0214428901672363,-30.9100551605224609,-2.2464020252227783
5.8161425590515137,-56.0111083984375000,-2.2432341575622559
11.4641923904418945,-46.7075080871582031,-1.9960881471633911
7.6680793762207031,-30.6625251770019531,-1.0384528636932373
-13.3788185119628906,-41.9320640563964844,-1.0346778631210327
16.2774028778076172,-53.8499183654785156,-2.2439527511596680
-1.9287221431732178,-53.7854385375976563,-1.0303105115890503
8.5797681808471680,-45.3016395568847656,-1.0364269018173218
-3.7810001373291016,-52.1969146728515625,-2.2449824810028076
18.1802577972412109,-57.0033111572265625,-2.2422499656677246
1.8907045125961304,-31.3214530944824219,-1.9281238317489624
-10.6210966110229492,-40.1610412597656250,-1.9950448274612427
-12.3720817565917969,-26.2649555206298828,-1.3811671733856201
-13.3820610046386719,-52.1245803833007813,-2.1869475841522217
-7.5695371627807617,-23.2160606384277344,-2.2422378063201904
7.6592793464660645,-40.6222343444824219,-2.2447943687438965
18.1786746978759766,-52.5836906433105469,-2.2438127994537354
30.7044334411621094,-55.6634941101074219,-1.3263474702835083
-3.7797393798828125,-36.6398468017578125,-1.0316883325576782
-1.0208151340484619,-43.6861534118652344,-1.0334576368331909
-15.4205894470214844,-52.5787315368652344,-1.2527229785919189
12.3851661682128906,-29.0090484619140625,-2.2412960529327393
1.8932095766067505,-36.6345863342285156,-1.3965283632278442
1.9522978067398071,-45.7797126770019531,-2.2423701286315918
-17.3473606109619141,-45.9808158874511719,-2.2434427738189697
11.5705480575561523,-36.2910346984863281,-2.2433545589447021
-8.5790328979492188,-42.9400520324707031,-2.0411639213562012
-8.5779371261596680,-28.4571495056152344,-2.2426257133483887
-10.6143732070922852,-51.5643157958984375,-2.2449414730072021
-22.0705280303955078,-45.1254844665527344,-2.2415587902069092
5.8189296722412109,-46.7943954467773438,-1.3850550651550293
13.3780326843261719,-49.3300323486328125,-2.2439677715301514
1.9891717433929443,-40.9443740844726563,-2.2458820343017578
8.5793924331665039,-34.3568038940429688,-2.2457845211029053
-22.9315414428710938,-56.0653076171875000,-2.0165324211120605
6.8528804779052734,-24.3275375366210938,-1.2848811149597168
-2.7931582927703857,-38.6415748596191406,-2.2451810836791992
25.3079624176025391,-46.0978164672851563,-2.2414879798889160
-34.9221839904785156,-53.3305053710937500,-2.2411258220672607
2.9099993705749512,-26.1888256072998047,-2.2340407371520996
-3.7823164463043213,-45.0710258483886719,-1.0309522151947021
-37.1336402893066406,-55.4324340820312500,-1.0377496480941772
22.1247634887695313,-45.5011749267578125,-1.0382966995239258
22.1005344390869141,-55.4980773925781250,-2.2429637908935547
-2.7443783283233643,-32.9515457153320313,-2.2418761253356934
3.6580586433410645,-52.2586479187011719,-2.2455070018768311
10.6136150360107422,-52.4278221130371094,-1.0368911027908325
1.0604435205459595,-18.4423980712890625,-2.2412812709808350
-22.9808006286621094,-53.1171379089355469,-1.0349451303482056
13.3784360885620117,-30.3520679473876953,-1.9015485048294067
11.4551210403442383,-32.9373703002929688,-1.3658190965652466
12.5283193588256836,-54.0024986267089844,-2.2495787143707275
-25.0527458190917969,-52.1727256774902344,-1.2841629981994629
22.9777088165283203,-38.2508926391601563,-1.3405804634094238
-2.8166134357452393,-41.4298477172851563,-2.2448649406433105
2.8069534301757813,-36.2483787536621094,-1.0365275144577026
-31.5840110778808594,-57.0041542053222656,-2.2425348758697510
-12.5256986618041992,-31.0635948181152344,-1.3855006694793701
10.6162300109863281,-40.6110687255859375,-2.2431664466857910
16.2521877288818359,-49.0151710510253906,-2.0192086696624756
21.1467895507812500,-51.1209297180175781,-2.2410559654235840
-8.5786352157592773,-31.0738601684570313,-1.0360633134841919
-13.3780651092529297,-23.3569278717041016,-1.9414539337158203
-3.7808613777160645,-32.3571052551269531,-1.8968914747238159
-5.8222298622131348,-24.9501266479492188,-1.9938381910324097
-12.5925617218017578,-57.0162353515625000,-1.6389985084533691
3.7800505161285400,-44.6688652038574219,-2.2441568374633789
6.7427105903625488,-52.0029983520507813,-1.0351114273071289
1.0199625492095947,-49.5129585266113281,-1.0363930463790894
-1.0224766731262207,-24.2612590789794922,-2.2431075572967529
-2.9137506484985352,-46.7854919433593750,-1.1140428781509399
-8.5783739089965820,-39.7694931030273438,-1.0355765819549561
-1.0199466943740845,-37.9884414672851563,-1.0362119674682617
-16.3222045898437500,-35.1533088684082031,-2.2418839931488037
-16.7345390319824219,-31.5619144439697266,-1.0397231578826904
-12.3485488891601563,-34.3691406250000000,-1.9217170476913452
-11.4730234146118164,-48.0338897705078125,-1.0315622091293335
-6.7393794059753418,-52.4921226501464844,-2.2433207035064697
-8.5790948867797852,-38.7840003967285156,-1.0365084409713745
1.8905339241027832,-46.7282905578613281,-1.9646939039230347
-36.2553596496582031,-53.7112426757812500,-1.2423361539840698
-12.3691616058349609,-41.9928817749023438,-1.9195674657821655
-18.1782531738281250,-47.2639732360839844,-1.0383297204971313
17.2666778564453125,-52.1192359924316406,-1.0331702232360840
-26.8041229248046875,-46.3623428344726563,-1.0399879217147827
18.1778087615966797,-44.7029418945312500,-1.3348286151885986
16.2782249450683594,-45.1523132324218750,-2.2454547882080078
20.2491073608398438,-57.0068740844726563,-2.2462489604949951
-17.3141269683837891,-52.7090148925781250,-2.0280778408050537
1.0187010765075684,-44.2164993286132813,-1.9037289619445801
27.7804603576660156,-55.0920677185058594,-1.0350111722946167
22.1136341094970703,-40.7016448974609375,-1.0384441614151001
2.9166531562805176,-36.6794471740722656,-2.2463603019714355
-16.2058258056640625,-49.0497093200683594,-2.2434101104736328
-2.8664669990539551,-42.8439636230468750,-1.0368556976318359
6.7343697547912598,-34.8775787353515625,-1.0364444255828857
8.5728263854980469,-35.7726745605468750,-1.0345224142074585
6.7374744415283203,-40.6085052490234375,-1.0387171506881714
-5.8178911209106445,-54.9560813903808594,-1.0271041393280029
15.4221248626708984,-33.8668670654296875,-1.0386239290237427
-7.6629991531372070,-33.5028190612792969,-1.0364627838134766
-6.7914075851440430,-37.8338813781738281,-1.2809937000274658
-6.7966437339782715,-44.5799865722656250,-1.2806897163391113
-31.2250080108642578,-54.8911132812500000,-1.7565307617187500
18.1753196716308594,-36.9616470336914063,-1.0374568700790405
18.1765708923339844,-46.5733413696289063,-1.3635166883468628
10.6222038269042969,-35.3939781188964844,-1.0374741554260254
21.1986465454101563,-51.6429901123046875,-1.3715571165084839
-6.8822450637817383,-35.9133720397949219,-1.2967299222946167
-1.0156816244125366,-57.0067634582519531,-2.2439749240875244
25.8997211456298828,-53.6100997924804688,-2.1445710659027100
-15.4187593460083008,-41.0299377441406250,-1.0384275913238525
20.2227478027343750,-44.4926109313964844,-1.0373239517211914
25.0217742919921875,-47.6357574462890625,-1.0376175642013550
12.5228919982910156,-50.8121147155761719,-1.2585538625717163
1.8790466785430908,-39.5296211242675781,-1.0356049537658691
-6.8199620246887207,-28.1760673522949219,-1.0369710922241211
2.8281142711639404,-49.4793014526367188,-1.0367857217788696
20.2202644348144531,-46.4226188659667969,-1.0378535985946655
21.0931453704833984,-41.1436653137207031,-1.0384881496429443
-3.5865204334259033,-34.7468528747558594,-1.4019795656204224
-17.3202896118164063,-51.6617355346679688,-1.2495852708816528
21.3474941253662109,-50.1506233215332031,-2.2456328868865967
-12.3665704727172852,-23.9215526580810547,-2.2412695884704590
-27.6873073577880859,-51.5928039550781250,-1.0384259223937988
8.5776567459106445,-41.9821243286132813,-2.2446050643920898
3.7792086601257324,-45.2794723510742188,-1.0359357595443726
2.0512845516204834,-23.2975673675537109,-1.0373687744140625
-2.0724740028381348,-40.4584732055664063,-1.0370312929153442
-8.4824247360229492,-55.0943832397460938,-1.2889329195022583
2.0725045204162598,-30.9183769226074219,-1.0364944934844971
-10.6208047866821289,-40.8577041625976563,-1.2823513746261597
11.6468334197998047,-30.4876270294189453,-2.1451811790466309
21.2236328125000000,-57.0017204284667969,-2.0306382179260254
5.8195242881774902,-54.4649467468261719,-2.2462856769561768
-26.9998989105224609,-56.4130172729492188,-2.2460501194000244
1.0214195251464844,-23.2332763671875000,-1.8970907926559448
22.1023311614990234,-47.8808670043945313,-1.9527978897094727
-15.4215402603149414,-49.6527442932128906,-1.0321645736694336
-11.4687395095825195,-49.9617729187011719,-1.0358138084411621
25.0222072601318359,-54.1160659790039063,-2.0264172554016113
-3.7777230739593506,-21.7510547637939453,-2.2414512634277344
-21.2234592437744141,-45.5982322692871094,-1.9700391292572021
35.7008781433105469,-57.0021820068359375,-2.2417051792144775
5.8222298622131348,-37.3104820251464844,-1.3801497220993042
-12.3823928833007813,-50.0268287658691406,-1.4081935882568359
20.2779903411865234,-39.6161880493164063,-1.0384142398834229
-31.6358032226562500,-53.1388626098632813,-2.2411937713623047
10.6191062927246094,-51.3535957336425781,-2.2453179359436035
-11.4988431930541992,-49.2128791809082031,-2.2445373535156250
7.5940837860107422,-29.6717586517333984,-1.0368510484695435
-3.7781989574432373,-39.0114135742187500,-2.2423160076141357
21.1273231506347656,-55.4105453491210938,-1.4276239871978760
12.3932838439941406,-32.8443679809570313,-2.2431573867797852
-17.4309501647949219,-49.9434700012207031,-1.6833361387252808
-12.4089269638061523,-35.9023323059082031,-1.0365672111511230
-12.3469057083129883,-40.1372070312500000,-1.9241743087768555
-1.8747277259826660,-56.5448989868164063,-1.0267007350921631
-26.2057437896728516,-57.0069656372070313,-2.2440257072448730
26.8025550842285156,-53.1968460083007813,-2.2417311668395996
-20.2415771484375000,-48.3115272521972656,-2.2436747550964355
-5.8206014633178711,-49.8220748901367188,-1.9737961292266846
31.9820423126220703,-53.2692604064941406,-1.0384873151779175
-8.5777511596679688,-20.4169235229492188,-1.0388228893280029
-29.8335590362548828,-53.4361495971679688,-1.0379091501235962
-10.6243200302124023,-53.4897880554199219,-2.2421443462371826
10.6210889816284180,-38.6478271484375000,-2.2441704273223877
-17.3121929168701172,-38.2358283996582031,-1.0372596979141235
6.0264616012573242,-33.9529953002929688,-1.8846347332000732
-22.9785213470458984,-50.2571983337402344,-1.2525774240493774
10.6213569641113281,-33.4875640869140625,-1.0383596420288086
25.0201587677001953,-49.2206115722656250,-2.2423617839813232
-1.0205842256546021,-25.1906318664550781,-1.8961067199707031
-22.9311218261718750,-41.4955101013183594,-1.2491677999496460
29.8222103118896484,-54.0818176269531250,-1.0385459661483765
3.7805230617523193,-53.2002296447753906,-2.0204493999481201
12.4096832275390625,-34.6031150817871094,-1.2604255676269531
-8.5791234970092773,-50.5840797424316406,-1.9957369565963745
13.3780126571655273,-46.4684143066406250,-1.2512042522430420
-21.2555084228515625,-50.3722190856933594,-1.9310700893402100
-15.4217700958251953,-46.5743179321289063,-1.0342519283294678
8.5769872665405273,-23.9128341674804688,-2.2413098812103271
21.1800632476806641,-44.4941520690917969,-2.2417933940887451
8.5776081085205078,-48.7301177978515625,-2.0171396732330322
-37.1338195800781250,-55.4322280883789063,-2.2420895099639893
11.4624662399291992,-52.8531417846679688,-2.2522382736206055
1.1581164598464966,-18.9515666961669922,-1.3812761306762695
6.7739019393920898,-48.9046821594238281,-2.2447667121887207
3.7784583568572998,-20.4853439331054688,-1.3775531053543091
-15.4155397415161133,-54.2807998657226563,-1.6196070909500122
2.8348407745361328,-41.4730911254882813,-2.2427430152893066
-3.7796792984008789,-28.1329116821289063,-1.0378086566925049
-3.7802605628967285,-56.0292930603027344,-1.1021113395690918
27.7521820068359375,-54.1273307800292969,-1.2505820989608765
18.1198329925537109,-54.5147819519042969,-2.0177285671234131
11.6366291046142578,-44.5311355590820313,-1.0369398593902588
5.8229947090148926,-22.8499126434326172,-1.0384813547134399
-3.7784702777862549,-30.0216083526611328,-1.0364831686019897
15.5387449264526367,-42.8050422668457031,-1.9956086874008179
-7.7501902580261230,-24.1507930755615234,-1.9501976966857910
-12.4462184906005859,-56.2565002441406250,-1.0311554670333862
6.7020120620727539,-51.0531692504882813,-1.2803114652633667
1.9305490255355835,-29.9407062530517578,-1.0366287231445313
15.5626459121704102,-34.1482505798339844,-1.9867477416992188
2.7128365039825439,-18.5156269073486328,-1.8773472309112549
13.2044353485107422,-32.2641906738281250,-2.2438800334930420
2.9164030551910400,-31.4484004974365234,-1.0356682538986206
-7.6997218132019043,-26.7445640563964844,-1.0383362770080566
-8.5212707519531250,-52.4913787841796875,-1.9932295083999634
1.8676083087921143,-22.8343734741210938,-2.2421946525573730
1.0220919847488403,-56.0683670043945313,-1.0301160812377930
26.0079784393310547,-52.2654914855957031,-1.1605995893478394
-26.7965087890625000,-52.6121253967285156,-2.2447428703308105
-15.4223451614379883,-32.8666496276855469,-1.2654601335525513
-2.8674747943878174,-20.8676757812500000,-1.0383661985397339
1.0232832431793213,-25.7035541534423828,-1.0385414361953735
-22.9783420562744141,-49.3525428771972656,-2.0247585773468018
29.8218955993652344,-56.0265998840332031,-2.0354766845703125
-12.5082025527954102,-30.5694465637207031,-2.2448327541351318
1.0249503850936890,-28.5767536163330078,-1.2854485511779785
-8.5798301696777344,-42.6569137573242188,-1.0367078781127930
16.3517646789550781,-50.8384704589843750,-1.0338958501815796
-8.5795145034790039,-45.5319290161132813,-1.0387352705001831
-7.6642866134643555,-27.7062358856201172,-1.2896313667297363
26.3652057647705078,-46.1396369934082031,-2.2415845394134521
-22.0005912780761719,-48.3830299377441406,-1.0381425619125366
-18.1840972900390625,-40.7520217895507813,-1.7808793783187866
-16.3069438934326172,-46.0255775451660156,-2.2446219921112061
-13.2321071624755859,-47.6122169494628906,-1.4011732339859009
-2.1440043449401855,-46.1588211059570313,-1.0333324670791626
-26.8866062164306641,-49.2323150634765625,-1.0385569334030151
-5.8221187591552734,-26.1951885223388672,-1.0385457277297974
21.1237449645996094,-40.1471557617187500,-1.0383021831512451
-20.2221546173095703,-42.5088119506835938,-1.2451245784759521
18.1776905059814453,-33.5332527160644531,-2.2412381172180176
-11.6123409271240234,-34.5746192932128906,-1.2808872461318970
15.4825916290283203,-36.7667503356933594,-1.2835681438446045
-21.2063026428222656,-43.6797981262207031,-1.9860552549362183
1.0190796852111816,-55.2084655761718750,-1.4768896102905273
13.3793668746948242,-35.9507369995117188,-2.2452998161315918
-12.5548257827758789,-24.8396358489990234,-1.8998351097106934
1.8768386840820313,-55.1193923950195313,-2.2435786724090576
-35.1735382080078125,-56.4290313720703125,-1.6414505243301392
-15.4481468200683594,-39.4649963378906250,-2.2427551746368408
22.1221446990966797,-46.9269027709960938,-2.2412962913513184
-2.9237051010131836,-40.9802780151367188,-1.0340160131454468
-18.1471595764160156,-42.3781051635742188,-1.2782661914825439
32.5766830444335938,-54.0728111267089844,-1.0389412641525269
-2.8828601837158203,-26.2218875885009766,-2.2422263622283936
11.6791439056396484,-41.6352615356445313,-1.3121701478958130
-13.3815889358520508,-51.2868576049804688,-1.0332624912261963
3.7802560329437256,-39.4775810241699219,-1.0371245145797729
10.6890382766723633,-44.8438987731933594,-1.0338387489318848
-8.5791301727294922,-46.5173606872558594,-1.0357780456542969
22.9806976318359375,-51.2394638061523438,-2.1080112457275391
27.7813491821289063,-57.0049591064453125,-2.0314865112304688
-8.5777378082275391,-38.0933990478515625,-2.2447683811187744
3.7809882164001465,-42.8884582519531250,-2.2438712120056152
8.5797071456909180,-27.7984752655029297,-2.2419033050537109
-20.3672313690185547,-54.1241760253906250,-2.2471737861633301
11.4746170043945313,-34.8685913085937500,-1.0371320247650146
-17.3068046569824219,-32.3807029724121094,-1.0388209819793701
-27.6937675476074219,-55.4184875488281250,-2.2419567108154297
2.9393763542175293,-48.0483093261718750,-1.9143807888031006
3.7508890628814697,-27.6080989837646484,-1.8994877338409424
-11.5505189895629883,-46.3274307250976563,-2.2427399158477783
-16.3452148437500000,-50.9332542419433594,-1.2536038160324097
-18.1780815124511719,-55.1101303100585938,-2.0193958282470703
21.1891117095947266,-46.3418426513671875,-2.2430703639984131
6.7699937820434570,-54.5806007385253906,-1.7178560495376587
-3.7779090404510498,-53.1035346984863281,-1.0351201295852661
-16.2142028808593750,-57.0092086791992188,-1.6399931907653809
-17.6221752166748047,-31.1042881011962891,-1.0388283729553223
-1.0197728872299194,-52.7184104919433594,-1.9059485197067261
-13.3788013458251953,-31.9390010833740234,-2.2433280944824219
2.9478201866149902,-32.9083938598632813,-1.9176447391510010
12.5094118118286133,-36.6290283203125000,-2.2429947853088379
8.5788412094116211,-33.4308815002441406,-1.8970241546630859
-13.3778896331787109,-53.2059707641601563,-1.2587488889694214
2.7451364994049072,-41.8258132934570313,-1.1786141395568848
22.5381660461425781,-37.7854804992675781,-2.2410566806793213
1.1105445623397827,-26.0435543060302734,-2.2432332038879395
5.8222379684448242,-30.6474094390869141,-1.0381284952163696
-1.0206432342529297,-52.2547302246093750,-1.0334179401397705
-3.7789812088012695,-39.4486618041992188,-1.0362625122070313
-17.2720432281494141,-35.5764808654785156,-1.9995000362396240
-1.0232402086257935,-32.3261299133300781,-1.0350805521011353
-16.9223709106445313,-39.9921455383300781,-1.4927670955657959
18.1778049468994141,-38.3913764953613281,-2.2433004379272461
-6.6897692680358887,-19.8362693786621094,-2.2411060333251953
-18.1770534515380859,-32.8736457824707031,-1.0383261442184448
7.6861462593078613,-33.4757919311523438,-1.0346711874008179
5.8165330886840820,-52.9734573364257813,-2.2497065067291260
20.2200832366943359,-54.1896133422851563,-2.0263564586639404
18.1765727996826172,-32.5412178039550781,-2.1276037693023682
20.2212142944335938,-44.3321533203125000,-2.0222680568695068
3.7792568206787109,-50.3631820678710938,-2.2459721565246582
1.9172953367233276,-47.1124610900878906,-1.0426647663116455
-15.4602708816528320,-37.7076568603515625,-1.0366179943084717
6.6784858703613281,-48.1981124877929688,-1.0331507921218872
13.3889350891113281,-53.4769172668457031,-1.0363373756408691
-6.8698763847351074,-46.4872856140136719,-1.2903437614440918
32.5779609680175781,-52.4685554504394531,-1.0390015840530396
3.7798664569854736,-36.1854705810546875,-2.2010421752929688
12.3264217376708984,-31.4183788299560547,-1.0372899770736694
20.5264930725097656,-49.9953498840332031,-1.7120827436447144
-6.7969727516174316,-45.5359840393066406,-1.0345351696014404
-34.6222572326660156,-54.0655708312988281,-1.6354124546051025
16.3024806976318359,-32.6378097534179688,-2.2411954402923584
12.5285577774047852,-53.9667243957519531,-1.0300086736679077
17.2517204284667969,-43.7578620910644531,-2.2444844245910645
-18.1790161132812500,-54.0878715515136719,-1.2565147876739502
17.3139610290527344,-36.0953636169433594,-2.2414746284484863
-21.1937503814697266,-42.7160835266113281,-2.2414000034332275
12.2523956298828125,-28.0202865600585938,-2.2417335510253906
-3.6870994567871094,-33.2737007141113281,-2.2434544563293457
1.0215123891830444,-57.0015258789062500,-2.2430522441864014
-3.7041869163513184,-29.0769023895263672,-1.3301296234130859
11.4238109588623047,-27.5715694427490234,-1.9117236137390137
1.8427180051803589,-20.3922138214111328,-1.3359278440475464
3.6250622272491455,-36.7134895324707031,-1.3690361976623535
13.3787813186645508,-34.6736679077148438,-1.0357004404067993
-16.2223720550537109,-49.0613174438476563,-1.0350663661956787
2.7884097099304199,-31.0179405212402344,-2.2432403564453125
-11.7981681823730469,-57.0115051269531250,-2.2443585395812988
22.9791660308837891,-44.9879837036132813,-1.0361628532409668
12.4883937835693359,-33.7860412597656250,-1.9492160081863403
22.8702297210693359,-57.0076446533203125,-2.0253150463104248
26.7802600860595703,-47.9165115356445313,-1.0386925935745239
-16.3548431396484375,-33.2210197448730469,-2.2412712574005127
18.1814079284667969,-47.0247879028320313,-2.2452449798583984
6.7791895866394043,-51.8240661621093750,-2.0166008472442627
22.9678211212158203,-39.6326560974121094,-1.9382361173629761
7.7015438079833984,-34.8853607177734375,-2.2461295127868652
-29.8201637268066406,-57.0014762878417969,-1.2441946268081665
2.8935425281524658,-44.7437210083007813,-1.0349395275115967
6.7697453498840332,-30.6302719116210938,-2.2428336143493652
-2.8039765357971191,-51.7975616455078125,-1.0387686491012573
27.6618232727050781,-45.3861045837402344,-1.3364320993423462
-20.2233943939208984,-42.4787559509277344,-2.2423241138458252
-13.3802366256713867,-41.5195999145507813,-2.2488043308258057
-21.0861492156982422,-42.0358200073242188,-1.0383388996124268
13.3044147491455078,-25.6272907257080078,-2.2410697937011719
-13.3772039413452148,-22.9312992095947266,-1.0385620594024658
7.7718992233276367,-47.1967697143554688,-2.2508780956268311
7.4461455345153809,-57.0110855102539063,-2.2450869083404541
-21.2119674682617188,-51.3196754455566406,-2.2412102222442627
-15.4220800399780273,-34.5970077514648438,-2.2422866821289063
-1.8997274637222290,-18.9252109527587891,-1.9179577827453613
-27.7786827087402344,-51.4316215515136719,-2.2418165206909180
-7.6924476623535156,-27.9963760375976563,-2.2425436973571777
22.1161537170410156,-44.9342536926269531,-2.2418508529663086
13.3800392150878906,-40.6490325927734375,-1.0349122285842896
-7.7123131752014160,-32.8067474365234375,-2.2438697814941406
-13.3030853271484375,-50.4025344848632813,-1.4282088279724121
2.8688545227050781,-40.8599967956542969,-1.0360896587371826
-26.8773765563964844,-51.6867599487304688,-1.9025160074234009
1.2374199628829956,-48.9112434387207031,-2.2491769790649414
-6.7822408676147461,-24.5816135406494141,-2.2414028644561768
2.9227676391601563,-45.6627197265625000,-1.3719006776809692
27.7241458892822266,-56.0508728027343750,-1.2553547620773315
-13.3784914016723633,-31.0101737976074219,-1.8990327119827271
-8.5797433853149414,-36.8811416625976563,-1.0364779233932495
-10.6252965927124023,-38.2429008483886719,-1.9961848258972168
-8.5804548263549805,-48.6760330200195313,-1.9951061010360718
-15.4201841354370117,-38.6711654663085938,-1.2693966627120972
-10.6213808059692383,-35.3671493530273438,-2.2447881698608398
-5.8220710754394531,-29.7748622894287109,-1.9985740184783936
-20.2173652648925781,-57.0149765014648438,-1.0352462530136108
17.2777042388916016,-35.0977210998535156,-2.2422649860382080
3.5634493827819824,-43.7798156738281250,-1.8704204559326172
-13.2425985336303711,-44.8161697387695313,-1.3890463113784790
3.7657556533813477,-16.6721668243408203,-1.0389006137847900
5.8202819824218750,-40.2219161987304688,-1.0378750562667847
12.0615577697753906,-52.3792037963867188,-1.6494647264480591
-8.5782690048217773,-43.6050949096679688,-1.3013468980789185
-16.3363037109375000,-50.9251976013183594,-2.2456173896789551
-3.7784707546234131,-36.1524696350097656,-1.8916842937469482
20.3406982421875000,-37.1938858032226563,-1.7320787906646729
-2.8286039829254150,-27.5848102569580078,-1.0385073423385620
25.9045238494873047,-45.4760322570800781,-1.0388457775115967
22.9466533660888672,-43.9915885925292969,-1.0386043787002563
-29.8213405609130859,-56.0138092041015625,-2.2433292865753174
11.5027408599853516,-46.4632644653320313,-1.0352345705032349
7.7313327789306641,-35.8743553161621094,-2.2431266307830811
3.7788083553314209,-28.5981979370117188,-1.9010910987854004
-22.9777774810791016,-39.6355400085449219,-2.2415466308593750
30.7244968414306641,-53.7462730407714844,-1.3031033277511597
2.0252423286437988,-21.3238162994384766,-1.0380184650421143
6.7606081962585449,-26.0274124145507813,-2.0021448135375977
-36.5045013427734375,-54.6564674377441406,-2.2414386272430420
5.8220334053039551,-57.0041847229003906,-2.2415828704833984
26.8128528594970703,-57.0068664550781250,-2.2421092987060547
-7.6717238426208496,-23.7595138549804688,-1.0374287366867065
12.5247316360473633,-41.1116714477539063,-1.2494587898254395
-27.7777118682861328,-49.4839744567871094,-2.2417943477630615
-3.7785079479217529,-37.0675277709960938,-2.2488393783569336
-7.6746997833251953,-35.7395210266113281,-1.9689176082611084
2.8247644901275635,-47.5227165222167969,-1.0353510379791260
7.7100419998168945,-36.2759361267089844,-1.0353735685348511
-37.3028182983398438,-56.2086982727050781,-1.6399924755096436
5.8221950531005859,-41.6288757324218750,-2.2449846267700195
-2.8562471866607666,-28.1546287536621094,-1.9351803064346313
-1.0207209587097168,-49.9181747436523438,-2.2442746162414551
-15.5626173019409180,-53.5293464660644531,-2.2441718578338623
10.6220932006835938,-43.9222717285156250,-1.3826727867126465
8.5778589248657227,-24.3087596893310547,-1.0388859510421753
29.8235301971435547,-57.0021820068359375,-2.2420947551727295
-3.7792806625366211,-37.5581893920898438,-1.3921298980712891
-6.8841705322265625,-54.4037170410156250,-1.9719846248626709
-10.6212530136108398,-42.0735702514648438,-1.9957453012466431
-17.3212623596191406,-37.2398223876953125,-1.0384775400161743
-8.5788965225219727,-51.5395965576171875,-2.2454817295074463
-16.2813205718994141,-44.5301971435546875,-2.2447795867919922
1.0221273899078369,-43.7204093933105469,-1.0369074344635010
20.2165813446044922,-52.4755973815917969,-1.5981928110122681
-3.7783937454223633,-52.1140670776367188,-1.0375719070434570
-1.0216016769409180,-29.9190769195556641,-2.2429721355438232
17.1913776397705078,-57.0083122253417969,-1.0342237949371338
-15.4223155975341797,-31.8947563171386719,-1.0387868881225586
-5.8217868804931641,-36.7444381713867188,-1.0355582237243652
-1.8669404983520508,-33.3022270202636719,-1.9079270362854004
-1.1263794898986816,-27.6034793853759766,-1.3860759735107422
-3.7780582904815674,-35.2373085021972656,-2.2460112571716309
1.0220974683761597,-28.9706649780273438,-2.2418179512023926
-6.7257051467895508,-20.7698955535888672,-1.8883104324340820
-2.8809750080108643,-47.0448646545410156,-2.2452945709228516
2.0452206134796143,-25.6858119964599609,-2.2413947582244873
10.6425762176513672,-35.8206253051757813,-2.2321579456329346
22.8699417114257813,-48.7671241760253906,-1.3887749910354614
6.6657695770263672,-32.5473976135253906,-1.9025170803070068
-15.4222440719604492,-32.6572914123535156,-2.2415449619293213
35.4625854492187500,-54.7198829650878906,-1.6123946905136108
22.9777317047119141,-40.2011604309082031,-1.0389248132705688
-2.7418920993804932,-22.8504142761230469,-1.0380574464797974
1.0221832990646362,-24.7076683044433594,-1.0367443561553955
7.7244529724121094,-46.8748855590820313,-1.0374686717987061
-13.3790807723999023,-48.1060218811035156,-2.2477121353149414
-22.9778671264648438,-44.5234451293945313,-2.2415165901184082
8.5465888977050781,-38.6107482910156250,-1.0351102352142334
10.6202421188354492,-44.4129371643066406,-2.2465488910675049
13.3814258575439453,-51.2463989257812500,-2.2455000877380371
21.1582794189453125,-53.9409523010253906,-2.2438192367553711
1.9467496871948242,-44.7909240722656250,-2.2424342632293701
11.4730110168457031,-32.4595413208007813,-2.2416133880615234
-3.7779927253723145,-25.1611003875732422,-1.0373526811599731
-30.7511787414550781,-52.7789459228515625,-1.9489377737045288
20.3454360961914063,-51.7433471679687500,-2.2452723979949951
-32.5768089294433594,-50.6122665405273438,-2.2409820556640625
-16.3761978149414063,-51.8922157287597656,-1.0358242988586426
-2.8439505100250244,-51.8299751281738281,-2.2447390556335449
-18.1807918548583984,-49.2706375122070313,-2.2435286045074463
5.8214397430419922,-33.0537033081054688,-2.2449409961700439
7.5351600646972656,-29.1916999816894531,-2.2429423332214355
3.7780354022979736,-48.2151832580566406,-1.2749168872833252
1.0195981264114380,-45.1463890075683594,-2.2424104213714600
17.3694343566894531,-46.5301589965820313,-1.9497108459472656
8.2228603363037109,-55.2997932434082031,-1.6671121120452881
1.0200495719909668,-40.8827934265136719,-1.0363746881484985
32.5777320861816406,-52.1843070983886719,-2.0846004486083984
7.4563765525817871,-44.4006652832031250,-2.2453913688659668
11.4671134948730469,-37.2117080688476563,-1.8881466388702393
21.0781860351562500,-42.0738563537597656,-1.3948805332183838
-29.8178730010986328,-55.2264213562011719,-1.6402959823608398
-7.6827249526977539,-57.0096664428710938,-1.8323470354080200
-7.7133374214172363,-36.3938102722167969,-1.0376038551330566
34.6250343322753906,-55.0085678100585938,-1.0388835668563843
2.7140026092529297,-27.6306037902832031,-1.0383942127227783
-13.3553667068481445,-23.9293651580810547,-1.0388183593750000
-17.1277770996093750,-46.7708053588867188,-1.0368126630783081
-1.0355663299560547,-50.8563690185546875,-1.9351592063903809
2.9125354290008545,-28.6024417877197266,-1.0374236106872559
-10.6211147308349609,-41.1165390014648438,-2.2449972629547119
-1.0220699310302734,-19.0046653747558594,-1.0381554365158081
-10.6223373413085938,-54.4425163269042969,-1.0384505987167358
-16.3910312652587891,-56.2477607727050781,-2.2441124916076660
-3.6828737258911133,-31.8722553253173828,-1.0350592136383057
3.7817444801330566,-47.5203132629394531,-1.9884686470031738
2.7565686702728271,-20.0373916625976563,-1.0388832092285156
-16.6038761138916016,-49.9645347595214844,-2.2412257194519043
1.9028857946395874,-52.3296241760253906,-2.2464778423309326
18.1767082214355469,-33.1360473632812500,-1.3250454664230347
-2.9322619438171387,-33.8646202087402344,-1.8980045318603516
3.7779815196990967,-18.5507183074951172,-1.0385408401489258
-5.8217439651489258,-43.4251823425292969,-1.0325268507003784
-21.9871120452880859,-49.3751449584960938,-1.0369367599487305
-15.4188575744628906,-42.1254882812500000,-2.2431905269622803
-17.3249855041503906,-53.6286354064941406,-1.0361735820770264
8.5778751373291016,-57.0036697387695313,-2.2083938121795654
5.8171443939208984,-49.6691093444824219,-1.0342180728912354
22.1506824493408203,-44.5182762145996094,-1.3349896669387817
-13.3787660598754883,-45.7215576171875000,-1.0329756736755371
-1.8661568164825439,-24.7963466644287109,-2.2426815032958984
-13.3793563842773438,-30.0833988189697266,-2.2443387508392334
-2.9307646751403809,-23.7670497894287109,-1.3773502111434937
-37.7979278564453125,59.2070350646972656,-1.0625748634338379
-7.7158417701721191,-30.8879985809326172,-2.2432966232299805
-18.1777343750000000,-36.7804908752441406,-1.2699313163757324
-3.7790648937225342,-43.2431640625000000,-1.0326613187789917
25.0217838287353516,-48.4249229431152344,-1.6452381610870361
1.0198007822036743,-39.0261650085449219,-1.0366566181182861
2.0628929138183594,-33.2280998229980469,-2.2415239810943604
-3.7314674854278564,-16.9336433410644531,-2.2411339282989502
-30.5827732086181641,-55.0742797851562500,-1.0306446552276611
10.6210002899169922,-50.3834877014160156,-2.0205802917480469
-10.6223869323730469,-21.6004695892333984,-1.0388604402542114
-29.9224014282226563,-52.0069007873535156,-2.2414314746856689
-21.1875228881835938,-49.4279251098632813,-2.2414600849151611
17.2354469299316406,-32.2261199951171875,-2.2411434650421143
16.2765941619873047,-54.8067321777343750,-2.0223906040191650
3.6640276908874512,-41.4608955383300781,-1.0329083204269409
-7.6906700134277344,-20.8756732940673828,-1.0384086370468140
1.9500474929809570,-41.9348640441894531,-2.2429971694946289
-13.3792667388916016,-55.1209182739257813,-1.0307656526565552
18.1417789459228516,-35.0293045043945313,-1.3776550292968750
20.2201957702636719,-54.2830009460449219,-1.0367467403411865
-18.1854686737060547,-56.0620155334472656,-2.2478861808776855
6.7902984619140625,-31.6240596771240234,-2.2435524463653564
17.0601844787597656,-49.5335845947265625,-1.7691372632980347
25.9985771179199219,-57.0041046142578125,-1.0377813577651978
-2.7832334041595459,-54.7982215881347656,-2.2504968643188477
25.0205345153808594,-51.1656227111816406,-1.0370671749114990
1.0200970172882080,-25.1061267852783203,-1.9475139379501343
27.7770442962646484,-46.3321380615234375,-1.0388076305389404
21.0792541503906250,-43.9782524108886719,-1.0382863283157349
17.2680492401123047,-51.1531715393066406,-1.2746571302413940
20.3873481750488281,-45.2903366088867188,-2.2431662082672119
-3.7848021984100342,-54.9441490173339844,-2.2448670864105225
21.2904167175292969,-54.9185829162597656,-2.2527010440826416
22.9795951843261719,-46.4202766418457031,-2.2429528236389160
6.5621542930603027,-55.3516769409179688,-2.2560732364654541
-25.9443454742431641,-54.7893981933593750,-1.0385860204696655
-17.1434135437011719,-44.0308494567871094,-2.2452821731567383
-3.6942021846771240,-57.0081329345703125,-1.0349221229553223
16.2792720794677734,-49.8728561401367188,-1.2521274089813232
-1.8803133964538574,-50.4228782653808594,-2.2433195114135742
-10.6976890563964844,-37.9820785522460938,-1.0361951589584351
5.8218231201171875,-27.6780357360839844,-1.1618105173110962
1.0210586786270142,-46.1348686218261719,-2.2441658973693848
-15.4279460906982422,-43.0087623596191406,-1.0347632169723511
-1.1914459466934204,-29.0132160186767578,-1.8810409307479858
8.1960496902465820,-47.9863624572753906,-1.0314856767654419
1.0221189260482788,-20.8772392272949219,-1.0386075973510742
-22.9748172760009766,-56.0180969238281250,-1.0315183401107788
-18.1798362731933594,-53.1974411010742188,-2.0291121006011963
-21.2054977416992188,-46.5541114807128906,-2.2426862716674805
10.6210975646972656,-31.4986915588378906,-1.0376896858215332
3.7773044109344482,-45.6203384399414063,-1.9681332111358643
8.5772151947021484,-21.9595203399658203,-1.9508035182952881
26.9617919921875000,-52.7072067260742188,-1.3871552944183350
-13.3792734146118164,-40.1414756774902344,-1.0356931686401367
-1.0741713047027588,-26.1198825836181641,-2.2420690059661865
26.6590080261230469,-55.1044311523437500,-1.8732889890670776
1.0222629308700562,-22.3025379180908203,-2.2424294948577881
8.5796785354614258,-51.7370643615722656,-1.2628579139709473
-1.0179412364959717,-41.3466033935546875,-1.9107273817062378
-7.6631398200988770,-53.0034065246582031,-1.9953869581222534
3.6669025421142578,-40.9784965515136719,-1.8952796459197998
-17.0099067687988281,-57.0064392089843750,-1.0365290641784668
-1.0227707624435425,-18.0608806610107422,-1.3636142015457153
-8.5778675079345703,-25.2722091674804688,-1.0380660295486450
20.2257690429687500,-42.5535736083984375,-1.0376722812652588
37.3003807067871094,-55.0068321228027344,-2.2410395145416260
3.7079739570617676,-21.9181060791015625,-1.9015740156173706
-3.6430447101593018,-43.6648178100585938,-2.2449653148651123
26.7902851104736328,-49.3543891906738281,-2.2415037155151367
15.4214239120483398,-43.7500457763671875,-2.2451145648956299
-25.0196475982666016,-57.0064582824707031,-1.2485747337341309
10.6217203140258789,-42.0031890869140625,-1.0360416173934937
3.7778623104095459,-19.5484886169433594,-1.0383279323577881
-16.3478164672851563,-33.4614181518554688,-1.0401172637939453
10.7014102935791016,-47.6499061584472656,-1.0345212221145630
17.3174095153808594,-35.5931816101074219,-1.3783606290817261
1.0772473812103271,-36.1904869079589844,-1.0344961881637573
-5.9228067398071289,-46.3104896545410156,-1.0366094112396240
-11.6411142349243164,-24.9181194305419922,-1.2839754819869995
-5.8138704299926758,-55.4213218688964844,-1.8870064020156860
-25.7927055358886719,-55.3225173950195313,-1.8686585426330566
22.9798698425292969,-52.2150497436523438,-2.2456533908843994
1.0184222459793091,-41.3730049133300781,-1.9037072658538818
13.3784599304199219,-46.4285888671875000,-2.2449135780334473
5.8211693763732910,-34.8505325317382813,-2.2430708408355713
12.5200901031494141,-51.7380523681640625,-2.2446448802947998
35.7045898437500000,-57.0030326843261719,-1.0380198955535889
-2.7715723514556885,-53.2629814147949219,-2.2414934635162354
-1.8333228826522827,-34.6997642517089844,-1.3831905126571655
-25.0215301513671875,-55.0838699340820313,-1.2827965021133423
-2.7031338214874268,-46.1551399230957031,-1.8572231531143188
-1.0212587118148804,-42.2748184204101563,-2.2449944019317627
-1.0217189788818359,-39.4822578430175781,-1.9045249223709106
3.7777042388916016,-29.5272560119628906,-2.2444262504577637
-7.7342367172241211,-39.2735481262207031,-1.2283091545104980
-2.7371671199798584,-50.8770980834960938,-1.9962197542190552
-8.5789451599121094,-50.3253974914550781,-1.0344506502151489
7.6707801818847656,-31.0606632232666016,-2.2423260211944580
11.5360107421875000,-43.5570869445800781,-1.2155745029449463
-3.7787363529205322,-23.7351551055908203,-2.2418067455291748
27.7787361145019531,-56.0364799499511719,-2.2459049224853516
3.7798545360565186,-31.9427757263183594,-1.0355803966522217
3.7785773277282715,-25.6905803680419922,-2.2421286106109619
1.8626967668533325,-52.8271255493164063,-1.3863106966018677
-7.7235493659973145,-51.0919990539550781,-1.9954953193664551
-2.7583777904510498,-47.9879264831542969,-1.9870026111602783
-10.6585454940795898,-52.5267105102539063,-2.0296919345855713
1.2242372035980225,-16.5772018432617188,-2.2410981655120850
-11.4956798553466797,-45.3749008178710938,-1.9957334995269775
-1.9150931835174561,-19.4509162902832031,-1.0385091304779053
1.8740465641021729,-33.8074188232421875,-1.3428937196731567
5.8136043548583984,-47.7107925415039063,-1.0354615449905396
-17.2866554260253906,-55.5986595153808594,-1.0360649824142456
1.9862103462219238,-45.1538887023925781,-1.0360354185104370
36.9802246093750000,-54.0606727600097656,-1.0392438173294067
-6.7550868988037109,-50.6087150573730469,-2.2468283176422119
5.8216023445129395,-48.2779350280761719,-2.2437570095062256
-1.0208696126937866,-57.0070915222167969,-1.2478718757629395
-3.7795581817626953,-47.2719841003417969,-1.0334889888763428
-20.2214012145996094,-48.3344116210937500,-1.2486169338226318
16.4353866577148438,-38.4956130981445313,-2.2419264316558838
-8.5780172348022461,-41.9723281860351563,-2.2421243190765381
-2.7421894073486328,-31.5428771972656250,-1.0376520156860352
5.8209753036499023,-38.7349014282226563,-1.8974219560623169
22.9767723083496094,-50.6290397644042969,-1.3220161199569702
-32.5799255371093750,-57.0037040710449219,-1.0420664548873901
-29.8229255676269531,-50.5645370483398438,-1.0389101505279541
22.9776325225830078,-43.0503463745117188,-1.3666269779205322
-27.7810783386230469,-56.2222099304199219,-1.6604654788970947
-13.3297023773193359,-38.6464576721191406,-2.2427368164062500
5.8224167823791504,-50.6481781005859375,-1.0347795486450195
18.1803112030029297,-48.4965057373046875,-1.0319803953170776
-11.5120363235473633,-53.8590240478515625,-1.0302853584289551
1.9870985746383667,-26.1169738769531250,-1.0371743440628052
17.2054672241210938,-50.3829879760742188,-2.2442400455474854
-6.7730226516723633,-47.4338417053222656,-1.0369447469711304
-20.3794612884521484,-52.2147178649902344,-2.2419931888580322
-13.3268613815307617,-24.3058090209960938,-2.2414708137512207
-10.6208677291870117,-33.1843032836914063,-1.2822093963623047
27.7782840728759766,-47.3085556030273438,-1.2445123195648193
-1.9075748920440674,-22.3010158538818359,-1.0383306741714478
-2.8911411762237549,-18.0095367431640625,-1.0389202833175659
-26.8653850555419922,-52.2105484008789063,-1.0420963764190674
-7.6207914352416992,-34.7897529602050781,-2.2446007728576660
-10.6217746734619141,-37.0242881774902344,-1.2823735475540161
17.3996524810791016,-56.0375976562500000,-1.0358562469482422
13.3777160644531250,-28.8600578308105469,-1.0382773876190186
-13.2273359298706055,-44.3187065124511719,-2.2449033260345459
35.6183700561523438,-55.5214157104492188,-1.0382711887359619
22.0656433105468750,-38.7895660400390625,-1.0388916730880737
-10.6137599945068359,-56.0074310302734375,-2.2461023330688477
-1.9007720947265625,-31.3818454742431641,-2.2424738407135010
-1.1369465589523315,-22.3421974182128906,-1.8925966024398804
-12.3129234313964844,-29.6555728912353516,-1.8988208770751953
-20.2189750671386719,-53.2106056213378906,-1.0347456932067871
-22.9796581268310547,-55.0554084777832031,-1.2556388378143311
-2.9216244220733643,-35.7856025695800781,-2.2437863349914551
7.7090926170349121,-48.2460289001464844,-2.2452185153961182
15.4202337265014648,-50.4704132080078125,-2.0257592201232910
-13.3795557022094727,-39.1576385498046875,-1.0353021621704102
30.7977695465087891,-56.0527267456054688,-2.2421050071716309
-2.9204773902893066,-47.7783088684082031,-1.0339387655258179
27.7784481048583984,-48.2585792541503906,-2.0348875522613525
-25.8785896301269531,-52.3640899658203125,-1.9450565576553345
-11.4750337600708008,-40.3475723266601563,-1.2843682765960693
16.3002090454101563,-50.9323005676269531,-2.0193386077880859
18.1362686157226563,-40.8144378662109375,-1.0379779338836670
1.0215442180633545,-35.2026557922363281,-1.0370284318923950
-8.5779829025268555,-51.2814750671386719,-1.2841153144836426
6.6758995056152344,-36.7923812866210938,-1.3897109031677246
16.4401988983154297,-31.6874656677246094,-1.9670855998992920
16.3268547058105469,-51.8893470764160156,-2.2425332069396973
-15.4195003509521484,-40.3196601867675781,-1.7387986183166504
-8.5522365570068359,-23.6291484832763672,-2.2413544654846191
36.5024757385253906,-57.0017395019531250,-1.6402970552444458
6.1757178306579590,-20.9774627685546875,-1.4821723699569702
-2.8898861408233643,-28.5781116485595703,-1.0362720489501953
12.8486909866333008,-36.4732475280761719,-1.0380634069442749
-13.3780937194824219,-38.1739387512207031,-1.0368158817291260
-22.0105628967285156,-50.3706092834472656,-1.0369977951049805
-25.9884090423583984,-46.9059219360351563,-1.2325048446655273
-2.8889200687408447,-29.5706958770751953,-1.0366419553756714
-10.6219940185546875,-49.7848968505859375,-2.2430827617645264
-6.8415436744689941,-51.5521354675292969,-1.9874991178512573
-10.6241722106933594,-31.5271854400634766,-2.2432491779327393
16.2952442169189453,-53.7656631469726563,-1.0375082492828369
-17.2685661315917969,-33.6247329711914063,-2.2411360740661621
1.0212777853012085,-38.0360717773437500,-1.0342422723770142
1.8644874095916748,-32.2596054077148438,-2.2437212467193604
-11.6709384918212891,-32.9543952941894531,-2.2448036670684814
-11.6625738143920898,-31.0275268554687500,-1.9772573709487915
-10.6222839355468750,-21.7615661621093750,-2.2411007881164551
6.7906289100646973,-50.8391532897949219,-2.2449402809143066
-12.4754858016967773,-42.9155540466308594,-2.2489106655120850
-1.8773429393768311,-23.2522754669189453,-1.3335744142532349
12.4724864959716797,-44.0270843505859375,-1.2482806444168091
-6.7830801010131836,-47.7023925781250000,-1.9969729185104370
16.2921237945556641,-39.4793167114257813,-2.2417893409729004
1.0220211744308472,-41.8731231689453125,-1.0372911691665649
1.0206934213638306,-34.2150840759277344,-1.0367263555526733
27.7781467437744141,-45.7929954528808594,-2.2413454055786133
-2.8178832530975342,-30.9681568145751953,-2.2423813343048096
18.1822071075439453,-45.6439476013183594,-1.0348676443099976
-6.2963342666625977,-20.4693145751953125,-1.0385278463363647
3.7784779071807861,-42.3790855407714844,-1.3846764564514160
-18.1805725097656250,-39.8751182556152344,-2.2429411411285400
17.4207344055175781,-56.0847663879394531,-2.2459971904754639
-31.5367851257324219,-56.0770149230957031,-1.8856942653656006
8.5795516967773438,-43.9538116455078125,-2.2433989048004150
15.4221830368041992,-53.3286705017089844,-1.2468171119689941
-20.2453193664550781,-51.2605590820312500,-1.2499885559082031
12.4614677429199219,-49.7491531372070313,-2.2420916557312012
-6.2720546722412109,-56.1874313354492188,-2.2531909942626953
-30.7350845336914063,-50.8403320312500000,-2.2410969734191895
1.0204230546951294,-54.6180992126464844,-2.2511982917785645
7.2223243713378906,-53.8818168640136719,-2.2500002384185791
-15.5480003356933594,-41.1502723693847656,-2.2458021640777588
3.7498216629028320,-54.0686225891113281,-1.2484010457992554
-6.7800679206848145,-38.7966651916503906,-1.0352214574813843
8.5805025100708008,-40.9965515136718750,-2.2355606555938721
-16.2248954772949219,-46.7700004577636719,-1.5922269821166992
10.6164999008178711,-51.4695968627929688,-1.2619130611419678
21.1884956359863281,-39.7201805114746094,-2.2414107322692871
8.5778284072875977,-25.8053550720214844,-2.2428340911865234
32.5783386230468750,-55.0560569763183594,-2.2415196895599365
-3.7797951698303223,-55.0418930053710938,-1.0369315147399902
1.8682512044906616,-23.7688179016113281,-1.8953093290328979
-26.7399768829345703,-48.2986869812011719,-1.3533229827880859
-22.9816913604736328,-57.0061492919921875,-1.0657554864883423
-7.5950775146484375,-36.6860160827636719,-2.2422752380371094
3.7247874736785889,-30.5185108184814453,-2.2438070774078369
-29.8235073089599609,-56.0244445800781250,-1.0389208793640137
-8.5800876617431641,-39.0819206237792969,-2.2435007095336914
2.9509060382843018,-53.7326583862304688,-1.8808085918426514
-30.7017250061035156,-56.6313133239746094,-1.9742070436477661
6.7175321578979492,-22.1330699920654297,-2.2411355972290039
-31.6136684417724609,-53.6670265197753906,-1.3614307641983032
1.0206743478775024,-45.6963768005371094,-1.0370303392410278
3.7811932563781738,-40.4711799621582031,-1.0388621091842651
-10.6197729110717773,-48.8166084289550781,-2.0039753913879395
1.9661128520965576,-18.4743423461914063,-1.0386093854904175
-34.6220169067382813,-57.0015640258789063,-1.0385863780975342
26.8563480377197266,-48.8502655029296875,-1.3802518844604492
6.6653022766113281,-43.9030799865722656,-1.9005782604217529
-1.0221188068389893,-36.5797653198242188,-2.2466614246368408
1.0212675333023071,-42.2996292114257813,-2.2442080974578857
-29.8236808776855469,-51.5625534057617188,-1.0383359193801880
15.4198560714721680,-56.2504272460937500,-2.2479705810546875
-22.9784774780273438,-48.3912353515625000,-2.2453880310058594
-22.0843029022216797,-43.1716308593750000,-1.9759933948516846
2.8753197193145752,-40.4858436584472656,-2.2451343536376953
-15.4593515396118164,-46.5537147521972656,-2.2441442012786865
-16.3614749908447266,-39.3098449707031250,-1.0377854108810425
25.3530635833740234,-44.6433296203613281,-1.0388225317001343
-11.5525903701782227,-52.9144439697265625,-2.2466092109680176
2.9178469181060791,-30.5233459472656250,-1.3871824741363525
10.6217031478881836,-36.3296661376953125,-1.3733083009719849
-15.4218416213989258,-38.4712867736816406,-2.2436368465423584
-8.5788059234619141,-54.1434440612792969,-1.0323857069015503
8.5859699249267578,-55.9636039733886719,-1.0318865776062012
2.0825853347778320,-47.6587715148925781,-2.2443289756774902
-10.6917133331298828,-28.3733406066894531,-1.0382668972015381
6.7135767936706543,-33.0442276000976563,-1.0377502441406250
-16.1955566406250000,-47.5061531066894531,-2.2499649524688721
-22.7886409759521484,-51.2055702209472656,-1.0324600934982300
1.0199592113494873,-57.0159645080566406,-1.2475366592407227
-3.6364414691925049,-51.2285842895507813,-2.2438247203826904
-35.4109992980957031,-54.2040252685546875,-1.0386207103729248
22.0485687255859375,-51.2416267395019531,-1.0369181632995605
-1.0212625265121460,-22.8374385833740234,-1.0366387367248535
20.2176837921142578,-50.7632827758789063,-2.2449822425842285
-18.1777362823486328,-34.0458183288574219,-2.2414093017578125
-21.6966285705566406,-38.6495056152343750,-1.0386952161788940
-13.3805112838745117,-47.1178588867187500,-2.2469844818115234
-11.4548597335815430,-24.2551403045654297,-2.0061841011047363
10.7373208999633789,-37.2570686340332031,-1.0336188077926636
-2.8481798171997070,-29.1014919281005859,-2.2422530651092529
13.3810815811157227,-51.3159904479980469,-1.2548180818557739
-20.2186717987060547,-57.0058364868164063,-2.0315670967102051
1.0215240716934204,-22.7315311431884766,-1.0371797084808350
13.3804712295532227,-55.2527198791503906,-1.6404955387115479
-18.1782798767089844,-48.2557754516601563,-1.0358331203460693
-2.7429323196411133,-56.0558815002441406,-1.0293939113616943
-6.7758755683898926,-32.3558387756347656,-2.2428956031799316
17.2087459564208984,-36.5225715637207031,-1.0381022691726685
-5.8766899108886719,-31.6900939941406250,-1.9937124252319336
-2.0533359050750732,-36.6109962463378906,-1.0365761518478394
-7.7006034851074219,-40.2453079223632813,-1.0362623929977417
-6.8186044692993164,-23.2434043884277344,-1.0379462242126465
-22.0580196380615234,-42.2121238708496094,-2.2415790557861328
-1.8652824163436890,-40.9458847045898438,-2.2450115680694580
-21.0840377807617188,-44.9578857421875000,-1.2180886268615723
8.5808658599853516,-39.1027374267578125,-1.8990259170532227
37.3016815185546875,-56.0046386718750000,-1.0387966632843018
-18.1711006164550781,-41.4125480651855469,-1.0370573997497559
20.3139839172363281,-40.4514160156250000,-2.0201344490051270
11.4811449050903320,-28.1003589630126953,-1.0382859706878662
-22.9776268005371094,-40.6105995178222656,-2.0322983264923096
37.3003501892089844,-55.0065574645996094,-1.0395791530609131
-7.7257704734802246,-53.9577636718750000,-2.2451307773590088
-11.5206232070922852,-29.7597332000732422,-1.3026878833770752
22.9797229766845703,-45.4279212951660156,-2.2436392307281494
-2.8119838237762451,-19.5072708129882813,-2.2411510944366455
-31.7126159667968750,-52.6741180419921875,-1.3607538938522339
-1.0218743085861206,-33.2518539428710938,-1.3806145191192627
-21.1928977966308594,-53.1867179870605469,-2.2445299625396729
13.3865423202514648,-52.2799682617187500,-1.0372165441513062
2.7360703945159912,-31.9403743743896484,-1.8820680379867554
-17.1254177093505859,-54.6313629150390625,-2.0343940258026123
-25.0214557647705078,-56.0409164428710938,-1.0351269245147705
-27.7778606414794922,-55.4625740051269531,-1.0332342386245728
15.4209051132202148,-53.3426055908203125,-2.2442052364349365
-7.6680760383605957,-54.9502334594726563,-2.2450823783874512
-36.2601776123046875,-53.6883277893066406,-2.2410192489624023
18.1786403656005859,-41.1803016662597656,-1.9655061960220337
-1.0198162794113159,-51.7934722900390625,-2.2452907562255859
-7.7240676879882813,-24.7540397644042969,-1.0386089086532593
12.6193037033081055,-49.0344123840332031,-1.5668514966964722
21.1755828857421875,-53.0197219848632813,-1.8943506479263306
-17.5423126220703125,-40.6194801330566406,-1.0339394807815552
-21.1130485534667969,-55.5870323181152344,-1.0351636409759521
-6.8310890197753906,-31.4010086059570313,-1.9814684391021729
-13.3777132034301758,-24.8816375732421875,-1.3355830907821655
-5.8212199211120605,-38.6815223693847656,-1.2840453386306763
26.7531032562255859,-47.3545455932617188,-2.2412045001983643
-2.0867023468017578,-29.0478744506835938,-1.3903020620346069
13.3791074752807617,-38.6958236694335938,-2.0343520641326904
-12.3234415054321289,-27.2600154876708984,-1.3857933282852173
-11.6868343353271484,-20.4678306579589844,-1.8203163146972656
-10.6203851699829102,-35.1040992736816406,-1.2838906049728394
11.7693195343017578,-55.9214706420898438,-1.0371299982070923
-3.7771286964416504,-18.4708900451660156,-1.0389190912246704
12.1799011230468750,-48.3132095336914063,-1.0342406034469604
30.7800178527832031,-57.0039367675781250,-1.9540040493011475
3.6421458721160889,-46.2650413513183594,-1.0383834838867188
5.8212952613830566,-37.8088264465332031,-2.2438266277313232
25.0250549316406250,-51.1841049194335938,-2.0333163738250732
-8.5781898498535156,-24.3075962066650391,-1.2956641912460327
12.5253210067749023,-46.9394607543945313,-1.0360770225524902
-12.4399499893188477,-24.3478050231933594,-1.0384205579757690
31.6881580352783203,-54.6063461303710938,-2.2412490844726563
1.9629296064376831,-35.7150154113769531,-1.0373532772064209
1.8737981319427490,-38.1194534301757813,-2.2433464527130127
18.1670055389404297,-47.5071907043457031,-1.0374317169189453
-8.5769443511962891,-20.7254943847656250,-2.0502934455871582
-2.0642282962799072,-32.7938995361328125,-1.0375903844833374
-18.1776676177978516,-35.8120574951171875,-1.0373845100402832
-3.7792801856994629,-47.4162483215332031,-2.0148527622222900
8.5766000747680664,-22.9148902893066406,-2.2410595417022705
2.9602887630462646,-42.4088821411132813,-1.9563591480255127
-15.4196891784667969,-49.6557426452636719,-2.2478985786437988
22.9640312194824219,-45.9210243225097656,-1.3792607784271240
29.8234500885009766,-53.0967864990234375,-2.2410600185394287
12.4535684585571289,-46.9397048950195313,-2.2438070774078369
1.9924522638320923,-50.4853820800781250,-2.2461502552032471
-8.5816411972045898,-56.0423393249511719,-1.0304845571517944
-18.1783523559570313,-45.4736900329589844,-2.0164570808410645
-32.3093643188476563,-49.7184867858886719,-1.8846163749694824
-3.7705304622650146,-50.1870040893554688,-1.0380939245223999
13.3808765411376953,-35.6544761657714844,-1.1886850595474243
7.5791912078857422,-54.8101310729980469,-2.2458519935607910
21.1604251861572266,-39.2118949890136719,-1.3825172185897827
1.8740378618240356,-43.8014984130859375,-2.2449197769165039
-18.1780529022216797,-52.2104377746582031,-2.0303146839141846
18.1800117492675781,-50.6539039611816406,-2.0192184448242188
-12.4666681289672852,-21.0183734893798828,-2.1144104003906250
-20.2220535278320313,-45.4275932312011719,-1.0370039939880371
8.5546522140502930,-43.3820266723632813,-1.3491760492324829
-11.4757013320922852,-46.1163215637207031,-1.0364712476730347
5.9926595687866211,-31.1454906463623047,-1.8848141431808472
-36.3371391296386719,-55.4348030090332031,-1.6398744583129883
18.1779022216796875,-50.4892997741699219,-1.0372304916381836
-1.0220855474472046,-49.3301544189453125,-1.0334751605987549
36.2466430664062500,-54.8390464782714844,-2.2413463592529297
-2.9342594146728516,-32.4531822204589844,-1.3838055133819580
-20.9810733795166016,-38.1139373779296875,-1.4844114780426025
1.9849671125411987,-29.4528236389160156,-1.9002798795700073
17.0251560211181641,-47.4041862487792969,-2.2444448471069336
-11.4982824325561523,-51.9158058166503906,-1.2475737333297729
17.1520271301269531,-44.6805076599121094,-1.8888443708419800
11.4919757843017578,-53.8928947448730469,-1.0337631702423096
30.3551616668701172,-52.4648628234863281,-1.6114819049835205
10.6219234466552734,-43.4252548217773438,-2.2449028491973877
1.9318903684616089,-42.8682785034179688,-1.9129869937896729
7.7301740646362305,-41.5419998168945313,-1.8942639827728271
-2.8998208045959473,-39.6251373291015625,-2.2432730197906494
5.8226838111877441,-36.3792190551757813,-1.0369776487350464
-5.8234901428222656,-56.0029563903808594,-1.0434732437133789
-10.7071647644042969,-24.4846763610839844,-1.2848967313766479
5.8224472999572754,-29.2779884338378906,-1.9614719152450562
22.9852561950683594,-57.0063247680664063,-1.0344113111495972
22.9782714843750000,-42.1076431274414063,-1.0387554168701172
-16.3452777862548828,-36.3902053833007813,-1.0374451875686646
-1.0218710899353027,-55.0507049560546875,-1.0274374485015869
-18.1785697937011719,-43.3427810668945313,-1.0357991456985474
-18.1774444580078125,-33.8454704284667969,-1.2630896568298340
-25.8959197998046875,-53.3509407043457031,-2.2411093711853027
-13.3668317794799805,-36.2017288208007813,-1.0368163585662842
-16.5381202697753906,-53.6233024597167969,-1.6378079652786255
26.0645828247070313,-54.1921997070312500,-1.3519144058227539
6.7072052955627441,-50.1008834838867188,-1.0337231159210205
11.5260076522827148,-49.9933242797851563,-1.2604008913040161
2.9076728820800781,-37.6721725463867188,-2.2433581352233887
5.8221421241760254,-42.0494003295898438,-1.0368993282318115
2.7145297527313232,-26.7006492614746094,-1.3938015699386597
-11.5161828994750977,-37.4674758911132813,-1.2796535491943359
-13.3801679611206055,-57.0052108764648438,-2.2430453300476074
-5.8225345611572266,-22.2856731414794922,-1.0388845205307007
-1.8226467370986938,-38.9782943725585938,-2.2416226863861084
-15.4277153015136719,-35.5668869018554688,-2.0130460262298584
-30.8121929168701172,-56.0252113342285156,-1.1922605037689209
-3.7797536849975586,-46.3031044006347656,-1.2342876195907593
-26.8403167724609375,-53.2075958251953125,-1.0344259738922119
-26.6969795227050781,-55.4798393249511719,-2.2426257133483887
-6.7377357482910156,-36.1761627197265625,-2.2452864646911621
-6.7836289405822754,-29.1725311279296875,-1.0387011766433716
10.6185388565063477,-34.8299140930175781,-2.2421066761016846
-3.7787656784057617,-42.7534217834472656,-1.8964780569076538
-10.6222162246704102,-27.6473846435546875,-2.0001692771911621
10.7533330917358398,-47.4350814819335938,-2.1162397861480713
-13.3844413757324219,-56.0649566650390625,-1.2615003585815430
-7.7269883155822754,-49.1919975280761719,-1.9834424257278442
-31.6480007171630859,-54.1344833374023438,-2.2427327632904053
7.5704417228698730,-27.7023468017578125,-1.0383361577987671
12.7965002059936523,-38.0762825012207031,-1.5215159654617310
-22.9810562133789063,-52.2222976684570313,-2.2471792697906494
-16.2921085357666016,-36.1193695068359375,-1.9963549375534058
10.8415746688842773,-41.1122932434082031,-1.4115264415740967
-1.9797497987747192,-27.6237678527832031,-1.9014403820037842
13.3817138671875000,-53.5145072937011719,-2.0313384532928467
12.3689117431640625,-45.9676551818847656,-1.0354173183441162
22.0670166015625000,-39.0915336608886719,-2.2413258552551270
-12.4390077590942383,-37.7588081359863281,-1.0358514785766602
2.0966494083404541,-48.5793609619140625,-1.8784302473068237
32.5669364929199219,-54.0587310791015625,-2.2412536144256592
3.7197015285491943,-22.4182434082031250,-1.0380346775054932
-12.5075960159301758,-36.8268852233886719,-1.3604902029037476
-27.7776298522949219,-47.6861228942871094,-1.2539801597595215
-10.6206226348876953,-46.8928718566894531,-1.9959894418716431
8.5438880920410156,-52.6883811950683594,-1.0366348028182983
-5.8212089538574219,-44.3767242431640625,-1.2869300842285156
-15.4212360382080078,-43.9982109069824219,-1.0357079505920410
3.7802214622497559,-32.8725509643554688,-1.3765851259231567
-5.8208642005920410,-45.3301506042480469,-1.0352452993392944
13.3777694702148438,-43.5465202331542969,-2.0312407016754150
10.6209983825683594,-31.9393177032470703,-2.2420070171356201
-3.7803773880004883,-34.2532806396484375,-2.2437565326690674
-5.8209190368652344,-47.0077514648437500,-2.2451241016387939
11.6739463806152344,-47.4465446472167969,-1.0374789237976074
-11.4780883789062500,-39.6533203125000000,-1.9963144063949585
-2.7027759552001953,-38.0713157653808594,-1.4421449899673462
18.1153926849365234,-32.1813964843750000,-1.0389302968978882
37.3013305664062500,-56.0049514770507813,-2.2412436008453369
15.4213542938232422,-39.6639785766601563,-1.0365837812423706
10.6224107742309570,-48.4169158935546875,-2.2410356998443604
22.0773353576660156,-48.2760848999023438,-1.0370742082595825
13.3873653411865234,-54.4803276062011719,-2.2480311393737793
8.5807104110717773,-53.6042289733886719,-2.2093119621276855
1.0217734575271606,-44.7096252441406250,-1.0376842021942139
-7.7100372314453125,-49.8626480102539063,-1.2485615015029907
15.4222927093505859,-51.4285469055175781,-2.2446472644805908
-13.3801164627075195,-32.9293785095214844,-2.2437775135040283
-5.8218278884887695,-46.0259971618652344,-2.2427375316619873
15.4211950302124023,-49.4141578674316406,-1.0384273529052734
18.1801662445068359,-44.0958251953125000,-2.1245169639587402
12.3623676300048828,-38.5918731689453125,-2.2465744018554688
-27.0471267700195313,-46.9348716735839844,-1.9227283000946045
-13.3092756271362305,-27.1961174011230469,-2.2416567802429199
-36.5084838867187500,-56.2110977172851563,-2.2428627014160156
8.5782899856567383,-49.6940383911132813,-2.2474162578582764
2.1244161128997803,-17.0001201629638672,-2.1483936309814453
-16.4974422454833984,-47.5395050048828125,-1.0333222150802612
10.6224117279052734,-33.8381156921386719,-2.2420663833618164
3.7804644107818604,-40.0649795532226563,-2.2436447143554688
-7.7086582183837891,-35.4011917114257813,-1.0353714227676392
-2.9217159748077393,-17.5194320678710938,-2.2411143779754639
8.5779304504394531,-26.2509975433349609,-1.3524017333984375
1.0220460891723633,-26.6588325500488281,-1.3173344135284424
15.4180612564086914,-47.5581092834472656,-2.2446899414062500
-18.1793174743652344,-51.1602821350097656,-1.2518637180328369
6.7115516662597656,-29.2068023681640625,-1.0373568534851074
-10.6215515136718750,-38.9388122558593750,-1.2830786705017090
-3.6440730094909668,-48.3610153198242188,-2.2463269233703613
-2.7412066459655762,-34.3621292114257813,-1.0373764038085938
1.0220931768417358,-33.2876701354980469,-1.3808259963989258
22.9734535217285156,-44.4949684143066406,-1.9006576538085938
13.3794345855712891,-42.5862426757812500,-1.0369383096694946
7.6689205169677734,-24.4586887359619141,-2.2412722110748291
-13.3784141540527344,-52.2598037719726563,-1.0356459617614746
-13.3806333541870117,-36.7720794677734375,-2.2422165870666504
10.6210641860961914,-42.9975013732910156,-1.0330077409744263
-12.4753408432006836,-22.4778804779052734,-1.0386276245117188
-25.0212802886962891,-49.9729270935058594,-2.2418482303619385
-10.6515216827392578,-52.4896926879882813,-1.0364110469818115
-7.6416058540344238,-47.2563285827636719,-2.2413058280944824
-10.7717790603637695,-20.9087467193603516,-1.7437204122543335
16.4332523345947266,-34.5653648376464844,-2.2417104244232178
27.6444263458251953,-55.0786361694335938,-2.0218951702117920
-6.8416848182678223,-41.9605751037597656,-2.2424998283386230
-1.0218015909194946,-35.1639671325683594,-1.0368198156356812
-5.8220257759094238,-33.8618621826171875,-1.0350826978683472
-17.1942119598388672,-49.1509971618652344,-2.2413418292999268
17.2218894958496094,-47.1447219848632813,-1.0372591018676758
-2.8954727649688721,-44.7717132568359375,-1.3765001296997070
8.5830411911010742,-56.0097084045410156,-2.2484064102172852
-26.8831710815429688,-57.0047492980957031,-1.4620043039321899
-2.0774614810943604,-21.3778858184814453,-1.3750731945037842
8.5777826309204102,-34.8497200012207031,-1.3835144042968750
5.8145356178283691,-55.2357978820800781,-1.6273788213729858
-2.7537062168121338,-35.2898521423339844,-1.3924579620361328
10.6193494796752930,-57.0052070617675781,-1.0355727672576904
-15.4253883361816406,-44.7968940734863281,-1.6185766458511353
26.7807979583740234,-56.0164070129394531,-2.2424616813659668
-15.4185152053833008,-55.0337753295898438,-2.2469193935394287
-22.9776496887207031,-43.5295982360839844,-2.2423403263092041
-27.7779827117919922,-50.6013641357421875,-1.0383032560348511
-25.9374771118164063,-49.4689788818359375,-1.9497783184051514
-2.0028424263000488,-20.8568649291992188,-2.2415254116058350
21.2393035888671875,-41.5791549682617188,-2.2429831027984619
-1.8665312528610229,-45.2140884399414063,-1.0357869863510132
-10.6208276748657227,-49.5065994262695313,-1.2868559360504150
-10.6214551925659180,-42.7710113525390625,-1.2846411466598511
-1.8336573839187622,-41.3657493591308594,-1.3450560569763184
-17.3498649597167969,-41.2852249145507813,-1.7458071708679199
-17.3167781829833984,-53.6774749755859375,-2.2445840835571289
17.3117752075195313,-45.1660270690917969,-1.0357496738433838
-25.9178314208984375,-49.8741416931152344,-1.0380867719650269
20.2223854064941406,-43.3594818115234375,-2.2428429126739502
7.7139682769775391,-38.6744079589843750,-2.2391552925109863
-1.0234115123748779,-17.5388011932373047,-2.2160449028015137
-10.6205129623413086,-47.5888595581054688,-1.2840161323547363
-10.6195507049560547,-43.0280380249023438,-2.2461247444152832
-17.3570671081542969,-39.2294120788574219,-1.0363899469375610
10.6612806320190430,-50.5197143554687500,-1.0335555076599121
-12.3827877044677734,-52.3271102905273438,-1.0388170480728149
5.8223786354064941,-21.8621978759765625,-1.1825276613235474
36.9022903442382813,-54.1147994995117188,-2.0336108207702637
-15.4198331832885742,-50.6118927001953125,-2.0261237621307373
-11.8937149047851563,-51.0826454162597656,-1.9109519720077515
-8.2026271820068359,-56.1744155883789063,-1.9286819696426392
-11.4648151397705078,-50.9544296264648438,-1.0321012735366821
-11.5300407409667969,-40.6097602844238281,-2.2448356151580811
2.9332432746887207,-42.7797508239746094,-1.0352956056594849
-16.3245372772216797,-42.5376091003417969,-2.2422697544097900
-11.5802087783813477,-55.8017997741699219,-2.2437903881072998
-20.2210159301757813,-55.0767021179199219,-2.0260815620422363
6.7487616539001465,-43.4115028381347656,-1.0359498262405396
17.1868019104003906,-57.0210914611816406,-2.2429981231689453
-6.8413753509521484,-51.2978973388671875,-1.0314402580261230
-8.5791501998901367,-40.9838943481445313,-2.2442607879638672
-22.9782600402832031,-55.1150970458984375,-2.2470037937164307
18.1781616210937500,-35.9655990600585938,-1.0380381345748901
-5.8222942352294922,-21.3159046173095703,-1.2739411592483521
-10.6208763122558594,-46.6289291381835938,-1.0353934764862061
7.7550845146179199,-39.1327972412109375,-1.3474421501159668
-8.5776481628417969,-33.0205726623535156,-1.2883714437484741
1.0205564498901367,-31.8672657012939453,-1.8917025327682495
-17.2640705108642578,-42.9437866210937500,-1.0337629318237305
7.5043373107910156,-46.3109130859375000,-1.9158662557601929
8.5809946060180664,-54.6477890014648438,-1.0324555635452271
1.0217773914337158,-20.3745441436767578,-1.9024229049682617
8.5789241790771484,-46.2879867553710938,-1.0362577438354492
22.9782657623291016,-42.5697669982910156,-2.2417213916778564
25.9152717590332031,-56.5853652954101563,-2.2326281070709229
-31.7139263153076172,-50.7442359924316406,-1.0384472608566284
-15.4190959930419922,-48.1208152770996094,-2.2515416145324707
13.3807010650634766,-39.6803817749023438,-1.2460047006607056
3.7778253555297852,-19.0496616363525391,-1.9032864570617676
-22.0053043365478516,-52.1938362121582031,-1.0385079383850098
-1.0218552350997925,-25.6871585845947266,-1.0363295078277588
13.3777770996093750,-27.8724880218505859,-1.1784286499023438
-1.9345970153808594,-33.7768783569335938,-1.0359586477279663
18.1819629669189453,-57.0080947875976563,-1.0338243246078491
2.9077510833740234,-34.3328971862792969,-1.3820730447769165
-11.4753656387329102,-41.5638465881347656,-1.9944943189620972
16.4057674407958984,-35.5419425964355469,-2.0428075790405273
-11.6578321456909180,-23.0040206909179688,-1.2881590127944946
-10.6211299896240234,-27.3809738159179688,-1.0383803844451904
5.8219904899597168,-25.7142181396484375,-1.2345213890075684
-10.6210451126098633,-33.4478340148925781,-2.2441322803497314
16.3205585479736328,-47.9057502746582031,-1.0376888513565063
-2.8214623928070068,-27.2119159698486328,-2.2422921657562256
5.8219194412231445,-45.8730621337890625,-1.0326379537582397
-34.6221427917480469,-54.8659973144531250,-1.0386153459548950
22.9805870056152344,-56.0532798767089844,-2.2509207725524902
22.0015201568603516,-43.5766181945800781,-1.0389026403427124
-11.5517024993896484,-54.8224830627441406,-2.2447996139526367
-13.2071008682250977,-41.0348930358886719,-1.4066129922866821
-2.9238739013671875,-30.5649681091308594,-1.0395410060882568
25.0252132415771484,-49.2162017822265625,-1.0383180379867554
17.2396717071533203,-32.6625556945800781,-1.0398479700088501
-5.8205795288085938,-54.0388183593750000,-1.3881703615188599
-10.6211509704589844,-45.6700134277343750,-1.2847560644149780
-8.5769863128662109,-32.3012809753417969,-2.2417430877685547
11.1455745697021484,-56.4180183410644531,-1.6285179853439331
2.9014761447906494,-35.2609558105468750,-1.0349118709564209
1.0199195146560669,-27.6145744323730469,-1.0376039743423462
-3.6916711330413818,-21.3491020202636719,-1.3321303129196167
-1.0215343236923218,-34.1772537231445313,-1.0369585752487183
-8.5788803100585938,-53.4405937194824219,-2.2461841106414795
-1.9396835565567017,-28.1310043334960938,-1.0380519628524780
5.8207559585571289,-34.4827079772949219,-1.0381278991699219
-21.1971206665039063,-44.6416130065917969,-2.2420439720153809
3.7807188034057617,-38.1534461975097656,-2.2431983947753906
2.7876756191253662,-54.2303848266601563,-1.0341029167175293
-17.2683048248291016,-43.9030036926269531,-1.2684401273727417
2.7605626583099365,-51.8343849182128906,-2.2479877471923828
-15.4490842819213867,-35.7754249572753906,-1.0374597311019897
-1.0206098556518555,-40.8746910095214844,-1.0365607738494873
17.3006687164306641,-38.9933090209960938,-2.2412674427032471
-21.9915542602539063,-57.0096778869628906,-1.0368734598159790
1.0214446783065796,-27.0278282165527344,-2.2430722713470459
7.6935358047485352,-52.1525726318359375,-2.2438013553619385
18.1835918426513672,-55.4618759155273438,-2.2472229003906250
-21.1888179779052734,-40.7866935729980469,-2.2411489486694336
17.1859111785888672,-55.1417999267578125,-2.2439920902252197
-1.0218794345855713,-28.1048088073730469,-2.2425818443298340
-26.7821922302246094,-54.4992141723632813,-2.2433657646179199
8.5785779953002930,-32.5038528442382813,-2.2430775165557861
31.0758247375488281,-52.8505020141601563,-1.0385025739669800
-15.5959863662719727,-53.5216064453125000,-1.0313699245452881
-15.4212589263916016,-36.5363960266113281,-2.2431430816650391
7.6451025009155273,-49.5856742858886719,-1.0360989570617676
-2.8859651088714600,-25.7016963958740234,-1.0385127067565918
-17.0233592987060547,-57.0090751647949219,-2.2442295551300049
-1.0157800912857056,-54.1367988586425781,-1.3911656141281128
29.8277530670166016,-54.0741653442382813,-2.0371594429016113
-12.4998836517333984,-25.7746181488037109,-2.2415802478790283
-12.5234527587890625,-22.9357223510742188,-2.2414915561676025
-5.8546495437622070,-51.1466293334960938,-1.0345801115036011
1.9056650400161743,-18.9754314422607422,-2.2416408061981201
29.8222675323486328,-51.8448677062988281,-1.0387626886367798
12.3807134628295898,-35.5908355712890625,-1.0368531942367554
26.8075485229492188,-48.3512229919433594,-2.2421138286590576
15.6682949066162109,-45.5028457641601563,-1.0387966632843018
16.5624752044677734,-45.6703567504882813,-1.4501562118530273
-11.5326442718505859,-51.9327697753906250,-2.2441737651824951
-31.4773292541503906,-49.7741584777832031,-1.0390064716339111
-1.0220162868499756,-21.8394260406494141,-1.0382959842681885
17.8492641448974609,-47.9511146545410156,-2.2441093921661377
-37.3011054992675781,-53.8588752746582031,-2.2414491176605225
6.7128343582153320,-28.2131309509277344,-1.0384228229522705
-6.7792472839355469,-33.0382270812988281,-1.0360226631164551
-22.9751739501953125,-47.4269294738769531,-2.0266203880310059
-8.5307579040527344,-47.4693183898925781,-1.2862974405288696
2.7680964469909668,-53.2473526000976563,-1.0358486175537109
-7.6963038444519043,-46.9835166931152344,-1.0370700359344482
31.5828781127929688,-54.1830902099609375,-1.0382840633392334
-1.0211312770843506,-31.8341922760009766,-1.8994712829589844
2.8996443748474121,-24.8006744384765625,-1.0400984287261963
-5.9396657943725586,-33.5951995849609375,-1.9876539707183838
22.9778270721435547,-38.6820106506347656,-2.2413446903228760
-18.1207866668701172,-55.0486030578613281,-1.0329672098159790
6.6060299873352051,-57.0207290649414063,-1.6239581108093262
-22.0960979461669922,-46.0828437805175781,-1.9727553129196167
-25.0536384582519531,-49.0060005187988281,-1.9985492229461670
21.2507629394531250,-42.5999259948730469,-2.2411336898803711
-3.4066157341003418,-54.0319938659667969,-2.2449779510498047
25.8956165313720703,-51.6668548583984375,-1.9510177373886108
-26.8795814514160156,-49.8007354736328125,-1.9408959150314331
1.2365996837615967,-48.0120887756347656,-1.8626197576522827
7.9559412002563477,-54.1285400390625000,-1.6307498216629028
-5.8212914466857910,-27.8717422485351563,-1.9998053312301636
29.8221321105957031,-53.0840682983398438,-1.0386234521865845
11.4670248031616211,-35.7994117736816406,-1.3822424411773682
-10.6208553314208984,-44.6810264587402344,-1.2806137800216675
1.0223844051361084,-19.8788051605224609,-1.0377829074859619
-10.6424207687377930,-36.0637741088867188,-1.0352417230606079
-12.4938173294067383,-41.0637245178222656,-2.2433321475982666
-32.5785522460937500,-55.1035461425781250,-1.4586489200592041
-17.4158000946044922,-47.5155410766601563,-1.6288213729858398
-17.3322505950927734,-44.9980354309082031,-2.2457611560821533
8.4309902191162109,-21.3791027069091797,-1.0396746397018433
30.8253459930419922,-53.0792083740234375,-2.2414071559906006