x,y,z
-10.6212644577026367,-20.0581951141357422,-2.2414646148681641
-20.2219257354736328,-37.7593574523925781,-2.2415921688079834
-20.6523571014404297,-39.3957710266113281,-1.5345315933227539
30.5180339813232422,-54.2484817504882813,-1.5348316431045532
26.4025707244873047,-48.4909210205078125,-2.2421908378601074
12.0795202255249023,-27.8053054809570313,-2.2454707622528076
12.0120983123779297,-38.4696006774902344,-2.2451713085174561
7.8584074974060059,-43.0631217956542969,-2.2434377670288086
13.3777017593383789,-28.8425502777099609,-1.5332767963409424
-2.4033596515655518,-55.5782470703125000,-2.2468147277832031
13.3336219787597656,-45.2133979797363281,-1.5385410785675049
-22.9776725769042969,-38.1242103576660156,-1.5376105308532715
-25.7102813720703125,-56.3017845153808594,-1.5347113609313965
3.0617585182189941,-40.6736373901367188,-2.2456083297729492
-5.8195657730102539,-24.7167663574218750,-1.5354819297790527
-11.3140039443969727,-23.4910926818847656,-2.2497200965881348
7.6525616645812988,-55.7508468627929688,-1.5303034782409668
8.1328077316284180,-54.9425048828125000,-2.2512037754058838
-16.4927940368652344,-49.7518730163574219,-1.5355689525604248
26.5102825164794922,-55.8179855346679688,-2.2426357269287109
20.8132019042968750,-41.2493247985839844,-1.5257412195205688
10.6213464736938477,-47.9042434692382813,-2.2463881969451904
13.3923807144165039,-42.6782226562500000,-2.2465415000915527
-16.6406593322753906,-23.7968158721923828,-1.5384484529495239
22.9788417816162109,-36.0108795166015625,-2.2440519332885742
1.7126494646072388,-36.4587707519531250,-2.2447936534881592
17.2351303100585938,-28.9632511138916016,-2.2429406642913818
13.3795108795166016,-12.6643648147583008,-2.2422416210174561
8.0905122756958008,-13.7700614929199219,-1.5340967178344727
2.4278888702392578,-15.1492910385131836,-1.5353045463562012
-18.1811637878417969,-44.7173843383789063,-1.5241786241531372
-0.0038492570165545,-9.0724325180053711,-1.5329006910324097
3.7843594551086426,-34.3249778747558594,-2.2440221309661865
-15.4187774658203125,-40.7734642028808594,-2.2472023963928223
6.8884429931640625,-34.9378662109375000,-1.5324264764785767
-3.7799825668334961,-30.2628803253173828,-2.2486326694488525
20.4463996887207031,-42.1684112548828125,-1.5376226902008057
34.6204948425292969,-53.9026947021484375,-2.2425589561462402
16.8027763366699219,-19.9603710174560547,-2.2414722442626953
-13.3803348541259766,-44.8256988525390625,-2.2486839294433594
-7.5398392677307129,-20.7629966735839844,-1.5332293510437012
6.1037473678588867,-8.5771827697753906,-1.5358304977416992
3.0836846828460693,-48.5748786926269531,-2.2457070350646973
6.3807868957519531,-36.4109992980957031,-2.2488431930541992
-11.5332756042480469,-39.2677917480468750,-2.2471430301666260
5.9569692611694336,-10.4842872619628906,-1.5368543863296509
-29.8201274871826172,-56.3066673278808594,-1.5337692499160767
26.5408878326416016,-43.8190879821777344,-1.5384353399276733
-6.9446344375610352,-28.1149959564208984,-2.2506539821624756
-20.2133693695068359,-52.5843925476074219,-2.2448863983154297
17.8902454376220703,-51.6652946472167969,-2.2553405761718750
7.3780169486999512,-47.3320579528808594,-1.5335869789123535
20.7266235351562500,-47.2167663574218750,-2.2439475059509277
-8.5814094543457031,-13.0869302749633789,-2.2468733787536621
-16.3867397308349609,-51.2131576538085938,-2.2504856586456299
1.0178860425949097,-35.0333137512207031,-1.5341740846633911
-10.6201095581054688,-50.6064033508300781,-2.2484130859375000
8.5780735015869141,-17.8836135864257813,-1.5362737178802490
-7.4104747772216797,-25.3346710205078125,-2.2513163089752197
-5.8419313430786133,-12.4918165206909180,-1.5358631610870361
20.6535472869873047,-46.1840667724609375,-2.2498497962951660
2.5210344791412354,-13.7536907196044922,-1.5361226797103882
-16.4638748168945313,-20.8690452575683594,-1.5384573936462402
34.6221046447753906,-53.1988983154296875,-1.5371688604354858
6.5604147911071777,-11.7752008438110352,-1.5350394248962402
13.3801841735839844,-15.4745759963989258,-2.2428998947143555
12.6338005065917969,-35.7883720397949219,-2.2441024780273438
18.1698989868164063,-49.8178520202636719,-1.5244570970535278
1.1720807552337646,-9.6028451919555664,-2.2462847232818604
-10.6214876174926758,-33.9158554077148438,-1.5375223159790039
1.0185348987579346,-18.1536922454833984,-1.5353375673294067
36.1547279357910156,-56.4641113281250000,-2.2483644485473633
-20.2171688079833984,-43.3237838745117188,-1.5346025228500366
-7.8838081359863281,-34.6133956909179688,-2.2431223392486572
17.3516120910644531,-25.6918964385986328,-1.5313342809677124
-3.7819340229034424,-15.1123809814453125,-1.5331994295120239
-13.3815345764160156,-42.0351409912109375,-1.5321407318115234
3.7795698642730713,-28.8476238250732422,-1.5334843397140503
-10.6151809692382813,-31.9389228820800781,-1.5280630588531494
31.1924858093261719,-52.7980155944824219,-2.2458434104919434
-5.8185563087463379,-46.8324165344238281,-1.5273854732513428
1.0178555250167847,-40.1843490600585938,-2.2450692653656006
2.3885774612426758,-6.1177749633789063,-2.2450397014617920
12.6710205078125000,-56.3145751953125000,-2.2502834796905518
-5.9415712356567383,-21.1017570495605469,-2.2555031776428223
-7.6478023529052734,-19.3860187530517578,-1.5322377681732178
27.0900058746337891,-47.0720214843750000,-1.5343146324157715
-1.0192368030548096,-27.0442619323730469,-2.2459473609924316
-1.0774565935134888,-10.4298734664916992,-2.2438304424285889
10.8063316345214844,-11.0651359558105469,-2.2436842918395996
17.1226787567138672,-21.9906387329101563,-1.5347285270690918
3.7809524536132813,-28.1557178497314453,-2.2461762428283691
12.1852836608886719,-11.4717884063720703,-1.5362485647201538
-7.0307621955871582,-16.9557285308837891,-2.2476878166198730
-1.9515945911407471,-21.7709007263183594,-2.2425642013549805
-8.5800457000732422,-55.3441162109375000,-1.5302337408065796
-16.3176021575927734,-27.0185165405273438,-1.5337812900543213
17.6452255249023438,-22.4497241973876953,-2.2454679012298584
-10.6221351623535156,-43.1275177001953125,-1.5370900630950928
-1.0342823266983032,-11.1286373138427734,-1.5359021425247192
9.2992992401123047,-8.7034025192260742,-1.5366542339324951
-27.0964279174804688,-52.0472373962402344,-1.5322698354721069
1.0158350467681885,-37.8699531555175781,-1.5350283384323120
-13.3104162216186523,-50.2706985473632813,-2.2544522285461426
3.0897526741027832,-31.3633441925048828,-1.5379369258880615
20.2207145690917969,-36.7148818969726563,-2.2455646991729736
1.0171568393707275,-22.9019165039062500,-1.5389077663421631
41.1018447875976563,-0.7478339076042175,-2.1042680740356445
-34.6125144958496094,-57.0040664672851563,-2.2510335445404053
20.2188243865966797,-51.0255508422851563,-1.5374057292938232
-21.8693408966064453,-43.7815055847167969,-1.5318238735198975
35.3321762084960938,-51.7909851074218750,-2.2417168617248535
6.5272092819213867,-50.4634895324707031,-1.5337833166122437
8.5812740325927734,-49.7743606567382813,-2.2535831928253174
8.0638360977172852,-56.6435623168945313,-1.5203007459640503
5.8159747123718262,-30.8222694396972656,-1.5340799093246460
12.6871204376220703,-44.3925247192382813,-1.5357956886291504
-17.4452934265136719,-27.9873523712158203,-2.2458519935607910
7.1771407127380371,-18.5885753631591797,-2.2442016601562500
20.2214336395263672,-40.5479850769042969,-2.0067431926727295
35.3292083740234375,-53.9036788940429688,-1.5366702079772949
11.3214931488037109,-33.3461456298828125,-1.5372134447097778
-21.2810935974121094,-41.4571609497070313,-1.5335745811462402
12.0908536911010742,-33.3832664489746094,-2.2473039627075195
-1.0207273960113525,-16.5722923278808594,-1.5357135534286499
26.3915328979492188,-52.0042381286621094,-1.5307718515396118
13.3793792724609375,-14.0698137283325195,-2.2442326545715332
-4.0686893463134766,-7.9342498779296875,-2.2470571994781494
10.7250976562500000,-10.0734920501708984,-2.2419705390930176
-3.7785389423370361,-37.6281623840332031,-2.2514705657958984
-2.7653794288635254,-29.7490673065185547,-2.2456736564636230
37.3015556335449219,-52.8464584350585938,-1.5378381013870239
7.2189493179321289,-15.0138387680053711,-1.5369681119918823
8.5835447311401367,-24.1261520385742188,-1.5330722332000732
27.7778835296630859,-41.4475669860839844,-1.5390973091125488
-11.8878774642944336,-48.9004936218261719,-2.2538187503814697
15.6608972549438477,-24.1718845367431641,-1.5363438129425049
7.2024064064025879,-55.2804336547851563,-2.2539958953857422
-3.4385364055633545,-29.0139007568359375,-2.2505311965942383
-25.7151699066162109,-52.0652694702148438,-1.5352593660354614
27.7800064086914063,-44.6565895080566406,-2.2469766139984131
-12.1936693191528320,-24.7119903564453125,-1.5355702638626099
12.5473041534423828,-26.6249084472656250,-2.2492115497589111
-3.0331649780273438,-32.3284835815429688,-2.2430799007415771
-20.2197780609130859,-41.3047294616699219,-2.2453947067260742
3.0918297767639160,-35.0363693237304688,-2.2453670501708984
12.0030441284179688,-55.5720100402832031,-2.2418942451477051
-6.9187860488891602,-50.4661026000976563,-2.2493815422058105
1.0197951793670654,-45.7342758178710938,-1.5315991640090942
1.0184010267257690,-25.2976818084716797,-1.5323852300643921
-18.1821460723876953,-51.3581771850585938,-1.5331954956054688
-16.7978038787841797,-54.1800384521484375,-1.5345175266265869
-17.0279865264892578,-34.2105255126953125,-2.2449340820312500
11.3584251403808594,-51.2075653076171875,-2.2496228218078613
-8.5841264724731445,-19.0661411285400391,-1.5352972745895386
-1.7586717605590820,-20.7627544403076172,-2.2421655654907227
-11.9574670791625977,-20.4695930480957031,-1.5388104915618896
3.7832229137420654,-33.6175765991210938,-1.5363279581069946
27.7792892456054688,-45.6529846191406250,-2.2418143749237061
-2.4090647697448730,-50.6803703308105469,-1.5350674390792847
22.9785385131835938,-54.9583358764648438,-2.2459068298339844
-21.6241321563720703,-55.6074104309082031,-2.2481739521026611
7.8577485084533691,-29.2333469390869141,-1.5337363481521606
-3.7817008495330811,-43.8035278320312500,-2.2409086227416992
-17.5136337280273438,-35.6525878906250000,-2.2429068088531494
-5.8219962120056152,-16.4571418762207031,-2.2491807937622070
1.9669673442840576,-4.6522264480590820,-1.5387769937515259
-27.7801246643066406,-49.9091720581054688,-1.5375562906265259
-2.2706708908081055,-32.2523651123046875,-1.5383024215698242
-11.5463027954101563,-21.4334087371826172,-1.5338027477264404
-0.8251577019691467,-7.4258189201354980,-2.2417986392974854
5.8165807723999023,-27.1928596496582031,-2.2427687644958496
-11.1182861328125000,-52.0916023254394531,-1.5362437963485718
7.3699598312377930,-46.6430244445800781,-2.2469308376312256
11.3499088287353516,-34.0457572937011719,-2.2453880310058594
2.7914128303527832,-30.5866603851318359,-2.2420401573181152
-17.4863147735595703,-56.3025741577148438,-1.5357875823974609
21.3565731048583984,-33.8493080139160156,-2.2414300441741943
-11.3206071853637695,-40.3545570373535156,-2.2492837905883789
2.3490929603576660,-49.9671630859375000,-1.5320116281509399
-20.2175655364990234,-51.8638000488281250,-1.5351612567901611
-22.9805889129638672,-41.2281494140625000,-2.2472820281982422
22.9740867614746094,-57.0042343139648438,-1.5360152721405029
-26.4398212432861328,-46.0407600402832031,-2.2424626350402832
-11.9756765365600586,-14.0359077453613281,-2.2420225143432617
-6.8089127540588379,-49.8239135742187500,-1.5246462821960449
-8.5780696868896484,-38.7202491760253906,-1.5381921529769897
22.6858272552490234,-41.9158515930175781,-1.5331825017929077
-10.9950885772705078,-46.0317535400390625,-2.2545971870422363
-15.8785285949707031,-45.9926528930664063,-2.2508628368377686
-17.4846191406250000,-24.3304729461669922,-1.5357468128204346
-26.7923946380615234,-45.4304885864257813,-1.5377577543258667
-18.1834888458251953,-47.7379455566406250,-2.2500951290130615
26.6964530944824219,-45.4701881408691406,-2.2483072280883789
-5.8220548629760742,-57.0099029541015625,-2.2491762638092041
-22.9787425994873047,-39.5337066650390625,-1.5371278524398804
5.6290116310119629,-11.4243469238281250,-1.5319858789443970
7.8687405586242676,-41.6842346191406250,-2.2448694705963135
-20.2210407257080078,-54.8949089050292969,-1.5370355844497681
13.3789281845092773,-31.8656291961669922,-2.2465081214904785
-0.7746608257293701,-6.7217388153076172,-1.5377832651138306
-6.4764223098754883,-27.2405414581298828,-2.2539842128753662
-17.6466617584228516,-25.1424217224121094,-2.2444322109222412
22.5756721496582031,-53.4420623779296875,-1.5241413116455078
-15.9351959228515625,-31.0272827148437500,-1.5377596616744995
7.8563694953918457,-29.9164371490478516,-2.2512419223785400
27.0928726196289063,-46.3732604980468750,-2.2454431056976318
8.5828199386596680,-47.7877006530761719,-1.5280201435089111
6.8048057556152344,-28.2679862976074219,-2.2467355728149414
3.0968434810638428,-37.1742553710937500,-1.5328911542892456
-20.2173709869384766,-44.7579994201660156,-1.5365325212478638
11.9410934448242188,-29.5301895141601563,-2.2434668540954590
-11.3467235565185547,-42.4271163940429688,-1.5324432849884033
13.3792619705200195,-21.3223285675048828,-1.5346626043319702
-5.8152909278869629,-38.6286926269531250,-1.5293457508087158
27.0900135040283203,-49.2040481567382813,-2.2468836307525635
16.5637531280517578,-34.5054321289062500,-2.2485580444335938
-18.1820220947265625,-46.3739128112792969,-2.2461431026458740
16.7643661499023438,-42.2468299865722656,-1.5365048646926880
8.0769643783569336,-38.1888008117675781,-2.2424490451812744
-7.3075399398803711,-23.0669517517089844,-2.2440509796142578
-12.5838775634765625,-32.6893882751464844,-1.5375298261642456
-10.6173782348632813,-34.9071960449218750,-1.5331459045410156
20.7135372161865234,-35.1664276123046875,-1.5368335247039795
-20.2201347351074219,-38.8504066467285156,-2.2439002990722656
-12.6536235809326172,-23.5190525054931641,-1.5356016159057617
27.7796897888183594,-52.7332611083984375,-2.2442665100097656
3.7810320854187012,-13.6296062469482422,-1.5356553792953491
-5.8201675415039063,-49.9289360046386719,-1.5376240015029907
-17.2246112823486328,-39.3795623779296875,-1.5331730842590332
-26.4097938537597656,-52.7672309875488281,-1.5349900722503662
-1.7417083978652954,-28.4206142425537109,-1.5343617200851440
7.5765552520751953,-34.9681510925292969,-2.2463328838348389
30.5714130401611328,-57.0060195922851563,-1.5322450399398804
-1.0171494483947754,-57.0029563903808594,-2.2449800968170166
3.7779991626739502,-14.9148397445678711,-1.5384651422500610
8.4397897720336914,-9.2108907699584961,-1.5366995334625244
15.4212789535522461,-20.7051601409912109,-1.5376991033554077
10.6209774017333984,-57.0062866210937500,-2.2446558475494385
18.1168727874755859,-33.1714515686035156,-1.5389803647994995
-11.2978496551513672,-14.7592096328735352,-2.2483484745025635
10.6183900833129883,-30.5511646270751953,-2.2456233501434326
-3.7797827720642090,-35.6092720031738281,-1.5302093029022217
16.4090881347656250,-53.6965293884277344,-1.5279402732849121
16.9107379913330078,-45.4302940368652344,-1.5371578931808472
22.2847423553466797,-49.1815986633300781,-1.5316309928894043
-11.5929708480834961,-11.1044178009033203,-2.2416253089904785
0.5642831325531006,-11.2029037475585938,-1.5313993692398071
2.8321533203125000,-7.5374474525451660,-1.5339903831481934
-8.1191616058349609,-39.2473526000976563,-2.2488131523132324
3.0458245277404785,-12.2301979064941406,-2.2545506954193115
16.3028450012207031,-38.0264282226562500,-2.2466702461242676
-18.1809825897216797,-52.0747451782226563,-2.2451333999633789
-22.9832878112792969,-55.3897285461425781,-2.2519528865814209
10.6186151504516602,-25.7578487396240234,-1.5300312042236328
-8.2016868591308594,-8.9886360168457031,-2.2413733005523682
22.9224624633789063,-34.2947120666503906,-1.5386899709701538
6.5319170951843262,-39.1423606872558594,-2.2437303066253662
-5.8179574012756348,-29.6087379455566406,-2.2485477924346924
-27.5724868774414063,-41.2135238647460938,-2.2413542270660400
1.0209950208663940,-57.0064659118652344,-1.5357419252395630
36.9137420654296875,-53.4345359802246094,-2.2429802417755127
1.0144212245941162,-29.5983963012695313,-2.2489445209503174
-2.0001173019409180,-29.6977500915527344,-1.5315428972244263
-8.5830640792846680,-36.0286483764648438,-1.5350694656372070
8.5783824920654297,-52.3843307495117188,-2.2503819465637207
-13.3807935714721680,-18.3386516571044922,-2.2441337108612061
-10.9696750640869141,-11.4294834136962891,-1.5350856781005859
-5.8199424743652344,-44.0528030395507813,-1.5330902338027954
-16.7576293945312500,-22.2180442810058594,-1.5367317199707031
-11.8170337677001953,-30.5664615631103516,-1.5352681875228882
10.6187992095947266,-56.3184051513671875,-1.5346184968948364
3.7798345088958740,-54.0112724304199219,-1.5282207727432251
-2.8382928371429443,-19.4916667938232422,-1.5334582328796387
35.3228950500488281,-55.3231124877929688,-1.5368837118148804
-15.4119653701782227,-53.4679870605468750,-2.2439243793487549
2.3888652324676514,-12.2140502929687500,-1.5256924629211426
6.2708139419555664,-31.9974288940429688,-1.5267980098724365
-1.0195748805999756,-13.4500579833984375,-2.2445609569549561
25.9657554626464844,-42.0171813964843750,-2.2414267063140869
1.5192734003067017,-51.4401473999023438,-2.2549102306365967
-22.2512779235839844,-41.2299995422363281,-1.5379315614700317
30.8148880004882813,-50.0404052734375000,-2.2418642044067383
-2.0514173507690430,-39.2813034057617188,-2.0980658531188965
3.7776031494140625,-50.6517066955566406,-2.2504298686981201
25.0206718444824219,-44.6310195922851563,-2.2423024177551270
-17.5131340026855469,-39.9889984130859375,-2.2529151439666748
3.3009264469146729,-56.5006561279296875,-1.5339751243591309
-5.8176326751708984,-42.3788871765136719,-2.2428245544433594
16.0979804992675781,-50.1157913208007813,-2.2460134029388428
-13.3777198791503906,-27.2180328369140625,-2.2542903423309326
3.7809884548187256,-16.6063385009765625,-1.5365267992019653
-11.3373813629150391,-41.0459709167480469,-1.5351594686508179
18.1827697753906250,-39.4441413879394531,-1.5302770137786865
8.5796222686767578,-46.1268882751464844,-2.2499501705169678
22.9781036376953125,-38.7065696716308594,-1.5363036394119263
-35.9228630065917969,-57.0028648376464844,-2.2493362426757813
20.2221298217773438,-53.1192588806152344,-2.2453734874725342
6.8968715667724609,-33.9470558166503906,-1.5270618200302124
35.4684867858886719,-56.3124084472656250,-1.5386362075805664
-18.1824913024902344,-37.5304298400878906,-2.2467441558837891
-10.6387405395507813,-10.8133630752563477,-2.2440352439880371
13.3801250457763672,-47.9181098937988281,-2.2439503669738770
25.0151863098144531,-49.9048728942871094,-2.2435250282287598
-2.3139939308166504,-4.7211928367614746,-1.5381796360015869
32.5787506103515625,-55.9517364501953125,-1.5374357700347900
-6.5175180435180664,-33.9478530883789063,-1.5309121608734131
-15.4161691665649414,-47.1722526550292969,-2.2458410263061523
16.1238212585449219,-43.2051773071289063,-1.5344364643096924
6.4643573760986328,-18.5887279510498047,-1.5370366573333740
-27.7790279388427734,-49.2047653198242188,-2.2429847717285156
-22.9756679534912109,-42.5966072082519531,-2.2452135086059570
-16.8027725219726563,-53.4584579467773438,-2.2458193302154541
25.0199527740478516,-46.3468093872070313,-1.5371948480606079
-25.0154209136962891,-54.1817703247070313,-1.5367014408111572
3.7849915027618408,-20.3203659057617188,-1.5270974636077881
20.2201671600341797,-49.0444984436035156,-1.5316221714019775
-8.5773258209228516,-27.7422981262207031,-1.5355759859085083
11.9237251281738281,-35.7904129028320313,-1.5399870872497559
17.1896057128906250,-22.9853324890136719,-1.5377686023712158
-8.0836610794067383,-41.2315597534179688,-2.2450830936431885
5.8209128379821777,-46.7558059692382813,-2.2502703666687012
7.2057423591613770,-11.4987916946411133,-2.2425882816314697
10.6205539703369141,-33.3651885986328125,-2.2457332611083984
2.0596742630004883,-45.5017509460449219,-1.5360189676284790
7.5831985473632813,-33.9741592407226563,-2.2450909614562988
6.2810502052307129,-42.6318321228027344,-1.5304791927337646
35.3250694274902344,-54.6058921813964844,-2.2430675029754639
13.3838262557983398,-46.2095146179199219,-1.5388243198394775
-22.2723140716552734,-47.6449546813964844,-2.2415647506713867
21.2075366973876953,-45.7196960449218750,-1.5331913232803345
-10.0184230804443359,-11.1312284469604492,-1.5356174707412720
-6.6404457092285156,-54.4648971557617188,-1.5387800931930542
13.3813180923461914,-28.1569385528564453,-2.2470448017120361
-31.7506465911865234,-53.7141761779785156,-1.5357598066329956
3.0977530479431152,-36.4581871032714844,-2.2467682361602783
27.6527252197265625,-42.9772071838378906,-1.5385671854019165
6.5176753997802734,-26.5047760009765625,-2.2511847019195557
-12.0873556137084961,-36.3859710693359375,-2.2521111965179443
-3.0753965377807617,-46.6056442260742188,-1.5350087881088257
26.4014778137207031,-47.7870407104492188,-1.5346806049346924
3.7693114280700684,-44.8560447692871094,-1.5161583423614502
13.3813219070434570,-39.8967857360839844,-2.2454144954681396
1.0193172693252563,-14.4415616989135742,-2.2444763183593750
16.1035480499267578,-31.5822296142578125,-1.5329792499542236
13.3786487579345703,-16.1786804199218750,-1.5370196104049683
-13.3829021453857422,-41.0455894470214844,-1.5369414091110229
-2.5891544818878174,-3.9439036846160889,-2.2412514686584473
5.8144764900207520,-29.8357658386230469,-1.5338886976242065
12.5037841796875000,-30.5283889770507813,-1.5363714694976807
-8.5796480178833008,-32.4931716918945313,-2.2438886165618896
11.3398904800415039,-53.9326362609863281,-2.2476799488067627
-1.0202885866165161,-19.3533802032470703,-1.5347588062286377
3.0944533348083496,-25.7706909179687500,-1.5291566848754883
-8.0974979400634766,-46.9541168212890625,-2.2478747367858887
-26.4063625335693359,-57.0062484741210938,-1.5340359210968018
-1.6951136589050293,-14.3495473861694336,-1.5318346023559570
-12.6755905151367188,-19.7601318359375000,-1.5369344949722290
11.3491277694702148,-34.7348785400390625,-1.5331577062606812
-18.1861381530761719,-50.6839714050292969,-2.2495088577270508
20.2194881439208984,-37.4115180969238281,-1.5367969274520874
-18.1786251068115234,-35.8964958190917969,-1.5388946533203125
5.8223977088928223,-21.2766571044921875,-1.6555726528167725
-11.9805002212524414,-19.0508098602294922,-1.5358830690383911
12.6662721633911133,-36.7795028686523438,-2.2410686016082764
-10.9806756973266602,-8.1352300643920898,-1.5385642051696777
17.1722850799560547,-35.2192993164062500,-1.5350112915039063
-8.5722017288208008,-37.7218208312988281,-1.5402941703796387
10.0517492294311523,-9.8737144470214844,-1.5356973409652710
2.5712053775787354,-41.6095275878906250,-2.2413277626037598
-12.6228570938110352,-33.9230117797851563,-1.5366823673248291
1.0196731090545654,-43.0026855468750000,-2.2432091236114502
1.7421270608901978,-12.3685007095336914,-2.2510814666748047
8.5794725418090820,-49.1166381835937500,-1.5267065763473511
2.0646319389343262,-44.8101119995117188,-2.2466678619384766
-10.6169080734252930,-22.7861595153808594,-2.2412919998168945
15.9621047973632813,-48.5405731201171875,-1.5362755060195923
12.0285024642944336,-47.1939697265625000,-1.5335084199905396
-5.8199644088745117,-41.3090209960937500,-2.2426612377166748
-1.8304390907287598,-9.7427949905395508,-2.2412636280059814
1.7054064273834229,-18.1793060302734375,-2.2490425109863281
-16.3546218872070313,-46.7989578247070313,-1.5335223674774170
-15.4154224395751953,-40.0968093872070313,-1.5303910970687866
-10.6205291748046875,-44.1213264465332031,-1.5335941314697266
11.9744043350219727,-16.1650161743164063,-1.5304439067840576
13.0625591278076172,-10.9942722320556641,-1.5383235216140747
18.1833095550537109,-37.1457290649414063,-1.5375695228576660
12.4291553497314453,-49.5845756530761719,-2.2474062442779541
3.7068438529968262,-12.1114215850830078,-1.5343141555786133
-1.7099372148513794,-53.4966659545898438,-2.2448770999908447
11.3481798171997070,-28.4854373931884766,-2.2480936050415039
17.0097770690917969,-46.6146240234375000,-1.5386363267898560
-11.9692983627319336,-19.7607402801513672,-2.2422196865081787
-11.1143321990966797,-32.4190559387207031,-2.2434856891632080
-7.8551263809204102,-29.1205291748046875,-2.2447326183319092
35.6838722229003906,-51.1751899719238281,-1.5388185977935791
22.4991493225097656,-38.2007637023925781,-2.2479505538940430
22.0344944000244141,-40.6576271057128906,-1.5355774164199829
12.2379083633422852,-26.0225296020507813,-1.5295667648315430
1.0205167531967163,-23.8966197967529297,-1.5379503965377808
-11.2943611145019531,-55.6029624938964844,-2.2492032051086426
18.1808147430419922,-38.7867622375488281,-2.2561085224151611
17.4957256317138672,-57.0024375915527344,-2.2485325336456299
-6.8065085411071777,-42.2886085510253906,-2.2538645267486572
27.0917606353759766,-47.7831039428710938,-2.2470753192901611
13.3929700851440430,-32.5514602661132813,-1.5298058986663818
-27.0785579681396484,-50.6151466369628906,-1.5363862514495850
32.5877189636230469,-54.2080192565917969,-2.2449302673339844
-12.6593151092529297,-29.1925849914550781,-2.2465052604675293
-8.1035404205322266,-55.8341560363769531,-2.2483742237091064
5.8201165199279785,-15.7109680175781250,-2.2440235614776611
3.0497417449951172,-20.9732151031494141,-1.5317603349685669
-7.1752138137817383,-33.2043838500976563,-1.5365560054779053
-1.7275042533874512,-52.0982055664062500,-2.2439885139465332
-20.9051094055175781,-52.5798912048339844,-1.5326644182205200
-12.6863908767700195,-17.6215820312500000,-2.2435626983642578
-12.6890993118286133,-46.9024925231933594,-2.2485463619232178
-5.8195381164550781,-19.1269512176513672,-1.5287199020385742
12.3915634155273438,-54.6577529907226563,-2.1430635452270508
3.0357489585876465,-54.0171432495117188,-2.2477452754974365
3.4616107940673828,-9.8561420440673828,-2.2426257133483887
7.5648746490478516,-35.9570693969726563,-2.2523214817047119
16.8019962310791016,-56.2857322692871094,-2.2471301555633545
-20.9084644317626953,-44.0346832275390625,-1.5340566635131836
-5.9366397857666016,-11.8075561523437500,-2.2470963001251221
11.9899883270263672,-42.0221099853515625,-1.5329635143280029
16.1246948242187500,-19.2308597564697266,-2.2420828342437744
-3.7864184379577637,-56.3056602478027344,-1.5364273786544800
10.6218919754028320,-29.8668861389160156,-1.5330580472946167
-8.5784282684326172,-26.0476016998291016,-2.2419855594635010
10.6620073318481445,-12.4130859375000000,-2.2502293586730957
11.2989196777343750,-55.6002693176269531,-1.5351051092147827
-11.3083028793334961,-15.4798173904418945,-1.5338590145111084
-25.7145061492919922,-52.7682342529296875,-2.2447381019592285
-17.3898220062255859,-31.6767253875732422,-2.2476410865783691
18.1823310852050781,-56.2798805236816406,-2.2440304756164551
12.6320323944091797,-23.3973598480224609,-1.5339820384979248
27.7900371551513672,-55.7062454223632813,-1.5245668888092041
22.0438423156738281,-39.0869369506835938,-2.2470140457153320
-7.8647027015686035,-30.4655590057373047,-2.2414131164550781
-15.4214248657226563,-22.5264034271240234,-1.5358858108520508
-27.2234077453613281,-44.8707122802734375,-2.2427551746368408
16.1034069061279297,-55.4582901000976563,-2.2423386573791504
-13.3849363327026367,-47.5996398925781250,-2.2467966079711914
-1.8700191974639893,-16.7366752624511719,-2.2412631511688232
30.5258445739746094,-54.9538459777832031,-2.2430908679962158
1.7174453735351563,-15.8466672897338867,-1.5346972942352295
-6.5372204780578613,-48.1975250244140625,-2.2469735145568848
-35.8652114868164063,-54.8627967834472656,-1.5383206605911255
-6.8342351913452148,-10.7839765548706055,-2.2452802658081055
-7.6428303718566895,-14.3417377471923828,-1.5325393676757813
6.5113425254821777,-54.5840225219726563,-2.2448656558990479
18.1809253692626953,-41.5533027648925781,-2.2438580989837646
-7.6348023414611816,-21.4501533508300781,-2.2428319454193115
8.5807943344116211,-42.3770523071289063,-2.2478203773498535
16.8256130218505859,-44.7280769348144531,-2.2413551807403564
17.0272655487060547,-33.2549705505371094,-1.5347268581390381
1.6879924535751343,-40.0434112548828125,-1.5315833091735840
30.5051898956298828,-52.8122634887695313,-1.5325978994369507
6.8427104949951172,-33.2911338806152344,-2.2536931037902832
-5.9048280715942383,-10.4249572753906250,-2.2436153888702393
4.1855587959289551,-4.0353198051452637,-1.5387822389602661
6.8710684776306152,-7.0301442146301270,-2.2426495552062988
7.4988903999328613,-30.4766445159912109,-1.5311707258224487
-5.8207945823669434,-21.7448520660400391,-1.5263583660125732
-7.5634546279907227,-11.4628734588623047,-2.2437076568603516
25.5121002197265625,-55.8523635864257813,-2.2447538375854492
-1.0215978622436523,-42.6045074462890625,-1.5368261337280273
17.2261676788330078,-30.3588848114013672,-2.2440369129180908
22.3580989837646484,-39.7145462036132813,-1.5363119840621948
-31.0198326110839844,-55.1141853332519531,-2.2425935268402100
-30.9929866790771484,-56.5053100585937500,-2.2478134632110596
7.3277659416198730,-21.5382003784179688,-2.2525327205657959
-36.5228157043457031,59.7223625183105469,-2.4123332500457764
-2.5031909942626953,-11.2130908966064453,-1.5373129844665527
-32.5763854980468750,-54.9619331359863281,-2.2463192939758301
15.4191846847534180,-53.6350555419921875,-1.5385782718658447
25.0137634277343750,-53.4030952453613281,-1.5318385362625122
-2.4809319972991943,-36.5550117492675781,-1.5335639715194702
18.1778793334960938,-18.2091732025146484,-2.2416815757751465
1.0194503068923950,-28.2404136657714844,-2.2481057643890381
6.5256314277648926,-17.1487026214599609,-1.5401248931884766
18.1843357086181641,-40.8528251647949219,-1.5364919900894165
3.7829675674438477,-32.9147682189941406,-2.2431175708770752
7.2090311050415039,-54.5936050415039063,-1.5327942371368408
16.2279319763183594,-28.9753150939941406,-1.5355956554412842
1.0172420740127563,-49.9355545043945313,-1.5295208692550659
-15.4185199737548828,-24.6166439056396484,-2.2455849647521973
-6.9439449310302734,-44.3466186523437500,-2.2580265998840332
-3.0043840408325195,-42.5269813537597656,-1.5257161855697632
20.2215423583984375,-34.6643028259277344,-2.2424981594085693
22.0096530914306641,-43.9619789123535156,-1.5385982990264893
12.7380628585815430,-43.4110984802246094,-2.2441232204437256
-15.4217176437377930,-44.8126754760742188,-2.2478992938995361
-20.9187583923339844,-54.8986206054687500,-2.2478234767913818
-1.7772681713104248,-11.1487293243408203,-2.2439908981323242
-2.0236175060272217,-42.1890525817871094,-1.5236395597457886
6.5130872726440430,-15.7186479568481445,-1.5345032215118408
-20.9277591705322266,-37.3451957702636719,-1.5384845733642578
3.3254182338714600,-43.7551803588867188,-1.5247544050216675
26.6831359863281250,-53.6864852905273438,-2.2472584247589111
16.4162101745605469,-46.0375785827636719,-2.2453927993774414
-3.7789170742034912,-34.6228446960449219,-1.5313518047332764
-16.8209476470947266,-52.0965690612792969,-2.2517540454864502
-6.9713010787963867,-19.3291187286376953,-2.2487106323242188
0.7472031712532043,-6.0571265220642090,-2.1393465995788574
8.1118230819702148,-25.6125278472900391,-2.2469017505645752
29.8188076019287109,-53.5371322631835938,-1.5355727672576904
1.7060424089431763,-32.9263725280761719,-1.5330909490585327
-13.3826971054077148,-54.2126579284667969,-1.5307954549789429
-2.4807245731353760,-18.0110073089599609,-1.5351928472518921
17.4115924835205078,-49.8281211853027344,-2.2453491687774658
15.4200696945190430,-30.8579082489013672,-1.5252666473388672
-1.0175529718399048,-40.9045333862304688,-2.2431473731994629
-15.4146871566772461,-35.1243171691894531,-2.2467591762542725
7.1838169097900391,-17.8969249725341797,-1.5323449373245239
11.9223585128784180,-22.0056858062744141,-2.2476596832275391
-21.5825157165527344,-53.3062286376953125,-1.5358630418777466
2.0672018527984619,-20.8029975891113281,-1.5405319929122925
7.2357115745544434,-20.8764476776123047,-1.5281257629394531
27.7776813507080078,-42.2796897888183594,-2.2413945198059082
17.3882236480712891,-48.4412155151367188,-2.2441973686218262
16.3977451324462891,-52.1489181518554688,-2.2526707649230957
3.0809538364410400,-32.9141387939453125,-1.5358619689941406
31.8706893920898438,-49.9245147705078125,-1.5383307933807373
-11.6127777099609375,-52.5883750915527344,-2.2448263168334961
-13.3819236755371094,-15.4493932723999023,-2.2436861991882324
-20.2200069427490234,-47.4382667541503906,-2.2447760105133057
-26.3674983978271484,-48.5040740966796875,-1.5356737375259399
12.6730356216430664,-14.7738924026489258,-2.2439930438995361
17.6563301086425781,-36.6933860778808594,-2.2460539340972900
31.2732238769531250,-57.0049324035644531,-2.2428174018859863
-26.4076862335205078,-53.4732437133789063,-2.2460603713989258
-16.4034824371337891,-29.1835041046142578,-1.5324057340621948
4.0557065010070801,-9.0571403503417969,-2.2463493347167969
15.4162559509277344,-48.9666023254394531,-2.2519211769104004
-16.9729690551757813,-42.9033737182617188,-1.5342974662780762
-27.7781429290771484,-43.3010711669921875,-1.5381050109863281
10.2797250747680664,-7.3521723747253418,-2.2411134243011475
3.7827911376953125,-30.5174007415771484,-2.2444491386413574
5.8203711509704590,-43.1454544067382813,-2.2428941726684570
-11.3203926086425781,-16.9035930633544922,-1.5350594520568848
-1.1930291652679443,-43.2765274047851563,-2.2468681335449219
2.4789364337921143,-56.3002204895019531,-2.2416610717773438
-25.0140018463134766,-55.5972442626953125,-1.5364013910293579
-7.8116292953491211,-7.6313972473144531,-1.5387407541275024
17.3435058593750000,-26.3805732727050781,-2.2459640502929688
5.4939956665039063,-7.3324966430664063,-2.2425909042358398
-15.4172048568725586,-55.6081314086914063,-1.5336199998855591
8.5801229476928711,-51.0820884704589844,-2.2589545249938965
10.6168622970581055,-53.9386901855468750,-1.5327640771865845
15.4197940826416016,-38.0097885131835938,-1.5287426710128784
22.2617263793945313,-46.4668693542480469,-1.5335538387298584
10.6201848983764648,-15.0834484100341797,-1.5309113264083862
-12.6603059768676758,-31.2623367309570313,-1.5360701084136963
-7.8467311859130859,-24.8189849853515625,-1.5333557128906250
-11.9568767547607422,-47.5621185302734375,-2.2482938766479492
11.8097009658813477,-49.2713890075683594,-1.5348414182662964
26.0147399902343750,-56.3283309936523438,-1.5323641300201416
6.8184747695922852,-12.4189882278442383,-2.2445595264434814
21.2029438018798828,-46.7156715393066406,-1.5285564661026001
8.1578178405761719,-31.2044887542724609,-1.5270888805389404
-3.7798144817352295,-19.8225746154785156,-1.5329010486602783
-26.6532821655273438,-46.7181816101074219,-1.5385910272598267
20.2201557159423828,-38.3026390075683594,-2.2423894405364990
11.5866394042968750,-30.7648792266845703,-2.2597770690917969
-22.2765102386474609,-54.0150718688964844,-1.5358059406280518
-27.7438068389892578,-42.5969924926757813,-2.2425210475921631
-22.9807014465332031,-54.0203514099121094,-2.2444117069244385
-3.7825713157653809,-57.0056953430175781,-2.2445530891418457
16.1650714874267578,-27.5748462677001953,-1.5367096662521362
17.6649494171142578,-35.6980552673339844,-2.2472500801086426
25.7192058563232422,-46.3468093872070313,-2.2436091899871826
18.1857223510742188,-27.6114921569824219,-1.5307153463363647
-27.7812690734863281,-45.2914657592773438,-1.5323326587677002
10.6175069808959961,-32.3727569580078125,-2.2471578121185303
3.1221518516540527,-15.1745767593383789,-2.2437555789947510
-10.8725175857543945,-39.0289993286132813,-1.5304908752441406
3.0674273967742920,-6.3120250701904297,-1.5368101596832275
-7.2127242088317871,-43.1977882385253906,-2.2467792034149170
-17.7518463134765625,-41.2620086669921875,-1.5211734771728516
7.8302855491638184,-11.1723308563232422,-1.5381522178649902
-4.2350449562072754,-10.7906551361083984,-2.2432219982147217
8.1493663787841797,-11.9472436904907227,-2.2413802146911621
-30.8136653900146484,-51.1449699401855469,-2.2414250373840332
3.0459437370300293,-53.3362922668457031,-1.5307081937789917
7.4114427566528320,-31.8625946044921875,-1.5320626497268677
-37.2981567382812500,-52.7291297912597656,-2.2416610717773438
-2.3846616744995117,-40.0325660705566406,-1.5290784835815430
11.2887182235717773,-39.8911094665527344,-1.5327594280242920
10.6209993362426758,-50.5384445190429688,-2.2509934902191162
7.9148497581481934,-15.0340909957885742,-2.2489748001098633
-1.0168902873992920,-37.8850669860839844,-1.5356346368789673
2.4425756931304932,-14.4483995437622070,-2.2437655925750732
-1.7102727890014648,-56.2917251586914063,-2.2457242012023926
-5.3647084236145020,-7.4246230125427246,-2.2419502735137939
25.9931163787841797,-54.1591911315917969,-1.5385289192199707
12.0396890640258789,-37.7823753356933594,-1.5232570171356201
-27.7830905914306641,-52.0369720458984375,-2.2444841861724854
-11.4630813598632813,-29.3781929016113281,-1.5349162817001343
-2.5982401371002197,-7.0976457595825195,-1.5381544828414917
12.2483940124511719,-19.0109252929687500,-2.2464308738708496
-17.4141502380371094,-32.3631744384765625,-1.5340714454650879
-2.6646127700805664,-30.4270744323730469,-1.5288256406784058
-8.5329465866088867,-12.3958015441894531,-1.5352780818939209
-2.6101419925689697,-40.6881904602050781,-2.2447121143341064
15.4216403961181641,-28.2396602630615234,-1.5300778150558472
2.1258792877197266,-29.8491573333740234,-2.2469074726104736
5.0884237289428711,-11.0046939849853516,-2.2461552619934082
-15.4202928543090820,-31.4977684020996094,-2.2487497329711914
29.8180522918701172,-55.6527442932128906,-2.2452540397644043
7.1852293014526367,-41.7688369750976563,-1.5326148271560669
13.3432817459106445,-35.8133735656738281,-1.5365201234817505
35.3689689636230469,-52.4969711303710938,-1.5377206802368164
-15.4214754104614258,-52.0265693664550781,-2.2414770126342773
-2.3923151493072510,-54.2050628662109375,-2.2495529651641846
-25.0217208862304688,-43.2485542297363281,-2.2435889244079590
-11.3623256683349609,-24.1594982147216797,-1.5287029743194580
-7.6347284317016602,-20.0773468017578125,-2.2452590465545654
1.7334603071212769,-13.7500066757202148,-2.2465732097625732
-3.7810738086700439,-25.3963203430175781,-2.2537288665771484
3.7784504890441895,-53.3493690490722656,-2.2529094219207764
7.6699342727661133,-12.9213695526123047,-2.2396521568298340
-3.7777349948883057,-30.9486846923828125,-1.5337929725646973
-3.7784907817840576,-29.5891513824462891,-1.5282666683197021
-13.3784389495849609,-48.9586601257324219,-2.2522950172424316
1.0192710161209106,-51.8836021423339844,-1.5301228761672974
-2.3972971439361572,-57.0065917968750000,-2.2448835372924805
17.4826393127441406,-40.8450126647949219,-2.2435352802276611
18.1790771484375000,-36.1579399108886719,-1.5356370210647583
-22.4072017669677734,-44.8943786621093750,-2.2415189743041992
21.2323017120361328,-47.7003707885742188,-1.5301566123962402
2.3868653774261475,-38.5825920104980469,-2.2466661930084229
1.0208227634429932,-43.9980239868164063,-2.2435097694396973
-11.0771493911743164,-28.0413551330566406,-2.2471902370452881
-3.7806651592254639,-21.7159156799316406,-2.2463042736053467
10.6207647323608398,-31.4603919982910156,-1.8460294008255005
22.9792442321777344,-49.1676406860351563,-2.2444722652435303
8.7791786193847656,-9.8242244720458984,-2.2432160377502441
-1.0174351930618286,-49.2778205871582031,-1.5360852479934692
-7.0401887893676758,-15.9599828720092773,-2.2435445785522461
-11.1511840820312500,-12.5922193527221680,-1.5354123115539551
-22.7310886383056641,-36.7325134277343750,-1.5388184785842896
-25.0219078063964844,-46.7335815429687500,-1.5347142219543457
-8.5718841552734375,-29.1128482818603516,-1.5301617383956909
22.3686294555664063,-41.2974739074707031,-2.2447404861450195
2.0174281597137451,-19.8132457733154297,-1.5377609729766846
32.5839424133300781,-54.9546699523925781,-1.5322300195693970
7.7928776741027832,-51.1160621643066406,-1.5338649749755859
10.6451587677001953,-36.3976821899414063,-1.5336867570877075
-6.8157367706298828,-25.6519966125488281,-1.5309859514236450
-1.0142831802368164,-50.6990089416503906,-1.5358860492706299
-6.8793954849243164,-23.6650524139404297,-1.5363892316818237
1.6987669467926025,-16.5693035125732422,-2.2473361492156982
-3.7802369594573975,-50.6540985107421875,-1.5367976427078247
16.4903469085693359,-29.6183910369873047,-2.2472639083862305
-35.0496597290039063,-55.0646133422851563,-2.2424139976501465
-11.3312463760375977,-49.2473335266113281,-1.5280622243881226
-5.0186104774475098,-9.3166484832763672,-1.5295387506484985
-1.0165743827819824,-44.9301071166992188,-1.5275913476943970
7.4449272155761719,-28.0638008117675781,-1.5215221643447876
22.9892921447753906,-45.7845916748046875,-1.5252031087875366
-15.4220504760742188,-23.9207038879394531,-1.5352321863174438
-7.4741277694702148,-40.5612449645996094,-1.5359568595886230
-11.9473371505737305,-29.8812370300292969,-2.2440123558044434
11.3806562423706055,-16.4710235595703125,-2.2484111785888672
-3.0841014385223389,-28.1179466247558594,-1.5365091562271118
2.3990998268127441,-31.4957981109619141,-2.2453474998474121
-27.7805213928222656,-50.6140022277832031,-2.2430853843688965
16.4424934387207031,-47.0354995727539063,-2.2443535327911377
-17.4584598541259766,-22.9260215759277344,-1.5379744768142700
1.7235490083694458,-40.8871269226074219,-2.2442209720611572
12.2825345993041992,-19.7074661254882813,-1.5376235246658325
12.8524913787841797,-45.7392234802246094,-2.2413558959960938
22.2437820434570313,-50.1740570068359375,-1.5349555015563965
11.4432296752929688,-48.6760063171386719,-2.2424678802490234
-21.6113319396972656,-40.3662261962890625,-1.5312095880508423
30.5369129180908203,-56.3365936279296875,-2.2509298324584961
17.1042957305908203,-47.8035507202148438,-1.5337500572204590
-3.0482988357543945,-41.8718185424804688,-2.2538216114044189
18.1802196502685547,-54.8560791015625000,-2.2435986995697021
-8.5808982849121094,-22.8052558898925781,-1.5296597480773926
1.0216236114501953,-52.5627593994140625,-2.2456378936767578
-8.5802526473999023,-46.4694938659667969,-1.5349196195602417
-6.8345708847045898,-11.4797744750976563,-1.5359058380126953
-18.1807117462158203,-24.3052978515625000,-2.2455658912658691
22.9780921936035156,-46.4638671875000000,-2.2471745014190674
2.3444056510925293,-50.6461524963378906,-2.2483768463134766
-5.8178300857543945,-28.9280986785888672,-1.5297093391418457
6.7207145690917969,-44.7319488525390625,-2.2415666580200195
-35.8903427124023438,-54.1569366455078125,-2.2439153194427490
5.5761051177978516,-5.9455976486206055,-1.5388475656509399
13.3805885314941406,-53.6222801208496094,-2.2525227069854736
-6.8688383102416992,-20.0077438354492188,-1.5335475206375122
0.6746301651000977,-8.0800189971923828,-1.5374644994735718
-8.5780763626098633,-21.1241130828857422,-2.2471697330474854
-1.0450072288513184,-37.1967773437500000,-2.2472112178802490
1.0161215066909790,-27.2483386993408203,-2.2538506984710693
16.4000015258789063,-54.6871910095214844,-1.5348259210586548
15.4234485626220703,-45.0059432983398438,-2.2026269435882568
-25.7076377868652344,-55.5945968627929688,-2.2454888820648193
13.3692045211791992,-31.1805362701416016,-1.5322078466415405
12.0646438598632813,-28.4983825683593750,-1.5343697071075439
8.1028394699096680,-33.5218582153320313,-1.5320822000503540
2.4061954021453857,-37.1668739318847656,-2.2450106143951416
27.0752735137939453,-52.7269287109375000,-1.5351165533065796
8.5852546691894531,-31.6882133483886719,-2.2544362545013428
-3.7077536582946777,-5.0394892692565918,-1.5382636785507202
12.6113424301147461,-12.0294132232666016,-2.2426741123199463
13.3800849914550781,-22.7024898529052734,-1.5298451185226440
-7.2032542228698730,-35.3359260559082031,-2.2472896575927734
0.9998746514320374,-11.7033491134643555,-2.2565462589263916
-12.6593322753906250,-42.7205352783203125,-1.5325418710708618
-4.0488948822021484,-9.1879634857177734,-2.2412745952606201
16.1151847839355469,-56.3076553344726563,-1.5340541601181030
13.3788404464721680,-17.5754432678222656,-1.5335735082626343
-15.4186239242553711,-45.4933967590332031,-1.5316309928894043
-1.0388944149017334,-29.2784175872802734,-1.5386836528778076
-20.2223663330078125,-36.1351737976074219,-1.5387344360351563
5.8106389045715332,-42.1609306335449219,-2.2545320987701416
22.2772789001464844,-51.5604476928710938,-1.5357147455215454
-16.2513084411621094,-33.5837631225585938,-2.2323715686798096
-6.8191723823547363,-40.3160514831542969,-2.2435758113861084
-7.8872518539428711,-44.7630081176757813,-1.5234016180038452
2.3959250450134277,-35.0330123901367188,-1.5341135263442993
13.3830614089965820,-55.6302413940429688,-2.2469441890716553
10.6200056076049805,-27.1258354187011719,-1.5307760238647461
3.0798153877258301,-38.5987205505371094,-1.5348675251007080
1.4347593784332275,-44.5459709167480469,-1.5280147790908813
-1.0207110643386841,-47.6174812316894531,-2.2502336502075195
8.1052236557006836,-37.1749916076660156,-2.2488074302673340
-31.7399635314941406,-54.4164695739746094,-2.2429902553558350
-6.8631987571716309,-12.1807851791381836,-2.2422871589660645
-27.0935802459716797,-57.0081367492675781,-2.2469115257263184
17.5691204071044922,-37.7985763549804688,-2.2437026500701904
11.9805374145507813,-40.5956954956054688,-1.5355782508850098
16.3333148956298828,-33.2169189453125000,-2.2503654956817627
12.6776819229125977,-15.4699935913085938,-1.5360082387924194
8.5861730575561523,-40.2854194641113281,-1.5300430059432983
18.1841716766357422,-44.3084869384765625,-2.2462623119354248
11.3364429473876953,-26.4389610290527344,-1.5314133167266846
-13.3863172531127930,-37.3843040466308594,-1.5324087142944336
22.9809761047363281,-53.9686088562011719,-2.2466781139373779
6.7749357223510742,-52.9505767822265625,-1.5218732357025146
-39.4512214660644531,58.9382858276367188,-2.3999996185302734
1.7109731435775757,-37.1641540527343750,-1.5349583625793457
-3.7815716266632080,-44.5106582641601563,-1.5355083942413330
-3.3258225917816162,-24.9098052978515625,-1.5279756784439087
-31.8115711212158203,-51.3878211975097656,-2.2413287162780762
-13.3799428939819336,-31.9486808776855469,-1.5304741859436035
-1.2728523015975952,-5.4479551315307617,-1.5380034446716309
18.1799201965332031,-54.1622886657714844,-1.5334036350250244
5.8175277709960938,-17.1411304473876953,-2.2432649135589600
-26.7061519622802734,-44.3898887634277344,-1.5382884740829468
-8.5805416107177734,-45.4765548706054688,-1.5324120521545410
-8.5780153274536133,-30.4596424102783203,-1.5302698612213135
20.9373054504394531,-52.4200401306152344,-2.2451071739196777
0.6457117795944214,-3.3782961368560791,-2.2413103580474854
5.8192033767700195,-25.7958812713623047,-2.2453610897064209
8.5812320709228516,-53.7379302978515625,-2.2492330074310303
1.0198668241500854,-30.5847721099853516,-2.2517375946044922
0.6223620772361755,-8.7785758972167969,-2.2445211410522461
16.6389808654785156,-26.3887329101562500,-1.5335386991500854
12.0766067504882813,-32.7059020996093750,-1.5278134346008301
-11.8928337097167969,-48.2329139709472656,-1.5288236141204834
8.5858030319213867,-13.2848777770996094,-2.2440462112426758
1.0125850439071655,-38.5678520202636719,-2.2456884384155273
12.6331510543823242,-22.7063121795654297,-2.2461116313934326
-5.8184986114501953,-25.7111415863037109,-1.5304348468780518
15.4101076126098633,-41.4921150207519531,-2.2492077350616455
5.8211698532104492,-41.5015640258789063,-1.5271925926208496
13.3789854049682617,-25.1473197937011719,-1.5330283641815186
10.6182928085327148,-46.4870491027832031,-2.2421338558197021
2.7936630249023438,-44.1364097595214844,-2.2560403347015381
-21.9232006072998047,-36.8835563659667969,-2.2414352893829346
-12.4726028442382813,-27.2167034149169922,-1.5313192605972290
-2.4003181457519531,-56.3026313781738281,-1.5339787006378174
-13.3850631713867188,-46.2031059265136719,-2.2445216178894043
6.2629437446594238,-11.1405534744262695,-2.2442309856414795
12.7032184600830078,-47.0005264282226563,-2.2421433925628662
7.9450273513793945,-40.1487083435058594,-2.2505269050598145
-12.0544881820678711,-35.3975334167480469,-2.2604959011077881
21.0642032623291016,-40.2948951721191406,-1.5374298095703125
27.7791557312011719,-43.9661712646484375,-1.5350327491760254
4.8742413520812988,-9.6285343170166016,-2.2443222999572754
-10.6201877593994141,-23.4931049346923828,-1.5371539592742920
15.4191770553588867,-56.2999877929687500,-2.2451934814453125
7.9086008071899414,-15.7269697189331055,-1.5323939323425293
21.7172737121582031,-40.0274772644042969,-2.2417886257171631
2.1237666606903076,-51.6955490112304688,-1.5305526256561279
-1.7147325277328491,-55.5902366638183594,-1.5345983505249023
-18.1786918640136719,-25.5928077697753906,-1.5356588363647461
-26.3048820495605469,-49.2073554992675781,-2.2416610717773438
15.4219188690185547,-19.9830188751220703,-2.2412056922912598
-22.2908954620361328,-51.1677360534667969,-1.5330212116241455
7.1658868789672852,-19.9895668029785156,-2.2447311878204346
-6.9111933708190918,-55.1150627136230469,-2.2464630603790283
6.8558506965637207,-48.8819541931152344,-2.2446966171264648
12.2910537719726563,-24.7041797637939453,-1.5387471914291382
6.5416636466979980,-20.9074401855468750,-2.2421371936798096
2.3643350601196289,-39.9933395385742188,-2.2491195201873779
-13.3800497055053711,-46.9016113281250000,-1.5348478555679321
22.9792098999023438,-44.1752471923828125,-1.5242496728897095
-7.7870225906372070,-10.4903926849365234,-2.2396333217620850
5.8196454048156738,-55.3022880554199219,-2.2423152923583984
-2.3221554756164551,-26.7408218383789063,-2.2430095672607422
21.3015689849853516,-36.4940338134765625,-2.2459480762481689
4.7551407814025879,-8.9375400543212891,-1.5365874767303467
3.2507519721984863,-6.9846220016479492,-2.2461237907409668
-11.0043153762817383,-31.4287891387939453,-2.2576329708099365
21.0918502807617188,-38.7863044738769531,-2.2501237392425537
-3.0934159755706787,-15.0747699737548828,-2.2456853389739990
21.4224643707275391,-39.3735122680664063,-1.5308072566986084
15.6668052673339844,-32.4767951965332031,-2.2525594234466553
32.5816650390625000,-52.7908897399902344,-2.2431082725524902
3.0794808864593506,-16.6032295227050781,-2.2451395988464355
-6.4706368446350098,-7.7225108146667480,-1.5389131307601929
-16.3503780364990234,-47.4885063171386719,-2.2496004104614258
3.0927097797393799,-34.3295478820800781,-1.5347508192062378
10.6206560134887695,-49.2306556701660156,-2.2580320835113525
1.7018896341323853,-38.5923423767089844,-1.5324550867080688
-12.9151630401611328,-51.4188308715820313,-2.2506740093231201
5.8189888000488281,-13.3066177368164063,-2.2441124916076660
13.3776493072509766,-22.0161628723144531,-2.2459540367126465
1.7072165012359619,-35.0469093322753906,-2.2457129955291748
3.7787249088287354,-49.2863616943359375,-2.2443037033081055
-16.6882247924804688,-31.6805744171142578,-1.5378037691116333
13.3164796829223633,-11.9600992202758789,-1.5384820699691772
12.2283973693847656,-23.9573287963867188,-2.2442133426666260
-3.1350669860839844,-11.9866285324096680,-1.5376231670379639
37.3014297485351563,-54.0230216979980469,-1.5380889177322388
29.8163204193115234,-52.0955390930175781,-1.5355972051620483
-18.1626663208007813,-27.2883033752441406,-2.2432174682617188
16.7720279693603516,-41.5410041809082031,-2.2430505752563477
25.5874824523925781,-44.2146415710449219,-1.5372020006179810
-6.3113555908203125,-13.0106191635131836,-2.2465071678161621
7.0769796371459961,-38.0755081176757813,-2.2515692710876465
7.5978426933288574,-36.6160583496093750,-1.5276275873184204
7.5733609199523926,-37.6066780090332031,-1.5329765081405640
16.6449508666992188,-36.8123970031738281,-2.2518191337585449
-20.9181499481201172,-49.7868156433105469,-1.5329501628875732
21.5358619689941406,-35.7133598327636719,-1.6719908714294434
3.7811560630798340,-52.0084838867187500,-2.2497661113739014
-13.3805351257324219,-14.7405080795288086,-1.5376901626586914
-1.6224210262298584,-12.6534843444824219,-2.2412266731262207
18.0764770507812500,-45.9191513061523438,-1.5172123908996582
-8.2017087936401367,-48.9927253723144531,-2.2562522888183594
8.2566394805908203,-8.2307586669921875,-1.5382206439971924
11.3162469863891602,-38.4611434936523438,-1.5354063510894775
-5.8139758110046387,-33.2523422241210938,-1.5302584171295166
20.2156600952148438,-45.6712036132812500,-1.5301854610443115
13.3834562301635742,-49.3054656982421875,-2.2510430812835693
-26.4015941619873047,-55.5950813293457031,-1.5354532003402710
3.0742723941802979,-49.2827796936035156,-1.5370084047317505
37.2927742004394531,-57.0039024353027344,-2.2443945407867432
27.0895805358886719,-50.6116485595703125,-2.2440996170043945
-6.3300595283508301,-23.2545299530029297,-2.2533845901489258
-11.2637329101562500,-10.4756069183349609,-1.5387601852416992
-15.4158811569213867,-56.3024330139160156,-2.2439999580383301
-16.1034240722656250,-53.4688606262207031,-1.5347409248352051
6.5181646347045898,-16.4405002593994141,-2.2446286678314209
-5.8186564445495605,-18.1305847167968750,-1.5323873758316040
12.0137023925781250,-56.2729072570800781,-1.5278112888336182
-25.0211620330810547,-48.0762557983398438,-1.5240732431411743
-7.2312998771667480,-27.4948139190673828,-1.5321547985076904
-12.0521764755249023,-42.4218750000000000,-2.2482700347900391
-16.7980957031250000,-54.8812141418457031,-2.2460584640502930
2.1476299762725830,-27.7544231414794922,-2.2475187778472900
-1.7802166938781738,-10.4482250213623047,-1.5367169380187988
22.9462585449218750,-55.6371231079101563,-1.5301939249038696
8.5790157318115234,-27.8317985534667969,-2.2411935329437256
-4.6845288276672363,-7.6108908653259277,-1.5355807542800903
-9.8316469192504883,-8.4000196456909180,-1.5382938385009766
-1.7228319644927979,-52.8006515502929688,-1.5360842943191528
1.7494384050369263,-25.2964115142822266,-2.2430522441864014
22.9819221496582031,-52.2588462829589844,-1.5341445207595825
25.0136852264404297,-55.3625068664550781,-1.5375963449478149
2.7845172882080078,-45.5016860961914063,-2.2438743114471436
-2.5392355918884277,-9.8013954162597656,-1.5387083292007446
16.1293773651123047,-39.3908843994140625,-2.2436439990997314
-7.1359057426452637,-14.7934551239013672,-2.2468891143798828
-25.0167770385742188,-53.4764747619628906,-2.2433886528015137
-6.4956684112548828,-45.4647827148437500,-2.2484412193298340
-1.9716849327087402,-25.1066017150878906,-1.5349770784378052
-11.0797681808471680,-38.3840484619140625,-2.2498853206634521
20.2212333679199219,-47.6937332153320313,-1.5327844619750977
-3.4439964294433594,-8.2219820022583008,-1.5347169637680054
-20.2152290344238281,-50.4847640991210938,-1.5330923795700073
27.6480865478515625,-55.0592002868652344,-2.2493517398834229
-2.5227029323577881,-17.0131111145019531,-1.5384064912796021
-27.7885437011718750,-56.3050575256347656,-2.2446558475494385
18.1800937652587891,-23.8853836059570313,-1.5372414588928223
-13.3821821212768555,-57.0036697387695313,-1.5362327098846436
-2.4504032135009766,-28.4267005920410156,-2.2424776554107666
-11.3359355926513672,-22.7963027954101563,-1.5369651317596436
-3.7827472686767578,-45.9123344421386719,-1.5317593812942505
17.0089282989501953,-53.4033508300781250,-2.2493443489074707
-11.3177061080932617,-20.7719402313232422,-2.2425138950347900
10.6193351745605469,-17.1013069152832031,-2.2527613639831543
-3.0745089054107666,-45.2150611877441406,-1.5354610681533813
7.2462668418884277,-40.1077232360839844,-1.5387634038925171
11.9787397384643555,-41.2980003356933594,-2.2456741333007813
-6.2920918464660645,-25.2255268096923828,-2.2502179145812988
-10.6178464889526367,-18.3068885803222656,-2.2431170940399170
12.8956813812255859,-18.7645893096923828,-1.5335954427719116
-12.5259561538696289,-49.6582717895507813,-2.2474558353424072
3.0844523906707764,-33.6195869445800781,-2.2443001270294189
5.8220629692077637,-26.4934215545654297,-1.5355756282806396
20.9868583679199219,-54.5116615295410156,-1.5347682237625122
-16.9878005981445313,-50.9178123474121094,-1.5266735553741455
-16.8542900085449219,-35.4270019531250000,-1.5283743143081665
18.1552047729492188,-49.1551361083984375,-2.2509303092956543
18.1778163909912109,-29.2886104583740234,-2.2486011981964111
-37.3034133911132813,-56.2842292785644531,-1.5367513895034790
-8.0911312103271484,-40.2376098632812500,-2.2453751564025879
2.1859507560729980,-6.7810993194580078,-1.5350894927978516
3.7050888538360596,-29.5299110412597656,-2.2451155185699463
21.4251194000244141,-40.9800682067871094,-2.2488934993743896
-1.0176826715469360,-54.2086524963378906,-2.2463626861572266
-11.4484443664550781,-25.5837135314941406,-1.5387417078018188
12.6679658889770508,-14.0709438323974609,-1.5364079475402832
16.9815349578857422,-38.1766891479492188,-1.5325456857681274
-15.8931388854980469,-30.0311660766601563,-1.5308985710144043
-4.0323119163513184,-9.9335241317749023,-1.5360159873962402
-8.5812892913818359,-44.7926483154296875,-2.2456493377685547
3.7777485847473145,-54.6888389587402344,-2.2480230331420898
-3.7884175777435303,-52.0922431945800781,-1.5329102277755737
-16.2491722106933594,-39.5682144165039063,-1.5269201993942261
1.9378821849822998,-25.9754543304443359,-1.5372865200042725
-10.6196947097778320,-49.9368133544921875,-1.5298107862472534
-3.7851758003234863,-40.2186851501464844,-2.2532868385314941
-5.8191914558410645,-36.0487022399902344,-1.5354514122009277
-20.2180862426757813,-55.6006278991699219,-2.2425582408905029
20.9169273376464844,-51.7277526855468750,-1.5305895805358887
-8.2669858932495117,-14.0339632034301758,-2.2460680007934570
-2.4263839721679688,-52.8095893859863281,-2.2444555759429932
7.5957574844360352,-22.1449432373046875,-1.5277690887451172
1.0208735466003418,-13.7453527450561523,-1.5348708629608154
-1.0214021205902100,-41.6096878051757813,-1.5383034944534302
3.4401602745056152,-14.2336149215698242,-2.2437117099761963
6.3660473823547363,-27.7176342010498047,-1.5386304855346680
-1.0154991149902344,-45.9455413818359375,-1.5287414789199829
-5.8171162605285645,-28.2709350585937500,-2.2575430870056152
11.8988609313964844,-14.8446016311645508,-1.5387758016586304
-7.8961215019226074,-47.6559143066406250,-1.5385309457778931
-27.0966377258300781,-54.1825103759765625,-2.2465972900390625
25.0174140930175781,-52.7247161865234375,-2.2465410232543945
-10.6205701828002930,-24.2068576812744141,-2.2411975860595703
-16.8189506530761719,-46.3081703186035156,-2.2557427883148193
-20.2140903472900391,-49.0992889404296875,-1.5325534343719482
21.6564121246337891,-53.7910499572753906,-1.5288978815078735
10.6220893859863281,-18.7481346130371094,-1.5321593284606934
-10.6165466308593750,-45.4766159057617188,-1.5289388895034790
-7.6152071952819824,-12.8363533020019531,-2.2507705688476563
-2.1299459934234619,-31.2655792236328125,-1.5357308387756348
3.7828106880187988,-55.3668060302734375,-1.5266104936599731
-7.8695878982543945,-43.4093742370605469,-1.5318144559860229
26.3950309753417969,-51.3138656616210938,-2.2447714805603027
-6.9936828613281250,-13.1298217773437500,-1.5339277982711792
-2.5240542888641357,-48.3838615417480469,-2.2520804405212402
-8.5937843322753906,-9.9052267074584961,-2.2445628643035889
-17.4934616088867188,-54.1726455688476563,-2.2455377578735352
12.0662336349487305,-27.1132965087890625,-1.5339853763580322
-2.4196348190307617,-53.5134773254394531,-1.5362117290496826
16.0877742767333984,-23.4332237243652344,-2.2418823242187500
-22.9801712036132813,-47.6515197753906250,-1.5381430387496948
8.0036849975585938,-27.2378597259521484,-1.5376636981964111
-2.6374914646148682,-21.8774299621582031,-1.5301990509033203
-22.2812976837158203,-53.3168449401855469,-2.2443580627441406
16.8721694946289063,-18.5692977905273438,-2.2417364120483398
11.1250371932983398,-7.8822016716003418,-2.2412512302398682
7.4216380119323730,-7.4684638977050781,-1.5372252464294434
31.1997909545898438,-53.5234184265136719,-1.5340700149536133
8.5807352066040039,-26.8353595733642578,-2.2429993152618408
25.7097415924072266,-52.0239181518554688,-2.2474119663238525
35.3231620788574219,-57.0053024291992188,-2.2422385215759277
6.2054953575134277,-33.0614280700683594,-1.5300829410552979
-6.2707605361938477,-18.6304664611816406,-2.2526581287384033
-1.0184808969497681,-52.0969696044921875,-1.5359483957290649
-15.4746160507202148,-32.1616668701171875,-1.5262959003448486
-18.1767864227294922,-22.2133274078369141,-1.5376085042953491
13.3782148361206055,-25.8314933776855469,-2.2478284835815430
-10.6138458251953125,-57.0073127746582031,-1.5352188348770142
25.7114238739013672,-45.3495979309082031,-2.2449748516082764
-5.8207230567932129,-52.7315368652343750,-1.5351651906967163
-22.2795772552490234,-49.7645301818847656,-1.5346611738204956
18.1794281005859375,-42.2519226074218750,-1.5343385934829712
3.7816803455352783,-49.9770126342773438,-1.5315115451812744
8.5845136642456055,-15.7726526260375977,-2.2468740940093994
-12.6492872238159180,-29.8779582977294922,-1.5323193073272705
27.7846851348876953,-51.3212242126464844,-2.2438104152679443
1.6726374626159668,-50.7704429626464844,-1.5322045087814331
11.2529582977294922,-32.1582832336425781,-1.5303208827972412
12.7012777328491211,-55.4674873352050781,-1.5375983715057373
18.1782531738281250,-38.1315498352050781,-1.5296078920364380
31.9025344848632813,-54.2269172668457031,-1.5333117246627808
20.7241611480712891,-34.1677055358886719,-1.5381407737731934
6.8847737312316895,-23.6672897338867188,-2.2411112785339355
-5.8211712837219238,-40.3123359680175781,-2.2425930500030518
16.2038154602050781,-37.3441581726074219,-1.5340470075607300
-1.0184884071350098,-25.3837966918945313,-1.5323228836059570
10.6167831420898438,-53.2507591247558594,-2.2456536293029785
17.1929626464843750,-37.2098121643066406,-1.5331528186798096
-15.4139022827148438,-54.8755569458007813,-2.2455198764801025
-11.1891365051269531,-48.1887969970703125,-2.2453954219818115
7.4991831779479980,-12.2313947677612305,-1.5385410785675049
7.0790581703186035,-26.8197040557861328,-1.5190172195434570
10.6183204650878906,-35.4080772399902344,-1.5352213382720947
5.8203282356262207,-16.4368038177490234,-1.5369263887405396
-8.5057897567749023,-8.3487367630004883,-1.5384300947189331
-8.5840959548950195,-14.6472778320312500,-1.5342268943786621
-26.3973999023437500,-51.3402786254882813,-1.5326348543167114
2.7740342617034912,-44.8106422424316406,-1.5330287218093872
-1.0186622142791748,-23.0354290008544922,-1.5272735357284546
-16.8935832977294922,-36.8957443237304688,-2.2450644969940186
-25.7903366088867188,-48.1186523437500000,-2.2452883720397949
-16.9466361999511719,-25.8484420776367188,-2.2473759651184082
10.6201601028442383,-13.0955305099487305,-1.5354532003402710
-1.0194855928421021,-38.8721351623535156,-1.5277061462402344
5.8212599754333496,-47.4340591430664063,-1.5310359001159668
6.5356159210205078,-37.4639129638671875,-1.5367581844329834
-1.0132077932357788,-54.8961334228515625,-1.5328011512756348
-35.2917938232421875,-53.0553932189941406,-2.2413020133972168
10.6212759017944336,-51.8784828186035156,-2.2511355876922607
-3.9119005203247070,-6.2917900085449219,-1.5371681451797485
5.8171133995056152,-19.4913253784179688,-1.5342798233032227
-1.7144181728363037,-15.8595848083496094,-1.5330528020858765
-13.3788986206054688,-31.2653675079345703,-2.2462086677551270
11.4074602127075195,-49.8433265686035156,-2.2437512874603271
-22.1110763549804688,-38.4809722900390625,-1.8977897167205811
-17.6755294799804688,-49.2191352844238281,-1.5366721153259277
-16.9937305450439453,-50.2354393005371094,-2.2461760044097900
-13.3857650756835938,-55.6003379821777344,-1.5354286432266235
-11.2955389022827148,-56.2998237609863281,-1.5372213125228882
-25.7341003417968750,-46.7343482971191406,-2.2451622486114502
7.5001311302185059,-14.1313028335571289,-2.2450418472290039
22.9778938293457031,-47.8080978393554688,-2.2525265216827393
-31.7215518951416016,-55.8239707946777344,-2.2426323890686035
18.1825504302978516,-46.5456962585449219,-2.2562386989593506
31.8839702606201172,-52.0779953002929688,-2.2454469203948975
-2.4224855899810791,-52.0997390747070313,-1.5340510606765747
-13.3811941146850586,-52.5611648559570313,-2.2548520565032959
-13.3796958923339844,-12.6229019165039063,-2.2419152259826660
1.7736026048660278,-13.0645265579223633,-1.5324225425720215
-10.6173601150512695,-17.6039199829101563,-1.5369346141815186
-2.5940742492675781,-18.8313274383544922,-2.2412395477294922
11.2234830856323242,-21.9960937500000000,-1.5362309217453003
15.4210968017578125,-23.2048931121826172,-1.5368627309799194
-22.9886417388916016,-56.0478057861328125,-1.5288321971893311
22.9812374114990234,-51.5387268066406250,-2.2442440986633301
11.4169197082519531,-17.1668071746826172,-1.5365952253341675
-18.1808433532714844,-34.9126815795898438,-2.2427523136138916
-8.5812492370605469,-33.9036102294921875,-2.2426755428314209
-25.7367477416992188,-46.0372734069824219,-1.5354177951812744
-1.0216479301452637,-20.7319488525390625,-1.5332164764404297
-11.9671649932861328,-46.2363052368164063,-2.2509865760803223
2.9108879566192627,-10.6879329681396484,-2.2480564117431641
-5.8173117637634277,-46.1788711547851563,-2.2536487579345703
11.2824497222900391,-40.5902938842773438,-2.2431693077087402
-10.6163778305053711,-55.5757064819335938,-1.5323758125305176
5.8195457458496094,-57.0042686462402344,-1.5363402366638184
3.0809462070465088,-22.9662055969238281,-1.5366201400756836
-3.7778465747833252,-41.8891029357910156,-1.5317168235778809
15.4200105667114258,-39.3898391723632813,-1.5354564189910889
-30.5264701843261719,-53.9229774475097656,-2.2428643703460693
2.4013957977294922,-43.2180366516113281,-2.2411544322967529
20.2133884429931641,-43.1263961791992188,-1.5295217037200928
-1.7309577465057373,-41.5934562683105469,-2.2491352558135986
-17.6783542633056641,-33.4602851867675781,-2.2434656620025635
11.3368768692016602,-54.6212005615234375,-1.5353740453720093
5.8197126388549805,-39.1564750671386719,-1.5380625724792480
5.8145418167114258,-53.8850631713867188,-2.2456965446472168
-10.6181039810180664,-16.1971206665039063,-1.5361685752868652
-9.9197282791137695,-10.1396732330322266,-1.5381262302398682
15.4205312728881836,-28.9107475280761719,-2.2531270980834961
-3.0953807830810547,-44.5223045349121094,-2.2493753433227539
-16.0986099243164063,-52.7597656250000000,-2.2471563816070557
6.7886924743652344,-25.5576477050781250,-2.2430825233459473
-1.9997044801712036,-45.7478981018066406,-1.5269218683242798
6.7970008850097656,-29.7884616851806641,-1.5334193706512451
10.6174030303955078,-20.4087352752685547,-2.2485327720642090
-13.3778238296508789,-40.3480644226074219,-2.2444047927856445
-7.6420736312866211,-38.3880767822265625,-2.2485051155090332
18.1779785156250000,-31.3447761535644531,-1.5357335805892944
13.3788499832153320,-44.5080871582031250,-2.2425053119659424
27.7804241180419922,-47.7928886413574219,-1.5349594354629517
-2.1683089733123779,-38.2655792236328125,-1.5319944620132446
-29.8219318389892578,-53.9213180541992188,-1.5367019176483154
3.7903974056243896,-41.3121223449707031,-2.2487337589263916
-17.0679321289062500,-44.4295501708984375,-1.5388613939285278
-22.0512962341308594,-41.9138488769531250,-2.2412803173065186
-3.7833843231201172,-47.2955970764160156,-1.5340653657913208
22.0435085296630859,-33.6708183288574219,-1.5386722087860107
-10.6193799972534180,-32.9265136718750000,-1.5377190113067627
-1.0212773084640503,-26.0574607849121094,-2.2468106746673584
-2.3596341609954834,-12.6104412078857422,-1.5357499122619629
2.4485392570495605,-57.0064430236816406,-1.5376235246658325
-21.1799087524414063,-44.9825286865234375,-1.5324668884277344
-16.9769268035888672,-33.5177001953125000,-1.5347087383270264
6.8053445816040039,-14.1113004684448242,-1.5349566936492920
16.7603893280029297,-42.9452934265136719,-2.2456586360931396
3.7805371284484863,-25.7370967864990234,-2.2461440563201904
13.3794221878051758,-52.9527893066406250,-1.5315865278244019
8.5849256515502930,-36.6959953308105469,-1.5305724143981934
1.0203068256378174,-55.6288871765136719,-1.5333527326583862
-25.0190963745117188,-47.4190368652343750,-2.2510871887207031
-22.9794578552246094,-48.3557357788085938,-2.2440519332885742
-22.9811077117919922,-44.3059158325195313,-1.5324127674102783
-11.6156597137451172,-53.2858810424804688,-1.5362294912338257
-16.0305957794189453,-50.6368179321289063,-1.5340591669082642
-17.0964469909667969,-40.5211257934570313,-1.5328760147094727
-15.4182729721069336,-52.7434959411621094,-1.5336201190948486
21.9388771057128906,-53.1757507324218750,-2.2460501194000244
17.3890151977539063,-32.0377044677734375,-1.5358957052230835
6.5099310874938965,-49.4702568054199219,-1.5275146961212158
-25.7342529296875000,-45.3379592895507813,-2.2439942359924316
27.7822856903076172,-46.3574104309082031,-1.5353007316589355
3.7809188365936279,-42.2830429077148438,-2.2463974952697754
11.9569377899169922,-36.7883071899414063,-1.5385410785675049
16.9701881408691406,-28.3069992065429688,-1.5387934446334839
-1.0218354463577271,-29.9861831665039063,-2.2423386573791504
12.6638383865356445,-22.0161933898925781,-1.5345009565353394
-3.0904645919799805,-50.5038414001464844,-2.2419443130493164
11.9351558685302734,-32.0340309143066406,-2.2459282875061035
6.8927588462829590,-10.8334560394287109,-1.5367747545242310
10.6208925247192383,-25.0920467376708984,-2.2520136833190918
-1.0219035148620605,-18.6528778076171875,-2.2433192729949951
1.0266170501708984,-31.2441387176513672,-1.5314117670059204
-16.9823951721191406,-26.8325939178466797,-2.2491066455841064
6.4661316871643066,-19.2833194732666016,-2.2475657463073730
-7.9035458564758301,-36.7576446533203125,-1.5314211845397949
-7.8796997070312500,-33.9086265563964844,-1.5355963706970215
21.5667037963867188,-51.5907707214355469,-2.2542779445648193
-3.0233554840087891,-22.4417076110839844,-2.2463846206665039
-32.5778503417968750,-50.7961959838867188,-1.9962974786758423
-26.4759883880615234,-47.4039535522460938,-2.2418601512908936
-16.7853546142578125,-45.0780448913574219,-2.2436780929565430
17.0123996734619141,-54.3904151916503906,-2.2510132789611816
2.3882415294647217,-16.5811462402343750,-1.5340949296951294
5.8191671371459961,-46.0871696472167969,-1.5290350914001465
16.0622768402099609,-42.2403259277343750,-2.2441830635070801
-18.1778182983398438,-45.3857192993164063,-2.2458817958831787
3.0879025459289551,-47.1755065917968750,-2.2510142326354980
-11.3174314498901367,-18.3074169158935547,-1.5332144498825073
-2.7563879489898682,-29.0560073852539063,-1.5329916477203369
-1.7320067882537842,-40.2155723571777344,-2.2475559711456299
-1.7414280176162720,-20.0440406799316406,-1.5375123023986816
-6.6531510353088379,-14.2390575408935547,-1.5365251302719116
11.9576272964477539,-21.3204765319824219,-1.5348311662673950
-16.1024570465087891,-57.0105972290039063,-2.2485165596008301
26.3975315093994141,-47.0750694274902344,-2.2472443580627441
6.1785740852355957,-12.7069692611694336,-1.5360751152038574
11.3511438369750977,-50.5355491638183594,-1.5313361883163452
-20.2202587127685547,-39.9500885009765625,-2.2425205707550049
-3.7768499851226807,-46.6023101806640625,-2.2454371452331543
2.0070879459381104,-21.7914237976074219,-1.5350775718688965
-2.8328850269317627,-35.9750251770019531,-2.2515914440155029
-11.3289060592651367,-41.7404899597167969,-2.2462584972381592
13.3830928802490234,-50.9644470214843750,-1.5302257537841797
16.2575302124023438,-33.8892173767089844,-1.5328581333160400
2.4010977745056152,-48.5510406494140625,-1.5309995412826538
12.0138521194458008,-42.7266616821289063,-2.2446691989898682
6.2004818916320801,-52.6590881347656250,-2.2609629631042480
-7.4281530380249023,-28.5883903503417969,-1.5308818817138672
16.2022609710693359,-30.9060974121093750,-2.2492971420288086
-1.7029401063919067,-7.6939449310302734,-1.5342864990234375
8.5143404006958008,-46.7997436523437500,-1.5333892107009888
16.0771179199218750,-41.5368995666503906,-1.5308985710144043
-21.3662643432617188,-47.0050544738769531,-2.2488749027252197
5.8406567573547363,-44.1254463195800781,-2.2562165260314941
29.8196086883544922,-54.9556961059570313,-1.5371482372283936
-16.7871532440185547,-55.6034889221191406,-1.5333355665206909
2.1649379730224609,-28.4373054504394531,-1.5274772644042969
1.0221252441406250,-24.6008396148681641,-2.2434806823730469
25.0187854766845703,-50.6089591979980469,-1.5348805189132690
-10.6215848922729492,-41.7407455444335938,-1.5341347455978394
-11.6152076721191406,-51.5957450866699219,-2.2445316314697266
-10.6196823120117188,-53.2419090270996094,-1.5244191884994507
5.8159384727478027,-44.7481193542480469,-1.5202647447586060
11.8356847763061523,-31.3562793731689453,-1.5272828340530396
-13.3832511901855469,-29.8738155364990234,-2.2473957538604736
12.6740484237670898,-13.3676643371582031,-2.2428677082061768
-3.0578413009643555,-36.9436836242675781,-2.2449352741241455
-15.9218406677246094,-38.2848129272460938,-2.2420091629028320
-9.5386676788330078,-9.5455646514892578,-2.2422454357147217
10.6192808151245117,-23.7353763580322266,-2.2474892139434814
3.7810037136077881,-39.9845695495605469,-2.2507624626159668
-7.1815981864929199,-47.3346595764160156,-2.2502217292785645
5.8173074722290039,-53.2057418823242188,-1.5307608842849731
-1.4597909450531006,-33.8906173706054688,-1.5320966243743896
11.4830827713012695,-13.5889577865600586,-1.5332198143005371
4.3944516181945801,-11.1264152526855469,-1.5381298065185547
17.2070846557617188,-29.6614151000976563,-1.5355172157287598
-15.7755403518676758,-21.5928134918212891,-1.5382158756256104
22.4755363464355469,-54.4643363952636719,-1.5388118028640747
20.2218685150146484,-57.0121765136718750,-2.2516512870788574
-15.4219169616699219,-38.7808265686035156,-1.5337326526641846
5.8200473785400391,-35.7854042053222656,-1.5354286432266235
21.5205249786376953,-37.8078384399414063,-2.2422034740447998
-16.9968528747558594,-43.6051788330078125,-2.2424981594085693
-27.0744533538818359,-49.9095878601074219,-2.2430944442749023
-6.8452286720275879,-39.3314552307128906,-2.2451896667480469
-13.3807849884033203,-56.2940483093261719,-2.2447543144226074
-6.3272538185119629,-39.8093070983886719,-1.5380644798278809
8.5789537429809570,-40.9837455749511719,-2.2424104213714600
32.5799789428710938,-51.3626937866210938,-2.2433209419250488
27.0842018127441406,-52.0258483886718750,-2.2446606159210205
-1.7241194248199463,-40.9043922424316406,-1.5341522693634033
8.5782127380371094,-26.1322498321533203,-1.5369577407836914
-37.2999420166015625,-52.0202827453613281,-1.5387554168701172
11.7202520370483398,-10.0530347824096680,-2.1604454517364502
-8.5789518356323242,-21.8103790283203125,-1.5339365005493164
-3.2822299003601074,-18.6051788330078125,-1.5357506275177002
8.5792551040649414,-28.5401687622070313,-1.5369753837585449
-1.0188895463943481,-15.1471443176269531,-1.5367296934127808
8.5870313644409180,-55.4126243591308594,-1.5254493951797485
12.0899105072021484,-34.0704154968261719,-1.5336017608642578
-1.7173634767532349,-29.1043281555175781,-2.2523987293243408
-27.7859821319580078,-52.7616577148437500,-1.5352709293365479
-3.7793307304382324,-33.9617996215820313,-2.2543265819549561
16.4542598724365234,-48.0467720031738281,-2.2449452877044678
-5.5481519699096680,-8.1043272018432617,-1.5349595546722412
15.4218177795410156,-27.5631542205810547,-2.2487328052520752
15.6124773025512695,-22.5303668975830078,-2.2433807849884033
22.9794597625732422,-37.7078590393066406,-1.5358607769012451
7.1336607933044434,-24.6342849731445313,-2.2518301010131836
17.6749839782714844,-34.7025680541992188,-2.2486481666564941
13.3796424865722656,-47.2069282531738281,-1.5385670661926270
-12.6996955871582031,-16.1761627197265625,-2.2475652694702148
1.0182851552963257,-15.8436546325683594,-2.2427303791046143
13.3790769577026367,-56.3098602294921875,-1.5323098897933960
-7.2003273963928223,-53.6179275512695313,-1.5284360647201538
-15.4138584136962891,-54.1766014099121094,-1.5364903211593628
37.0807037353515625,-55.6669082641601563,-2.2499241828918457
7.4583230018615723,-31.1693077087402344,-2.2441561222076416
-20.8769016265869141,-48.3627967834472656,-1.5319602489471436
3.5874102115631104,-3.6541004180908203,-2.2414782047271729
10.6215238571166992,-14.0903682708740234,-1.5403754711151123
5.8203463554382324,-45.4091758728027344,-2.2497677803039551
8.5775823593139648,-38.6867027282714844,-1.5366024971008301
-12.2016038894653320,-25.4023380279541016,-2.2511703968048096
-3.1081161499023438,-16.5608577728271484,-2.2454192638397217
3.0964574813842773,-47.8625450134277344,-1.5345965623855591
17.4424781799316406,-49.1340866088867188,-1.5348651409149170
22.9577941894531250,-50.1613769531250000,-2.2442424297332764
-25.0214500427246094,-46.0365676879882813,-2.2443993091583252
-1.0223150253295898,-20.0428619384765625,-2.2465498447418213
-17.4863338470458984,-54.8949699401855469,-1.5338698625564575
22.2257041931152344,-47.7934188842773438,-1.5371848344802856
37.3036003112792969,-55.0201416015625000,-1.5339547395706177
5.8163537979125977,-36.7788810729980469,-1.5304497480392456
25.0172767639160156,-49.2095756530761719,-1.5343675613403320
-8.5783987045288086,-50.8441429138183594,-1.5261220932006836
25.7062339782714844,-47.7824134826660156,-2.2459325790405273
-1.0209473371505737,-17.9539356231689453,-1.5347043275833130
16.2431564331054688,-43.8968238830566406,-2.2427175045013428
2.2931003570556641,-53.3357658386230469,-2.2436416149139404
-16.1282482147216797,-52.0237388610839844,-1.5378948450088501
22.9887886047363281,-52.9444885253906250,-2.2530462741851807
2.3832156658172607,-23.6768798828125000,-1.5279901027679443
11.9692668914794922,-14.0727434158325195,-2.2456250190734863
-13.3780803680419922,-42.7121925354003906,-2.2490336894989014
7.8872494697570801,-28.5470924377441406,-2.2508561611175537
-27.7776985168457031,-41.8916587829589844,-1.5381443500518799
8.8134412765502930,-7.3982982635498047,-1.5378717184066772
-10.6202926635742188,-28.5580368041992188,-1.5343995094299316
25.0284061431884766,-57.0089492797851563,-2.2490689754486084
12.0605020523071289,-51.9107780456542969,-2.2432005405426025
-27.7872562408447266,-54.1849937438964844,-1.5361071825027466
-2.5190773010253906,-46.1978569030761719,-2.2464277744293213
27.0221500396728516,-57.0048294067382813,-2.2437586784362793
5.0410819053649902,-6.7888450622558594,-1.5384463071823120
1.7188574075698853,-54.2521629333496094,-2.2505216598510742
-2.4658639430999756,-6.2084174156188965,-2.2412588596343994
-21.9614486694335938,-46.1371345520019531,-2.2557601928710938
-1.9659415483474731,-47.9968872070312500,-1.5286636352539063
-27.7779064178466797,-44.2966766357421875,-1.5386371612548828
-21.6441917419433594,-39.2822647094726563,-1.5305985212326050
-3.2842931747436523,-12.9711780548095703,-1.5336688756942749
-3.0516417026519775,-27.4178218841552734,-2.2447223663330078
-12.6920328140258789,-16.9142208099365234,-1.5322664976119995
-6.0362901687622070,-26.3515720367431641,-2.2469260692596436
25.5095405578613281,-54.8544464111328125,-2.2483282089233398
-12.6754169464111328,-30.5635738372802734,-2.2453703880310059
-11.2620401382446289,-19.7602024078369141,-1.5377943515777588
6.7717866897583008,-53.6244049072265625,-2.2440023422241211
21.5119323730468750,-50.9300994873046875,-1.5318583250045776
3.0591516494750977,-52.0059814453125000,-1.5257298946380615
-11.7667770385742188,-28.7545890808105469,-2.2448527812957764
11.5490036010742188,-25.7883911132812500,-2.2461898326873779
16.8331584930419922,-39.4049034118652344,-1.5347210168838501
26.7985019683837891,-44.4773483276367188,-2.2427570819854736
-3.7771925926208496,-36.9499778747558594,-1.5323141813278198
7.3750543594360352,-45.9567756652832031,-1.5334632396697998
16.1877765655517578,-35.0839309692382813,-1.5367772579193115
13.3778381347656250,-36.8044090270996094,-1.5388987064361572
21.2069969177246094,-50.0003356933593750,-1.5333721637725830
17.4821033477783203,-54.8716125488281250,-1.5321567058563232
-12.6653747558593750,-45.5220375061035156,-2.2492096424102783
16.9599018096923828,-21.0054264068603516,-1.5389355421066284
27.7808666229248047,-53.4187622070312500,-1.5286616086959839
-3.0243680477142334,-37.6364288330078125,-1.5345845222473145
-7.8700098991394043,-32.4967498779296875,-1.5358803272247314
6.5194516181945801,-38.4549064636230469,-1.5309574604034424
-3.6332170963287354,-39.5911865234375000,-1.5225634574890137
27.0887775421142578,-49.9087257385253906,-1.5347138643264771
13.3797340393066406,-29.5359172821044922,-2.2430291175842285
5.8199982643127441,-40.1470451354980469,-1.5347971916198730
-21.6036777496337891,-51.8797874450683594,-1.5346155166625977
-2.8077337741851807,-49.7729797363281250,-1.5317312479019165
3.0854125022888184,-21.9676189422607422,-1.5335432291030884
-15.4191188812255859,-36.1185111999511719,-2.2492697238922119
-6.8550519943237305,-18.2715110778808594,-1.5361472368240356
3.7831954956054688,-37.8930740356445313,-1.5361763238906860
-15.4213705062866211,-36.7971229553222656,-1.5329090356826782
8.5784101486206055,-37.6914863586425781,-1.5380967855453491
-29.8234958648681641,-55.6167144775390625,-2.2443251609802246
12.9838876724243164,-54.1463012695312500,-1.5224467515945435
-3.7832996845245361,-28.0879611968994141,-2.2447371482849121
-3.7821104526519775,-51.3485069274902344,-2.2476196289062500
21.4360446929931641,-56.4675712585449219,-2.2464556694030762
-11.6075305938720703,-53.9889678955078125,-2.2421066761016846
27.7869262695312500,-50.6101989746093750,-1.5362766981124878
21.6376247406005859,-46.2419166564941406,-2.2594883441925049
1.7161724567413330,-48.5327491760253906,-2.2455599308013916
-13.3638362884521484,-25.8723030090332031,-2.2479665279388428
8.4940843582153320,-10.7790756225585938,-2.2449324131011963
6.7241024971008301,-6.3377108573913574,-1.5387046337127686
11.3230609893798828,-43.4371986389160156,-2.2429938316345215
36.0347671508789063,-53.9064979553222656,-2.2426152229309082
1.3813251256942749,-8.1341342926025391,-2.2417426109313965
5.8185858726501465,-20.2210216522216797,-2.2439863681793213
8.5863304138183594,-51.7183799743652344,-1.5242083072662354
-30.2055587768554688,-51.6239776611328125,-1.5382518768310547
12.6716375350952148,-29.5474605560302734,-1.5382839441299438
1.0211033821105957,-19.8131637573242188,-1.5386604070663452
16.1221046447753906,-40.0965423583984375,-1.5367964506149292
-2.4149327278137207,-51.3767776489257813,-2.2463698387145996
-1.9724670648574829,-5.3418803215026855,-2.2416532039642334
2.6052403450012207,-22.4580287933349609,-2.2482936382293701
17.5661525726318359,-21.4422588348388672,-2.2414445877075195
-3.7808539867401123,-24.4051475524902344,-2.2502183914184570
-1.4963643550872803,-38.3883476257324219,-2.2481977939605713
11.3537778854370117,-44.1532173156738281,-1.5379030704498291
-6.8509001731872559,-20.6939888000488281,-2.2479746341705322
1.0380886793136597,-19.1044559478759766,-2.2413225173950195
11.0830793380737305,-9.1442184448242188,-2.2416830062866211
16.1412239074707031,-26.8739547729492188,-2.2441112995147705
-0.9972060918807983,-4.4885625839233398,-1.5375975370407104
20.2195835113525391,-53.8087005615234375,-1.5305371284484863
-12.5862550735473633,-50.3336296081542969,-1.5308659076690674
20.2109584808349609,-41.5145225524902344,-2.2500894069671631
0.7257532477378845,-7.3709044456481934,-2.2417011260986328
-16.1380825042724609,-40.7774887084960938,-1.5326174497604370
-17.5691757202148438,-38.7720184326171875,-2.2450039386749268
15.4134979248046875,-35.7005767822265625,-1.5255019664764404
-21.2634010314941406,-42.7651901245117188,-1.5307672023773193
21.7530193328857422,-55.1536598205566406,-1.5342231988906860
-12.0096559524536133,-16.1867523193359375,-1.5350244045257568
-1.1386880874633789,-32.7000770568847656,-1.5346370935440063
10.6261730194091797,-23.0463695526123047,-1.5343375205993652
16.1114158630371094,-40.7962837219238281,-2.2483613491058350
17.3366203308105469,-52.4754676818847656,-2.2441010475158691
7.8233370780944824,-49.1266517639160156,-2.2481205463409424
-1.7852988243103027,-35.8272972106933594,-1.5363644361495972
-12.9084482192993164,-22.3362064361572266,-2.2476091384887695
5.8196148872375488,-15.0045089721679688,-1.5380201339721680
-3.0067865848541260,-23.7763137817382813,-2.2466897964477539
-18.1803417205810547,-40.0967140197753906,-1.5296177864074707
-3.2738535404205322,-11.2999687194824219,-2.2443418502807617
-6.3682527542114258,-42.7958717346191406,-1.5290641784667969
-25.0223274230957031,-45.3394508361816406,-1.5358717441558838
-6.8651752471923828,-24.6606712341308594,-1.5368466377258301
-11.1235027313232422,-51.0926399230957031,-1.5378111600875854
-5.8204274177551270,-14.7908344268798828,-1.5338788032531738
11.3230953216552734,-53.2435989379882813,-1.5312094688415527
-5.8161582946777344,-35.3426513671875000,-2.2428593635559082
-5.8151764869689941,-33.9399337768554688,-2.2445225715637207
-17.4929561614990234,-53.4747390747070313,-1.5330818891525269
-37.3034744262695313,-57.0013465881347656,-2.2428183555603027
-2.9753718376159668,-47.2953491210937500,-2.2444188594818115
-1.7274421453475952,-18.6549644470214844,-1.5356304645538330
-25.7080249786376953,-54.8899154663085938,-1.5351213216781616
-3.1471335887908936,-53.5622215270996094,-2.2416305541992188
-10.7795228958129883,-29.2316513061523438,-2.2461321353912354
17.4927787780761719,-40.1474647521972656,-1.5303945541381836
-2.3238248825073242,-43.9044914245605469,-2.2505724430084229
18.1782894134521484,-28.6045532226562500,-1.5344073772430420
-36.6083526611328125,-57.0012817382812500,-1.5339795351028442
-7.3893861770629883,-51.9301528930664063,-2.2421069145202637
-36.6079139709472656,-55.5559082031250000,-1.5347044467926025
-22.9849376678466797,-50.4605598449707031,-1.5371212959289551
-21.5674819946289063,-47.6646766662597656,-1.5346562862396240
-1.0197383165359497,-31.7139320373535156,-1.5334327220916748
7.1004867553710938,-22.6006889343261719,-2.2506444454193115
7.5908122062683105,-24.1331939697265625,-1.5345503091812134
-18.1792583465576172,-30.3222751617431641,-1.5286018848419189
-5.1895818710327148,-11.1174993515014648,-2.2421960830688477
-13.3774356842041016,-45.5125007629394531,-1.5336177349090576
-2.4163403511047363,-54.8855857849121094,-1.5330177545547485
-0.3320201039314270,-11.0984649658203125,-2.2432048320770264
-13.3792152404785156,-51.9111366271972656,-1.5270758867263794
17.7052135467529297,-28.0913085937500000,-2.2462913990020752
-16.4887084960937500,-48.7389450073242188,-1.5355491638183594
3.0479619503021240,-39.9781570434570313,-1.5318138599395752
-22.9871406555175781,-46.6595001220703125,-1.5358778238296509
-32.5786819458007813,-54.2702522277832031,-1.5349559783935547
-6.8599724769592285,-29.1031818389892578,-2.2456977367401123
-5.6836099624633789,-9.4565162658691406,-2.2476651668548584
2.3883633613586426,-32.1975364685058594,-1.5355503559112549
-7.5399127006530762,-16.4894790649414063,-1.5328475236892700
-18.1765918731689453,-31.6617717742919922,-1.5283964872360229
-1.0202772617340088,-51.3971405029296875,-2.2446982860565186
-8.5824527740478516,-53.6927719116210938,-2.2521829605102539
-18.1784095764160156,-26.2923374176025391,-2.2433607578277588
8.5705184936523438,-32.3600730895996094,-1.5312632322311401
-12.1618852615356445,-24.0146751403808594,-2.2441885471343994
6.4411621093750000,-28.8580722808837891,-1.5352976322174072
11.3602285385131836,-51.8897933959960938,-1.5327607393264771
-17.4623527526855469,-27.3002433776855469,-1.5303345918655396
2.4129264354705811,-40.8785934448242188,-1.5318995714187622
-2.8305943012237549,-35.3142318725585938,-1.5282427072525024
3.7809379100799561,-32.2064666748046875,-1.5356174707412720
3.7776398658752441,-19.6649875640869141,-2.2501845359802246
-20.9207172393798828,-56.3035812377929688,-2.2437455654144287
18.1823749542236328,-42.9402465820312500,-2.2462496757507324
-13.3818140029907227,-17.6333599090576172,-1.5366997718811035
-7.5806140899658203,-29.8158187866210938,-1.5386626720428467
-17.7170543670654297,-48.2292060852050781,-1.5299377441406250
8.5852308273315430,-33.0411376953125000,-2.2480652332305908
-13.3804359436035156,-24.1976146697998047,-1.5332472324371338
8.5794391632080078,-39.3845825195312500,-2.2430040836334229
-2.7074084281921387,-25.7812118530273438,-1.5388728380203247
6.5184340476989746,-55.3067207336425781,-1.5346231460571289
11.6287918090820313,-18.7003726959228516,-1.5343997478485107
7.8788266181945801,-20.6782512664794922,-2.2484359741210938
21.8488712310791016,-38.4271888732910156,-1.5331476926803589
1.0155642032623291,-36.4573936462402344,-1.5358555316925049
-15.4214706420898438,-25.5917930603027344,-1.5380831956863403
7.8633909225463867,-32.3704719543457031,-2.2466816902160645
6.4384183883666992,-30.4911594390869141,-2.2413396835327148
-26.6082916259765625,-42.0721473693847656,-2.2420551776885986
-4.3780903816223145,-8.5600366592407227,-1.5370242595672607
-1.6187943220138550,-26.6767024993896484,-1.5381566286087036
6.3112592697143555,-7.9029192924499512,-2.2414388656616211
-15.8541021347045898,-34.6111259460449219,-1.5214152336120605
16.6097927093505859,-22.5831184387207031,-2.2417352199554443
-7.9780859947204590,-13.4067649841308594,-1.5303093194961548
-8.5791797637939453,-40.7309951782226563,-1.5362024307250977
-12.2785892486572266,-44.3265686035156250,-2.2491643428802490
12.6752510070800781,-41.2984275817871094,-1.5353169441223145
18.1788997650146484,-24.5842609405517578,-2.2434015274047852
-15.4187526702880859,-34.1314849853515625,-2.2560219764709473
-25.0180473327636719,-48.7330207824707031,-2.2484388351440430
17.0331077575683594,-25.0941524505615234,-2.2501702308654785
26.3937339782714844,-52.7411651611328125,-2.2496745586395264
13.3776006698608398,-20.6288909912109375,-2.2452926635742188
-7.8856000900268555,-35.3188476562500000,-1.5334140062332153
20.9937648773193359,-57.0039672851562500,-1.5370311737060547
-11.3127813339233398,-16.1876468658447266,-2.2450056076049805
-1.7829818725585938,-36.5246925354003906,-2.2453212738037109
3.9312334060668945,-8.3777227401733398,-1.5343049764633179
-22.9804878234863281,-49.7556533813476563,-2.2439813613891602
-6.1032862663269043,-8.5190467834472656,-2.2448716163635254
15.4174556732177734,-55.6086158752441406,-1.5346699953079224
31.5039901733398438,-49.3175010681152344,-2.2411890029907227
11.3164186477661133,-46.5083084106445313,-1.5326300859451294
3.7192001342773438,-4.7467365264892578,-2.2413051128387451
2.0948863029479980,-26.9616947174072266,-1.6454474925994873
8.5837326049804688,-19.9838733673095703,-2.2416520118713379
2.5958430767059326,-21.4606170654296875,-2.2523674964904785
29.8174839019775391,-57.0114288330078125,-2.2485077381134033
22.2701873779296875,-57.0069808959960938,-2.2431516647338867
8.9520444869995117,-8.0916614532470703,-2.2422645092010498
-13.3777122497558594,-48.2812690734863281,-1.5313106775283813
10.6209402084350586,-21.3788375854492188,-2.0320942401885986
-25.0223884582519531,-41.8379821777343750,-2.2416133880615234
-25.7136592864990234,-51.3644485473632813,-2.2461531162261963
-3.0978355407714844,-55.5975875854492188,-1.5337678194046021
-18.1802062988281250,-47.0630607604980469,-1.5316891670227051
-11.7717809677124023,-46.8976974487304688,-1.5340185165405273
-9.3219089508056641,-11.0841560363769531,-2.2450647354125977
-22.9809837341308594,-49.0580711364746094,-1.5363210439682007
22.2858066558837891,-44.9201583862304688,-1.5378391742706299
12.6591711044311523,-21.3221721649169922,-2.2452991008758545
1.0165123939514160,-54.9455986022949219,-2.2470667362213135
11.7791357040405273,-45.9931526184082031,-2.2484009265899658
-3.7759971618652344,-15.8020277023315430,-2.2463710308074951
15.4167938232421875,-57.0050201416015625,-1.5374395847320557
-16.1532649993896484,-44.1354446411132813,-2.2511162757873535
-8.1651487350463867,-11.0929718017578125,-1.5383360385894775
8.0774765014648438,-23.6272048950195313,-2.2437388896942139
-20.9261550903320313,-57.0036621093750000,-1.5358685255050659
-18.1787681579589844,-49.7061119079589844,-2.2421987056732178
-18.1844577789306641,-54.1876411437988281,-1.5358164310455322
-13.3804159164428711,-32.6202125549316406,-2.2518725395202637
1.0133354663848877,-32.2273902893066406,-1.5311543941497803
-7.9161348342895508,-25.8093376159667969,-1.5368880033493042
22.9781780242919922,-50.8501129150390625,-1.5325905084609985
-27.0736160278320313,-49.2064094543457031,-1.5371237993240356
11.6968698501586914,-15.5239391326904297,-2.2419059276580811
-20.6889762878417969,-46.9424552917480469,-1.5291601419448853
21.7509460449218750,-54.4660224914550781,-2.2472350597381592
-13.3800764083862305,-22.8363647460937500,-1.5319243669509888
3.7804043292999268,-39.3006401062011719,-1.5346711874008179
27.7826194763183594,-52.0287742614746094,-1.5367279052734375
-1.0193785429000854,-39.5284271240234375,-2.2526354789733887
-16.4957447052001953,-40.1927871704101563,-2.2505648136138916
-25.0217590332031250,-44.6405830383300781,-2.2445921897888184
-18.1789073944091797,-44.0705757141113281,-2.2530810832977295
-13.3805789947509766,-26.5548725128173828,-1.5297223329544067
1.3620198965072632,-10.2522554397583008,-1.5288196802139282
-13.3804855346679688,-19.7614383697509766,-2.2435798645019531
12.5867538452148438,-10.1161336898803711,-1.5388355255126953
11.3060121536254883,-39.1616401672363281,-2.2474133968353271
-1.0207122564315796,-34.4296188354492188,-2.2435207366943359
-12.3139715194702148,-53.2907600402832031,-2.2496650218963623
-11.9918203353881836,-57.0068435668945313,-1.5351135730743408
13.3784923553466797,-18.2628421783447266,-2.2454259395599365
-6.0777487754821777,-43.4140701293945313,-2.2466669082641602
12.3831081390380859,-10.7952251434326172,-2.2419760227203369
-8.5857563018798828,-24.1709671020507813,-1.5362954139709473
12.6709737777709961,-48.6208038330078125,-2.2423512935638428
31.8856887817382813,-52.7997741699218750,-1.5347231626510620
5.8198394775390625,-22.2674694061279297,-1.5333838462829590
35.3287200927734375,-53.2004547119140625,-2.2427954673767090
15.4203510284423828,-38.6931800842285156,-2.2455036640167236
-3.7770187854766846,-26.7272415161132813,-2.2498946189880371
-17.2299594879150391,-30.0185890197753906,-1.5365434885025024
-16.7954998016357422,-52.7671203613281250,-1.5319478511810303
-12.6772556304931641,-14.0333108901977539,-1.5364618301391602
-16.1683692932128906,-32.1571426391601563,-2.2426271438598633
0.6454352736473083,-10.5096769332885742,-2.2419319152832031
-21.1712436676025391,-50.7390861511230469,-1.5275815725326538
11.9869174957275391,-39.8856163024902344,-2.2448718547821045
-22.2841300964355469,-50.4643592834472656,-2.2429277896881104
20.2181720733642578,-50.0354995727539063,-1.5390235185623169
-25.7392520904541016,-44.6389770507812500,-1.5366369485855103
3.7846105098724365,-36.4563331604003906,-1.5354232788085938
-6.2518925666809082,-6.9734959602355957,-2.1625158786773682
17.4721851348876953,-23.8790378570556641,-2.2414917945861816
6.9458599090576172,-42.4245758056640625,-2.2450480461120605
3.0630502700805664,-54.6986160278320313,-1.5305444002151489
15.4224224090576172,-33.7464103698730469,-2.2512881755828857
1.0190883874893188,-25.9714794158935547,-2.2517900466918945
-17.0110015869140625,-48.2431411743164063,-2.2413864135742188
-12.2549953460693359,-52.3107223510742188,-1.5375674962997437
1.0149167776107788,-32.9155044555664063,-2.2457394599914551
16.7858009338378906,-40.8389244079589844,-1.5325295925140381
-12.6593008041381836,-25.8752040863037109,-1.5274294614791870
-1.7046548128128052,-57.0074615478515625,-1.5333791971206665
-3.9626934528350830,-11.4328975677490234,-1.5360622406005859
3.0493576526641846,-51.3400573730468750,-2.2506074905395508
-3.0437598228454590,-26.7202510833740234,-1.5367773771286011
-17.5659790039062500,-37.2401657104492188,-1.5316860675811768
1.5441999435424805,-6.0186152458190918,-1.5385128259658813
-3.3084738254547119,-40.6949119567871094,-1.5333278179168701
-22.9824905395507813,-51.8880271911621094,-1.5350772142410278
1.7432522773742676,-54.9410362243652344,-1.5344938039779663
11.3525161743164063,-27.1206130981445313,-2.2481462955474854
31.1921195983886719,-51.3577041625976563,-2.2456574440002441
5.8207235336303711,-49.4634475708007813,-2.2440383434295654
-10.6138696670532227,-35.9050865173339844,-1.5328040122985840
-7.4682555198669434,-17.4856662750244141,-1.5343815088272095
-11.3227491378784180,-17.6073055267333984,-2.2427031993865967
7.3346586227416992,-27.4243049621582031,-2.2539908885955811
-10.6198329925537109,-52.5805397033691406,-2.2485346794128418
16.5819664001464844,-35.7866668701171875,-2.2413811683654785
-6.8400859832763672,-22.0499534606933594,-2.2497615814208984
-25.0145111083984375,-54.8870506286621094,-2.2437860965728760
12.4238109588623047,-53.3379249572753906,-2.2425770759582520
-8.5800533294677734,-47.8119773864746094,-2.2491378784179688
2.3694374561309814,-18.0102176666259766,-1.5342588424682617
17.6566524505615234,-19.4332160949707031,-2.2411580085754395
12.9349555969238281,-51.4586029052734375,-2.2525041103363037
8.5790319442749023,-19.2808475494384766,-1.5358124971389771
-12.0106592178344727,-16.8917331695556641,-2.2474703788757324
-11.9149246215820313,-43.7270355224609375,-1.5386143922805786
-27.7828750610351563,-46.4097862243652344,-1.5279574394226074
22.9798374176025391,-36.7123870849609375,-1.5377407073974609
-7.8587427139282227,-31.7978591918945313,-2.2431023120880127
-12.0343570709228516,-41.0442771911621094,-2.2495734691619873
-10.6926860809326172,-12.0670204162597656,-2.2446184158325195
18.1801052093505859,-52.2835197448730469,-1.5364897251129150
-1.0138138532638550,-53.4935607910156250,-1.5363320112228394
10.6148996353149414,-39.1611022949218750,-1.5360361337661743
6.5790758132934570,-23.0306415557861328,-1.5340566635131836
-29.8216705322265625,-52.2182426452636719,-2.2415418624877930
1.0192364454269409,-42.2981109619140625,-1.5375134944915771
-20.4808387756347656,-36.7952423095703125,-2.2415585517883301
-1.0276639461517334,-35.1306419372558594,-1.5360382795333862
15.4199304580688477,-46.9943885803222656,-2.2436735630035400
-1.7014468908309937,-13.3537540435791016,-1.5340989828109741
16.3992023468017578,-49.1636924743652344,-2.2411196231842041
1.7341814041137695,-55.6346244812011719,-2.2466633319854736
15.4223384857177734,-35.0507202148437500,-2.2579472064971924
10.6102781295776367,-39.8616905212402344,-2.2465984821319580
1.0149407386779785,-16.5482273101806641,-1.5348025560379028
12.6592235565185547,-31.8987598419189453,-1.5371048450469971
2.4035768508911133,-35.7495460510253906,-2.2463691234588623
-2.8285179138183594,-39.0056190490722656,-1.5341897010803223
-6.4939980506896973,-44.7882804870605469,-1.5226169824600220
2.5727612972259521,-5.4455733299255371,-1.5357710123062134
-3.6925611495971680,-23.7486248016357422,-1.5255360603332520
-25.9299278259277344,-41.8674468994140625,-1.5384715795516968
3.2108416557312012,-4.2537627220153809,-1.5378723144531250
-7.4581885337829590,-46.7121429443359375,-1.5319957733154297
-8.5791416168212891,-41.7208099365234375,-1.5373374223709106
17.4744243621826172,-31.3445167541503906,-2.2446799278259277
-21.8584938049316406,-43.0957298278808594,-2.2534570693969727
4.5018677711486816,-7.2460088729858398,-2.2430977821350098
1.0218962430953979,-20.8114624023437500,-1.5383070707321167
32.5804061889648438,-52.0842857360839844,-1.5370290279388428
-8.5341300964355469,-11.6959810256958008,-2.2428596019744873
-5.8310661315917969,-53.7197532653808594,-1.5326641798019409
10.6189746856689453,-38.4439430236816406,-2.2447717189788818
6.0307459831237793,-6.4907379150390625,-2.2411983013153076
-8.8890647888183594,-9.2705831527709961,-1.5366243124008179
3.7812488079071045,-22.9820652008056641,-2.2435994148254395
-6.6352996826171875,-52.7146530151367188,-2.2446544170379639
-3.7781915664672852,-53.8792686462402344,-1.5382663011550903
21.2165927886962891,-48.3568496704101563,-2.2547185420989990
-2.5421795845031738,-10.5092668533325195,-2.2421607971191406
-1.7440583705902100,-23.7130451202392578,-1.5372825860977173
-16.6037769317626953,-39.0117912292480469,-2.2524774074554443
-3.1081147193908691,-52.0833930969238281,-2.2485630512237549
22.9781856536865234,-43.5187683105468750,-2.2496147155761719
-21.2122039794921875,-38.7430610656738281,-2.2444815635681152
1.4840379953384399,-6.7232270240783691,-2.2419929504394531
-21.8102664947509766,-56.3214378356933594,-1.5386687517166138
-8.5902032852172852,-44.0782699584960938,-1.5386461019515991
-22.2798805236816406,-39.5358428955078125,-2.2458722591400146
-15.4148788452148438,-46.4870948791503906,-1.5321830511093140
-11.2906837463378906,-19.0386848449707031,-2.2483851909637451
-20.8770694732666016,-54.0078582763671875,-1.5333697795867920
-2.4331426620483398,-11.9130487442016602,-2.2432544231414795
2.0733947753906250,-10.0291261672973633,-2.2424256801605225
-11.9989757537841797,-15.4675312042236328,-2.2458872795104980
12.6745977401733398,-57.0089836120605469,-1.5377749204635620
20.2141094207763672,-46.7015838623046875,-1.5354112386703491
4.0335712432861328,-6.3651075363159180,-2.2416036128997803
1.6827911138534546,-17.2861957550048828,-1.5323710441589355
-3.7815787792205811,-42.5773735046386719,-2.2432463169097900
-7.1212501525878906,-31.1269721984863281,-2.2462272644042969
-10.6202564239501953,-53.8986091613769531,-2.2490301132202148
-3.2350645065307617,-49.2156562805175781,-2.2413959503173828
-32.5707855224609375,-57.0050849914550781,-1.5343164205551147
2.7710413932800293,-55.6541252136230469,-1.5387932062149048
1.0206438302993774,-40.8858184814453125,-1.5374276638031006
-1.8279623985290527,-32.7965660095214844,-2.2467660903930664
-27.7873401641845703,-53.4735145568847656,-2.2440745830535889
1.0140057802200317,-37.1602668762207031,-2.2436389923095703
1.7383913993835449,-56.3155059814453125,-1.5320242643356323
-18.1820240020751953,-53.4551162719726563,-2.2462177276611328
22.9804210662841797,-48.4776802062988281,-1.5314968824386597
-22.9780902862548828,-40.5307998657226563,-1.5371595621109009
-3.7860162258148193,-16.4883937835693359,-1.5314676761627197
-7.4428486824035645,-49.6247825622558594,-2.2528042793273926
-12.7637538909912109,-41.7219886779785156,-2.2437093257904053
-17.0491180419921875,-28.9392395019531250,-2.2463150024414063
20.2222156524658203,-39.1647605895996094,-1.5386984348297119
2.4288976192474365,-46.4280090332031250,-2.2421700954437256
-20.2163181304931641,-48.4286117553710938,-2.2534737586975098
-7.9387731552124023,-26.8006629943847656,-1.5353708267211914
8.5788183212280273,-54.4186134338378906,-1.5332838296890259
2.4080080986022949,-15.8682518005371094,-2.2456989288330078
2.7413010597229004,-25.2086219787597656,-2.2489662170410156
11.3796081542968750,-25.1129055023193359,-1.5356862545013428
-1.0158396959304810,-28.4118728637695313,-2.2435758113861084
-20.2194728851318359,-42.6298103332519531,-2.2460997104644775
-7.1061043739318848,-31.8151683807373047,-1.5331346988677979
10.6171531677246094,-42.7403297424316406,-2.2435743808746338
3.7779896259307861,-20.9990825653076172,-2.2450931072235107
20.2208251953125000,-35.6665916442871094,-2.2436914443969727
-26.8948020935058594,-41.4245338439941406,-1.5386252403259277
6.8064174652099609,-13.4152040481567383,-2.2431612014770508
-10.6180534362792969,-42.4323158264160156,-2.2454252243041992
20.2184410095214844,-56.3785820007324219,-1.5177708864212036
-22.2880535125732422,-52.6032791137695313,-1.5350735187530518
34.6223526000976563,-52.4942474365234375,-2.2422399520874023
1.5669041872024536,-10.8882303237915039,-2.2530155181884766
22.3762989044189453,-45.6069602966308594,-2.2529678344726563
22.9811305999755859,-56.3142395019531250,-2.2476229667663574
-7.1889476776123047,-33.9060440063476563,-2.2488737106323242
8.0860929489135742,-35.5141792297363281,-1.5341529846191406
21.1092300415039063,-41.9274177551269531,-2.2423315048217773
34.6230964660644531,-51.7875061035156250,-1.5382299423217773
-11.1156530380249023,-34.4111099243164063,-2.2440173625946045
3.7865495681762695,-15.9066286087036133,-2.2456080913543701
2.3970780372619629,-37.8797760009765625,-1.5346444845199585
-36.5942115783691406,-54.1453361511230469,-1.5377440452575684
-1.0262058973312378,-27.7247772216796875,-1.5312755107879639
-15.4208135604858398,-48.8666343688964844,-1.5356563329696655
16.7134723663330078,-49.7965812683105469,-1.5354261398315430
-17.4898052215576172,-46.3522529602050781,-1.5329396724700928
1.6885238885879517,-39.2880935668945313,-2.2463459968566895
-1.3387985229492188,-8.2807607650756836,-2.2470321655273438
17.4768009185791016,-41.5504302978515625,-1.5366728305816650
-12.6745252609252930,-13.3272638320922852,-2.2427277565002441
15.4583129882812500,-36.3669967651367188,-2.2462275028228760
22.2940216064453125,-52.2515716552734375,-2.2490568161010742
7.3452610969543457,-48.0171165466308594,-2.2505369186401367
-1.7146421670913696,-15.1517524719238281,-2.2455329895019531
-11.7779922485351563,-9.9880819320678711,-2.2421693801879883
12.1035604476928711,-17.2896919250488281,-2.2451500892639160
2.3881089687347412,-32.9076042175292969,-2.2469668388366699
-1.0180650949478149,-33.3763618469238281,-2.2485132217407227
36.0209465026855469,-55.3138313293457031,-2.2475321292877197
25.7019004821777344,-50.6124305725097656,-2.2487804889678955
8.5794315338134766,-35.0206680297851563,-2.2428252696990967
-10.6218023300170898,-22.0773601531982422,-1.5382251739501953
-7.8339104652404785,-50.1838607788085938,-1.5346128940582275
-22.9832572937011719,-41.9049453735351563,-1.5314475297927856
-0.0115148220211267,-9.7613973617553711,-2.2467925548553467
-12.8960485458374023,-24.6909389495849609,-2.2447807788848877
30.5026607513427734,-51.3732032775878906,-1.5325806140899658
-8.4847526550292969,-20.4422149658203125,-1.5337895154953003
20.2224426269531250,-55.7555236816406250,-2.2623500823974609
-2.8089952468872070,-5.5885539054870605,-1.5383875370025635
15.4212980270385742,-19.2743663787841797,-1.5379418134689331
-34.6220397949218750,-54.5036811828613281,-1.5379997491836548
29.8199634552001953,-54.2491798400878906,-2.2426974773406982
3.0799422264099121,-18.7108592987060547,-1.5380246639251709
-12.6849231719970703,-56.2977294921875000,-1.5335210561752319
-4.7237339019775391,-9.9234018325805664,-2.2501237392425537
12.4237031936645508,-12.7095260620117188,-1.5372306108474731
-6.5290412902832031,-51.3636589050292969,-2.2484462261199951
12.2740554809570313,-51.2429122924804688,-1.5370646715164185
-12.2449026107788086,-51.3146781921386719,-1.5301389694213867
-2.8209347724914551,-13.8553895950317383,-1.5351345539093018
-5.8192133903503418,-13.4856815338134766,-1.5296720266342163
6.5078740119934082,-20.2052211761474609,-1.5332679748535156
20.2162570953369141,-52.4257698059082031,-1.5348650217056274
-11.6148843765258789,-32.9096603393554688,-1.5371673107147217
-1.7020467519760132,-6.3493680953979492,-1.5383639335632324
8.1213970184326172,-7.5385661125183105,-2.2430229187011719
-12.9302272796630859,-53.0420112609863281,-1.5249034166336060
10.6216936111450195,-43.4384880065917969,-1.5352058410644531
-3.0541410446166992,-31.6355724334716797,-1.5333685874938965
-11.6135959625244141,-34.8978309631347656,-1.5327481031417847
27.7811164855957031,-49.1939468383789063,-1.5350060462951660
11.9546909332275391,-20.6145305633544922,-2.2413084506988525
-11.3488883972167969,-9.4259595870971680,-1.5380297899246216
-20.3966693878173828,-41.9676589965820313,-1.5312929153442383
8.5796737670898438,-18.5833377838134766,-2.2443218231201172
-1.7264335155487061,-24.4454879760742188,-2.2413995265960693
-20.2202625274658203,-46.4423255920410156,-2.2463433742523193
17.4247856140136719,-47.1874313354492188,-2.2435116767883301
-2.3890764713287354,-45.2113227844238281,-2.2535822391510010
-1.1741106510162354,-22.3951396942138672,-2.2510261535644531
-7.8703904151916504,-27.7430095672607422,-2.2444689273834229
15.4214076995849609,-47.9820594787597656,-2.2422449588775635
11.3072118759155273,-42.0295867919921875,-2.2477679252624512
-16.5584239959716797,-29.8565273284912109,-2.2474710941314697
22.2492809295654297,-55.6384239196777344,-2.2445616722106934
-35.9122924804687500,-56.2648773193359375,-1.5358746051788330
-3.5777959823608398,-21.0517883300781250,-1.5351394414901733
-29.8194923400878906,-54.6222801208496094,-2.2441987991333008
-3.7782995700836182,-38.9544334411621094,-2.2531800270080566
-11.7911386489868164,-27.3475284576416016,-2.2451694011688232
15.9305810928344727,-21.9043731689453125,-1.5367535352706909
15.4173574447631836,-31.5218620300292969,-2.2486097812652588
-8.5833292007446289,-35.3179969787597656,-2.2426152229309082
20.2224121093750000,-33.6658210754394531,-2.2410500049591064
1.0160692930221558,-34.3390350341796875,-2.2453780174255371
-12.6879472732543945,-57.0061912536621094,-2.2451975345611572
-3.7787010669708252,-38.2906646728515625,-1.5272116661071777
34.6206741333007813,-56.3023643493652344,-2.2426221370697021
-27.0708160400390625,-48.5011558532714844,-2.2425079345703125
13.3809728622436523,-57.0055923461914063,-2.2427740097045898
2.6500918865203857,-20.3957462310791016,-2.2413797378540039
15.4356212615966797,-52.6471328735351563,-1.5331848859786987
-6.3157868385314941,-41.8030128479003906,-1.5362355709075928
-0.7012168765068054,-9.0451765060424805,-2.2434809207916260
-17.4233646392822266,-23.6310253143310547,-2.2426118850708008
-36.0066223144531250,-53.0379638671875000,-1.5387963056564331
-26.4040927886962891,-56.2985992431640625,-2.2447772026062012
-7.0508451461791992,-38.6834030151367188,-1.5245299339294434
-12.6589107513427734,-46.2113647460937500,-1.5343515872955322
17.4648303985595703,-32.7285270690917969,-2.2468125820159912
-21.6165962219238281,-51.1944923400878906,-2.2573397159576416
-2.4472417831420898,-20.0472660064697266,-2.2478792667388916
-27.7811355590820313,-51.3233261108398438,-1.5368000268936157
-16.1096954345703125,-54.1697845458984375,-2.2459409236907959
20.2196254730224609,-43.7982635498046875,-2.2504603862762451
32.5792427062988281,-50.6521453857421875,-1.5374363660812378
12.7119970321655273,-37.7695426940917969,-2.2497334480285645
-2.1399343013763428,-23.1370334625244141,-2.2446935176849365
-26.0956268310546875,-44.0316085815429688,-2.2422091960906982
-2.1661567687988281,-34.5848884582519531,-1.5349837541580200
-11.9981555938720703,-56.2947120666503906,-2.2454621791839600
-12.4275846481323242,-28.5409259796142578,-1.5332074165344238
-12.6694335937500000,-20.4621601104736328,-2.2437481880187988
-25.7119808197021484,-57.0069770812988281,-2.2452390193939209
-11.9984626770019531,-50.6779632568359375,-2.2480444908142090
-6.2883768081665039,-15.3039264678955078,-2.2480866909027100
-6.5128555297851563,-36.0477027893066406,-2.2454128265380859
-31.8541240692138672,-57.0037345886230469,-2.2318210601806641
-1.6931333541870117,-4.3836879730224609,-2.2428114414215088
-25.7151813507080078,-53.4779853820800781,-1.5350764989852905
18.1780624389648438,-29.9677772521972656,-1.5311704874038696
1.0203776359558105,-13.0541687011718750,-2.2456574440002441
-11.9988536834716797,-54.9000663757324219,-2.2467863559722900
8.4344053268432617,-6.5903191566467285,-2.2410824298858643
-8.0979528427124023,-15.1429910659790039,-2.2464616298675537
-7.3285870552062988,-52.6302452087402344,-1.5345079898834229
6.5201015472412109,-14.9609365463256836,-2.2434701919555664
3.0995132923126221,-15.8814258575439453,-1.5334544181823730
17.6514911651611328,-33.7056541442871094,-2.2432100772857666
21.7801074981689453,-43.2916450500488281,-2.2419755458831787
12.6474523544311523,-35.0988464355468750,-1.5335450172424316
-25.7747993469238281,-47.4244461059570313,-1.5337674617767334
-2.8371529579162598,-23.1070213317871094,-1.5335054397583008
-3.7853262424468994,-49.6629638671875000,-1.5385264158248901
2.3417420387268066,-11.5221099853515625,-2.2434370517730713
-12.1792869567871094,-23.0103225708007813,-2.2446477413177490
-10.6204032897949219,-29.9061889648437500,-1.5365544557571411
8.5868082046508789,-22.1497116088867188,-1.5279985666275024
3.0906348228454590,-37.8854484558105469,-2.2455656528472900
27.0680694580078125,-41.4539184570312500,-2.2418019771575928
3.7843370437622070,-52.6797218322753906,-1.5295623540878296
-35.9116096496582031,-55.5660820007324219,-2.2444913387298584
3.2615571022033691,-5.6338315010070801,-2.2419884204864502
3.7813646793365479,-47.1507682800292969,-1.5327967405319214
3.7782289981842041,-57.0078773498535156,-2.2432365417480469
13.3805198669433594,-14.7682733535766602,-1.5370706319808960
-10.6242771148681641,-26.8391227722167969,-2.2440409660339355
16.7672138214111328,-23.8847465515136719,-1.5349764823913574
-5.9048132896423340,-11.1214189529418945,-1.5337758064270020
5.8161067962646484,-52.1472282409667969,-1.5260475873947144
-18.1846809387207031,-55.5977554321289063,-1.5369546413421631
8.5819234848022461,-53.0609092712402344,-1.5307400226593018
6.5539202690124512,-46.0786628723144531,-2.2526862621307373
1.4534664154052734,-22.3501052856445313,-2.2456979751586914
7.8502631187438965,-45.4503517150878906,-2.2441163063049316
1.6979253292083740,-49.2309265136718750,-1.5323594808578491
3.0592508316040039,-26.7563514709472656,-1.5336012840270996
-8.5846996307373047,-29.7866764068603516,-2.2506213188171387
1.4700232744216919,-27.7288341522216797,-1.5270258188247681
3.7854075431823730,-35.7440643310546875,-2.2431182861328125
17.3590011596679688,-27.0711631774902344,-1.5334103107452393
-21.5437602996826172,-44.3927345275878906,-2.2449045181274414
-15.9123554229736328,-37.2859878540039063,-2.2455737590789795
7.8884553909301758,-44.4554519653320313,-2.2504236698150635
-25.0234279632568359,-49.7091102600097656,-2.2413313388824463
-8.5776643753051758,-23.4839382171630859,-2.2481095790863037
-11.6149044036865234,-36.8892173767089844,-1.5375587940216064
-12.6539268493652344,-47.5861282348632813,-1.5326737165451050
-16.1107292175292969,-24.6427478790283203,-1.5358277559280396
-11.6055078506469727,-35.8947219848632813,-1.5334270000457764
16.1247081756591797,-20.6909255981445313,-2.2422351837158203
-15.4190378189086914,-44.1293678283691406,-1.5308828353881836
-16.3942203521728516,-34.9717597961425781,-2.2569506168365479
-1.4919004440307617,-44.4443206787109375,-2.2472035884857178
-35.1004409790039063,-56.1392860412597656,-2.2423033714294434
22.0476055145263672,-42.2392959594726563,-2.2467002868652344
-11.3490352630615234,-49.9302482604980469,-2.2437503337860107
-2.3762679100036621,-14.3832759857177734,-2.2487382888793945
-8.5775480270385742,-25.0515365600585938,-2.1734986305236816
-7.1261935234069824,-7.4493184089660645,-2.2413079738616943
3.7815465927124023,-31.5060310363769531,-2.2424287796020508
26.9655971527099609,-55.1739654541015625,-1.5360826253890991
20.5335273742675781,-45.0749664306640625,-2.2497713565826416
3.7791707515716553,-21.9907379150390625,-2.2434635162353516
-3.8766291141510010,-4.3510189056396484,-2.2415056228637695
-10.6194067001342773,-16.9012184143066406,-2.2434797286987305
-20.8884925842285156,-53.3068008422851563,-2.2474904060363770
21.1905860900878906,-37.1836280822753906,-1.5370880365371704
-2.3167552947998047,-37.6010398864746094,-2.2477624416351318
-12.6895122528076172,-15.4587039947509766,-1.5338288545608521
-31.7342243194580078,-55.1196136474609375,-1.5372744798660278
-3.0906820297241211,-57.0086936950683594,-1.5340101718902588
-1.4635876417160034,-30.5273971557617188,-1.5321532487869263
-21.2062435150146484,-39.8096199035644531,-2.2477719783782959
-37.3034896850585938,-55.5662765502929688,-2.2435328960418701
-29.8226261138916016,-57.0028877258300781,-2.2431943416595459
-8.5805282592773438,-15.6429157257080078,-1.5340292453765869
10.6188325881958008,-11.7334489822387695,-1.5330698490142822
-7.2159223556518555,-51.2458534240722656,-1.5366415977478027
27.2977066040039063,-45.1437187194824219,-1.5321227312088013
-26.4060363769531250,-54.8919181823730469,-2.2440807819366455
-11.9069347381591797,-31.9548301696777344,-1.5394979715347290
-17.4658641815185547,-47.0568885803222656,-2.2461912631988525
1.0166743993759155,-49.2421607971191406,-2.2457442283630371
3.7811961174011230,-43.2602119445800781,-2.2465121746063232
5.6117672920227051,-9.5480422973632813,-1.5738135576248169
-0.0759963244199753,-10.4477348327636719,-1.5349154472351074
0.0201759859919548,-7.3261423110961914,-1.5367829799652100
-17.2318801879882813,-37.8317871093750000,-2.2506339550018311
-17.6969871520996094,-43.5860328674316406,-1.5344769954681396
22.9818210601806641,-47.1441574096679688,-1.5288264751434326
5.8189892768859863,-40.8313865661621094,-2.2498354911804199
11.5573348999023438,-23.7420692443847656,-1.5376063585281372
6.4959306716918945,-17.8673992156982422,-2.2475707530975342
25.0182514190673828,-52.0167617797851563,-1.5344505310058594
-12.2615156173706055,-44.9946861267089844,-1.5252153873443604
-2.0929937362670898,-46.7327537536621094,-1.5224564075469971
11.3153419494628906,-47.1916160583496094,-2.2460222244262695
-12.4671878814697266,-39.9302368164062500,-2.2527008056640625
27.0925216674804688,-51.3125457763671875,-1.5348159074783325
8.5852355957031250,-29.2466373443603516,-2.2420759201049805
-6.7409167289733887,-26.6317615509033203,-1.5312219858169556
27.2047500610351563,-43.5663833618164063,-2.2422604560852051
3.7828221321105957,-25.0541210174560547,-1.5308814048767090
-11.3259916305541992,-22.0935802459716797,-2.2442893981933594
3.7846820354461670,-37.1769409179687500,-2.2447297573089600
16.1291370391845703,-44.5929794311523438,-1.5381854772567749
25.7172527313232422,-52.7225112915039063,-1.5346100330352783
36.0311660766601563,-54.6135749816894531,-1.5374637842178345
-13.3795480728149414,-53.5488433837890625,-2.2504727840423584
-12.6340770721435547,-26.5528621673583984,-2.2478344440460205
12.0459728240966797,-34.7620010375976563,-2.2460298538208008
1.9789023399353027,-30.9472770690917969,-1.5356731414794922
-2.9557893276214600,-39.6775665283203125,-2.2496612071990967
-11.6831760406494141,-26.2497863769531250,-2.2443828582763672
-1.0167021751403809,-14.4460239410400391,-2.2456259727478027
-6.5452198982238770,-16.4590530395507813,-1.5364550352096558
-27.4106578826904297,-45.8515396118164063,-2.2516329288482666
2.7213351726531982,-4.7618575096130371,-2.2430284023284912
-12.0621461868286133,-41.7320938110351563,-1.5343307256698608
13.3825759887695313,-34.4294013977050781,-1.5335232019424438
-12.2427835464477539,-12.7706356048583984,-1.5377546548843384
17.1904869079589844,-34.2282943725585938,-1.5309422016143799
-13.3802013397216797,-33.9361877441406250,-2.2523829936981201
-21.5925731658935547,-52.6050834655761719,-2.2459537982940674
22.9794197082519531,-34.9996452331542969,-2.2431423664093018
10.6178312301635742,-47.2104339599609375,-1.5356138944625854
16.8672466278076172,-27.5548248291015625,-2.2442014217376709
10.6210117340087891,-51.2113075256347656,-1.5287183523178101
36.5869445800781250,-57.0038452148437500,-1.5364671945571899
13.3836164474487305,-41.2940673828125000,-2.2457177639007568
0.6854058504104614,-4.0858435630798340,-1.5383433103561401
-0.8102804422378540,-9.7792816162109375,-1.5379519462585449
-36.6042060852050781,-54.8524246215820313,-2.2428703308105469
-22.2658119201660156,-54.7139282226562500,-2.2452771663665771
-5.8137650489807129,-34.6401214599609375,-1.5360627174377441
-26.3793601989746094,-50.6221656799316406,-2.2449483871459961
-11.6221227645874023,-13.1060447692871094,-2.2434780597686768
3.1014735698699951,-12.9067134857177734,-1.5277634859085083
-10.6215248107910156,-47.5696144104003906,-1.5370755195617676
7.2077584266662598,-16.4297981262207031,-1.5308661460876465
-10.6170282363891602,-46.5748481750488281,-1.5296270847320557
-8.5819168090820313,-49.5231361389160156,-1.5252014398574829
20.8480548858642578,-50.7031822204589844,-2.2417087554931641
2.7638711929321289,-9.9084148406982422,-1.5359903573989868
10.6910076141357422,-15.7522296905517578,-2.2504467964172363
-6.9479913711547852,-30.1060829162597656,-2.2549259662628174
1.0214717388153076,-46.4275093078613281,-2.2444803714752197
5.8190245628356934,-56.0106048583984375,-1.5380247831344604
17.4693717956542969,-42.2489089965820313,-2.2441325187683105
-3.7822060585021973,-18.1384468078613281,-2.2498686313629150
7.8441505432128906,-48.4515762329101563,-1.5277969837188721
3.7831320762634277,-18.6818981170654297,-2.2450625896453857
-2.1730351448059082,-44.5715522766113281,-1.5314657688140869
-17.4853000640869141,-55.5973091125488281,-2.2435824871063232
26.4100894927978516,-46.2137947082519531,-1.5373592376708984
-22.2805843353271484,-48.3542366027832031,-1.5373065471649170
27.7825908660888672,-54.0801811218261719,-2.2522599697113037
8.5830202102661133,-44.4543685913085938,-1.5382688045501709
-22.5434989929199219,-43.8099746704101563,-2.2550144195556641
7.8802452087402344,-40.9884643554687500,-1.5316356420516968
-18.1799221038818359,-43.0840225219726563,-2.2464542388916016
-15.4222736358642578,-32.8209228515625000,-2.2532413005828857
22.3262386322021484,-37.2173881530761719,-2.2409172058105469
-18.1811008453369141,-40.7604331970214844,-2.2521853446960449
18.1815452575683594,-32.0448532104492188,-2.2420854568481445
12.4590539932250977,-25.3870029449462891,-2.2475070953369141
-5.1759800910949707,-6.7413902282714844,-1.5387991666793823
-8.5796089172363281,-16.6748294830322266,-1.5358597040176392
10.6179800033569336,-48.5835342407226563,-1.5270651578903198
5.8196229934692383,-38.4526786804199219,-2.2421398162841797
-22.9472160339355469,-45.9756431579589844,-2.2490150928497314
-13.3791913986206055,-13.3267898559570313,-1.5370621681213379
-6.5289640426635742,-53.7016181945800781,-2.2457935810089111
-3.1149141788482666,-52.8161849975585938,-1.5309865474700928
3.7799632549285889,-45.4953842163085938,-2.2495954036712646
12.9249267578125000,-50.4646148681640625,-2.2532432079315186
8.5659217834472656,-29.9523868560791016,-1.5374375581741333
8.0757446289062500,-47.3389930725097656,-2.2468438148498535
-21.3637104034423828,-36.4468383789062500,-1.5388846397399902
-12.3072576522827148,-10.4550056457519531,-1.5374776124954224
-17.4645328521728516,-22.2186775207519531,-2.2419257164001465
-6.4814667701721191,-33.2076911926269531,-2.2489731311798096
8.5824422836303711,-14.9733095169067383,-1.5306104421615601
1.3704135417938232,-8.9275379180908203,-1.5386576652526855
1.0177874565124512,-47.1272506713867188,-1.5360659360885620
15.4221830368041992,-18.5224418640136719,-2.2084646224975586
11.2888088226318359,-45.5284004211425781,-1.5222063064575195
-1.7049342393875122,-31.8102664947509766,-2.2459084987640381
-21.5758037567138672,-48.3603591918945313,-2.2449021339416504
-12.3303947448730469,-53.9800262451171875,-1.5368061065673828
15.4214792251586914,-29.5633850097656250,-1.5239003896713257
-6.5326671600341797,-52.0362129211425781,-1.5304062366485596
-27.7838191986083984,-57.0061035156250000,-1.5355782508850098
-17.6890830993652344,-50.2117614746093750,-1.5344190597534180
3.2625682353973389,-41.7658615112304688,-1.5375534296035767
6.5498371124267578,-40.8228645324707031,-1.5322167873382568
6.1824312210083008,-25.2106456756591797,-1.5338915586471558
-21.5677871704101563,-54.7103500366210938,-1.5317966938018799
-18.1825923919677734,-54.8906898498535156,-2.2433624267578125
-16.7978343963623047,-24.4873256683349609,-2.2424707412719727
-18.1837463378906250,-56.3022346496582031,-2.2438509464263916
11.6545619964599609,-45.0047645568847656,-2.2541108131408691
13.7045049667358398,-11.2929410934448242,-2.2413794994354248
-6.5540413856506348,-55.6928672790527344,-1.5303506851196289
-16.1018981933593750,-55.5870895385742188,-2.2474977970123291
-1.0457420349121094,-11.8262672424316406,-2.2463181018829346
-20.2212867736816406,-49.7922058105468750,-2.2455265522003174
22.2476310729980469,-50.8637351989746094,-2.2453744411468506
-0.0629822015762329,-3.4245460033416748,-1.5387940406799316
-1.0220072269439697,-36.5121726989746094,-1.5322060585021973
7.8760404586791992,-19.2893943786621094,-2.2429771423339844
-15.4210491180419922,-41.4652671813964844,-1.5331522226333618
2.2324528694152832,-10.7527856826782227,-1.5320931673049927
8.1218833923339844,-24.6202774047851563,-2.2491042613983154
-7.4226288795471191,-54.2658500671386719,-2.2455198764801025
13.3822631835937500,-48.6284980773925781,-1.5336626768112183
-17.2711849212646484,-36.3096313476562500,-1.5361570119857788
-7.8603367805480957,-23.4939498901367188,-1.5373681783676147
-8.5695734024047852,-50.1826515197753906,-2.2532072067260742
18.1834297180175781,-55.5738639831542969,-1.5371977090835571
-5.8211693763732910,-23.7201499938964844,-1.5373585224151611
-6.4030628204345703,-31.8595714569091797,-2.2413361072540283
-16.1342372894287109,-41.4592666625976563,-2.2484984397888184
30.3710117340087891,-49.4876556396484375,-1.5386776924133301
22.9818897247314453,-40.9657058715820313,-1.5357096195220947
20.2208557128906250,-48.3702430725097656,-2.2502250671386719
10.6202602386474609,-44.1334037780761719,-2.2477326393127441
17.4783935546875000,-24.5851058959960938,-1.5332766771316528
-3.0328946113586426,-43.8523445129394531,-1.5285465717315674
-5.8222942352294922,-32.2667465209960938,-1.5389916896820068
16.4142856597900391,-50.7431831359863281,-1.5388438701629639
26.3924598693847656,-49.9075546264648438,-2.2426829338073730
-25.0168952941894531,-52.7724647521972656,-1.5365728139877319
-6.7910704612731934,-57.0049400329589844,-1.5362504720687866
-7.8421487808227539,-18.4069156646728516,-1.5506725311279297
1.7201128005981445,-24.6029014587402344,-1.5302958488464355
-2.4568712711334229,-20.7362594604492188,-1.5325378179550171
12.5131835937500000,-31.2212257385253906,-2.2464802265167236
-12.0721120834350586,-38.3260955810546875,-2.2640299797058105
-7.2113866806030273,-36.7492446899414063,-2.2443242073059082
-6.3167901039123535,-24.2367057800292969,-2.2456862926483154
1.7225859165191650,-41.5932960510253906,-1.5375325679779053
-17.4879913330078125,-52.0589599609375000,-1.5310431718826294
5.8139185905456543,-17.8387775421142578,-1.5330865383148193
7.8807201385498047,-16.4773273468017578,-2.2479484081268311
2.4242212772369385,-47.1294670104980469,-1.5311961174011230
3.7823669910430908,-38.5978431701660156,-2.2424206733703613
18.1782016754150391,-50.4651947021484375,-2.2571208477020264
-21.0721378326416016,-42.1108589172363281,-2.2487838268280029
-25.0147228240966797,-56.3026580810546875,-2.2437305450439453
-20.9275131225585938,-55.5991134643554688,-1.5370564460754395
-21.2706584930419922,-46.1359939575195313,-1.5352005958557129
26.4879970550537109,-54.6637458801269531,-2.2429311275482178
-17.9314975738525391,-36.5641746520996094,-2.2411031723022461
-1.7379337549209595,-27.7290344238281250,-2.2468914985656738
16.9656772613525391,-19.2715301513671875,-1.5382933616638184
-18.1691284179687500,-20.7979888916015625,-1.5387641191482544
12.6663379669189453,-20.6252880096435547,-1.5369511842727661
-10.6161327362060547,-48.5607223510742188,-1.5326774120330811
-17.4827270507812500,-57.0063934326171875,-2.2436809539794922
25.7302284240722656,-41.3490943908691406,-1.5384658575057983
25.7075405120849609,-49.1954193115234375,-2.2455363273620605
-11.1226530075073242,-33.4154052734375000,-2.2435543537139893
8.5787630081176758,-48.4512138366699219,-2.2527487277984619
-6.3167986869812012,-40.8072776794433594,-1.5361785888671875
31.2451744079589844,-55.6537513732910156,-2.2424921989440918
1.5378797054290771,-20.3306236267089844,-2.2426717281341553
-7.5188937187194824,-48.9490661621093750,-1.5319218635559082
-31.6161823272705078,-52.6438865661621094,-1.5364354848861694
6.3678545951843262,-43.6813049316406250,-1.5377496480941772
15.4166889190673828,-40.7933158874511719,-1.5369324684143066
-12.6638803482055664,-34.6204414367675781,-2.2431108951568604
34.6212425231933594,-57.0028381347656250,-1.5362257957458496
10.6185140609741211,-42.0407447814941406,-1.5347930192947388
10.6219367980957031,-19.4202995300292969,-2.2477362155914307
-25.0222263336181641,-42.5450706481933594,-1.5376076698303223
1.0175809860229492,-33.6438407897949219,-1.5337930917739868
6.5443387031555176,-45.4105720520019531,-1.5319563150405884
1.7260360717773438,-15.1430788040161133,-2.2430791854858398
9.1132755279541016,-10.4428567886352539,-1.5368566513061523
15.9648551940917969,-47.5436172485351563,-1.5353434085845947
17.4938068389892578,-56.2893409729003906,-1.5335675477981567
-5.0790853500366211,-8.6246681213378906,-2.2436320781707764
17.4705390930175781,-43.6319770812988281,-2.2517123222351074
-3.7839252948760986,-54.8767089843750000,-1.5328161716461182
-32.5777816772460938,-51.6833953857421875,-1.5383948087692261
-22.9796638488769531,-43.2899322509765625,-1.5338108539581299
8.5789613723754883,-16.4723415374755859,-1.5370185375213623
-22.2979698181152344,-51.9047203063964844,-2.2468905448913574
-16.1094818115234375,-20.2546062469482422,-2.2411882877349854
-8.5819110870361328,-39.7379837036132813,-1.5333598852157593
-7.4666385650634766,-56.0843772888183594,-1.5339412689208984
22.2154045104980469,-34.3584327697753906,-2.2416410446166992
-1.1062086820602417,-3.1696069240570068,-2.2411706447601318
-11.6264610290527344,-33.9049720764160156,-1.5380783081054688
-11.8757734298706055,-11.8425264358520508,-1.5374761819839478
32.5783615112304688,-49.9219436645507813,-2.2414886951446533
-1.5199245214462280,-48.7841567993164063,-2.2424714565277100
-3.7807695865631104,-13.4317674636840820,-2.2490649223327637
5.8129382133483887,-23.6551246643066406,-1.5368249416351318
2.1424765586853027,-3.9495813846588135,-2.2415547370910645
13.3810749053955078,-49.9722328186035156,-1.5295789241790771
-22.2628517150878906,-55.4000816345214844,-1.5301268100738525
12.7822399139404297,-34.0997695922851563,-2.2491526603698730
-13.3537721633911133,-27.8716735839843750,-1.5240924358367920
-3.0669164657592773,-47.9825363159179688,-1.5325667858123779
-10.6195659637451172,-25.4523277282714844,-2.2448401451110840
-18.1621475219726563,-42.4110641479492188,-1.5274740457534790
26.2716999053955078,-44.9352455139160156,-1.5328488349914551
6.6442008018493652,-48.2086296081542969,-1.5387449264526367
-13.3814201354980469,-36.0189971923828125,-1.5337288379669189
-8.0563440322875977,-42.2377777099609375,-2.2415273189544678
5.8189420700073242,-14.0072832107543945,-1.5375366210937500
13.3867340087890625,-37.7953948974609375,-1.5346451997756958
-8.5799894332885742,-33.1975975036621094,-1.5369609594345093
-25.7134132385253906,-54.1823997497558594,-2.2444660663604736
25.0198574066162109,-56.3470649719238281,-1.5307507514953613
18.1804809570312500,-30.6492481231689453,-2.2462127208709717
-16.0582370758056641,-22.2384395599365234,-2.2443945407867432
6.5430679321289063,-41.5159339904785156,-2.2446377277374268
-10.6219720840454102,-49.2491264343261719,-2.2459850311279297
11.2514486312866211,-20.6313610076904297,-1.5326560735702515
15.4177818298339844,-46.0034408569335938,-2.2458200454711914
-3.7060239315032959,-33.3016166687011719,-1.5310655832290649
-1.0201580524444580,-40.2056007385253906,-1.5339727401733398
-10.6157484054565430,-15.4806709289550781,-2.2435004711151123
-7.4665436744689941,-41.5515213012695313,-1.5350475311279297
-5.8181023597717285,-54.3863105773925781,-2.2558588981628418
18.1776123046875000,-19.9157924652099609,-1.5388375520706177
-1.7202268838882446,-51.3962135314941406,-1.5355038642883301
-8.5539760589599609,-57.0067329406738281,-2.2468526363372803
-3.7818222045898438,-41.2060623168945313,-2.2458846569061279
-16.2040729522705078,-32.8630905151367188,-1.5379071235656738
-18.1808738708496094,-27.9815082550048828,-1.5315693616867065
1.7323679924011230,-14.4412336349487305,-1.5353670120239258
13.3814449310302734,-51.9608840942382813,-1.5326288938522339
-17.1219444274902344,-41.4728507995605469,-2.2462944984436035
12.6828575134277344,-39.8981208801269531,-1.5346643924713135
16.3184165954589844,-25.7835216522216797,-2.2471683025360107
-6.5159845352172852,-37.4496955871582031,-2.2321789264678955
2.0027937889099121,-52.3823432922363281,-2.2419126033782959
27.1204757690429688,-54.1966590881347656,-1.5289543867111206
-5.8178062438964844,-44.7393264770507813,-2.2466356754302979
7.4423713684082031,-25.8158264160156250,-1.5367207527160645
-11.9988832473754883,-18.3377208709716797,-2.2471704483032227
16.9321842193603516,-44.0187644958496094,-1.5311278104782104
15.4193668365478516,-24.8254756927490234,-2.2460923194885254
25.0193519592285156,-54.3799629211425781,-1.5349664688110352
-1.7325545549392700,-35.1285972595214844,-2.2439191341400146
10.6169252395629883,-49.8743820190429688,-1.5251835584640503
-11.3935956954956055,-24.8351612091064453,-2.2449252605438232
2.4378819465637207,-54.9414863586425781,-2.2479209899902344
5.8223233222961426,-37.4618988037109375,-2.2449522018432617
13.3823041915893555,-38.5061531066894531,-2.2463066577911377
-16.7845344543457031,-57.0036239624023438,-1.5337013006210327
-25.0219936370849609,-43.9455718994140625,-1.5349797010421753
8.5802288055419922,-34.0295753479003906,-2.2447361946105957
2.3803408145904541,-49.2780075073242188,-2.2480382919311523
7.7278056144714355,-6.5181221961975098,-1.5389143228530884
25.8769950866699219,-43.5724563598632813,-2.2423708438873291
-25.7303543090820313,-42.5469360351562500,-2.2416245937347412
10.6136722564697266,-44.8087844848632813,-1.5315713882446289
-36.6084327697753906,-56.2812347412109375,-2.2452089786529541
7.6505689620971680,-54.0818862915039063,-2.2507882118225098
-8.5829868316650391,-34.6108512878417969,-1.5369923114776611
-12.4319171905517578,-37.3948059082031250,-2.2411532402038574
-20.2198429107666016,-57.0051345825195313,-2.2419819831848145
-32.5791358947753906,-52.9032287597656250,-1.5366027355194092
26.6233005523681641,-40.9020614624023438,-1.5387570858001709
17.0682792663574219,-51.8243751525878906,-1.5376486778259277
7.8716101646423340,-43.7669754028320313,-1.5355952978134155
-31.2439975738525391,-53.2340698242187500,-2.2444369792938232
-20.6644382476806641,-38.3076858520507813,-1.5361627340316772
8.7990503311157227,-11.3994159698486328,-1.5353708267211914
-12.2114458084106445,-22.3164749145507813,-1.5340805053710938
-3.7876505851745605,-55.5961189270019531,-2.2440752983093262
-18.1851234436035156,-41.7510643005371094,-2.2541384696960449
1.0438851118087769,-28.9184951782226563,-1.5310381650924683
6.4186873435974121,-34.4267692565917969,-2.2472379207611084
16.3398895263671875,-32.5429191589355469,-1.5284650325775146
8.5752115249633789,-43.0597457885742188,-1.5323796272277832
15.4142627716064453,-54.6233215332031250,-1.5363709926605225
25.0147972106933594,-51.3198204040527344,-2.2425484657287598
-26.5364875793457031,-43.1359748840332031,-2.2412424087524414
6.8732576370239258,-32.2994003295898438,-2.2464909553527832
-18.1552085876464844,-30.9916763305664063,-2.2509422302246094
29.8181400299072266,-51.3542556762695313,-2.2446832656860352
-3.0919642448425293,-34.6868019104003906,-2.2483801841735840
22.2056179046630859,-48.4929313659667969,-2.2443084716796875
-3.7779235839843750,-22.4025630950927734,-1.5330746173858643
12.2768783569335938,-45.2975769042968750,-1.5368160009384155
-22.2761688232421875,-40.5300750732421875,-2.2459228038787842
-12.6151876449584961,-31.9908657073974609,-2.2429542541503906
20.2222633361816406,-54.4753570556640625,-2.2535626888275146
-9.1597242355346680,-8.6201810836791992,-2.2423090934753418
-27.2101001739501953,-43.8726234436035156,-2.2414152622222900
-37.3019599914550781,-54.1407279968261719,-2.2424578666687012
-5.9741430282592773,-14.1335792541503906,-2.2536625862121582
-3.0646438598632813,-30.9542846679687500,-2.2511916160583496
10.6199054718017578,-37.7534790039062500,-1.5326136350631714
7.0025210380554199,-50.9687156677246094,-2.2430374622344971
-3.5051541328430176,-5.7161087989807129,-2.2424976825714111
2.1747696399688721,-43.8846969604492188,-1.5330678224563599
27.7826938629150391,-48.4944801330566406,-2.2429244518280029
-7.2034840583801270,-13.7974653244018555,-2.2429373264312744
-29.8221359252929688,-53.2158927917480469,-2.2416088581085205
10.6207590103149414,-34.0485458374023438,-1.5299648046493530
9.6371850967407227,-9.3154344558715820,-2.2446811199188232
-10.7660484313964844,-9.8254032135009766,-2.2420735359191895
18.1808300018310547,-43.6289215087890625,-1.5318124294281006
8.0946359634399414,-22.6308841705322266,-2.2439239025115967
1.7287956476211548,-47.1317863464355469,-2.2446708679199219
8.5776395797729492,-14.2806720733642578,-2.2431190013885498
1.0675928592681885,-12.3691377639770508,-1.5291587114334106
25.2871837615966797,-42.7493095397949219,-2.2442073822021484
26.0256195068359375,-57.0068092346191406,-2.2455077171325684
-21.5721664428710938,-54.0156135559082031,-2.2441799640655518
-6.8160262107849121,-56.3187179565429688,-2.2492606639862061
-1.9803165197372437,-47.3512725830078125,-2.2613995075225830
-18.1829719543457031,-33.9784736633300781,-1.5384975671768188
-15.9125518798828125,-49.3666458129882813,-2.2449882030487061
16.1343460083007813,-38.6978187561035156,-1.5344653129577637
31.1926269531250000,-52.0886955261230469,-1.5339188575744629
-16.7876968383789063,-56.3006286621093750,-2.2442486286163330
17.4704265594482422,-18.1918277740478516,-1.5381017923355103
2.3942999839782715,-34.3331871032714844,-2.2442774772644043
-22.9872379302978516,-45.2947196960449219,-1.5345076322555542
-18.1779899597167969,-32.3260803222656250,-2.2531177997589111
27.7212657928466797,-57.0088005065917969,-1.5310349464416504
-3.0156688690185547,-33.3217201232910156,-2.2481684684753418
-11.3278923034667969,-26.8399581909179688,-1.5326960086822510
13.3823928833007813,-40.5987854003906250,-1.5362998247146606
13.2237567901611328,-26.4959983825683594,-1.5313162803649902
31.2097454071044922,-54.2316017150878906,-2.2456088066101074
15.4180831909179688,-34.4117088317871094,-1.5237596035003662
7.3996577262878418,-44.9175643920898438,-1.5327560901641846
9.4524450302124023,-11.0570859909057617,-2.2433803081512451
13.0123987197875977,-24.5711269378662109,-2.2515985965728760
-15.4221601486206055,-20.9791507720947266,-2.2413468360900879
1.0146825313568115,-35.7552871704101563,-2.2446155548095703
3.7791445255279541,-26.7276153564453125,-2.2433106899261475
25.7034053802490234,-48.4910736083984375,-1.5343203544616699
-12.6839008331298828,-54.9059257507324219,-1.5335255861282349
-7.4219436645507813,-42.5370864868164063,-1.5311855077743530
3.3526315689086914,-7.9957199096679688,-2.2452139854431152
10.6158094406127930,-55.6190719604492188,-2.2459759712219238
10.1289110183715820,-10.8666391372680664,-1.5377414226531982
-1.0168279409408569,-52.7920684814453125,-2.2442862987518311
25.9779930114746094,-42.8741569519042969,-1.5367113351821899
-8.9631423950195313,-10.4922981262207031,-1.5341274738311768
-1.7387131452560425,-19.3468647003173828,-2.2455997467041016
-5.8171553611755371,-15.7828207015991211,-1.5287802219390869
-12.6641874313354492,-36.7130928039550781,-1.5319895744323730
12.6916847229003906,-47.9253387451171875,-1.5299282073974609
7.8783211708068848,-19.9903163909912109,-1.5348581075668335
37.0171508789062500,-52.1981277465820313,-2.2414209842681885
3.0711827278137207,-17.3035125732421875,-1.5363489389419556
-6.3164725303649902,-27.8772335052490234,-1.5207278728485107
-6.5155673027038574,-35.3372802734375000,-1.5342986583709717
6.9235067367553711,-51.9658088684082031,-1.5363545417785645
-15.4212884902954102,-33.4799652099609375,-1.5252892971038818
-10.6170663833618164,-14.7632322311401367,-1.5339747667312622
11.1181592941284180,-18.2348117828369141,-2.2457187175750732
8.5433578491210938,-50.4333152770996094,-1.5254548788070679
-1.7009311914443970,-49.9905776977539063,-1.5255993604660034
-25.0158920288085938,-51.3693313598632813,-1.5342613458633423
3.0726239681243896,-39.2934341430664063,-2.2459552288055420
31.2267818450927734,-54.9504890441894531,-1.5351523160934448
18.1811161041259766,-22.8948230743408203,-1.5364283323287964
7.5190973281860352,-39.2606697082519531,-2.2474710941314697
-7.8798823356628418,-33.1977996826171875,-2.2434668540954590
16.1175861358642578,-57.0061607360839844,-2.2444558143615723
-5.8217034339904785,-39.3175239562988281,-2.2437870502471924
2.5859620571136475,-26.2439441680908203,-2.2441747188568115
6.5109686851501465,-57.0036697387695313,-2.2451689243316650
18.1776180267333984,-26.9318046569824219,-2.2480318546295166
36.4274024963378906,-55.8491058349609375,-1.5264126062393188
36.0807151794433594,-52.5453643798828125,-2.2425909042358398
-3.7803606986999512,-31.6381092071533203,-2.2482726573944092
7.5888981819152832,-51.7727165222167969,-2.2501080036163330
-8.5811891555786133,-43.3796539306640625,-2.2478954792022705
-29.8220577239990234,-51.0278129577636719,-2.2412314414978027
9.3644914627075195,-6.9540863037109375,-2.2413852214813232
6.3982634544372559,-21.8934631347656250,-2.2443888187408447
6.5209002494812012,-40.1290016174316406,-2.2437841892242432
-10.6166810989379883,-41.0489578247070313,-2.2452685832977295
-1.4893537759780884,-46.4333000183105469,-2.2488262653350830
-27.1008281707763672,-55.5966720581054688,-2.2443475723266602
16.1869678497314453,-30.2252063751220703,-1.5311702489852905
-11.0699996948242188,-35.4045906066894531,-2.2505719661712646
17.0116615295410156,-51.1227455139160156,-2.2427825927734375
1.0168343782424927,-21.8082351684570313,-1.5365493297576904
-12.9624509811401367,-44.2923774719238281,-1.5315686464309692
18.1809024810791016,-53.4801826477050781,-2.2495148181915283
1.7366778850555420,-28.9317474365234375,-2.2496514320373535
-7.5654587745666504,-12.1560955047607422,-1.5329817533493042
13.3878507614135742,-39.2066040039062500,-1.5357203483581543
-10.6168298721313477,-54.8842887878417969,-2.2439281940460205
1.7036464214324951,-33.6252403259277344,-2.2467701435089111
11.5921487808227539,-30.1230182647705078,-1.5267004966735840
22.9867877960205078,-42.5313911437988281,-2.2442545890808105
3.9682452678680420,-5.6611638069152832,-1.5380346775054932
36.3684959411621094,-51.9023933410644531,-1.5378085374832153
-30.5357837677001953,-53.2156677246093750,-1.5386744737625122
5.8213772773742676,-29.1649799346923828,-2.2493033409118652
16.6908035278320313,-31.9552745819091797,-2.2451922893524170
-6.4846134185791016,-29.6592464447021484,-1.5215306282043457
11.3354930877685547,-47.9034309387207031,-1.5376638174057007
-17.9052772521972656,-38.1654319763183594,-1.5340687036514282
-8.5804758071899414,-31.8041801452636719,-1.5305478572845459
12.6793413162231445,-40.5970764160156250,-2.2442300319671631
3.1149117946624756,-46.2616348266601563,-1.5378311872482300
-1.0223734378814697,-17.2642326354980469,-2.2466876506805420
-1.0155066251754761,-56.2942008972167969,-1.5362563133239746
3.0881979465484619,-27.4410896301269531,-2.2476782798767090
8.5804309844970703,-41.6891517639160156,-1.5353431701660156
-13.3661270141601563,-36.7012443542480469,-2.2482361793518066
12.7088022232055664,-42.7106781005859375,-1.5335929393768311
-35.2575569152832031,-57.0050392150878906,-1.5233855247497559
20.7603664398193359,-49.4722671508789063,-2.2455277442932129
-22.1593685150146484,-37.5515251159667969,-1.5384582281112671
-11.1148595809936523,-37.3915061950683594,-2.2436821460723877
-16.1033325195312500,-54.8887176513671875,-1.5339792966842651
-2.3553736209869385,-27.4376258850097656,-1.5329365730285645
16.5573024749755859,-21.5869731903076172,-2.2441782951354980
-16.0854129791259766,-25.3543548583984375,-2.2417774200439453
21.0532646179199219,-55.1955223083496094,-2.2472014427185059
8.0924291610717773,-34.5169677734375000,-1.5325443744659424
-16.1416015625000000,-44.8101043701171875,-1.5334131717681885
2.1345207691192627,-7.4801311492919922,-2.2431194782257080
27.7787609100341797,-56.3553237915039063,-2.2563347816467285
15.4221687316894531,-21.4138774871826172,-2.2414569854736328
25.7152690887451172,-47.0606651306152344,-1.5330762863159180
-2.1889379024505615,-48.9619636535644531,-1.5247381925582886
-8.5794801712036133,-56.3331871032714844,-1.5313152074813843
11.2873535156250000,-19.6365337371826172,-1.5382056236267090
32.5841712951660156,-53.5048751831054688,-1.5368657112121582
-22.0156211853027344,-46.7921562194824219,-1.5293279886245728
5.8187484741210938,-31.5035514831542969,-2.2499949932098389
7.8731369972229004,-17.1766662597656250,-1.5374619960784912
1.6480585336685181,-11.5581789016723633,-1.5296034812927246
11.3152179718017578,-35.4265594482421875,-2.2450678348541260
-20.3972396850585938,-40.6289443969726563,-1.5360118150711060
6.8744344711303711,-35.9317359924316406,-1.5349645614624023
12.7017250061035156,-38.5066184997558594,-1.5315701961517334
21.5270004272460938,-45.1092834472656250,-2.2445700168609619
15.4199199676513672,-33.0833854675292969,-1.5250037908554077
5.8184261322021484,-32.5040817260742188,-2.2481451034545898
7.8759522438049316,-17.8793888092041016,-2.2443501949310303
7.8207664489746094,-9.5414609909057617,-2.2436454296112061
8.3246088027954102,-21.5535278320312500,-2.2512910366058350
-11.5855998992919922,-45.0499076843261719,-2.2492058277130127
-5.8214221000671387,-51.3390426635742188,-1.5383154153823853
-12.6804094314575195,-14.7416868209838867,-2.2444446086883545
1.7194207906723022,-43.0041809082031250,-1.5373497009277344
-3.0896272659301758,-56.2969703674316406,-2.2461833953857422
11.5573148727416992,-37.3718338012695313,-2.2533714771270752
-16.5050125122070313,-45.7277641296386719,-1.5289769172668457
-3.2900328636169434,-10.6006774902343750,-1.5363461971282959
-6.4709944725036621,-22.6117534637451172,-1.5259159803390503
10.6223144531250000,-24.4174957275390625,-1.5309350490570068
-2.9984271526336670,-38.3311157226562500,-2.2444958686828613
-5.9074192047119141,-30.5972499847412109,-2.2449421882629395
15.4221286773681641,-26.8789405822753906,-1.5326722860336304
-8.1067304611206055,-54.1838989257812500,-1.5323696136474609
-7.4412078857421875,-22.3845806121826172,-1.5322400331497192
7.1433954238891602,-29.2034072875976563,-2.2464580535888672
12.0259008407592773,-47.8731346130371094,-2.2522871494293213
-7.5319538116455078,-48.2603607177734375,-2.2445793151855469
-4.3775844573974609,-6.9862556457519531,-2.2438189983367920
3.8185167312622070,-7.3877987861633301,-1.5354803800582886
-32.5808830261230469,-56.3254089355468750,-2.2499806880950928
1.7068623304367065,-37.8656806945800781,-2.2458190917968750
-2.0796048641204834,-42.8257942199707031,-2.2584745883941650
-18.1814155578613281,-28.6564979553222656,-2.2491309642791748
-10.6184091567993164,-27.5350704193115234,-1.5332211256027222
-5.8159923553466797,-36.7508049011230469,-2.2422490119934082
-2.6641314029693604,-25.0780029296875000,-2.2463152408599854
13.3843793869018555,-41.9861068725585938,-1.5341999530792236
5.8221926689147949,-22.9592761993408203,-2.2453427314758301
-13.3741989135742188,-23.5151882171630859,-2.2487146854400635
-1.9840929508209229,-25.8060150146484375,-2.2422513961791992
12.3997879028320313,-46.2813377380371094,-1.5355858802795410
1.5421174764633179,-3.5732593536376953,-1.5385710000991821
-0.0266256090253592,-8.0244922637939453,-2.2454900741577148
7.1951088905334473,-9.8546476364135742,-1.5356569290161133
-20.2193069458007813,-45.7539443969726563,-1.5330938100814819
3.0297765731811523,-52.6646537780761719,-2.2524878978729248
16.3336448669433594,-25.0929470062255859,-1.5341811180114746
18.1776790618896484,-21.9040317535400391,-1.6013804674148560
-5.8212518692016602,-19.7949886322021484,-2.2513875961303711
18.1800136566162109,-47.8349075317382813,-2.2584724426269531
11.3299140930175781,-56.3081626892089844,-2.2454342842102051
-13.3832921981811523,-21.8444728851318359,-1.5321798324584961
18.1825122833251953,-48.4833221435546875,-1.5277067422866821
3.7808680534362793,-56.0193328857421875,-2.2522947788238525
17.3864326477050781,-50.5265388488769531,-1.5366044044494629
-2.9832637310028076,-17.5448684692382813,-2.2462902069091797
-12.5204343795776367,-12.1196088790893555,-2.2426116466522217
-1.0154021978378296,-43.9396209716796875,-1.5349792242050171
3.5837247371673584,-10.5503416061401367,-1.5350466966629028
11.9906044006347656,-39.1890182495117188,-1.5346589088439941
17.6791954040527344,-20.4314651489257813,-2.2437036037445068
-6.4400229454040527,-38.4289474487304688,-2.2535462379455566
-15.4179744720458984,-49.8608169555664063,-1.5377690792083740
29.8199634552001953,-56.3419647216796875,-1.5301915407180786
-11.5792322158813477,-45.7140769958496094,-1.5220185518264771
-13.1197013854980469,-39.6990394592285156,-1.5363750457763672
-11.0962333679199219,-47.0618782043457031,-2.2470419406890869
7.3992266654968262,-52.8054466247558594,-2.2631123065948486
-11.3001384735107422,-57.0028686523437500,-2.2471454143524170
20.9294967651367188,-53.1162757873535156,-1.5358983278274536
2.5846123695373535,-29.3383960723876953,-1.5328391790390015
17.6232032775878906,-53.1065101623535156,-1.5295778512954712
-5.2012429237365723,-10.4169120788574219,-1.5350136756896973
-1.7079128026962280,-54.1969490051269531,-1.5336774587631226
3.7795922756195068,-17.3080101013183594,-2.2445886135101318
-18.1829204559326172,-39.1106796264648438,-1.5385087728500366
22.9833488464355469,-39.4053993225097656,-2.2447404861450195
-12.5891046524047852,-11.1006727218627930,-2.2422032356262207
-5.8175201416015625,-52.0452575683593750,-2.2452080249786377
31.1792278289794922,-50.6438331604003906,-1.5367983579635620
-18.1817512512207031,-32.9907379150390625,-1.5301302671432495
34.6214294433593750,-54.6075477600097656,-1.5367197990417480
-3.0371541976928711,-7.6511855125427246,-2.2425563335418701
31.8793411254882813,-50.6344299316406250,-2.2439603805541992
-5.8166494369506836,-22.4132232666015625,-2.2471368312835693
-22.0237541198730469,-45.4815864562988281,-1.5307929515838623
-0.0663920268416405,-6.6267943382263184,-2.2417857646942139
15.4169073104858398,-26.1933479309082031,-2.2478268146514893
20.8497600555419922,-42.8898773193359375,-2.2489168643951416
-27.7783565521240234,-48.5009689331054688,-1.5372463464736938
-21.5849037170410156,-49.0564041137695313,-1.5351128578186035
21.7705287933349609,-47.2515640258789063,-2.2414295673370361
2.3916249275207520,-33.6347999572753906,-1.5331603288650513
-3.0037841796875000,-43.1871414184570313,-2.2530241012573242
3.7818989753723145,-48.5825233459472656,-1.5371264219284058
-15.4187564849853516,-57.0020828247070313,-1.5343028306961060
-7.0995988845825195,-45.7894172668457031,-1.5330356359481812
-17.0075492858886719,-47.5469894409179688,-1.5264931917190552
-13.4334831237792969,-11.6268405914306641,-2.2406086921691895
20.6876564025878906,-39.6982460021972656,-2.2421467304229736
18.0371837615966797,-25.5687980651855469,-2.2445240020751953
-13.3775911331176758,-38.0654144287109375,-2.2483744621276855
-37.3044548034667969,-54.8460159301757813,-1.5366508960723877
-3.7780804634094238,-47.9847145080566406,-2.2466962337493896
7.8595972061157227,-52.3800239562988281,-1.5221126079559326
16.1872673034667969,-28.2783489227294922,-2.2435183525085449
-22.9814624786376953,-51.1783676147460938,-2.2435848712921143
17.1468734741210938,-36.2142715454101563,-1.5377224683761597
13.3782215118408203,-19.2572631835937500,-2.2480213642120361
-3.7369089126586914,-7.2728090286254883,-1.5365678071975708
-4.5569605827331543,-6.0099458694458008,-2.2420351505279541
-10.3176250457763672,-7.8846020698547363,-2.2415134906768799
-27.1039886474609375,-54.9004440307617188,-1.5329856872558594
-36.5924835205078125,-53.4376678466796875,-2.2415943145751953
3.0545632839202881,-50.6569328308105469,-1.5353927612304688
-16.8212051391601563,-28.2823219299316406,-1.5324189662933350
-15.4188690185546875,-42.1429023742675781,-2.2532966136932373
-16.0627899169921875,-28.5883083343505859,-2.2476248741149902
34.6302223205566406,-51.0787658691406250,-2.2412371635437012
5.8180141448974609,-28.1782722473144531,-2.2347066402435303
18.1745491027832031,-18.9179592132568359,-1.5387737751007080
11.7675933837890625,-12.9583110809326172,-2.2466380596160889
16.8125534057617188,-57.0086517333984375,-1.5333387851715088
-15.4222116470336914,-27.3152294158935547,-2.2414128780364990
-3.1037194728851318,-51.3804893493652344,-1.5322134494781494
15.9224166870117188,-45.5545310974121094,-1.5317376852035522
3.2588417530059814,-30.0678215026855469,-1.5338299274444580
-2.3386962413787842,-33.2461776733398438,-1.5282934904098511
-0.5128034353256226,-3.9728741645812988,-2.2415258884429932
-8.5792045593261719,-19.7583885192871094,-2.2457821369171143
-22.9813156127929688,-54.7116355895996094,-1.5328192710876465
-12.1407175064086914,-38.9643516540527344,-1.5244390964508057
-3.3348402976989746,-9.9046974182128906,-2.2459900379180908
-17.4844951629638672,-51.3692855834960938,-2.2481145858764648
-10.6132936477661133,-19.0075912475585938,-1.5337916612625122
-22.9848480224609375,-52.6165237426757813,-2.2444813251495361
8.3685522079467773,-56.0428352355957031,-2.2486059665679932
17.4626979827880859,-42.9468193054199219,-1.5350743532180786
10.6182289123535156,-34.7212677001953125,-2.2490873336791992
16.3183994293212891,-24.4029808044433594,-2.2481958866119385
10.6223545074462891,-54.6268539428710938,-2.2441954612731934
13.3781213760375977,-35.1210021972656250,-2.2455739974975586
6.2947258949279785,-51.6652984619140625,-2.2468931674957275
-3.3426225185394287,-9.2109775543212891,-1.5360649824142456
9.7315683364868164,-7.8034462928771973,-1.5387800931930542
5.8192839622497559,-54.5921134948730469,-1.5359863042831421
-10.6169157028198242,-39.6569519042968750,-2.2470455169677734
-6.3133854866027832,-9.1831007003784180,-1.5346578359603882
-10.6347799301147461,-13.7670087814331055,-1.5381579399108887
-13.2783041000366211,-10.9342117309570313,-1.5386755466461182
-8.5742912292480469,-18.3697013854980469,-2.2443320751190186
-7.7222728729248047,-53.1900939941406250,-2.2510075569152832
-12.6762342453002930,-43.4176483154296875,-2.2423062324523926
-5.8154177665710449,-45.5045852661132813,-1.5310710668563843
27.0073165893554688,-56.3125495910644531,-1.5349364280700684
-11.7940092086791992,-39.8931121826171875,-1.5258312225341797
-3.7790479660034180,-48.6745262145996094,-1.5356589555740356
7.6387839317321777,-49.7829093933105469,-1.5301707983016968
-11.9860506057739258,-14.7502336502075195,-1.5342797040939331
-26.3696479797363281,-49.9116172790527344,-1.5378851890563965
12.8923749923706055,-52.4576606750488281,-2.2435641288757324
4.6210384368896484,-8.2366552352905273,-2.2422935962677002
-16.2052345275878906,-42.7683830261230469,-2.2436254024505615
32.5785064697265625,-57.0022392272949219,-1.5376158952713013
18.1814689636230469,-34.1678237915039063,-1.5383183956146240
-13.3818120956420898,-34.6139869689941406,-1.5351498126983643
15.7141008377075195,-51.0325698852539063,-2.2532010078430176
12.7363443374633789,-32.6270256042480469,-2.2530932426452637
12.6707201004028320,-16.1758232116699219,-2.2428390979766846
-3.7776851654052734,-19.1321945190429688,-2.2440989017486572
-18.1767883300781250,-21.5067329406738281,-2.2417562007904053
7.5301513671875000,-10.5308818817138672,-2.2418138980865479
10.6183099746704102,-45.4941482543945313,-2.2472381591796875
11.3338136672973633,-29.1722793579101563,-1.5364584922790527
26.4008998870849609,-49.1952743530273438,-1.5342559814453125
31.8846702575683594,-51.3689346313476563,-1.5345951318740845
20.6747341156005859,-36.1945991516113281,-1.5333666801452637
-16.0868740081787109,-26.3548660278320313,-2.2420375347137451
12.6687793731689453,-16.8797111511230469,-1.5367176532745361
-7.1672539710998535,-32.5023155212402344,-2.2445013523101807
20.2210674285888672,-51.7260704040527344,-2.2442057132720947
4.9751853942871094,-10.3167362213134766,-1.5354437828063965
-2.5465803146362305,-24.2954521179199219,-1.5369397401809692
-27.0856037139892578,-51.3257179260253906,-2.2456603050231934
1.0140877962112427,-48.5220222473144531,-1.5366563796997070
-10.3623170852661133,-9.2451610565185547,-1.5381748676300049
7.1630287170410156,-43.0799446105957031,-1.5344177484512329
25.0196228027343750,-47.0595703125000000,-2.2426791191101074
-25.6904430389404297,-50.6380882263183594,-1.5322513580322266
-15.4210433959960938,-47.8686523437500000,-1.5358673334121704
-8.5798206329345703,-52.4885826110839844,-2.2527060508728027
-7.9147920608520508,-37.4489631652832031,-2.2427070140838623
-5.8183851242065430,-55.0321502685546875,-1.5262573957443237
-12.6901779174804688,-18.3518924713134766,-1.5338438749313354
-1.0193445682525635,-31.0328121185302734,-2.2503292560577393
-8.0904178619384766,-45.9637985229492188,-2.2437298297882080
1.7096042633056641,-35.7489700317382813,-1.5351263284683228
-17.7064990997314453,-29.1452255249023438,-1.5319662094116211
-10.6200876235961914,-51.5931129455566406,-2.2413332462310791
18.1790256500244141,-45.2904548645019531,-2.2518055438995361
-1.0200656652450562,-15.8684492111206055,-2.2434036731719971
-7.4439368247985840,-45.2099914550781250,-2.2571613788604736
-11.6057720184326172,-37.8802719116210938,-1.5293002128601074
21.7904663085937500,-49.6454658508300781,-2.2491812705993652
-1.0214424133300781,-24.3960666656494141,-1.5357915163040161
1.7085659503936768,-18.8712444305419922,-1.5369962453842163
2.3115048408508301,-24.3208255767822266,-2.2576355934143066
1.0136474370956421,-39.3101768493652344,-1.5336508750915527
-8.5832777023315430,-48.4693298339843750,-1.5236370563507080
-15.4190196990966797,-28.8215198516845703,-1.5330222845077515
-1.7121331691741943,-50.6787033081054688,-2.2449691295623779
3.7783463001251221,-23.6804313659667969,-1.5355292558670044
6.9739356040954590,-49.9451065063476563,-2.2511596679687500
15.9482660293579102,-46.5476455688476563,-1.5327175855636597
12.0515289306640625,-44.1115684509277344,-2.2454032897949219
-2.9817595481872559,-34.0089187622070313,-1.5334475040435791
8.5839166641235352,-57.0110168457031250,-2.2529044151306152
10.6212749481201172,-22.3518791198730469,-2.2447202205657959
6.5484690666198730,-47.4326972961425781,-2.2442085742950439
-13.3820171356201172,-50.9249382019042969,-1.5291080474853516
4.1618270874023438,-9.7400274276733398,-1.5352410078048706
-5.8219966888427734,-37.6306724548339844,-1.5385960340499878
10.6200475692749023,-28.4827022552490234,-1.5330449342727661
21.9926662445068359,-36.5910987854003906,-1.5372813940048218
-20.2200107574462891,-51.1691665649414063,-2.2461616992950439
-31.4517765045166016,-50.7746696472167969,-1.5388026237487793
10.6212062835693359,-26.4412841796875000,-2.2472031116485596
2.6343171596527100,-3.4383256435394287,-1.5388398170471191
3.7825250625610352,-46.4750061035156250,-2.2475967407226563
-1.8964047431945801,-7.0266909599304199,-2.2441856861114502
-32.4398345947265625,-53.5880622863769531,-2.2448892593383789
-15.5779962539672852,-39.4392547607421875,-2.2507414817810059
16.6965675354003906,-52.7501678466796875,-1.5333000421524048
21.6349811553955078,-52.4179420471191406,-1.5338268280029297
-18.1789207458496094,-23.6138687133789063,-1.5346475839614868
18.1821956634521484,-57.0039825439453125,-1.5353900194168091
-1.5948345661163330,-3.6838684082031250,-1.5384252071380615
29.8218917846679688,-50.6446151733398438,-1.5384829044342041
-17.5173587799072266,-34.7035446166992188,-1.5352941751480103
12.7828578948974609,-27.8054351806640625,-1.5365264415740967
-32.5789833068847656,-55.6483459472656250,-1.5316550731658936
-5.8182253837585449,-31.2802066802978516,-1.5350461006164551
32.1174964904785156,-56.4760131835937500,-2.2452397346496582
3.0193264484405518,-28.8058567047119141,-2.2469086647033691
21.0764446258544922,-55.8824310302734375,-1.5332924127578735
-18.1780128479003906,-22.9166278839111328,-2.2435967922210693
15.4896068572998047,-30.2099819183349609,-2.2559211254119873
-20.2174797058105469,-54.1919288635253906,-2.2452154159545898
-25.5920848846435547,-49.2851905822753906,-1.5387580394744873
18.1858768463134766,-51.1094627380371094,-1.5198364257812500
6.7529768943786621,-31.1266021728515625,-1.5384249687194824
11.4568319320678711,-10.7890586853027344,-1.5386431217193604
-3.6756572723388672,-17.4715595245361328,-1.5327477455139160
-11.9651193618774414,-31.2462539672851563,-2.2448713779449463
13.2129678726196289,-30.5124073028564453,-2.2449834346771240
-8.5783863067626953,-42.7075843811035156,-1.5322240591049194
-1.0218011140823364,-23.7107219696044922,-2.2484290599822998
16.1639614105224609,-18.5234966278076172,-1.5387408733367920
-1.3975318670272827,-8.9787673950195313,-1.5369180440902710
12.2948808670043945,-50.2467689514160156,-1.5292423963546753
-20.8761329650878906,-45.5827713012695313,-2.2528927326202393
3.0864937305450439,-32.2090682983398438,-2.2447566986083984
11.3503646850585938,-12.4127807617187500,-1.5326609611511230
2.9789736270904541,-24.4737815856933594,-1.5373970270156860
29.8182830810546875,-52.8055763244628906,-2.2448260784149170
7.2319278717041016,-40.8197937011718750,-2.2507147789001465
7.1123223304748535,-37.0832366943359375,-2.2478978633880615
5.8195743560791016,-33.6351089477539063,-2.2426543235778809
-11.0951299667358398,-36.3981094360351563,-2.2460315227508545
-16.9524536132812500,-25.1707820892333984,-1.5322155952453613
-5.9739780426025391,-20.4462890625000000,-1.5270587205886841
-5.8200769424438477,-56.3579826354980469,-1.5242512226104736
-22.9822406768798828,-53.3169708251953125,-1.5368356704711914
-15.4184818267822266,-30.5102825164794922,-2.2458469867706299
6.5231962203979492,-56.0088043212890625,-2.2431876659393311
6.1877040863037109,-7.2053060531616211,-1.5376543998718262
-3.0700008869171143,-15.8067216873168945,-1.5345855951309204
7.1702351570129395,-19.2900924682617188,-1.5366604328155518
-26.4104385375976563,-52.0576972961425781,-2.2457702159881592
18.1796569824218750,-20.9129333496093750,-1.5359072685241699
-8.5819358825683594,-27.0450592041015625,-2.2459583282470703
15.4157409667968750,-51.9769554138183594,-2.2517554759979248
-25.8392066955566406,-43.3713188171386719,-1.5387428998947144
-12.1345739364624023,-33.4111251831054688,-2.2413709163665771
-1.7753871679306030,-17.9503707885742188,-2.2412612438201904
34.6202621459960938,-55.3092117309570313,-2.2430765628814697
-13.3787965774536133,-49.6157875061035156,-1.5251491069793701
-16.4791564941406250,-27.6876163482666016,-2.2474038600921631
15.4174852371215820,-43.9044342041015625,-1.5377993583679199
25.9979190826416016,-55.3372573852539063,-1.5349406003952026
-22.2652626037597656,-42.5808868408203125,-1.5301671028137207
-13.3825111389160156,-20.4576721191406250,-1.5358843803405762
-12.6637897491455078,-38.0575256347656250,-1.5310829877853394
8.5523414611816406,-45.4455299377441406,-1.5345367193222046
1.4299982786178589,-7.4296188354492188,-1.5376216173171997
-10.6152620315551758,-37.8908729553222656,-1.5332325696945190
17.4862155914306641,-55.5665092468261719,-2.2458541393280029
30.5081176757812500,-53.5253677368164063,-2.2464075088500977
11.5381660461425781,-11.7423639297485352,-2.2435860633850098
13.3845329284667969,-54.6470336914062500,-2.2502298355102539
15.4222717285156250,-25.5106124877929688,-1.5316685438156128
1.0187867879867554,-45.0642166137695313,-2.2528369426727295
6.5674958229064941,-46.7491188049316406,-1.5303254127502441
-11.3396930694580078,-43.1144599914550781,-2.2447075843811035
-8.5806722640991211,-28.4346866607666016,-2.2479336261749268
-6.7539792060852051,-43.7095756530761719,-1.5311577320098877
-3.1092126369476318,-54.8771896362304688,-2.2482199668884277
-3.7877759933471680,-52.8044815063476563,-2.2478330135345459
-30.5263404846191406,-57.0056800842285156,-1.5346806049346924
12.6824350357055664,-41.9950218200683594,-2.2445538043975830
-13.3805990219116211,-25.1898822784423828,-1.5331506729125977
5.4433474540710449,-8.8081207275390625,-2.2437164783477783
3.7859375476837158,-35.0358657836914063,-1.5364116430282593
5.8912057876586914,-12.0663862228393555,-2.2436375617980957
16.8904933929443359,-30.9693832397460938,-1.5341051816940308
12.1509389877319336,-52.6846694946289063,-1.5387530326843262
3.0957593917846680,-28.1252079010009766,-1.5307626724243164
15.9038038253784180,-54.1431808471679688,-2.2491054534912109
-12.8021745681762695,-39.0017242431640625,-2.2556574344635010
-18.1785011291503906,-29.6491184234619141,-2.2479374408721924
37.3053703308105469,-56.3145217895507813,-1.5330350399017334
-1.7436685562133789,-37.2171058654785156,-1.5338557958602905
3.7800571918487549,-40.6490173339843750,-1.5262892246246338
10.6217765808105469,-16.4257659912109375,-1.5309777259826660
3.0297131538391113,-11.3798446655273438,-1.5376938581466675
-10.6163406372070313,-30.8971481323242188,-1.5295602083206177
-8.3740987777709961,-53.0889282226562500,-1.5156579017639160
8.5816383361816406,-43.7486190795898438,-2.2438850402832031
-16.5682792663574219,-37.5083732604980469,-1.5345635414123535
-7.3878846168518066,-26.3599586486816406,-2.2415525913238525
16.1585025787353516,-36.3485527038574219,-1.5330383777618408
-25.0168228149414063,-57.0057296752929688,-1.5362523794174194
25.7017593383789063,-53.5134048461914063,-2.2424855232238770
-3.7415404319763184,-12.4341974258422852,-2.2410449981689453
13.3778362274169922,-23.3710117340087891,-2.2516214847564697
-12.6767320632934570,-21.1536140441894531,-1.5314692258834839
-7.2060766220092773,-36.0494728088378906,-1.5341962575912476
-17.4671840667724609,-21.5102519989013672,-1.5386468172073364
-0.8589224815368652,-6.0201387405395508,-2.2420771121978760
7.6549196243286133,-53.4141311645507813,-1.5290297269821167
-31.1969718933105469,-51.7396621704101563,-1.5378695726394653
31.9144783020019531,-54.9330863952636719,-2.2501792907714844
21.1244316101074219,-44.2088203430175781,-2.2450072765350342
-13.3785238265991211,-35.3179550170898438,-2.2429735660552979
-3.7829358577728271,-36.2693443298339844,-2.2517328262329102
-20.9102821350097656,-51.8829879760742188,-2.2455756664276123
1.6508157253265381,-23.5723819732666016,-2.2411894798278809
12.3021697998046875,-17.9636039733886719,-1.5383042097091675
6.5909452438354492,-10.1992301940917969,-2.2456035614013672
22.4985580444335938,-35.5050926208496094,-1.5352301597595215
11.3540802001953125,-23.0678462982177734,-2.2441895008087158
8.5791044235229492,-23.1380615234375000,-1.5369830131530762
26.6651439666748047,-42.7292289733886719,-2.2431516647338867
-16.9038562774658203,-32.8295669555664063,-2.2464351654052734
-8.5906276702880859,-36.7313613891601563,-2.2445828914642334
-27.0691833496093750,-47.7932624816894531,-1.5386518239974976
-21.6260795593261719,-57.0047950744628906,-2.2426819801330566
3.7816963195800781,-12.9257278442382813,-2.2443156242370605
-5.8203716278076172,-47.5069503784179688,-2.2478892803192139
8.5776767730712891,-20.9020996093750000,-1.5386899709701538
36.6549911499023438,-51.2546920776367188,-2.2413554191589355
-16.5789203643798828,-23.0909080505371094,-2.2413344383239746
-18.1834983825683594,-52.7645492553710938,-1.5335718393325806
-15.4200448989868164,-26.5895957946777344,-1.5384922027587891
31.8892459869384766,-53.5052452087402344,-2.2460782527923584
-3.3853571414947510,-20.3848114013671875,-2.2460052967071533
1.7236661911010742,-46.4321632385253906,-1.5366508960723877
1.6088199615478516,-53.1631851196289063,-1.5381669998168945
-1.4225262403488159,-45.4372787475585938,-2.2607555389404297
-1.0176216363906860,-21.4204902648925781,-2.2433180809020996
-3.7796730995178223,-32.3174095153808594,-1.5348773002624512
-6.5235548019409180,-48.8850135803222656,-1.5358178615570068
-16.3927135467529297,-42.0949935913085938,-1.5345151424407959
30.5322628021240234,-55.6535491943359375,-1.5344609022140503
-6.5514616966247559,-10.1492376327514648,-1.5359808206558228
8.5774240493774414,-36.0129547119140625,-2.2453351020812988
-13.3850383758544922,-28.5235500335693359,-2.2528021335601807
1.0196776390075684,-41.5923995971679688,-2.2428300380706787
-31.0337753295898438,-54.4093666076660156,-1.5371402502059937
-2.9018814563751221,-21.2535495758056641,-2.2485516071319580
1.0191103219985962,-53.5521545410156250,-2.2427585124969482
-12.5111780166625977,-40.5843963623046875,-1.5252480506896973
1.2850145101547241,-4.4609603881835938,-2.2423956394195557
-1.0217907428741455,-35.8264961242675781,-2.2463781833648682
-13.3795595169067383,-21.1566143035888672,-2.2451636791229248
7.5705895423889160,-23.1387023925781250,-1.5382599830627441
2.4220905303955078,-42.3008956909179688,-1.5366926193237305
11.3479433059692383,-24.4151992797851563,-2.2431740760803223
-12.2034931182861328,-21.6304302215576172,-2.2510216236114502
-1.0178477764129639,-55.5843505859375000,-2.2455122470855713
1.4839862585067749,-30.0858135223388672,-1.5301146507263184
-32.2267684936523438,-52.2957344055175781,-2.2433016300201416
20.2171249389648438,-55.1289558410644531,-1.5213998556137085
-5.8202643394470215,-17.1396884918212891,-1.5341651439666748
-10.6184549331665039,-36.8990974426269531,-1.5353959798812866
-34.6212005615234375,-55.6252517700195313,-1.5371671915054321
-8.1170616149902344,-22.3201122283935547,-2.2518460750579834
11.3404016494750977,-57.0055885314941406,-1.5373300313949585
-31.0201721191406250,-55.8168983459472656,-1.5348832607269287
-27.0366573333740234,-42.6339569091796875,-1.5380609035491943
15.5111474990844727,-37.3528099060058594,-2.2500674724578857
5.8190984725952148,-51.1562156677246094,-1.5357221364974976
-12.6860275268554688,-35.3151473999023438,-1.5269025564193726
21.1183433532714844,-43.5259399414062500,-1.5329065322875977
-0.6519431471824646,-8.3148632049560547,-1.5332798957824707
-15.4222145080566406,-29.5152168273925781,-2.2435934543609619
7.1208024024963379,-43.8176918029785156,-2.2082223892211914
-6.8162021636962891,-41.3022117614746094,-2.2435536384582520
25.0205650329589844,-43.3962554931640625,-1.5372469425201416
8.1425561904907227,-10.1702098846435547,-1.5380312204360962
-25.0111751556396484,-50.6843299865722656,-2.2479367256164551
10.6219949722290039,-29.1747226715087891,-2.2451460361480713
-13.3777875900268555,-29.1963710784912109,-1.5301872491836548
6.5625905990600586,-24.2926521301269531,-1.5321877002716064
-15.9006357192993164,-48.3713798522949219,-2.2475910186767578
-3.7808184623718262,-45.2330627441406250,-2.2466506958007813
-27.3316307067871094,-46.9060134887695313,-2.2472505569458008
11.3497896194458008,-27.8041057586669922,-1.5318655967712402
-26.4083747863769531,-54.1900062561035156,-1.5338785648345947
-21.4857101440429688,-37.7827224731445313,-2.2413237094879150
-17.4284114837646484,-45.3609580993652344,-1.5384002923965454
-6.5138621330261230,-34.6369628906250000,-2.2449307441711426
-15.4211826324462891,-43.4581336975097656,-2.2521045207977295
20.2212028503417969,-44.4743537902832031,-1.5303661823272705
10.6155529022216797,-37.0748939514160156,-2.2496013641357422
-7.4383568763732910,-24.2456569671630859,-2.2413728237152100
3.7832663059234619,-51.3281631469726563,-1.5313051939010620
7.5123734474182129,-38.5954589843750000,-1.5281023979187012
-10.9452190399169922,-8.8432950973510742,-2.2416565418243408
-7.8906726837158203,-44.0864257812500000,-2.2488796710968018
3.7778415679931641,-24.3740539550781250,-2.2470486164093018
21.6100673675537109,-34.7267761230468750,-1.5386683940887451
-34.6209068298339844,-53.7969436645507813,-2.2432918548583984
-13.3867473602294922,-38.7401084899902344,-1.5250308513641357
13.3801612854003906,-27.1666126251220703,-2.2436044216156006
-20.2094230651855469,-53.2825393676757813,-1.5335114002227783
-30.3151149749755859,-55.1133766174316406,-1.5362733602523804
-12.6560802459716797,-48.2742233276367188,-2.2454035282135010
-7.5041046142578125,-39.5688514709472656,-1.5364012718200684
-25.2260742187500000,-41.1587638854980469,-1.5387864112854004
10.6213741302490234,-27.8011627197265625,-2.2495563030242920
5.8216557502746582,-34.7884140014648438,-1.5376136302947998
17.6828651428222656,-44.7991828918457031,-1.5381333827972412
16.8203239440917969,-40.1007690429687500,-2.2478420734405518
-6.6016631126403809,-30.6768283843994141,-1.5312896966934204
18.1804943084716797,-35.1653671264648438,-1.5359237194061279
-3.2978994846343994,-3.9428534507751465,-1.5383882522583008
-2.3931980133056641,-15.8751783370971680,-2.2491371631622314
-8.5838336944580078,-51.5053024291992188,-2.2490305900573730
13.3782014846801758,-16.8799552917480469,-2.2439808845520020
-13.3830537796020508,-43.3986396789550781,-1.5358642339706421
-15.4209899902343750,-37.7888603210449219,-1.5377817153930664
-3.7781233787536621,-27.4024677276611328,-1.5312811136245728
-8.5793514251708984,-54.6804084777832031,-2.2504315376281738
-5.8165569305419922,-48.1963958740234375,-1.5361438989639282
-11.1256952285766602,-30.4383583068847656,-2.2444272041320801
1.7596883773803711,-5.3423237800598145,-2.2412214279174805
-5.8220543861389160,-55.6990280151367188,-2.2518680095672607
-8.1288433074951172,-16.1543235778808594,-2.2509820461273193
22.9841499328613281,-44.8362655639648438,-2.2469792366027832
-10.6192464828491211,-44.8079109191894531,-2.2499001026153564
-5.9040842056274414,-49.2260131835937500,-2.2413344383239746
-22.8972644805908203,-37.4219627380371094,-2.2416608333587646
-2.4001924991607666,-15.0719032287597656,-1.5329471826553345
20.9654769897460938,-53.8121604919433594,-2.2449593544006348
8.4282007217407227,-12.5984573364257813,-1.5380754470825195
-35.3171348571777344,-53.7602500915527344,-1.5348912477493286
18.1761894226074219,-47.1970787048339844,-1.5229461193084717
-22.9798145294189453,-38.8282394409179688,-2.2429099082946777
-2.3970868587493896,-13.3049058914184570,-2.2457659244537354
3.0921559333801270,-35.7433891296386719,-1.5337512493133545
1.0191918611526489,-56.3205261230468750,-2.2468473911285400
18.1808815002441406,-40.1349754333496094,-2.2453117370605469
-16.6434803009033203,-30.9736957550048828,-2.2412557601928711
22.6631736755371094,-40.3463325500488281,-2.2441916465759277
-25.0153484344482422,-52.0685195922851563,-2.2437531948089600
1.0185967683792114,-17.4561595916748047,-2.2457556724548340
-7.2544102668762207,-37.7061233520507813,-1.5389386415481567
7.3647837638854980,-32.8550529479980469,-1.5345852375030518
27.7859497070312500,-49.9070510864257813,-2.2431731224060059
-20.2198352813720703,-56.3019752502441406,-1.5359170436859131
31.4357452392578125,-56.3263626098632813,-1.5346385240554810
-3.0109393596649170,-4.8492259979248047,-2.2412247657775879
-12.6847524642944336,-19.0549793243408203,-2.2422854900360107
7.0109729766845703,-56.5141487121582031,-1.5358715057373047
-5.8198971748352051,-27.0146999359130859,-1.5375024080276489
-27.0998134613037109,-56.2932586669921875,-1.5333465337753296
12.6642074584960938,-28.8450374603271484,-2.2443752288818359
25.0222606658935547,-41.3892135620117188,-2.2414469718933105
3.2977111339569092,-42.7637863159179688,-1.5329838991165161
15.9896259307861328,-51.6364898681640625,-1.5232061147689819
13.3808059692382813,-19.9364891052246094,-1.5323389768600464
-20.2175102233886719,-44.0644531250000000,-2.2459893226623535
-18.1824626922607422,-57.0055160522460938,-1.5368853807449341
-27.7888603210449219,-54.8885459899902344,-2.2455289363861084
26.3863506317138672,-50.6127357482910156,-1.5349392890930176
17.1892108917236328,-38.8229598999023438,-2.2491483688354492
-8.5873661041259766,-31.1349277496337891,-2.2507712841033936
-10.6214981079101563,-21.0646762847900391,-1.5888687372207642
15.4178647994995117,-40.0872535705566406,-2.2432146072387695
17.4028644561767578,-45.9272460937500000,-2.2448196411132813
7.8375692367553711,-50.4309349060058594,-2.2484393119812012
-16.9374122619628906,-38.4305152893066406,-1.5285984277725220
11.1752824783325195,-14.6728649139404297,-2.2437038421630859
1.7208328247070313,-47.8294715881347656,-1.5367209911346436
10.6129589080810547,-41.3214797973632813,-2.2453362941741943
4.2751460075378418,-10.4318141937255859,-2.2433316707611084
20.8980979919433594,-38.1353302001953125,-1.5334839820861816
3.0696771144866943,-23.6743640899658203,-2.2438976764678955
-13.3815059661865234,-16.9062080383300781,-2.2434768676757813
1.9244630336761475,-2.9750878810882568,-2.2410862445831299
12.0220184326171875,-43.4211006164550781,-1.5335612297058105
-16.9749164581298828,-49.2400360107421875,-2.2438693046569824
-2.5937516689300537,-41.3799209594726563,-1.5311105251312256
1.9980299472808838,-22.7761611938476563,-1.5332456827163696
8.5819263458251953,-17.1792201995849609,-2.2422068119049072
-12.6297760009765625,-27.8817501068115234,-2.2466397285461426
-13.3825054168701172,-16.1770286560058594,-1.5349723100662231
3.7827594280242920,-44.2410202026367188,-2.2586617469787598
1.6939656734466553,-32.1907424926757813,-2.2466428279876709
5.8240880966186523,-50.4588356018066406,-2.2432281970977783
1.0142461061477661,-50.5951957702636719,-2.2507712841033936
30.5035667419433594,-52.0792884826660156,-2.2470617294311523
5.2863459587097168,-8.0067520141601563,-1.5374068021774292
-13.3816614151000977,-33.2799835205078125,-1.5256353616714478
2.4549932479858398,-19.2559967041015625,-2.2413744926452637
7.2098994255065918,-15.7299785614013672,-2.2437148094177246
2.3699047565460205,-17.3014030456542969,-2.2450008392333984
-22.4892044067382813,-56.5148735046386719,-2.2452144622802734
-3.7797360420227051,-23.0873813629150391,-2.2493805885314941
-10.6216173171997070,-40.3509788513183594,-1.5358176231384277
-9.1948795318603516,-7.6995525360107422,-1.8568227291107178
10.7845783233642578,-8.5035667419433594,-1.5379518270492554
-2.1873536109924316,-49.5935707092285156,-2.2677628993988037
-17.4468650817871094,-42.4128074645996094,-2.2457199096679688
-21.5939331054687500,-49.7455902099609375,-2.2506694793701172
10.0809316635131836,-8.4213266372680664,-2.2413444519042969
27.0790348052978516,-42.1604080200195313,-1.5375047922134399
7.5043740272521973,-57.0054740905761719,-2.2467131614685059
-7.8962059020996094,-36.0341911315917969,-2.2469823360443115
-7.4598150253295898,-15.4067850112915039,-1.5331268310546875
-1.7310751676559448,-11.8438625335693359,-1.5337595939636230
-1.8587918281555176,-22.4969673156738281,-1.5361822843551636
-15.4344501495361328,-23.2247524261474609,-2.2445559501647949
1.7241281270980835,-42.2979621887207031,-2.2437899112701416
21.7389278411865234,-41.6112861633300781,-1.5372165441513062
13.3857126235961914,-24.0374412536621094,-1.5250113010406494
6.4004349708557129,-35.4186553955078125,-2.2479133605957031
11.3353586196899414,-52.5734291076660156,-2.2494528293609619
-1.0178568363189697,-49.9702186584472656,-2.2462749481201172
36.7360343933105469,-54.6154823303222656,-2.2431960105895996
-37.3010902404785156,-53.4360885620117188,-1.5376788377761841
25.0195484161376953,-45.3490676879882813,-1.5360915660858154
2.4062287807464600,-36.4588699340820313,-1.5345157384872437
-1.8638718128204346,-43.4332733154296875,-1.5236029624938965
-10.6200885772705078,-26.1417713165283203,-1.5343906879425049
3.7866871356964111,-47.8760604858398438,-2.2438178062438965
27.7863960266113281,-47.0804367065429688,-2.2428097724914551
21.4680233001708984,-42.5947608947753906,-1.5316314697265625
1.7453070878982544,-57.0044479370117188,-2.2443480491638184
-17.4381694793701172,-30.9902992248535156,-1.5354417562484741
15.7661933898925781,-49.5164337158203125,-1.5278949737548828
15.4183998107910156,-50.4404792785644531,-1.5307078361511230
-31.8337955474853516,-50.1767654418945313,-2.2412569522857666
13.3809318542480469,-43.6797752380371094,-1.5369650125503540
13.3782348632812500,-13.3688030242919922,-1.5366024971008301
-27.1008262634277344,-52.7620010375976563,-2.2472813129425049
-13.3791513442993164,-54.9040489196777344,-2.2453773021697998
-12.6182680130004883,-48.9694595336914063,-1.5357660055160522
13.0738325119018555,-33.4848899841308594,-1.5347861051559448
-11.9824228286743164,-55.5942687988281250,-1.5348252058029175
-20.9051895141601563,-43.3489341735839844,-2.2486219406127930
8.5834321975708008,-25.1226310729980469,-1.5316610336303711
-6.7452597618103027,-21.3718318939208984,-1.5335023403167725
12.0340986251831055,-53.9208526611328125,-1.5364048480987549
36.2373237609863281,-53.2326698303222656,-1.5371057987213135
15.4219779968261719,-43.2016716003417969,-2.2434284687042236
16.7939376831054688,-55.5895156860351563,-1.5349259376525879
3.7873413562774658,-27.4242725372314453,-1.5361416339874268
-17.4758186340332031,-26.3029403686523438,-1.5367947816848755
2.3367943763732910,-54.0230865478515625,-1.5286579132080078
1.0814185142517090,-5.1362228393554688,-1.5379247665405273
-30.8129138946533203,-52.3344612121582031,-2.2413499355316162
3.7795629501342773,-17.9985885620117188,-1.5325329303741455
3.0057551860809326,-19.7044544219970703,-1.5395462512969971
-6.5370483398437500,-47.5121498107910156,-1.5301796197891235
8.5781583786010742,-30.6555995941162109,-2.2432606220245361
5.8213109970092773,-48.1073036193847656,-2.2530508041381836
-16.4632263183593750,-35.9989547729492188,-2.2438526153564453
-7.8170795440673828,-50.8827018737792969,-2.2430484294891357
22.1202068328857422,-56.3243827819824219,-1.5355414152145386
29.8219738006591797,-49.9365692138671875,-2.2416222095489502
-2.1534240245819092,-33.8976249694824219,-2.2483465671539307
-3.7798893451690674,-26.0542526245117188,-1.5277858972549438
5.8222551345825195,-24.6058673858642578,-2.2413814067840576
-21.0756969451904297,-40.7979507446289063,-2.2467057704925537
-15.4204711914062500,-42.7958145141601563,-1.5252019166946411
-8.0896711349487305,-17.1736450195312500,-2.2450571060180664
-16.1572837829589844,-43.4625511169433594,-1.5320260524749756
-27.0972824096679688,-53.4764709472656250,-1.5332227945327759
-1.0214548110961914,-46.9388275146484375,-1.5329490900039673
-5.8234262466430664,-50.6339111328125000,-2.2425937652587891
15.4192199707031250,-42.5002593994140625,-1.5358619689941406
11.3537473678588867,-36.4085006713867188,-2.2373306751251221
1.0197811126708984,-15.1389932632446289,-1.5367951393127441
1.0180457830429077,-47.8246040344238281,-2.2446906566619873
7.6511163711547852,-26.4842948913574219,-2.2470157146453857
6.3459792137145996,-9.2345333099365234,-2.2425274848937988
-3.3341310024261475,-6.6986846923828125,-2.2426915168762207
-16.7579288482666016,-21.5128097534179688,-2.2419941425323486
15.9745254516601563,-53.1472015380859375,-2.2400035858154297
3.0652923583984375,-18.0055694580078125,-2.2438511848449707
-3.7795569896697998,-14.1203269958496094,-1.5364042520523071
10.6168699264526367,-52.5544052124023438,-1.5339170694351196
-15.8828411102294922,-35.6233558654785156,-1.5301321744918823
-6.7860393524169922,-46.4195709228515625,-2.2411069869995117
2.4548926353454590,-13.0642261505126953,-2.2514603137969971
-6.3078994750976563,-17.6370182037353516,-2.2440874576568604
10.6187524795532227,-17.7610340118408203,-1.5296330451965332
18.1793117523193359,-26.2458362579345703,-1.5333077907562256
-13.3800191879272461,-14.0329933166503906,-2.2425172328948975
-8.5785484313964844,-17.6722583770751953,-1.5359110832214355
-15.8129358291625977,-27.9055023193359375,-1.5380728244781494
22.4491024017333984,-43.0599403381347656,-1.5383425951004028
-7.8420634269714355,-57.0043296813964844,-1.5462657213211060
-18.1803703308105469,-48.7256889343261719,-2.2459676265716553
-10.6224260330200195,-13.0620231628417969,-2.2419323921203613
-13.3779287338256836,-30.5685691833496094,-1.5356904268264771
21.3019046783447266,-49.0187606811523438,-1.5339550971984863
-27.7784175872802734,-47.7969856262207031,-2.2419357299804688
1.1720944643020630,-26.6133842468261719,-1.5250921249389648
11.9337463378906250,-22.6937236785888672,-1.5334528684616089
25.0167198181152344,-47.7719535827636719,-1.5359482765197754
5.8172774314880371,-48.7687911987304688,-1.5310212373733521
25.0128765106201172,-48.4900131225585938,-2.2438919544219971
-1.0192943811416626,-48.2914581298828125,-1.5333534479141235
11.2929830551147461,-41.3098220825195313,-1.5312767028808594
-11.3129053115844727,-44.0984268188476563,-2.2434647083282471
-15.4177961349487305,-51.0118942260742188,-2.2295131683349609
25.0221138000488281,-42.0973777770996094,-1.5379517078399658
37.3015174865722656,-51.5477561950683594,-1.5388563871383667
-11.3104352951049805,-54.7740974426269531,-1.5372201204299927
1.0218491554260254,-54.2511024475097656,-1.5356031656265259
-8.0931320190429688,-51.9932174682617188,-1.5364990234375000
-22.9786090850830078,-57.0169143676757813,-1.5376543998718262
-7.6134371757507324,-55.0966072082519531,-1.5384266376495361