x,y,z
1.0222076177597046,-53.2710189819335938,-1.0564804077148438
10.6452579498291016,-41.3474426269531250,-1.0346224308013916
22.8488368988037109,-48.5105361938476563,-2.7442741394042969
3.7799277305603027,-40.6750144958496094,-1.8897676467895508
10.6223344802856445,-46.3098297119140625,-1.0313123464584351
-10.6208982467651367,-45.2447395324707031,-1.8944640159606934
21.1499385833740234,-49.0404205322265625,-1.8963180780410767
27.7753849029541016,-56.5716133117675781,-1.8894211053848267
6.6869988441467285,-38.8437385559082031,-1.8901202678680420
7.7123775482177734,-31.8752975463867188,-1.0388793945312500
-2.8093855381011963,-36.6112518310546875,-1.0348681211471558
-11.6418943405151367,-48.1932182312011719,-1.0364326238632202
-15.4231691360473633,-41.7509231567382813,-1.0370869636535645
20.2223758697509766,-44.9910964965820313,-1.0387676954269409
-25.9571495056152344,-56.1075096130371094,-1.3169351816177368
-18.1794357299804688,-46.5965576171875000,-1.8904292583465576
25.0219879150390625,-52.2215995788574219,-1.8979821205139160
-2.0626521110534668,-27.1340579986572266,-1.0372120141983032
8.5778703689575195,-38.3474731445312500,-1.0385198593139648
-18.1779632568359375,-43.1051483154296875,-1.0343422889709473
-26.0203742980957031,-52.1601371765136719,-1.0373395681381226
27.1530914306640625,-53.8322029113769531,-1.8288592100143433
1.0213588476181030,-31.5890369415283203,-2.7460570335388184
13.2782182693481445,-55.5531883239746094,-1.8903712034225464
-13.2239389419555664,-43.7384490966796875,-1.8902469873428345
7.7110147476196289,-40.8298301696777344,-1.0383020639419556
1.0221127271652222,-40.5037384033203125,-2.7482714653015137
15.4222888946533203,-45.5214309692382813,-1.0324468612670898
5.9658007621765137,-53.2027397155761719,-1.8877757787704468
20.2171001434326172,-53.0786209106445313,-2.7483642101287842
-8.5782995223999023,-57.0732765197753906,-1.0339564085006714
5.8494768142700195,-42.8135223388671875,-2.7470426559448242
16.3832473754882813,-43.1108245849609375,-1.0337326526641846
-26.8944244384765625,-51.6442794799804688,-1.0377005338668823
-17.2100181579589844,-43.1151618957519531,-1.8901703357696533
-25.5362529754638672,-57.0653457641601563,-1.8926352262496948
7.5531721115112305,-42.3172950744628906,-1.8900196552276611
2.2027583122253418,-53.3517684936523438,-1.8524351119995117
8.4136228561401367,-48.7407569885253906,-1.8916065692901611
-2.8882811069488525,-45.5432090759277344,-2.7470195293426514
-2.0198006629943848,-56.0639381408691406,-2.7447798252105713
-16.3177375793457031,-52.2146682739257813,-2.7471745014190674
2.8330111503601074,-41.6673316955566406,-1.0343223810195923
-2.7933497428894043,-33.6244049072265625,-1.0377168655395508
-22.0034503936767578,-55.3362960815429688,-2.7436234951019287
-15.4452352523803711,-44.2872428894042969,-1.8901847600936890
-2.0083179473876953,-48.5166435241699219,-1.8900004625320435
13.3762197494506836,-56.0535202026367188,-1.0329959392547607
-17.3103866577148438,-43.6103248596191406,-1.0337707996368408
-17.3122253417968750,-41.6085395812988281,-2.7416460514068604
1.0208626985549927,-51.3910255432128906,-2.7463734149932861
-11.6428918838500977,-54.1315460205078125,-1.0356820821762085
-10.6207561492919922,-42.2632789611816406,-1.8961926698684692
18.1323299407958984,-47.4504165649414063,-1.8892666101455688
36.3012886047363281,-57.0579490661621094,-1.0394544601440430
21.8888740539550781,-54.6547508239746094,-1.8815885782241821
-7.7022151947021484,-48.6859321594238281,-1.0341790914535522
11.5050277709960938,-37.9349708557128906,-1.2150053977966309
-8.5706949234008789,-43.7346649169921875,-1.8894556760787964
-3.6476910114288330,-29.6480827331542969,-1.8901497125625610
-16.2747497558593750,-41.7410507202148438,-1.8895584344863892
-17.3449249267578125,-54.5228309631347656,-1.0350415706634521
17.2384796142578125,-49.0951271057128906,-1.8893283605575562
1.8947020769119263,-30.1087894439697266,-1.0365875959396362
-2.8803489208221436,-49.0035667419433594,-1.8889187574386597
-7.6973042488098145,-54.6471633911132813,-2.7493655681610107
16.4537925720214844,-55.0682182312011719,-1.0348322391510010
3.7787132263183594,-46.1420326232910156,-1.0320652723312378
-10.7592296600341797,-47.7276039123535156,-1.0360040664672852
1.0223960876464844,-46.4384078979492188,-1.0315915346145630
-7.7160124778747559,-33.7553215026855469,-1.0374232530593872
1.0256170034408569,-32.0869941711425781,-1.8901605606079102
-2.9071543216705322,-26.1335353851318359,-1.8901685476303101
-1.9248342514038086,-34.1170043945312500,-1.0369719266891479
25.6267375946044922,-50.4023704528808594,-1.9016989469528198
6.8441119194030762,-39.3403968811035156,-1.0384529829025269
-25.1494712829589844,-53.6534194946289063,-2.7433514595031738
8.5778226852416992,-33.3710517883300781,-1.0386849641799927
-11.6374826431274414,-56.0977973937988281,-2.7457594871520996
-21.0790958404541016,-47.9107513427734375,-2.7443251609802246
11.7923040390014648,-56.2260284423828125,-2.7456147670745850
18.1778526306152344,-41.9791183471679688,-1.0343288183212280
-1.0221027135848999,-48.3145408630371094,-1.0319014787673950
1.0219914913177490,-40.5052719116210938,-1.0317825078964233
11.2711229324340820,-57.0642204284667969,-2.7602868080139160
-5.8261532783508301,-50.1376380920410156,-2.7475655078887939
-32.0567207336425781,-53.7702140808105469,-1.8911443948745728
-2.9167976379394531,-35.1197090148925781,-1.8897731304168701
-32.5785598754882813,-55.4751663208007813,-2.7390158176422119
22.1132450103759766,-51.9923934936523438,-1.0339630842208862
17.2486419677734375,-44.1068992614746094,-1.8904312849044800
20.2219924926757813,-45.9904403686523438,-2.7418687343597412
-6.8180332183837891,-47.2268104553222656,-2.7477359771728516
-8.5780696868896484,-48.1876525878906250,-2.7483413219451904
-25.0224132537841797,-47.6800117492675781,-2.5228111743927002
21.0187015533447266,-52.4931411743164063,-2.7434048652648926
10.6238241195678711,-50.2585525512695313,-2.7432112693786621
-27.7822189331054688,-57.0677261352539063,-1.0331132411956787
5.8274168968200684,-32.8924636840820313,-1.0379592180252075
-1.1613485813140869,-34.0455551147460938,-1.8899550437927246
6.6857743263244629,-30.8834743499755859,-1.8914135694503784
2.0847713947296143,-44.4764442443847656,-1.8873374462127686
-11.5421323776245117,-35.2872695922851563,-2.7426280975341797
-18.1913204193115234,-54.0327072143554688,-1.0322089195251465
-21.0912513732910156,-50.9339942932128906,-2.7470657825469971
8.5785789489746094,-43.3050880432128906,-2.7452466487884521
-6.8184299468994141,-54.1463241577148438,-1.0330017805099487
-1.9536421298980713,-43.0615653991699219,-2.7447168827056885
6.8440093994140625,-43.3077545166015625,-2.7419784069061279
-1.9119104146957397,-25.6370277404785156,-1.8903826475143433
6.6874599456787109,-39.8372116088867188,-1.8902033567428589
-18.1785888671875000,-48.5808296203613281,-1.8914171457290649
7.7078809738159180,-46.7638473510742188,-1.0362819433212280
-26.0215778350830078,-49.1629753112792969,-2.7418701648712158
10.6220197677612305,-45.8131675720214844,-1.8895726203918457
-8.5776691436767578,-49.1770172119140625,-2.7483210563659668
-5.8220987319946289,-42.2029113769531250,-1.0324296951293945
3.7778153419494629,-38.1894302368164063,-2.7452912330627441
-8.5693349838256836,-45.2199020385742188,-1.0321234464645386
8.5821619033813477,-55.6296882629394531,-1.8872567415237427
31.7160587310791016,-55.0911254882812500,-1.0362461805343628
30.4178905487060547,-55.7779693603515625,-1.8722311258316040
-12.5088510513305664,-55.6145133972167969,-2.7443027496337891
13.3783054351806641,-50.1131515502929688,-2.7413239479064941
3.7773208618164063,-45.1465187072753906,-2.7462294101715088
18.1800365447998047,-55.0734672546386719,-1.0386785268783569
-22.0218448638916016,-47.9053611755371094,-1.8888665437698364
2.8837950229644775,-34.6945381164550781,-1.0383852720260620
-1.0214362144470215,-53.2598953247070313,-1.0307000875473022
18.1794261932373047,-55.4510231018066406,-1.9632625579833984
-1.1491982936859131,-30.5783348083496094,-1.0363962650299072
-38.7712516784667969,-60.4793548583984375,-3.5404899120330811
17.5628376007080078,-55.5549926757812500,-2.7418406009674072
-7.6993727684020996,-34.7782707214355469,-2.7452728748321533
32.5783920288085938,-57.0584793090820313,-2.7399652004241943
-10.6218156814575195,-40.2729187011718750,-1.8921259641647339
-16.3118705749511719,-49.2406501770019531,-2.7478580474853516
12.4988994598388672,-42.6578216552734375,-1.0326645374298096
2.9113178253173828,-39.6795349121093750,-2.7468812465667725
25.0357093811035156,-51.2072563171386719,-1.8849687576293945
2.9066760540008545,-45.6390342712402344,-2.7475070953369141
-18.1774940490722656,-48.0839347839355469,-1.0327104330062866
-5.8252744674682617,-39.2166213989257813,-1.0328172445297241
10.6254920959472656,-48.2817878723144531,-2.7487142086029053
-2.8065910339355469,-35.6172599792480469,-2.7445318698883057
-37.7910156250000000,-60.7041778564453125,-1.8994303941726685
-13.3778581619262695,-40.2683753967285156,-2.7411031723022461
7.5518660545349121,-50.7041625976562500,-2.7433593273162842
17.2336177825927734,-55.1105422973632813,-1.9111218452453613
3.6829752922058105,-32.2138748168945313,-2.7448804378509521
-6.8193402290344238,-51.6897392272949219,-1.8899897336959839
21.1012306213378906,-44.5172576904296875,-2.7412326335906982
-7.7042264938354492,-49.6774482727050781,-2.7474424839019775
-15.4223623275756836,-53.2748146057128906,-1.8948748111724854
37.5138626098632813,-61.2455406188964844,-3.3033545017242432
-6.8184480667114258,-50.6973075866699219,-1.8903568983078003
27.7775173187255859,-48.1742477416992188,-1.8869527578353882
3.7822580337524414,-52.1943893432617188,-2.1895272731781006
25.0222225189208984,-57.0577545166015625,-1.0386724472045898
11.5345754623413086,-49.8334846496582031,-2.7422652244567871
-5.8223271369934082,-44.1827659606933594,-1.0344578027725220
-15.4924554824829102,-40.7174987792968750,-2.7414150238037109
17.2646179199218750,-40.5815582275390625,-2.7436251640319824
-13.3745975494384766,-39.2742042541503906,-2.7450938224792480
-21.9400787353515625,-47.3957405090332031,-1.0374357700347900
-13.3476572036743164,-38.7742805480957031,-1.8911012411117554
2.8310325145721436,-40.6723823547363281,-2.7459669113159180
1.8957197666168213,-31.1075878143310547,-1.0358035564422607
11.4899921417236328,-50.7239570617675781,-1.0378541946411133
-6.8187828063964844,-37.7906074523925781,-1.8906965255737305
-32.5786285400390625,-56.3170967102050781,-1.9489915370941162
-1.0198184251785278,-54.2550354003906250,-1.0347133874893188
-11.6430025100708008,-42.2612075805664063,-1.0383703708648682
16.3661479949951172,-50.0889778137207031,-2.7473173141479492
16.3572998046875000,-53.0775909423828125,-2.7472999095916748
7.5547251701354980,-34.3677787780761719,-1.8896800279617310
10.6216068267822266,-52.2289619445800781,-2.7414755821228027
-1.5115487575531006,-56.2027397155761719,-1.0318194627761841
7.5540122985839844,-40.3333015441894531,-1.8901301622390747
16.3309822082519531,-46.1046524047851563,-2.7469623088836670
1.0216726064682007,-50.8896751403808594,-1.8936275243759155
3.7777431011199951,-33.2133560180664063,-1.0356268882751465
25.0226783752441406,-57.0578041076660156,-2.7408046722412109
-2.9019012451171875,-41.5784645080566406,-1.0326203107833862
8.4280414581298828,-51.1932106018066406,-1.0388169288635254
-1.9366263151168823,-37.1000595092773438,-2.7447125911712646
11.5384349822998047,-43.3913192749023438,-1.8904925584793091
8.5782232284545898,-43.8045692443847656,-1.8887871503829956
-26.7555294036865234,-53.1404380798339844,-1.8903943300247192
1.0210074186325073,-57.0591812133789063,-2.0331823825836182
18.0902252197265625,-37.9553871154785156,-1.0385869741439819
8.5791330337524414,-55.1367645263671875,-1.0305422544479370
-20.2232494354248047,-46.8923988342285156,-1.8848319053649902
16.3461837768554688,-55.5675010681152344,-1.8891952037811279
22.9764881134033203,-45.5037345886230469,-1.0378919839859009
11.5211009979248047,-45.8722610473632813,-1.0322250127792358
-12.3549470901489258,-38.2780494689941406,-1.8895878791809082
-12.3555994033813477,-44.2406997680664063,-1.8898836374282837
-17.1987876892089844,-42.1152877807617188,-1.8901233673095703
-2.8570928573608398,-50.9883384704589844,-1.8903561830520630
-3.7646729946136475,-39.1097679138183594,-1.0331097841262817
-11.1286840438842773,-57.0597953796386719,-1.8905301094055176
31.7415885925292969,-56.1036949157714844,-1.0349016189575195
1.9591510295867920,-46.9377212524414063,-1.0334287881851196
1.0218724012374878,-41.0009574890136719,-1.8900852203369141
-10.7521209716796875,-51.7048149108886719,-1.0372567176818848
31.4656257629394531,-57.0603981018066406,-1.0374559164047241
16.3564529418945313,-54.0745468139648438,-2.7474040985107422
-5.8221163749694824,-32.8003578186035156,-2.7412416934967041
-25.0202789306640625,-54.1509208679199219,-1.8920322656631470
16.3283004760742188,-44.1108474731445313,-2.7467482089996338
-10.7712821960449219,-44.7524871826171875,-2.7445652484893799
8.5788078308105469,-49.2272338867187500,-2.7471694946289063
20.4302730560302734,-50.9438095092773438,-2.6280097961425781
1.9074482917785645,-44.9631004333496094,-2.7461197376251221
-5.9854326248168945,-57.0601005554199219,-2.7423431873321533
-31.9722347259521484,-56.2664794921875000,-2.7410776615142822
1.9687224626541138,-48.9160804748535156,-1.0343070030212402
8.5792264938354492,-47.2573966979980469,-2.7428920269012451
-1.9340845346450806,-36.1060676574707031,-2.7443630695343018
13.3781147003173828,-44.1529960632324219,-1.0323787927627563
-18.1781845092773438,-49.0752601623535156,-2.7483165264129639
-18.1736164093017578,-52.5497169494628906,-1.8915582895278931
10.6215419769287109,-54.1622428894042969,-1.0372086763381958
8.5782871246337891,-34.3692016601562500,-2.7413127422332764
5.8312363624572754,-30.8882732391357422,-1.0368503332138062
7.7142214775085449,-53.1704750061035156,-1.8898929357528687
-3.7509038448333740,-40.1075057983398438,-1.0332597494125366
16.3487873077392578,-52.0821647644042969,-1.0325524806976318
-6.8179674148559570,-36.2898902893066406,-2.7458107471466064
-11.6423473358154297,-47.2169494628906250,-2.7435219287872314
-8.5777397155761719,-37.7733192443847656,-1.8900746107101440
-17.3185768127441406,-53.5446090698242188,-2.7482666969299316
8.5807981491088867,-53.6567344665527344,-1.8957676887512207
12.0432443618774414,-52.3520278930664063,-1.8937891721725464
-21.0788650512695313,-55.9173316955566406,-1.0356409549713135
16.3988609313964844,-41.0839424133300781,-1.0374202728271484
-37.1348457336425781,-60.7260017395019531,-4.0414423942565918
2.8900399208068848,-55.5139808654785156,-1.0319437980651855
3.7067825794219971,-43.1598396301269531,-2.7462925910949707
5.8200645446777344,-56.0645179748535156,-1.0356647968292236
-17.0787563323974609,-41.1244087219238281,-1.8794472217559814
-7.6908807754516602,-53.6462478637695313,-1.0332473516464233
-2.0260424613952637,-55.8156967163085938,-1.7848093509674072
-1.0220946073532104,-37.5037803649902344,-2.7472865581512451
3.7642180919647217,-34.2077407836914063,-1.0435016155242920
-13.3784770965576172,-45.2305488586425781,-2.7420608997344971
-17.3170604705810547,-55.5066833496093750,-1.0382834672927856
-20.2222347259521484,-49.4311714172363281,-1.0335887670516968
-18.1652259826660156,-45.1034545898437500,-1.0327022075653076
8.5776700973510742,-31.3759441375732422,-1.0388847589492798
12.4190549850463867,-55.0463409423828125,-1.8917523622512817
26.9734134674072266,-50.7857475280761719,-1.8924064636230469
31.6755180358886719,-53.5862159729003906,-2.7414238452911377
-1.0218247175216675,-46.3442459106445313,-1.0315239429473877
-25.0260181427001953,-49.6592559814453125,-2.7450687885284424
-18.1182975769042969,-51.5572013854980469,-1.8905417919158936
-38.2346992492675781,-61.1566581726074219,-4.0411009788513184
-11.6429996490478516,-46.2280006408691406,-2.7429349422454834
26.0173950195312500,-48.7418098449707031,-2.7156100273132324
-17.3123264312744141,-41.6095428466796875,-1.0382145643234253
10.6371297836303711,-47.2956085205078125,-2.7473447322845459
13.3783531188964844,-52.0874252319335938,-1.0378279685974121
15.4217805862426758,-48.0021514892578125,-1.8900657892227173
-7.7033205032348633,-49.6777648925781250,-1.0325946807861328
10.6208362579345703,-47.3039741516113281,-1.0306509733200073
10.6224145889282227,-34.3692626953125000,-1.0362124443054199
-18.1798858642578125,-53.0483741760253906,-2.7479135990142822
-18.1777667999267578,-50.0677223205566406,-1.0326095819473267
7.7117719650268555,-29.8789539337158203,-1.0389826297760010
-13.2272081375122070,-47.7064437866210938,-1.8899883031845093
-2.0321443080902100,-42.0660057067871094,-1.0331168174743652
-1.5125257968902588,-56.9024810791015625,-1.8934420347213745
-10.6224021911621094,-50.7096824645996094,-1.0336004495620728
3.7778384685516357,-48.1035385131835938,-1.0324776172637939
-2.0749719142913818,-54.0531349182128906,-2.7180192470550537
-36.6738700866699219,-61.9072418212890625,-2.5582454204559326
12.5182685852050781,-41.6595153808593750,-2.7460229396820068
-22.9798126220703125,-55.7192573547363281,-1.9244667291641235
8.5793247222900391,-46.2703742980957031,-2.7432675361633301
-11.6433935165405273,-55.1165657043457031,-2.7441084384918213
-6.8240413665771484,-50.2000999450683594,-2.7477395534515381
3.7838342189788818,-54.0056724548339844,-2.7326064109802246
-12.3532199859619141,-42.2580337524414063,-1.8887606859207153
11.5394582748413086,-46.3696250915527344,-1.8895670175552368
-13.3787097930908203,-48.2010612487792969,-1.0372631549835205
-2.8844580650329590,-42.5701408386230469,-2.7465927600860596
13.0259323120117188,-52.6334915161132813,-1.8877223730087280
13.3777523040771484,-49.1249313354492188,-2.7460491657257080
-11.4920787811279297,-47.7115859985351563,-1.8919868469238281
-2.9160902500152588,-27.6514854431152344,-1.0371818542480469
11.5643520355224609,-54.3497810363769531,-1.9566072225570679
-8.5770034790039063,-51.1574554443359375,-1.0320143699645996
16.4206027984619141,-39.0494499206542969,-1.0375248193740845
-3.7799112796783447,-54.0265998840332031,-1.0343914031982422
-1.9889525175094604,-46.0296707153320313,-1.0328015089035034
31.6820449829101563,-55.5913581848144531,-2.7453904151916504
2.7945806980133057,-28.6767883300781250,-2.7415375709533691
3.7770459651947021,-35.2014884948730469,-1.0349953174591064
-10.7078428268432617,-51.7061805725097656,-2.7458503246307373
10.6305713653564453,-42.3369979858398438,-1.0349684953689575
11.5481634140014648,-40.4122657775878906,-1.8900965452194214
20.2218475341796875,-46.9882125854492188,-2.7418723106384277
2.9391014575958252,-57.0719985961914063,-1.7968481779098511
10.6386957168579102,-45.3167304992675781,-2.7477753162384033
12.5071992874145508,-40.6649894714355469,-2.7466897964477539
1.9595909118652344,-45.9478912353515625,-1.0337845087051392
6.8452382087707520,-34.3653297424316406,-1.0384808778762817
-13.3776082992553711,-35.2734947204589844,-2.7422082424163818
-1.0202097892761230,-42.9248046875000000,-1.8901034593582153
1.8874553442001343,-45.4546966552734375,-1.8909444808959961
18.1780891418457031,-56.0703735351562500,-1.1797994375228882
-16.2802867889404297,-42.7565765380859375,-1.8897962570190430
1.8636234998703003,-56.5530509948730469,-1.8704695701599121
12.4940242767333984,-45.6461601257324219,-1.0324819087982178
25.2892532348632813,-54.2689247131347656,-1.8912016153335571
-18.1778507232666016,-51.0591125488281250,-1.0332888364791870
1.8960614204406738,-50.4088935852050781,-1.8895292282104492
-1.0234307050704956,-28.5908184051513672,-1.0323785543441772
13.3762617111206055,-54.5624923706054688,-1.8899633884429932
5.9782414436340332,-44.7853698730468750,-2.7436270713806152
-26.8942146301269531,-50.6479225158691406,-2.7423181533813477
-1.2536038160324097,-45.3652496337890625,-2.7334322929382324
12.5100984573364258,-49.6200332641601563,-2.7413935661315918
-1.0233448743820190,-48.3106346130371094,-2.7486116886138916
7.5526914596557617,-43.3080024719238281,-1.8899905681610107
2.8849852085113525,-56.4924011230468750,-1.0245038270950317
-13.2250413894653320,-45.7259788513183594,-1.8901950120925903
-17.3087730407714844,-47.5912208557128906,-1.0339078903198242
12.5119924545288086,-46.1431655883789063,-1.8899173736572266
13.3767890930175781,-38.1783142089843750,-2.7342219352722168
-3.6460301876068115,-28.6497955322265625,-1.8898730278015137
8.5798072814941406,-56.1267204284667969,-1.0291472673416138
1.0215036869049072,-33.5786590576171875,-2.7434260845184326
-7.7110295295715332,-43.7361488342285156,-1.0320540666580200
-20.2263584136962891,-50.4317131042480469,-2.7471327781677246
-1.0217527151107788,-37.0095291137695313,-1.8901704549789429
-1.0216962099075317,-36.5147972106933594,-1.0330141782760620
-12.5049104690551758,-56.6080932617187500,-2.7426640987396240
22.1110000610351563,-44.9985961914062500,-1.0381926298141479
3.7803263664245605,-53.0154762268066406,-2.7436079978942871
21.2336044311523438,-52.0282936096191406,-1.8931679725646973
2.0254426002502441,-29.6101036071777344,-1.8895906209945679
2.1363441944122314,-35.5752143859863281,-1.9019726514816284
3.7781503200531006,-44.1541824340820313,-1.0328338146209717
10.6223964691162109,-55.1413536071777344,-1.0298063755035400
-17.3152465820312500,-47.0970382690429688,-1.8933746814727783
2.8326134681701660,-45.1380538940429688,-1.8922470808029175
3.7786231040954590,-55.0594253540039063,-1.0351556539535522
6.8457164764404297,-36.3576812744140625,-1.0385608673095703
2.8405008316040039,-51.5715560913085938,-1.0281841754913330
7.7121992111206055,-33.8693580627441406,-1.0385665893554688
3.0202581882476807,-53.9312133789062500,-1.9507238864898682
-3.7782456874847412,-57.0588874816894531,-2.7431101799011230
-5.8288660049438477,-44.1818542480468750,-2.7455298900604248
-21.9962081909179688,-54.3599777221679688,-2.7466440200805664
-21.0828475952148438,-48.9230499267578125,-2.7448124885559082
-8.5745544433593750,-34.2706832885742188,-2.7445225715637207
-37.2786941528320313,-60.4900856018066406,-1.0678687095642090
6.8467206954956055,-34.3705902099609375,-2.7416210174560547
-10.7726497650146484,-39.7814483642578125,-1.0380719900131226
-3.7776150703430176,-56.0623893737792969,-2.7410323619842529
35.4623260498046875,-57.0579185485839844,-1.5816962718963623
13.3775863647460938,-36.1787872314453125,-2.7463140487670898
8.5778121948242188,-32.3737792968750000,-1.0387632846832275
1.9763293266296387,-37.0370254516601563,-2.7433710098266602
-35.7432479858398438,-60.3083763122558594,-4.0406088829040527
-1.0217530727386475,-38.4890518188476563,-2.7453277111053467
18.1755657196044922,-42.9755363464355469,-1.0330692529678345
-5.8220176696777344,-42.2022590637207031,-2.7472479343414307
-5.8225383758544922,-35.7075958251953125,-1.8841953277587891
1.0205680131912231,-40.0110931396484375,-1.8899039030075073
27.7851409912109375,-54.5832862854003906,-1.8918398618698120
18.1775932312011719,-44.9668693542480469,-2.7475378513336182
-12.5097131729125977,-40.7697029113769531,-2.7416245937347412
1.4645447731018066,-55.4101982116699219,-2.7455220222473145
10.6216049194335938,-51.2443046569824219,-2.7407481670379639
13.3777322769165039,-41.1671104431152344,-1.0341839790344238
-27.7787227630615234,-53.1030120849609375,-1.0371633768081665
-6.8274526596069336,-37.2904129028320313,-2.7473030090332031
1.8903441429138184,-46.4460334777832031,-1.8921545743942261
-2.0637822151184082,-26.1359500885009766,-1.0388228893280029
6.8420271873474121,-36.3589286804199219,-2.7413775920867920
29.8206062316894531,-56.5729446411132813,-1.8835684061050415
-21.9962463378906250,-51.3925743103027344,-2.7473032474517822
7.7124481201171875,-32.8725738525390625,-1.0386987924575806
3.2559850215911865,-51.4127006530761719,-1.8976472616195679
1.0833686590194702,-38.5253944396972656,-1.0325832366943359
3.6711485385894775,-30.2034225463867188,-2.7445280551910400
-2.0524036884307861,-34.6142387390136719,-1.8898198604583740
-12.5114593505859375,-53.6366500854492188,-2.7437696456909180
18.1784610748291016,-40.9820480346679688,-2.7439873218536377
-20.2213802337646484,-48.4125137329101563,-1.0358678102493286
-13.3781423568725586,-50.1783485412597656,-1.0368158817291260
-2.8569388389587402,-49.4951515197753906,-1.0319060087203979
8.4205226898193359,-47.7498893737792969,-1.8905440568923950
-13.3779058456420898,-41.2621192932128906,-2.7417137622833252
-35.4497566223144531,-57.0567817687988281,-1.1119035482406616
-16.1746749877929688,-57.0722770690917969,-1.0367659330368042
-8.5776262283325195,-38.7698631286621094,-1.8899644613265991
3.7701394557952881,-42.1671791076660156,-2.7476735115051270
-1.9503411054611206,-40.0798645019531250,-2.7455313205718994
1.0207482576370239,-49.8988647460937500,-1.8921177387237549
-17.1839256286621094,-57.0607719421386719,-2.7432916164398193
-12.5119400024414063,-46.7177619934082031,-2.7423522472381592
-22.9799041748046875,-48.6375885009765625,-1.8894563913345337
-20.2221889495849609,-49.4295425415039063,-2.7458043098449707
-10.6227693557739258,-41.7662162780761719,-1.0350934267044067
2.9243583679199219,-29.1807518005371094,-1.8902063369750977
-10.6223678588867188,-34.2566947937011719,-1.8973976373672485
2.3986132144927979,-33.6062049865722656,-1.8944669961929321
-8.5779638290405273,-55.1134376525878906,-1.0325593948364258
-10.6208400726318359,-57.0572509765625000,-1.0368329286575317
12.4708137512207031,-34.6380577087402344,-2.7429904937744141
1.9374575614929199,-35.0170936584472656,-1.0579361915588379
-7.3522281646728516,-56.1396713256835938,-1.9052646160125732
-8.5784902572631836,-54.6212158203125000,-1.8905619382858276
-22.0023422241210938,-57.0592651367187500,-1.8067893981933594
10.6213016510009766,-57.0760574340820313,-1.0352698564529419
-18.1785545349121094,-54.0473098754882813,-2.7468709945678711
-11.6416301727294922,-44.2470054626464844,-2.7417838573455811
2.8113336563110352,-31.7077255249023438,-2.7432687282562256
-1.9768332242965698,-48.0166320800781250,-2.7473473548889160
-15.4218797683715820,-48.7898635864257813,-2.7471714019775391
-1.0222076177597046,-47.3222732543945313,-2.7487723827362061
7.7121791839599609,-30.8779182434082031,-2.7411379814147949
11.5633325576782227,-35.4461746215820313,-1.8903033733367920
17.2361583709716797,-50.0932769775390625,-1.8851208686828613
5.8197731971740723,-53.7025756835937500,-1.0379830598831177
-17.2514877319335938,-51.0606040954589844,-1.8908845186233521
-1.0220969915390015,-35.5283699035644531,-2.7442102432250977
-17.3143043518066406,-45.1053199768066406,-1.8900892734527588
-5.8223414421081543,-37.7194404602050781,-1.8901294469833374
6.6876387596130371,-40.8297996520996094,-1.8902275562286377
22.9599285125732422,-57.0586547851562500,-1.0389796495437622
21.1152133941650391,-48.5325736999511719,-1.0383099317550659
18.1788120269775391,-56.3388862609863281,-2.7249667644500732
8.4214401245117188,-51.1912956237792969,-2.7452104091644287
-17.2860126495361328,-44.6079559326171875,-1.0330210924148560
-3.7784171104431152,-30.1463508605957031,-2.7430739402770996
-10.7378797531127930,-54.6973724365234375,-2.7445292472839355
3.2410261631011963,-52.9661674499511719,-1.8728712797164917
15.4284553527832031,-52.9486122131347656,-1.8889154195785522
22.9801330566406250,-53.4929084777832031,-1.0344588756561279
-13.3783540725708008,-48.2014312744140625,-2.7426328659057617
8.5791540145874023,-45.2828407287597656,-2.7436010837554932
15.4392223358154297,-45.5233993530273438,-2.7475180625915527
-1.0222531557083130,-52.2669792175292969,-1.0307672023773193
-10.6196804046630859,-52.2035446166992188,-1.8903002738952637
-10.7715902328491211,-40.7792472839355469,-1.0383878946304321
-5.8245406150817871,-37.2213211059570313,-1.0333178043365479
-12.3551807403564453,-39.2744598388671875,-1.8900415897369385
30.4741477966308594,-54.5578842163085938,-1.8802758455276489
-18.1025180816650391,-47.0934333801269531,-2.7469391822814941
5.8208785057067871,-50.7126770019531250,-2.7416768074035645
-2.0031843185424805,-52.9956474304199219,-2.7484557628631592
16.3514804840087891,-53.0787811279296875,-1.0326842069625854
-8.5765991210937500,-40.2628746032714844,-2.7478411197662354
-2.9129478931427002,-26.6525669097900391,-2.7424075603485107
2.9134688377380371,-36.6946601867675781,-2.7450544834136963
21.9703750610351563,-47.0143394470214844,-1.0380611419677734
1.9301499128341675,-53.8396682739257813,-1.0290423631668091
8.4208774566650391,-39.8376846313476563,-1.8898855447769165
22.9783611297607422,-49.0030822753906250,-1.8890248537063599
26.8828201293945313,-52.8760375976562500,-1.8465464115142822
10.6311779022216797,-44.3250389099121094,-2.7477145195007324
15.4326124191284180,-42.5366287231445313,-2.7471930980682373
-10.7780179977416992,-40.7685852050781250,-2.7431049346923828
-21.0939788818359375,-54.9234046936035156,-2.7441833019256592
-8.5777120590209961,-36.2795677185058594,-2.7473297119140625
3.6807494163513184,-32.2151565551757813,-1.0350790023803711
1.8849009275436401,-39.5182113647460938,-1.8894318342208862
12.5863542556762695,-57.0789375305175781,-1.8056194782257080
-1.0202814340591431,-55.1615600585937500,-2.7416107654571533
-2.0314779281616211,-29.1397113800048828,-2.7431862354278564
17.2278003692626953,-48.5952110290527344,-2.7471003532409668
7.5694441795349121,-53.6672897338867188,-1.0373337268829346
18.1723937988281250,-47.9446067810058594,-2.7473800182342529
10.6306028366088867,-43.3315238952636719,-1.0322544574737549
-3.7798779010772705,-53.0361061096191406,-1.0330301523208618
6.8578462600708008,-55.6340408325195313,-1.9050263166427612
-2.9541637897491455,-48.0152969360351563,-1.8899494409561157
12.4865922927856445,-39.6693611145019531,-1.0354218482971191
26.9207096099853516,-55.0741462707519531,-1.8865114450454712
-3.7803454399108887,-45.0874443054199219,-1.0318404436111450
-3.7166967391967773,-34.1293754577636719,-2.7476313114166260
-5.8216085433959961,-54.5965461730957031,-1.8902792930603027
-1.9456923007965088,-40.0812759399414063,-1.0346598625183105
-15.4124193191528320,-53.7675666809082031,-1.0348519086837769
-17.0733261108398438,-40.1149444580078125,-1.8855160474777222
31.5083007812500000,-52.6825752258300781,-1.0386022329330444
3.7773785591125488,-31.2100868225097656,-2.7453472614288330
-5.8229570388793945,-49.1459503173828125,-2.7475166320800781
-16.3440933227539063,-47.2572288513183594,-1.0344157218933105
-3.7408909797668457,-44.5902442932128906,-1.8852455615997314
-21.1098442077636719,-49.9326934814453125,-2.7460539340972900
-15.4201974868774414,-42.2556266784667969,-1.8954240083694458
-25.0206336975097656,-50.1605606079101563,-1.8879544734954834
29.8231372833251953,-53.1975021362304688,-2.7418859004974365
-18.1796302795410156,-54.5421180725097656,-1.8871810436248779
38.9280357360839844,-61.9054832458496094,-2.5580818653106689
-13.3782596588134766,-42.2548332214355469,-1.0343723297119141
-1.9822800159454346,-49.0130271911621094,-1.0326935052871704
1.8929179906845093,-31.1041126251220703,-2.7434248924255371
-7.7058911323547363,-40.7590217590332031,-1.0322000980377197
-25.0215988159179688,-49.1602516174316406,-1.8835532665252686
5.9799251556396484,-31.8884639739990234,-2.7438740730285645
-2.0507755279541016,-35.6095237731933594,-1.8899447917938232
-8.5725231170654297,-39.2686042785644531,-2.7475311756134033
17.2248535156250000,-51.5837249755859375,-2.7461719512939453
13.3778200149536133,-43.1581726074218750,-2.7475714683532715
-1.0207394361495972,-55.2448348999023438,-1.0334048271179199
-3.7775213718414307,-38.1121292114257813,-1.0331587791442871
-6.8415188789367676,-35.2913703918457031,-2.7454359531402588
-2.0466332435607910,-28.1425819396972656,-1.0366613864898682
-31.8085594177246094,-53.1214141845703125,-2.6089682579040527
-22.9664459228515625,-47.1160736083984375,-1.0376226902008057
6.8455700874328613,-39.3401374816894531,-2.7415964603424072
-12.5239372253417969,-34.2244911193847656,-1.9163012504577637
-6.8231468200683594,-43.2663536071777344,-2.7461311817169189
11.7242841720581055,-32.9376983642578125,-1.0386904478073120
-13.2211065292358398,-37.7806701660156250,-1.8871897459030151
-1.1770467758178711,-27.5948410034179688,-1.0369488000869751
-3.7776427268981934,-36.1240005493164063,-2.7475461959838867
22.1233272552490234,-52.9859771728515625,-1.0350559949874878
-2.9026634693145752,-55.6031379699707031,-2.5945525169372559
25.8912448883056641,-55.2061843872070313,-1.0332763195037842
-7.7048015594482422,-56.5945091247558594,-1.0260570049285889
-26.0127773284912109,-48.1644287109375000,-2.7413723468780518
-22.9779586791992188,-55.1569709777832031,-1.0375109910964966
-15.4218196868896484,-44.7920303344726563,-1.0344909429550171
26.2861042022705078,-54.3131065368652344,-1.9363481998443604
-5.8221678733825684,-35.1840133666992188,-1.0373760461807251
25.0221042633056641,-54.7149734497070313,-1.0369864702224731
-1.9821712970733643,-52.9963760375976563,-1.0339484214782715
-22.9668731689453125,-48.1277770996093750,-1.0356822013854980
26.6374778747558594,-53.5585556030273438,-1.0338737964630127
7.6620364189147949,-49.7167129516601563,-1.0353713035583496
15.4225740432739258,-52.4563941955566406,-1.0314304828643799
18.1782588958740234,-40.9814491271972656,-1.0360858440399170
3.7110929489135742,-29.1715793609619141,-2.7426781654357910
-16.3711471557617188,-48.7461738586425781,-1.8939272165298462
-1.0964003801345825,-29.5845508575439453,-2.7464036941528320
-8.5770378112792969,-41.7516403198242188,-1.8896061182022095
-11.6429500579833984,-40.2717323303222656,-1.0385496616363525
-10.7770395278930664,-39.7718238830566406,-2.7419319152832031
-12.3709964752197266,-52.1559104919433594,-1.8899447917938232
2.7183263301849365,-57.0579414367675781,-2.7506136894226074
5.8218998908996582,-43.8006439208984375,-1.0331531763076782
-6.3847908973693848,-52.7708816528320313,-1.8479608297348022
32.5781402587890625,-54.0114135742187500,-2.7416236400604248
20.2117099761962891,-56.5618438720703125,-1.8904739618301392
10.8063535690307617,-53.7050743103027344,-1.8996360301971436
6.6877422332763672,-47.2569961547851563,-1.0387309789657593
-11.4886684417724609,-38.7782669067382813,-1.8898223638534546
-3.6826660633087158,-37.1185951232910156,-1.0351333618164063
-3.7777945995330811,-43.5982742309570313,-1.8859643936157227
2.9190864562988281,-31.2054653167724609,-1.8892539739608765
26.0136394500732422,-52.7857284545898438,-1.0370018482208252
10.6798553466796875,-34.8767662048339844,-1.8895372152328491
-15.4223318099975586,-44.7917327880859375,-2.7454442977905273
-27.7772598266601563,-48.0624504089355469,-2.7414383888244629
-12.5115833282470703,-54.6246795654296875,-2.7442471981048584
-5.8244724273681641,-35.2113914489746094,-2.7448363304138184
-7.7055993080139160,-50.6704139709472656,-2.7478721141815186
10.6222534179687500,-40.3528976440429688,-2.7466900348663330
2.9149062633514404,-32.2126083374023438,-1.8912076950073242
-32.5786552429199219,-55.4422111511230469,-1.0388271808624268
5.8215460777282715,-36.3592414855957031,-1.8881428241729736
8.5781412124633789,-36.3594360351562500,-2.7412250041961670
20.2223224639892578,-45.9897613525390625,-1.0381840467453003
2.8220798969268799,-32.7203636169433594,-2.7425384521484375
-26.8845825195312500,-48.6514549255371094,-2.7420969009399414
26.0144557952880859,-48.7713775634765625,-1.0979882478713989
-12.5110569000244141,-44.7364501953125000,-1.0379687547683716
13.3775777816772461,-51.1004829406738281,-1.0777708292007446
31.1747913360595703,-53.8219604492187500,-1.8514621257781982
-6.8285045623779297,-53.6644401550292969,-1.8927409648895264
-13.3784980773925781,-49.1900367736816406,-1.0370963811874390
12.4485273361206055,-56.1036949157714844,-1.9273209571838379
20.3678455352783203,-46.4897003173828125,-1.8900632858276367
-27.7824420928955078,-57.0678291320800781,-2.7464737892150879
15.4221372604370117,-39.0317573547363281,-1.8803200721740723
21.9679775238037109,-47.0148277282714844,-2.7420258522033691
29.8213500976562500,-54.2251243591308594,-2.7421443462371826
30.8352394104003906,-53.1163330078125000,-2.4712107181549072
-3.7393436431884766,-48.0700149536132813,-2.7448770999908447
-7.7045764923095703,-36.7774085998535156,-1.0327941179275513
8.4255228042602539,-53.1641616821289063,-2.7452576160430908
-13.2371721267700195,-51.6600456237792969,-1.8898520469665527
-15.5050134658813477,-42.7710800170898438,-2.7439780235290527
-20.2222270965576172,-52.9243316650390625,-1.8892927169799805
7.7104072570800781,-35.8668365478515625,-2.7418649196624756
15.5751266479492188,-38.5175743103027344,-1.0386294126510620
3.7777314186096191,-40.1791114807128906,-1.0324032306671143
21.1128978729248047,-54.6543540954589844,-1.0483182668685913
15.4220552444458008,-54.4377746582031250,-1.0312433242797852
11.5177583694458008,-39.9104118347167969,-2.7446203231811523
-26.0212764739990234,-50.1628761291503906,-2.7423419952392578
-8.5776567459106445,-36.7768859863281250,-1.8900960683822632
3.7701504230499268,-57.0616722106933594,-2.7442052364349365
20.2223186492919922,-44.9916419982910156,-2.7413568496704102
-26.0190143585205078,-52.1605796813964844,-2.7424559593200684
25.0205230712890625,-52.7202529907226563,-1.0362706184387207
6.8435993194580078,-48.2420997619628906,-2.7422127723693848
-16.3915061950683594,-53.7737579345703125,-1.0309479236602783
12.5129451751708984,-50.6098175048828125,-2.7450904846191406
-30.8597946166992188,-56.1889877319335938,-2.7418174743652344
1.8884674310684204,-41.9929695129394531,-1.0336970090866089
-1.0230323076248169,-49.7942581176757813,-1.8898316621780396
17.2562923431396484,-41.5970191955566406,-2.7438011169433594
-15.4789571762084961,-52.7751388549804688,-2.7478504180908203
-10.7719984054565430,-38.7736396789550781,-2.7412462234497070
25.9864349365234375,-54.8023529052734375,-2.7496120929718018
16.3312911987304688,-45.6049919128417969,-1.8889480829238892
-8.5774621963500977,-45.7151489257812500,-1.8900558948516846
2.9067802429199219,-46.6250343322753906,-1.0341438055038452
22.9778919219970703,-50.4914627075195313,-2.7439861297607422
12.5106630325317383,-44.6484718322753906,-2.7472665309906006
-3.6517207622528076,-30.6468067169189453,-1.8903113603591919
26.0480098724365234,-57.0619468688964844,-2.7438981533050537
13.0042934417724609,-38.7484092712402344,-1.8903032541275024
-36.2420845031738281,-61.1733818054199219,-4.0418767929077148
-12.3577318191528320,-45.2320022583007813,-1.8904266357421875
3.7796623706817627,-49.1007194519042969,-1.0328783988952637
30.2978668212890625,-52.3188896179199219,-2.7409121990203857
-17.3043270111083984,-51.5562095642089844,-1.0335868597030640
-10.6262893676757813,-43.7611427307128906,-1.0349963903427124
-26.8884601593017578,-48.0337791442871094,-1.9589703083038330
-36.2378425598144531,-61.1528091430664063,-3.0441753864288330
-22.9572525024414063,-52.1777915954589844,-1.0331676006317139
2.8347609043121338,-47.1209945678710938,-1.8924449682235718
-2.8738021850585938,-51.4837532043457031,-2.7480423450469971
-3.7782843112945557,-29.1490917205810547,-1.0371773242950439
2.8067119121551514,-30.7026596069335938,-2.7423729896545410
-10.7704248428344727,-42.7610435485839844,-2.7445628643035889
-2.7939882278442383,-33.6263809204101563,-2.7425196170806885
22.9818420410156250,-54.3831977844238281,-2.7582390308380127
-2.8566811084747314,-51.4807968139648438,-1.0320670604705811
7.7115421295166016,-52.1842460632324219,-1.8904321193695068
3.7791430950164795,-30.7014064788818359,-1.8908274173736572
10.6215610504150391,-49.2702941894531250,-2.7485518455505371
6.3454804420471191,-33.9249725341796875,-1.8912454843521118
-30.4431781768798828,-53.4809875488281250,-2.7410285472869873
22.1118640899658203,-50.0009765625000000,-1.0351561307907104
11.5508699417114258,-41.9007987976074219,-2.7464454174041748
16.3266143798828125,-43.6091537475585938,-1.8895020484924316
-17.2598514556884766,-54.0355224609375000,-1.8912799358367920
1.0213661193847656,-44.4604454040527344,-2.7475049495697021
-6.8083515167236328,-56.1981048583984375,-2.7410950660705566
13.3784170150756836,-34.6494827270507813,-1.8854233026504517
8.5784292221069336,-33.3723602294921875,-2.7414352893829346
-3.7775697708129883,-26.6615371704101563,-1.8724695444107056
1.9042350053787231,-51.8755187988281250,-1.0983333587646484
5.8130407333374023,-57.0605812072753906,-2.0280311107635498
1.0196903944015503,-56.3630752563476563,-2.7458963394165039
-18.1778297424316406,-43.6057891845703125,-1.8900696039199829
8.5794696807861328,-51.6848602294921875,-1.8956197500228882
-5.8217921257019043,-54.0984230041503906,-1.0324690341949463
25.0208110809326172,-55.7341613769531250,-1.0322589874267578
2.1266329288482666,-56.1544532775878906,-2.7429988384246826
-2.0442869663238525,-31.1365566253662109,-2.7435424327850342
-10.6217994689941406,-37.2859954833984375,-1.8829493522644043
20.2213535308837891,-49.4776115417480469,-1.8899971246719360
-13.2233333587646484,-44.7336883544921875,-1.8901665210723877
-12.3813543319702148,-55.1199989318847656,-1.8902148008346558
3.4363994598388672,-33.7976379394531250,-1.8933494091033936
-3.7805409431457520,-55.5446815490722656,-1.8742511272430420
-25.8841705322265625,-49.6624679565429688,-1.8900654315948486
15.4234151840209961,-52.4527587890625000,-2.7480196952819824
22.9788055419921875,-51.4925193786621094,-1.0325661897659302
2.9063897132873535,-45.6326522827148438,-1.0347577333450317
-30.3061733245849609,-57.0574684143066406,-1.0381865501403809
5.9734597206115723,-29.8939533233642578,-1.0386667251586914
-3.7116513252258301,-41.1066513061523438,-2.7463388442993164
32.5609512329101563,-56.0625839233398438,-2.6715314388275146
3.7767925262451172,-36.1988372802734375,-1.0327824354171753
15.4221153259277344,-47.5075798034667969,-2.7481558322906494
17.0966358184814453,-57.0679664611816406,-1.8416283130645752
6.8139104843139648,-56.1037139892578125,-1.0344799757003784
11.5125608444213867,-33.9185867309570313,-2.7417395114898682
27.5162792205810547,-49.2353630065917969,-1.8822327852249146
-2.8963365554809570,-43.5632972717285156,-1.0325245857238770
-2.0448541641235352,-39.5848960876464844,-1.8900880813598633
2.0061140060424805,-55.0285301208496094,-1.0374788045883179
12.5052404403686523,-52.5712738037109375,-1.0376911163330078
-20.2234477996826172,-46.3643379211425781,-1.0384093523025513
22.9827060699462891,-56.3585968017578125,-2.0372974872589111
2.8385012149810791,-43.6555099487304688,-2.7445964813232422
8.5786075592041016,-56.0997924804687500,-2.7487738132476807
2.8374969959259033,-44.6413230895996094,-1.0351966619491577
-22.2651405334472656,-45.4322242736816406,-1.0388509035110474
-6.8201985359191895,-45.2465515136718750,-1.0318409204483032
-7.6975374221801758,-51.6639213562011719,-2.7480626106262207
-18.1799468994140625,-56.0557174682617188,-2.7459139823913574
30.8100337982177734,-56.0658645629882813,-2.7438771724700928
7.7177014350891113,-55.1359024047851563,-1.8825169801712036
-11.6428709030151367,-45.2381553649902344,-2.7419705390930176
-6.8207406997680664,-37.2928161621093750,-1.0329066514968872
-8.5774831771850586,-51.1568374633789063,-2.7481632232666016
-1.0218714475631714,-41.4464340209960938,-1.0329484939575195
-7.6996870040893555,-39.7643241882324219,-2.7476749420166016
-1.9163162708282471,-31.6305141448974609,-1.8900098800659180
-21.9761753082275391,-51.8900680541992188,-1.8893483877182007
-18.0073051452636719,-40.1182823181152344,-2.7405960559844971
-13.2234363555908203,-39.7683639526367188,-1.8903020620346069
-16.3769531250000000,-46.7593612670898438,-1.8924138545989990
5.9752726554870605,-45.7764396667480469,-2.7420883178710938
2.9149286746978760,-40.1764221191406250,-1.8899639844894409
2.8442747592926025,-49.6052894592285156,-2.7483673095703125
7.7258663177490234,-55.5831642150878906,-2.7523052692413330
1.8929352760314941,-50.9044647216796875,-2.7455232143402100
5.8189749717712402,-45.2734565734863281,-1.8933880329132080
6.7019152641296387,-54.1593780517578125,-1.0368381738662720
32.5758666992187500,-57.0581932067871094,-1.0387384891510010
-2.5065233707427979,-56.2672500610351563,-1.0375473499298096
-26.0200481414794922,-51.1617393493652344,-1.0376253128051758
26.0142631530761719,-51.7711753845214844,-2.7438852787017822
-12.5127105712890625,-38.7760925292968750,-1.0387012958526611
15.4783029556274414,-43.5330238342285156,-1.0331689119338989
-3.7799761295318604,-57.0573806762695313,-1.7485364675521851
2.8386733531951904,-49.1101913452148438,-1.8901611566543579
-6.8238277435302734,-54.1629600524902344,-2.7500190734863281
7.7136740684509277,-33.8719635009765625,-2.7413678169250488
-7.6974334716796875,-49.1800727844238281,-1.8898898363113403
-11.4863357543945313,-41.7641677856445313,-1.8899302482604980
-1.2139917612075806,-25.6022605895996094,-2.7412168979644775
-8.5777769088745117,-39.2680358886718750,-1.0324252843856812
21.0801105499267578,-54.0691680908203125,-1.8712655305862427
-3.7766792774200439,-32.1417465209960938,-2.7480599880218506
27.5062541961669922,-52.3573493957519531,-2.7413742542266846
12.5034465789794922,-43.6543922424316406,-1.0326660871505737
22.1109695434570313,-49.9978065490722656,-2.7451474666595459
17.2262287139892578,-53.0824356079101563,-1.8898434638977051
6.8454833030700684,-41.3258209228515625,-2.7418160438537598
2.9176814556121826,-42.1647300720214844,-1.8900376558303833
6.8439092636108398,-41.3256149291992188,-1.0382391214370728
-38.2935752868652344,-59.8511657714843750,-1.7675365209579468
11.5311536788940430,-48.3543472290039063,-1.8896189928054810
-15.4216938018798828,-51.2802658081054688,-1.8900870084762573
7.5807843208312988,-57.0590286254882813,-2.7412412166595459
2.9135446548461914,-33.7126846313476563,-2.7417259216308594
3.7786445617675781,-32.7115440368652344,-1.8903281688690186
18.0522689819335938,-39.4861488342285156,-1.8900723457336426
-15.4117469787597656,-56.4503860473632813,-1.0325748920440674
-2.8280637264251709,-40.5876998901367188,-1.0338355302810669
17.2189502716064453,-49.5924530029296875,-1.0316797494888306
1.0190252065658569,-54.2310028076171875,-1.0376343727111816
13.3668785095214844,-57.0578384399414063,-1.0386396646499634
11.5056285858154297,-37.9364166259765625,-2.5654840469360352
21.9709739685058594,-48.0122833251953125,-2.7423391342163086
-2.0162789821624756,-57.0596160888671875,-2.7428793907165527
-20.2245273590087891,-53.4241638183593750,-1.0322339534759521
17.2340564727783203,-49.5925788879394531,-2.7458922863006592
-10.7555932998657227,-50.7110633850097656,-2.7438743114471436
22.0832233428955078,-56.0765686035156250,-2.7422091960906982
-1.9380648136138916,-38.0945396423339844,-1.0351722240447998
5.9237999916076660,-48.7350425720214844,-1.0347021818161011
25.0216541290283203,-48.8467559814453125,-1.0386446714401245
-17.1988143920898438,-56.5066490173339844,-1.9189841747283936
5.8215208053588867,-54.3953018188476563,-1.7775667905807495
-15.4233875274658203,-41.7321052551269531,-2.7427523136138916
-18.1731872558593750,-52.0493392944335938,-1.0328450202941895
-30.4920482635498047,-54.3554878234863281,-1.8587149381637573
-5.8331074714660645,-43.1959800720214844,-1.0341649055480957
8.5782117843627930,-32.3746070861816406,-2.7412927150726318
-2.9137649536132813,-29.6483135223388672,-1.0368229150772095
-15.4330053329467773,-48.2894592285156250,-1.8902833461761475
-10.7669782638549805,-45.7493133544921875,-2.7431249618530273
17.2637367248535156,-39.5827064514160156,-2.7413823604583740
16.3768062591552734,-45.1079101562500000,-1.0328800678253174
1.8929153680801392,-49.9089622497558594,-2.7475256919860840
-21.9833164215087891,-52.3849678039550781,-2.7472789287567139
20.2247905731201172,-55.0702819824218750,-2.7475624084472656
-16.2174892425537109,-40.6249771118164063,-1.9570645093917847
22.9813041687011719,-55.6503677368164063,-2.7413089275360107
-2.8815016746520996,-53.4710388183593750,-2.7495329380035400
13.3776836395263672,-45.1470222473144531,-2.7475798130035400
8.5780897140502930,-39.3404731750488281,-2.7414829730987549
17.2425403594970703,-46.6017799377441406,-1.0329954624176025
-1.1254507303237915,-39.9692878723144531,-1.8900252580642700
17.2187004089355469,-53.5794448852539063,-1.0328612327575684
1.0216675996780396,-30.5928783416748047,-2.7430164813995361
-8.5771856307983398,-42.2471389770507813,-2.7476282119750977
1.0219794511795044,-36.5467567443847656,-2.7477838993072510
-17.1916236877441406,-47.5953788757324219,-2.7470324039459229
10.6222867965698242,-37.3736381530761719,-2.7445406913757324
-27.7780303955078125,-55.0872802734375000,-2.7458040714263916
-27.7784824371337891,-54.0963020324707031,-1.0373687744140625
-10.6228084564208984,-34.7614326477050781,-1.0369212627410889
1.3296976089477539,-53.8339805603027344,-1.8990820646286011
5.8213324546813965,-31.3893814086914063,-1.8970297574996948
6.8448677062988281,-38.3468551635742188,-1.0385640859603882
-3.7434694766998291,-35.1269187927246094,-2.7474446296691895
-11.6438903808593750,-53.1445503234863281,-2.7439327239990234
-6.8174018859863281,-33.2746047973632813,-1.0388398170471191
5.8212585449218750,-40.3357276916503906,-1.8959096670150757
-11.4976234436035156,-49.6879539489746094,-1.8893418312072754
-13.3784627914428711,-52.1536521911621094,-2.7436184883117676
1.0202449560165405,-48.9101066589355469,-1.8912494182586670
-11.5175523757934570,-55.6191520690917969,-1.8900158405303955
-6.8193392753601074,-34.2725753784179688,-1.0368798971176147
-13.3787879943847656,-54.1273460388183594,-2.7439205646514893
-32.5783882141113281,-57.0579681396484375,-1.0389454364776611
-1.0219991207122803,-42.4319267272949219,-2.7488374710083008
12.5071706771850586,-35.6614036560058594,-1.0357192754745483
1.9782779216766357,-42.4906234741210938,-1.8895421028137207
11.5166254043579102,-52.6882400512695313,-1.1173219680786133
-11.6427574157714844,-53.1447448730468750,-1.0362995862960815
-22.0007915496826172,-53.8770408630371094,-1.8881353139877319
12.5070428848266602,-48.1341438293457031,-1.8896048069000244
13.3782148361206055,-50.1130523681640625,-1.0388623476028442
-15.4216661453247070,-41.2234992980957031,-1.8840832710266113
-8.2927417755126953,-31.8311080932617188,-1.9034240245819092
12.5037927627563477,-53.5638694763183594,-2.7464301586151123
-32.0535278320312500,-55.4706649780273438,-1.8880110979080200
-3.7804970741271973,-34.6277046203613281,-1.8914595842361450
15.4227075576782227,-53.4461593627929688,-1.0312629938125610
21.1332302093505859,-56.4762496948242188,-2.7530229091644287
-5.8221440315246582,-50.6358184814453125,-1.8905177116394043
15.4223966598510742,-39.5319557189941406,-2.7431845664978027
-5.8216199874877930,-56.0742263793945313,-1.0348551273345947
-2.8313250541687012,-41.5784187316894531,-2.7473573684692383
-1.0218321084976196,-41.4451637268066406,-2.7475352287292480
-32.0816192626953125,-54.6099624633789063,-2.7411072254180908
15.4222135543823242,-43.5337409973144531,-2.7475602626800537
25.8669452667236328,-56.1538505554199219,-1.3403807878494263
-22.9780654907226563,-56.2925758361816406,-2.7413957118988037
7.7101035118103027,-42.8131561279296875,-1.0381056070327759
5.8215060234069824,-49.7246856689453125,-1.0339994430541992
22.1157646179199219,-50.9955024719238281,-1.0352348089218140
-10.6212882995605469,-41.2672271728515625,-1.8953484296798706
1.0212390422821045,-46.9334754943847656,-1.8904237747192383
-2.0450789928436279,-30.1389293670654297,-1.0368992090225220
-7.7028193473815918,-52.1610412597656250,-1.8909558057785034
2.9130623340606689,-39.6800308227539063,-1.0329263210296631
12.0979700088500977,-49.2225837707519531,-1.9233905076980591
16.2939224243164063,-38.5449485778808594,-1.8888554573059082
3.3644027709960938,-34.7934188842773438,-1.9078861474990845
7.7105574607849121,-37.8456459045410156,-2.7416949272155762
7.7112097740173340,-51.1956977844238281,-1.8915168046951294
-17.2514438629150391,-40.6131935119628906,-1.0387504100799561
29.8218936920166016,-53.1853599548339844,-1.0385839939117432
6.6884818077087402,-29.8848285675048828,-1.8877196311950684
-18.1777057647705078,-41.1021461486816406,-2.7417752742767334
-1.9982621669769287,-51.0030441284179688,-2.7473642826080322
22.3177108764648438,-57.0621910095214844,-1.8228092193603516
1.0180398225784302,-52.3839988708496094,-2.7419679164886475
-1.0697485208511353,-41.9403038024902344,-1.8915194272994995
-5.8224434852600098,-52.1219978332519531,-2.7458798885345459
-5.8233485221862793,-34.1856536865234375,-1.0377686023712158
-8.5746717453002930,-53.1359062194824219,-2.7480788230895996
-8.5758619308471680,-38.2734680175781250,-2.7472858428955078
6.6975665092468262,-52.1870574951171875,-1.0375553369522095
-16.3092861175537109,-51.7333221435546875,-1.8883702754974365
5.9793677330017090,-38.8436470031738281,-2.7441775798797607
-22.9776496887207031,-46.1238479614257813,-1.1473270654678345
3.7764818668365479,-51.0978698730468750,-1.0381807088851929
1.8793046474456787,-52.8861541748046875,-2.7273848056793213
1.8924208879470825,-42.9850997924804688,-2.7458698749542236
26.6152725219726563,-48.8052024841308594,-1.8950210809707642
-1.0220062732696533,-45.8497200012207031,-1.8915740251541138
-1.0945713520050049,-54.2022361755371094,-2.7511024475097656
-5.8290886878967285,-37.2228851318359375,-2.7475712299346924
3.6537215709686279,-28.1672382354736328,-2.7414064407348633
-22.0030841827392578,-55.8966026306152344,-1.8724046945571899
29.9944095611572266,-57.0589065551757813,-1.0354831218719482
22.8349113464355469,-47.5120391845703125,-2.7442784309387207
-3.7776451110839844,-51.0557518005371094,-2.7466518878936768
6.8449883460998535,-42.3172302246093750,-2.7417480945587158
29.8220882415771484,-53.7109375000000000,-1.8872104883193970
10.6222944259643555,-39.3585395812988281,-2.7431771755218506
26.0094566345214844,-53.8048477172851563,-2.7438530921936035
-10.7643833160400391,-48.7188339233398438,-2.7425324916839600
11.5508003234863281,-35.9512176513671875,-1.0340530872344971
-7.7117385864257813,-39.2671928405761719,-1.8901635408401489
22.1025485992431641,-44.4964637756347656,-1.9011512994766235
-21.4753875732421875,-45.4426116943359375,-1.9343031644821167
-11.6439695358276367,-39.2755813598632813,-2.7413873672485352
17.2179164886474609,-52.5818176269531250,-1.0326744318008423
6.8362793922424316,-46.2793159484863281,-1.0378801822662354
-18.1778488159179688,-46.1003761291503906,-2.7475883960723877
25.0222682952880859,-49.7604484558105469,-2.4206285476684570
18.1777076721191406,-49.4325065612792969,-1.8886476755142212
-30.8587551116943359,-57.0580596923828125,-1.8700987100601196
17.2252388000488281,-47.5984497070312500,-2.7470061779022217
8.5782766342163086,-42.3163833618164063,-2.7419762611389160
-10.7596883773803711,-49.7142791748046875,-2.7437193393707275
12.5115289688110352,-46.6395988464355469,-2.7472753524780273
-25.0218906402587891,-54.6385993957519531,-1.0338513851165771
10.6217727661132813,-35.3763694763183594,-2.7466073036193848
-17.3131141662597656,-44.1087188720703125,-1.8908801078796387
-2.8998577594757080,-54.6078758239746094,-2.7434015274047852
18.1378364562988281,-54.4654121398925781,-1.8288632631301880
32.5796356201171875,-56.3150520324707031,-1.7051804065704346
18.1777763366699219,-48.9348030090332031,-2.7477476596832275
12.5121994018554688,-54.5557823181152344,-2.7476441860198975
13.3766231536865234,-46.1433677673339844,-1.0324766635894775
-26.8979129791259766,-56.1140327453613281,-1.8921611309051514
25.0209064483642578,-51.7228813171386719,-1.0354677438735962
-26.0148181915283203,-55.1517944335937500,-1.0383690595626831
8.5782976150512695,-41.3256530761718750,-2.7417423725128174
-1.0221946239471436,-50.7814369201660156,-1.8897063732147217
22.1124629974365234,-45.5169715881347656,-1.8906040191650391
7.5558857917785645,-31.3767089843750000,-1.8900549411773682
-26.8637599945068359,-47.6500129699707031,-1.0383890867233276
1.0223594903945923,-47.4256019592285156,-2.7484073638916016
20.2177848815917969,-56.0671768188476563,-1.0326880216598511
-31.0462665557861328,-53.5254325866699219,-1.8902318477630615
-1.0223076343536377,-26.0912361145019531,-1.8920223712921143
21.9270210266113281,-53.5253334045410156,-1.9234559535980225
21.2481441497802734,-45.0177154541015625,-1.8898494243621826
-10.6191644668579102,-54.1978988647460938,-1.8921936750411987
11.4963331222534180,-55.6217765808105469,-1.0319832563400269
6.6877017021179199,-34.8628997802734375,-1.8888314962387085
-5.8219051361083984,-47.1601409912109375,-2.7472944259643555
12.4702854156494141,-33.6068458557128906,-1.0385015010833740
-12.3607425689697266,-48.2024116516113281,-1.8899310827255249
10.6221981048583984,-41.3486251831054688,-2.7451333999633789
-29.8222198486328125,-53.6207885742187500,-1.7680213451385498
-27.7787952423095703,-56.0793685913085938,-1.0327166318893433
1.2749247550964355,-54.8288307189941406,-1.9188849925994873
-1.9152463674545288,-30.6358985900878906,-1.8903305530548096
-12.4872970581054688,-35.7834358215332031,-2.7414386272430420
-2.0187597274780273,-47.5220718383789063,-1.8902403116226196
6.8458251953125000,-40.3333892822265625,-2.7416632175445557
-16.6670703887939453,-56.2318611145019531,-1.0351387262344360
-12.5126533508300781,-46.7175903320312500,-1.0377984046936035
-5.8420929908752441,-36.7208747863769531,-1.8918137550354004
20.3973808288574219,-44.4935951232910156,-1.8920538425445557
-11.6431169509887695,-50.1789855957031250,-1.0365178585052490
-6.8295931816101074,-45.7400245666503906,-1.8898320198059082
-2.8552477359771729,-42.0754051208496094,-1.8892195224761963
-17.2433795928955078,-46.6000442504882813,-1.0345740318298340
22.1020812988281250,-50.9909439086914063,-2.7442431449890137
13.3790578842163086,-39.6730766296386719,-1.8905667066574097
-2.8755416870117188,-52.4768257141113281,-2.7482485771179199
5.9839239120483398,-29.8759613037109375,-2.7413818836212158
-8.5776309967041016,-44.7250213623046875,-1.8906458616256714
-25.5033874511718750,-48.2865295410156250,-1.8916083574295044
-21.9862289428710938,-51.3938217163085938,-1.0323259830474854
1.0192334651947021,-56.1397094726562500,-1.0309443473815918
-2.9119105339050293,-36.1150665283203125,-1.8897393941879272
18.1781215667724609,-44.4693908691406250,-1.8900644779205322
2.8053934574127197,-56.0959548950195313,-1.9335583448410034
-17.3101100921630859,-49.5729217529296875,-1.0332843065261841
11.5466756820678711,-49.7777442932128906,-1.3030247688293457
2.8330650329589844,-48.1147727966308594,-1.8910529613494873
-20.2162590026855469,-55.4001502990722656,-2.7459063529968262
-1.0223304033279419,-31.5670089721679688,-1.0319876670837402
26.0594577789306641,-57.0671272277832031,-1.0329231023788452
13.0598669052124023,-37.7514648437500000,-1.8884768486022949
-1.0210745334625244,-43.4089698791503906,-1.0327671766281128
7.5515742301940918,-48.2403755187988281,-1.8902466297149658
32.5778312683105469,-54.5809898376464844,-1.0386863946914673
-20.2203388214111328,-57.0573081970214844,-2.7437674999237061
-12.5108222961425781,-52.6492652893066406,-1.0364464521408081
10.6394157409667969,-44.8212585449218750,-1.8895345926284790
-5.8261151313781738,-40.2129859924316406,-1.0325969457626343
-16.2484531402587891,-54.7989730834960938,-2.0082526206970215
-6.8160414695739746,-35.2791366577148438,-1.0346794128417969
-5.8277039527893066,-46.1665000915527344,-2.7479429244995117
-17.2558021545410156,-52.5467567443847656,-1.0324779748916626
2.1616661548614502,-54.4031028747558594,-1.7950302362442017
10.7465019226074219,-49.7564392089843750,-1.8935285806655884
3.7785177230834961,-35.7007789611816406,-1.8899688720703125
6.6869235038757324,-37.8496932983398438,-1.8898061513900757
11.5376853942871094,-46.8644027709960938,-1.0317083597183228
-22.9820766448974609,-57.0569801330566406,-1.9845116138458252
-13.3785314559936523,-42.2543029785156250,-2.7453651428222656
-39.6498527526855469,-60.6542778015136719,-2.5588133335113525
18.1762580871582031,-52.8889694213867188,-1.0307420492172241
1.0224790573120117,-28.5962524414062500,-2.7412734031677246
3.7781865596771240,-46.6375770568847656,-1.8869560956954956
-18.1795539855957031,-57.0592117309570313,-2.7442305088043213
13.3775854110717773,-46.1415138244628906,-2.7475554943084717
27.7779712677001953,-49.6690979003906250,-2.7426877021789551
-11.6274223327636719,-57.0713920593261719,-2.7455546855926514
16.4008865356445313,-41.0828094482421875,-2.7429575920104980
1.8892604112625122,-35.0614738464355469,-2.7216181755065918
-12.5082273483276367,-55.6149101257324219,-1.0356812477111816
-27.7783355712890625,-52.1076698303222656,-2.7425606250762939
15.4318933486938477,-49.4863281250000000,-2.7478158473968506
-26.8826522827148438,-48.6496047973632813,-1.0386468172073364
-11.6263122558593750,-57.0715103149414063,-1.0350538492202759
7.7122826576232910,-34.8690185546875000,-2.7413523197174072
-16.3669376373291016,-48.2512474060058594,-1.0342450141906738
15.4218673706054688,-47.0099487304687500,-1.8898392915725708
22.9765548706054688,-45.4897117614746094,-2.7429602146148682
-13.3585977554321289,-36.2717361450195313,-2.7435610294342041
-16.3066349029541016,-52.2382011413574219,-1.0339120626449585
7.7132296562194824,-31.8764457702636719,-2.7412285804748535
16.3985767364501953,-40.0839385986328125,-2.7413406372070313
-32.5781097412109375,-54.6218376159667969,-1.8745744228363037
3.7020590305328369,-44.6497230529785156,-1.8900656700134277
-3.1374599933624268,-56.2954902648925781,-1.8104755878448486
-16.3679904937744141,-51.2270278930664063,-2.7461564540863037
8.5789861679077148,-46.2499656677246094,-1.0364490747451782
7.7100005149841309,-48.7388610839843750,-2.7411754131317139
-12.5106601715087891,-50.6731491088867188,-1.0365939140319824
13.3673658370971680,-53.0741386413574219,-1.0342185497283936
-18.1778507232666016,-55.5545654296875000,-1.8876239061355591
-26.0057125091552734,-54.1676826477050781,-2.7414090633392334
-11.4876632690429688,-44.7446479797363281,-1.8896595239639282
-2.0620222091674805,-33.6175842285156250,-1.8895940780639648
-7.7039055824279785,-51.6629791259765625,-1.0324373245239258
21.6069946289062500,-56.3063812255859375,-1.8978911638259888
13.3781347274780273,-46.6404075622558594,-1.8901168107986450
2.8854086399078369,-52.5559463500976563,-1.0377408266067505
3.7038753032684326,-57.0601501464843750,-1.0361257791519165
-13.3788461685180664,-47.2118835449218750,-1.0376709699630737
31.2334957122802734,-55.2061500549316406,-1.8976052999496460
-5.8355293273925781,-40.7109985351562500,-1.8900027275085449
21.9694519042968750,-46.0160293579101563,-1.0382003784179688
20.3668975830078125,-47.4877204895019531,-1.8900486230850220
22.9790916442871094,-56.0617446899414063,-1.0475996732711792
-26.7509975433349609,-55.1299972534179688,-1.8851824998855591
-6.8174448013305664,-53.1697387695312500,-2.7464799880981445
-10.6229753494262695,-36.7866325378417969,-2.7435867786407471
7.7114949226379395,-38.8419303894042969,-2.7415485382080078
17.2463436126708984,-42.6062698364257813,-1.0347242355346680
-6.8237786293029785,-39.2882843017578125,-1.0326136350631714
-2.0567474365234375,-26.1385250091552734,-2.7416603565216064
26.0089931488037109,-53.3590431213378906,-1.8518745899200439
-22.9787406921386719,-47.6234283447265625,-1.8946120738983154
-18.0690975189208984,-42.6076698303222656,-1.8900145292282104
-12.5121679306030273,-47.7066383361816406,-1.0376778841018677
15.4304180145263672,-51.4641380310058594,-2.7479815483093262
11.5463790893554688,-36.9564247131347656,-1.0358040332794189
3.7784650325775146,-37.1951370239257813,-2.7468316555023193
1.0223561525344849,-45.4486618041992188,-2.7482671737670898
10.7195968627929688,-39.8574371337890625,-1.8899692296981812
-11.5097436904907227,-53.6408691406250000,-1.8898570537567139
-8.5755586624145508,-46.2079772949218750,-2.7481639385223389
6.8412604331970215,-30.3885364532470703,-1.0386481285095215
-18.1777038574218750,-43.1050148010253906,-2.7457425594329834
-1.0529807806015015,-48.8072967529296875,-1.8907349109649658
-16.7541389465332031,-54.3636283874511719,-2.7436115741729736
3.7779786586761475,-53.0659217834472656,-1.0383249521255493
20.2244014739990234,-56.0673980712890625,-2.7481491565704346
-2.7838325500488281,-30.1468830108642578,-1.8887418508529663
8.4229860305786133,-54.1498413085937500,-2.7434797286987305
-3.7798218727111816,-53.0447311401367188,-2.7464809417724609
-10.6203556060791016,-49.2176094055175781,-1.8904479742050171
16.3543186187744141,-55.0715637207031250,-2.7474410533905029
-12.5110721588134766,-50.6732177734375000,-2.7432620525360107
11.5903549194335938,-54.9374618530273438,-2.7491865158081055
-3.7762751579284668,-40.1097640991210938,-2.7473158836364746
8.5790662765502930,-44.3109245300292969,-1.0342663526535034
15.4219141006469727,-44.0301818847656250,-1.8898792266845703
-21.9965839385986328,-53.3841133117675781,-1.0315152406692505
-13.3790388107299805,-56.0957641601562500,-1.0356147289276123
11.5416679382324219,-47.3614845275878906,-1.8898886442184448
27.7793312072753906,-57.0639953613281250,-1.0340267419815063
-8.5783491134643555,-35.7791519165039063,-1.8910317420959473
12.5163917541503906,-55.5483322143554688,-2.7458901405334473
7.7100601196289063,-48.7325286865234375,-1.0380393266677856
-16.3771438598632813,-44.7625083923339844,-1.8895950317382813
-7.7070922851562500,-37.7742500305175781,-1.0326402187347412
-10.7155876159667969,-55.7138977050781250,-2.7436227798461914
-5.8322167396545410,-52.1212844848632813,-1.0336575508117676
-11.6436834335327148,-41.2670135498046875,-2.7414543628692627
6.6891098022460938,-31.8813591003417969,-1.8953039646148682
-7.7051510810852051,-52.6551933288574219,-1.0326274633407593
18.1776771545410156,-46.9546394348144531,-1.0323097705841064
-7.6674723625183105,-44.2303771972656250,-1.8899315595626831
-3.7775864601135254,-50.0608100891113281,-2.7470445632934570
1.8906369209289551,-42.9844894409179688,-1.0343058109283447
39.2602577209472656,-61.3285179138183594,-3.3023786544799805
-16.3666858673095703,-49.2463607788085938,-1.0335569381713867
-2.8083574771881104,-43.0678863525390625,-1.8891828060150146
-18.0590572357177734,-48.0873374938964844,-2.7451786994934082
20.2213420867919922,-52.5056037902832031,-1.9411756992340088
-21.0940990447998047,-45.8935928344726563,-2.7400162220001221
17.2431945800781250,-44.6068572998046875,-1.0330877304077148
13.3777189254760742,-45.6453399658203125,-1.8899282217025757
-25.8588409423828125,-47.1791839599609375,-1.0397157669067383
-27.7783927917480469,-51.1123161315917969,-1.0377719402313232
7.5538516044616699,-41.3256988525390625,-1.8899791240692139
-2.0033147335052490,-50.0071792602539063,-2.7475459575653076
-5.8223552703857422,-34.6825981140136719,-1.9011989831924438
1.8804173469543457,-51.8957405090332031,-2.7412252426147461
-7.7062602043151855,-43.7346687316894531,-2.7477984428405762
-13.3786001205444336,-46.2216720581054688,-1.0377849340438843
-2.8538773059844971,-46.0426864624023438,-1.8890712261199951
8.5781641006469727,-42.3206100463867188,-1.0378978252410889
2.9583222866058350,-54.5420150756835938,-2.7453646659851074
-3.7896585464477539,-55.0162391662597656,-1.0328088998794556
8.5784511566162109,-49.2228660583496094,-1.0342603921890259
-15.4209537506103516,-45.7901763916015625,-2.7463011741638184
-16.3791713714599609,-42.2499198913574219,-1.0374516248703003
-13.3790950775146484,-55.1128807067871094,-1.0356920957565308
17.2391967773437500,-47.5989036560058594,-1.0328627824783325
8.2465095520019531,-57.0611953735351563,-1.0364816188812256
-11.5141677856445313,-54.6289710998535156,-1.8899101018905640
-11.6420793533325195,-52.1572036743164063,-2.7437033653259277
16.3845310211181641,-44.6074409484863281,-1.8902146816253662
20.2504215240478516,-52.1018486022949219,-1.0347839593887329
-2.9128186702728271,-30.6443023681640625,-2.7429776191711426
-1.9237560033798218,-33.1226615905761719,-2.7431395053863525
27.7787837982177734,-56.0698280334472656,-1.0321274995803833
-29.8213596343994141,-57.0574684143066406,-1.9100149869918823
-1.9809437990188599,-49.5120735168457031,-1.8901332616806030
1.9011504650115967,-32.1125526428222656,-1.0367307662963867
3.7776999473571777,-54.0621757507324219,-1.0375051498413086
18.1777000427246094,-47.9469261169433594,-1.0318045616149902
-2.0438144207000732,-29.1413764953613281,-1.0364534854888916
-18.1798191070556641,-47.5901336669921875,-1.8924781084060669
-26.7559432983398438,-54.1357955932617188,-1.8899617195129395
22.9477500915527344,-44.4528999328613281,-1.0385861396789551
-6.8184275627136230,-48.2185325622558594,-1.0321063995361328
-6.8173518180847168,-54.6642303466796875,-1.9015396833419800
7.7068924903869629,-44.7931289672851563,-1.0383762121200562
18.1780738830566406,-43.9716682434082031,-1.0326809883117676
-25.1537551879882813,-52.6560554504394531,-1.0360755920410156
-15.5764150619506836,-53.7748222351074219,-2.7436759471893311
26.9601135253906250,-53.5164070129394531,-2.7465612888336182
1.0214693546295166,-42.4839782714843750,-2.7462794780731201
-6.8191566467285156,-48.2176132202148438,-2.7478687763214111
-5.8220458030700684,-51.6302680969238281,-1.8900363445281982
-18.1778774261474609,-44.1059646606445313,-2.7470684051513672
-1.1062099933624268,-45.3651237487792969,-1.0325967073440552
-13.3778982162475586,-40.2691078186035156,-1.0388771295547485
17.2407207489013672,-48.0976982116699219,-1.8897763490676880
5.8214654922485352,-35.3590774536132813,-1.8900310993194580
3.7824449539184570,-56.5597267150878906,-1.8886013031005859
-17.3090248107910156,-50.5613327026367188,-2.7473502159118652
-6.6872143745422363,-33.2984924316406250,-2.7406420707702637
3.7805271148681641,-42.6636390686035156,-1.8898346424102783
11.5974845886230469,-55.5953140258789063,-2.0115437507629395
11.4452600479125977,-41.4053001403808594,-1.8902534246444702
-1.2170991897583008,-43.8958282470703125,-1.8928426504135132
10.6223154067993164,-33.8553695678710938,-1.8906171321868896
-1.1322894096374512,-37.9939537048339844,-1.8897711038589478
21.1019382476806641,-46.5180130004882813,-2.7418110370635986
1.9866505861282349,-55.5276336669921875,-1.9029331207275391
1.8863773345947266,-37.5318145751953125,-1.8865784406661987
-20.2223339080810547,-51.4302787780761719,-1.0327545404434204
18.1782684326171875,-50.4218101501464844,-1.8859045505523682
-10.6184978485107422,-55.2010688781738281,-1.8951312303543091
-18.1842021942138672,-56.5575180053710938,-1.8897087574005127
-38.2757644653320313,-60.5339241027832031,-1.0389057397842407
26.0145301818847656,-51.7907676696777344,-1.0377002954483032
12.4969406127929688,-44.6504898071289063,-1.0326581001281738
-18.1785373687744141,-44.6043739318847656,-1.8900141716003418
-2.0011758804321289,-43.0591392517089844,-1.0346759557723999
-25.9943637847900391,-56.1649131774902344,-2.3120338916778564
6.8430132865905762,-43.3081359863281250,-1.0381748676300049
-2.8964359760284424,-42.5717735290527344,-1.0330520868301392
-13.2402944564819336,-52.6474075317382813,-1.8901826143264771
25.0203628540039063,-53.7176170349121094,-1.0375174283981323
-11.6440048217773438,-54.1312408447265625,-2.7440607547760010
-3.7778053283691406,-36.1247215270996094,-1.0327119827270508
30.8186359405517578,-57.0603599548339844,-2.7414689064025879
-6.8189611434936523,-52.1833190917968750,-2.7457821369171143
-11.8287763595581055,-36.3032951354980469,-1.0388127565383911
11.5391988754272461,-44.8808364868164063,-2.7477643489837646
5.9724884033203125,-36.8497085571289063,-2.7428390979766846
17.2634296417236328,-39.5847930908203125,-1.0382907390594482
26.9165229797363281,-56.5675621032714844,-1.0411876440048218
-26.8910999298095703,-53.6414680480957031,-2.7430405616760254
-18.1802425384521484,-57.0593948364257813,-1.0352251529693604
20.2211132049560547,-54.5732727050781250,-1.8895670175552368
15.4219398498535156,-54.4231719970703125,-2.7469835281372070
27.7779922485351563,-49.6991767883300781,-1.0376651287078857
-5.8260440826416016,-39.2179489135742188,-2.7472784519195557
18.1778869628906250,-50.9095764160156250,-2.7473757266998291
3.7863042354583740,-55.0757293701171875,-2.7487678527832031
2.8010721206665039,-29.6889839172363281,-1.0384594202041626
-22.9170093536376953,-49.1465530395507813,-1.0359506607055664
10.6218309402465820,-52.1990280151367188,-1.0470037460327148
-15.4689903259277344,-50.7815742492675781,-1.0333180427551270
-8.5666847229003906,-54.1259880065917969,-1.0320537090301514
8.5775823593139648,-30.3777961730957031,-2.7411170005798340
17.2213211059570313,-53.5783004760742188,-2.7472035884857178
18.1528759002685547,-48.9396972656250000,-1.0315808057785034
1.9651602506637573,-50.8960037231445313,-1.0335506200790405
18.1776237487792969,-51.4044990539550781,-1.8861709833145142
-7.6915755271911621,-32.7574501037597656,-1.0384345054626465
-2.8767557144165039,-50.4915466308593750,-2.7476966381072998
-26.0654239654541016,-47.4717521667480469,-2.0235733985900879
5.8215937614440918,-49.2291107177734375,-1.8893322944641113
18.0891017913818359,-41.4817619323730469,-1.8899275064468384
16.3694438934326172,-48.5960693359375000,-1.8898831605911255
18.1780109405517578,-39.9850349426269531,-2.7427859306335449
12.5118818283081055,-52.5775260925292969,-2.7422425746917725
-12.5106983184814453,-40.7664146423339844,-1.0384379625320435
10.9530515670776367,-32.9102630615234375,-1.9015275239944458
7.5531067848205566,-44.2977752685546875,-1.8904823064804077
5.8214840888977051,-37.3518218994140625,-1.8950806856155396
-6.6794438362121582,-34.2963371276855469,-2.7435851097106934
27.7784099578857422,-56.0735473632812500,-2.7474913597106934
-6.8214044570922852,-46.2381782531738281,-1.0321525335311890
-32.5779418945312500,-53.7730789184570313,-1.0389405488967896
-8.5782108306884766,-34.7763481140136719,-1.8892948627471924
-8.5777311325073242,-40.7586326599121094,-1.8893277645111084
5.8237390518188477,-31.8936424255371094,-1.0368139743804932
12.4915189743041992,-45.1477699279785156,-1.8901953697204590
18.1796588897705078,-57.0580329895019531,-2.0323259830474854
-1.9500993490219116,-42.0664863586425781,-2.7474920749664307
12.4856538772583008,-56.5153236389160156,-1.0243273973464966
15.4234399795532227,-42.5371170043945313,-1.0328328609466553
-15.4794168472290039,-48.7880058288574219,-1.0333623886108398
12.5104560852050781,-41.6614341735839844,-1.0338861942291260
-25.8842010498046875,-52.6585502624511719,-1.8892146348953247
-13.3784379959106445,-44.2392730712890625,-2.7417812347412109
-2.9012005329132080,-41.0836410522460938,-1.8910928964614868
31.8270587921142578,-53.0674781799316406,-1.9025435447692871
7.5531558990478516,-38.3465919494628906,-1.8898600339889526
29.8198680877685547,-55.1442184448242188,-2.3553376197814941
16.3518943786621094,-54.0755577087402344,-1.0324654579162598
6.6938071250915527,-50.2072677612304688,-1.0381126403808594
12.5037136077880859,-45.6442832946777344,-2.7474646568298340
12.0081567764282227,-38.4723587036132813,-1.8894610404968262
-2.8237709999084473,-39.5929603576660156,-2.7457394599914551
-5.8382673263549805,-55.0892677307128906,-1.0342000722885132
21.2391338348388672,-48.0228729248046875,-1.8882888555526733
-1.9600652456283569,-44.0527267456054688,-2.7465460300445557
-5.8222827911376953,-50.1380767822265625,-1.0323735475540161
-15.9045667648315430,-56.2036132812500000,-1.8748322725296021
21.9942989349365234,-49.0085372924804688,-1.0344071388244629
5.8228507041931152,-38.8459434509277344,-1.0353091955184937
1.0216881036758423,-31.5887012481689453,-1.0339701175689697
8.5794525146484375,-47.2449645996093750,-1.0367510318756104
25.9449672698974609,-49.7738380432128906,-1.0397891998291016
-3.7488958835601807,-48.0689620971679688,-1.0353299379348755
10.9472446441650391,-52.7240715026855469,-1.9348688125610352
-8.5805263519287109,-56.1071128845214844,-2.7506711483001709
-5.8380074501037598,-46.6636199951171875,-1.8901907205581665
-20.2223930358886719,-53.4207344055175781,-2.7469182014465332
8.5780029296875000,-34.3675842285156250,-1.0385824441909790
36.8758544921875000,-61.0547676086425781,-2.5588397979736328
7.5530228614807129,-37.3526000976562500,-1.8892146348953247
-12.1413202285766602,-57.0636291503906250,-1.8900461196899414
-7.3093490600585938,-57.0581741333007813,-2.7571656703948975
-8.5776786804199219,-55.6111106872558594,-1.8922609090805054
6.8467173576354980,-53.6700325012207031,-1.8901327848434448
-2.8207113742828369,-54.0280914306640625,-1.9367504119873047
-3.7521026134490967,-39.1105957031250000,-2.7473976612091064
2.9118239879608154,-38.6853599548339844,-2.7450335025787354
8.5779771804809570,-41.3277168273925781,-1.0382518768310547
17.2109241485595703,-44.6072273254394531,-2.7469339370727539
-16.2965393066406250,-44.2641220092773438,-1.0344948768615723
22.9811763763427734,-52.4897651672363281,-1.0329802036285400
2.8347132205963135,-42.6618995666503906,-1.0341514348983765
-10.7744874954223633,-33.7459602355957031,-2.7413628101348877
1.0212671756744385,-42.4852180480957031,-1.0339457988739014
3.7472429275512695,-56.0679702758789063,-2.7469594478607178
-7.5576310157775879,-33.7873420715332031,-2.7434568405151367
-13.3785419464111328,-53.1410636901855469,-1.0361714363098145
10.6520271301269531,-36.8732833862304688,-1.8902298212051392
-21.2112846374511719,-57.0779685974121094,-2.6407325267791748
-12.5000381469726563,-36.7814865112304688,-2.7413194179534912
10.6540832519531250,-42.3382034301757813,-2.7451446056365967
8.5818815231323242,-54.6407814025878906,-1.8885791301727295
16.3642063140869141,-50.5890159606933594,-1.8898733854293823
1.0954786539077759,-49.3958549499511719,-1.0337942838668823
12.4674243927001953,-33.6250953674316406,-2.7416944503784180
6.6862821578979492,-43.8038406372070313,-1.8902875185012817
-7.7042603492736816,-46.7072792053222656,-2.7480754852294922
-15.4207334518432617,-47.7936210632324219,-2.7478926181793213
29.8186683654785156,-56.0636863708496094,-2.7419302463531494
-21.0933208465576172,-52.9315834045410156,-2.7470905780792236
16.4037933349609375,-57.0785446166992188,-2.7165861129760742
12.5101337432861328,-50.6049079895019531,-1.0367909669876099
10.6220912933349609,-54.1966476440429688,-2.7484500408172607
17.2154769897460938,-51.5841827392578125,-1.0319020748138428
-30.3405990600585938,-56.2055778503417969,-1.8895199298858643
-1.0221254825592041,-32.5614547729492188,-2.7465076446533203
-1.1723605394363403,-26.5856113433837891,-1.0375564098358154
13.3779363632202148,-49.1249237060546875,-1.0339814424514771
-27.7509498596191406,-56.0788879394531250,-2.7473976612091064
-5.8168182373046875,-56.5695648193359375,-1.8920474052429199
38.9303398132324219,-61.9135742187500000,-4.0413827896118164
-10.6205234527587891,-57.0571174621582031,-2.7434685230255127
-27.6398773193359375,-53.6009864807128906,-1.8899992704391479
-13.3781013488769531,-45.2310981750488281,-1.0380721092224121
-15.4722127914428711,-50.7827148437500000,-2.7468264102935791
2.8076367378234863,-30.7004928588867188,-1.0374685525894165
-13.2504959106445313,-55.6080551147460938,-1.8901119232177734
25.2825145721435547,-48.3787040710449219,-1.8814816474914551
-17.3109550476074219,-48.5818862915039063,-1.0333533287048340
-2.0419566631317139,-36.6038665771484375,-1.8897330760955811
15.4189357757568359,-57.0666656494140625,-1.7582091093063354
5.9772105216979980,-34.8734664916992188,-1.0368013381958008
22.9810276031494141,-52.4775085449218750,-2.7473776340484619
-30.8638458251953125,-55.3587875366210938,-1.9513372182846069
-12.5114727020263672,-41.7599945068359375,-1.0381886959075928
-25.0221633911132813,-55.2646522521972656,-1.9561487436294556
-25.0230216979980469,-51.6636543273925781,-1.0326014757156372
1.0218312740325928,-44.4609756469726563,-1.0320954322814941
-1.9421315193176270,-39.0879516601562500,-1.0348953008651733
7.5506501197814941,-52.6868247985839844,-2.7430448532104492
-22.9753227233886719,-51.1764221191406250,-2.7462868690490723
-6.8123321533203125,-55.1999130249023438,-2.7418544292449951
-3.7561144828796387,-46.0837554931640625,-2.7470273971557617
11.5378971099853516,-46.8639640808105469,-2.7480075359344482
6.6874027252197266,-45.7871742248535156,-1.8911091089248657
6.8457303047180176,-33.3685874938964844,-1.0383639335632324
-1.9795174598693848,-46.5276527404785156,-1.8903211355209351
16.3729858398437500,-49.5924911499023438,-1.8899458646774292
-6.8673377037048340,-47.7243843078613281,-1.8901902437210083
10.6414775848388672,-47.7922592163085938,-1.8869558572769165
-1.0218828916549683,-46.3315734863281250,-2.7494876384735107
-2.9156610965728760,-32.1379318237304688,-1.8878699541091919
17.1724853515625000,-41.0870399475097656,-1.8911912441253662
-13.3792543411254883,-56.0957450866699219,-2.7445321083068848
12.4894886016845703,-54.5476341247558594,-1.0332708358764648
-6.8179206848144531,-47.2285881042480469,-1.0326417684555054
-21.1418170928955078,-57.0578498840332031,-1.0380063056945801
2.9092881679534912,-44.6435432434082031,-2.7452893257141113
-31.4201946258544922,-57.0590400695800781,-1.0382527112960815
-8.5779972076416016,-44.2309989929199219,-1.0317044258117676
22.8312187194824219,-46.5131187438964844,-2.7439141273498535
-7.7071552276611328,-41.7525825500488281,-1.0323014259338379
3.7367844581604004,-41.1728439331054688,-2.7469668388366699
10.6220722198486328,-46.3070793151855469,-2.7476699352264404
3.7773990631103516,-43.1597213745117188,-1.0324975252151489
8.5780000686645508,-52.1723785400390625,-1.0340511798858643
11.5407295227050781,-41.9008483886718750,-1.0332674980163574
1.0216512680053711,-45.4497947692871094,-1.0319095849990845
-6.8215522766113281,-49.2089424133300781,-2.7482588291168213
-17.2218265533447266,-55.7937965393066406,-2.7435624599456787
1.0217233896255493,-38.5250015258789063,-2.7475583553314209
15.4195938110351563,-40.0446319580078125,-1.8896847963333130
37.3016586303710938,-57.0578079223632813,-2.0354242324829102
36.7191658020019531,-61.9072189331054688,-3.0544843673706055
-27.6388111114501953,-52.6058349609375000,-1.8900640010833740
5.8209419250488281,-42.3183555603027344,-1.8886153697967529
-3.7779779434204102,-45.0873565673828125,-2.7458221912384033
-8.5769853591918945,-33.2432785034179688,-1.0376473665237427
12.5136823654174805,-54.0557136535644531,-1.8902472257614136
12.4124822616577148,-41.1628379821777344,-1.8901636600494385
-2.8018534183502197,-34.6220703125000000,-2.7440774440765381
-26.5476436614990234,-57.0569801330566406,-1.8910174369812012
-1.0217766761779785,-38.4892997741699219,-1.0345695018768311
1.8939038515090942,-29.1087360382080078,-1.0378706455230713
-26.8957195281982422,-49.6483955383300781,-1.0382703542709351
1.8932143449783325,-43.9742164611816406,-1.0346052646636963
18.1051540374755859,-42.4789047241210938,-1.8899906873703003
11.4524316787719727,-47.8516960144042969,-1.0340396165847778
22.3194999694824219,-55.6543235778808594,-1.8347085714340210
-21.9521465301513672,-49.4035377502441406,-1.0331473350524902
-5.8234119415283203,-41.2089347839355469,-2.7474274635314941
3.7774536609649658,-50.0896835327148438,-2.7486648559570313
13.3656682968139648,-45.1485977172851563,-1.0322670936584473
6.6949601173400879,-47.2611045837402344,-2.7411170005798340
-6.8186087608337402,-44.2548675537109375,-1.0343685150146484
-8.5769672393798828,-34.2726058959960938,-1.0342395305633545
-7.7020854949951172,-38.7695045471191406,-2.7474229335784912
-25.8486557006835938,-54.7065238952636719,-1.9161437749862671
10.6217145919799805,-48.7744903564453125,-1.8920825719833374
-1.0214109420776367,-29.0870914459228516,-1.8900905847549438
-21.0821952819824219,-46.8919677734375000,-2.7417812347412109
7.7139601707458496,-32.8745117187500000,-2.7413887977600098
6.1704015731811523,-47.2993774414062500,-1.8920357227325439
-16.3082866668701172,-49.7410888671875000,-1.8894428014755249
7.7120747566223145,-45.7800865173339844,-2.7423107624053955
-20.2220478057861328,-54.4213027954101563,-1.0323092937469482
5.8216567039489746,-43.8077888488769531,-2.7448632717132568
1.0216015577316284,-41.4965248107910156,-1.0326015949249268
16.3268337249755859,-43.1103630065917969,-2.7465474605560303
22.9772987365722656,-46.5134773254394531,-1.0354053974151611
-13.2534055709838867,-56.5973472595214844,-1.8899512290954590
3.7767310142517090,-30.1938552856445313,-1.0356699228286743
13.3804759979248047,-55.0574035644531250,-2.7465834617614746
-12.5118989944458008,-39.7719192504882813,-1.0387843847274780
-37.5476150512695313,-61.2495040893554688,-3.2987771034240723
15.5126066207885742,-40.5453758239746094,-2.7432487010955811
13.3693027496337891,-43.1569976806640625,-1.0325721502304077
-1.0233626365661621,-49.3007316589355469,-1.0315669775009155
-27.7788486480712891,-54.0964355468750000,-2.7427279949188232
-1.9422749280929565,-39.0866546630859375,-2.7450470924377441
8.4236259460449219,-32.8728065490722656,-1.8901013135910034
-21.9906177520751953,-53.3745117187500000,-2.7472918033599854
-11.4856996536254883,-42.7583160400390625,-1.8895442485809326
-11.6435947418212891,-49.1879005432128906,-1.0369684696197510
21.0617828369140625,-53.0362854003906250,-1.8759092092514038
3.7501735687255859,-52.0821304321289063,-1.1978198289871216
-3.7805378437042236,-33.6307983398437500,-1.8946321010589600
21.1018257141113281,-44.5174751281738281,-1.0386316776275635
-7.6838798522949219,-34.7743911743164063,-1.0341280698776245
1.0221712589263916,-34.5666236877441406,-2.7244770526885986
13.3776712417602539,-40.1712303161621094,-1.0338269472122192
18.1742267608642578,-43.4735603332519531,-1.8902463912963867
-5.8223118782043457,-39.7148475646972656,-1.8897464275360107
-7.7018270492553711,-45.7173690795898438,-1.0320603847503662
-17.2318859100341797,-44.6092796325683594,-2.7459177970886230
-3.7781529426574707,-42.1031684875488281,-1.0334107875823975
7.5569138526916504,-30.3782501220703125,-1.8902355432510376
5.9759860038757324,-41.8270225524902344,-2.7427825927734375
17.2193412780761719,-54.0804481506347656,-1.8902658224105835
-6.8305892944335938,-57.0709877014160156,-1.0345532894134521
-13.3775901794433594,-38.2772293090820313,-1.0351276397705078
26.9142856597900391,-56.5730667114257813,-2.7418663501739502
-8.5762624740600586,-36.2784461975097656,-1.0330364704132080
-11.6410140991210938,-38.2790451049804688,-2.7414186000823975
-5.8250455856323242,-46.1673545837402344,-1.0320979356765747
13.3545255661010742,-39.1726112365722656,-2.7447736263275146
-5.8267173767089844,-51.1301727294921875,-1.0323623418807983
8.5789813995361328,-56.6324996948242188,-1.8722192049026489
1.9766365289688110,-54.5606918334960938,-2.7481365203857422
-15.4335441589355469,-52.2777366638183594,-1.8908522129058838
6.6840429306030273,-49.2213859558105469,-2.7465438842773438
-21.0887565612792969,-51.4331932067871094,-1.8903801441192627
18.1785850524902344,-45.4644203186035156,-1.8899809122085571
-18.1873760223388672,-55.0448112487792969,-1.0336935520172119
11.5417499542236328,-40.9072761535644531,-1.0334299802780151
-8.5831451416015625,-56.6033363342285156,-1.8992880582809448
1.1430598497390747,-31.0946655273437500,-1.8900579214096069
7.7125744819641113,-46.7668533325195313,-2.7437427043914795
-22.0073490142822266,-50.3981628417968750,-1.0325835943222046
1.0496406555175781,-36.5432701110839844,-1.0323127508163452
-8.5776996612548828,-51.6527748107910156,-1.8895922899246216
-27.6400508880615234,-54.5959739685058594,-1.8899961709976196
6.6854300498962402,-50.2128601074218750,-2.7432174682617188
15.4223213195800781,-48.9918746948242188,-1.8895071744918823
-12.5098390579223633,-43.7386627197265625,-2.7422783374786377
5.8367643356323242,-41.8183708190917969,-1.0329792499542236
-26.9019241333007813,-56.6158905029296875,-1.0362318754196167
-5.8216652870178223,-53.1069641113281250,-1.0345655679702759
1.1099090576171875,-42.9798278808593750,-1.8902618885040283
-3.7742748260498047,-46.0839691162109375,-1.0322725772857666
-7.7088894844055176,-46.2133636474609375,-1.8906093835830688
-11.4864177703857422,-36.7858543395996094,-1.8866567611694336
-22.1918964385986328,-45.4335212707519531,-2.7412137985229492
8.5775079727172852,-30.3774356842041016,-1.0389575958251953
1.8907169103622437,-41.9936065673828125,-2.7460763454437256
-25.0211524963378906,-57.0568237304687500,-1.0383626222610474
-15.4126224517822266,-54.7583084106445313,-1.0348461866378784
21.9653358459472656,-46.0163955688476563,-2.7419245243072510
-3.7778027057647705,-26.1538085937500000,-2.7414336204528809
-17.2532310485839844,-52.0537757873535156,-1.8914965391159058
22.9780216217041016,-57.0593910217285156,-2.7426216602325439
10.6220817565917969,-45.3169670104980469,-1.0319243669509888
-7.7001314163208008,-42.2476844787597656,-1.8906638622283936
2.9133098125457764,-38.6850280761718750,-1.0345652103424072
2.8229978084564209,-39.1841011047363281,-1.8896203041076660
21.0394477844238281,-50.0463562011718750,-1.8851224184036255
5.9752845764160156,-36.8620109558105469,-1.0387380123138428
13.3895540237426758,-56.5394821166992188,-1.8914369344711304
-2.8567013740539551,-46.5340461730957031,-2.7473483085632324
20.3376483917236328,-50.9631996154785156,-1.0335810184478760
-1.9220172166824341,-32.1279869079589844,-1.0338220596313477
-6.8255534172058105,-40.2848434448242188,-1.0326460599899292
18.1320991516113281,-46.9533843994140625,-2.7476036548614502
-8.5772428512573242,-53.6320152282714844,-1.8902709484100342
-20.2190780639648438,-56.4172821044921875,-1.0346946716308594
-11.6433715820312500,-41.2666625976562500,-1.0385261774063110
25.0214443206787109,-50.6876296997070313,-1.0368075370788574
10.6220808029174805,-53.1807632446289063,-1.0696443319320679
1.0218932628631592,-50.3962173461914063,-2.7493724822998047
-7.7011098861694336,-44.7264366149902344,-1.0320889949798584
-6.4166374206542969,-32.8828353881835938,-1.8662139177322388
1.1075785160064697,-43.9697227478027344,-1.8902065753936768
-22.8288097381591797,-54.6735992431640625,-1.8946965932846069
-26.0226459503173828,-50.1631431579589844,-1.0378128290176392
-31.9126987457275391,-57.0577812194824219,-1.9059143066406250
-21.9464359283447266,-48.4047508239746094,-2.7451767921447754
-8.5735378265380859,-50.1679229736328125,-1.0316855907440186
8.4253711700439453,-46.7615814208984375,-1.8911705017089844
-16.3172626495361328,-52.8373031616210938,-1.8263943195343018
7.7118077278137207,-41.8212318420410156,-2.7416365146636963
8.4222183227539063,-45.7736091613769531,-1.8930951356887817
3.7747142314910889,-35.2023735046386719,-2.7451171875000000
2.8369114398956299,-46.1320610046386719,-1.8929104804992676
12.4886360168457031,-38.6753120422363281,-1.0383141040802002
-13.3785686492919922,-47.2120323181152344,-2.7424361705780029
-27.7782001495361328,-51.1114044189453125,-2.7423298358917236
-8.5778188705444336,-55.1158447265625000,-2.7487637996673584
-8.5778150558471680,-43.2399559020996094,-1.0319018363952637
1.1075617074966431,-37.5353088378906250,-2.7458710670471191
13.3773508071899414,-47.1381072998046875,-1.0325980186462402
22.0771732330322266,-51.4945602416992188,-1.8901926279067993
-13.3780984878540039,-43.2500228881835938,-1.0344673395156860
-6.3805351257324219,-43.8506431579589844,-1.9496117830276489
16.3334407806396484,-47.1012649536132813,-2.7470302581787109
29.8210449218750000,-56.0491180419921875,-1.0371390581130981
15.4325618743896484,-50.4765014648437500,-1.0317324399948120
2.9804973602294922,-50.6910667419433594,-2.7416260242462158
10.6224641799926758,-33.3363304138183594,-2.7420129776000977
-8.5613403320312500,-35.2806854248046875,-1.0335839986801147
10.8289661407470703,-50.7453422546386719,-1.8937000036239624
12.5246286392211914,-34.1325569152832031,-1.8848468065261841
-11.4873676300048828,-40.7694320678710938,-1.8901525735855103
2.1513047218322754,-37.0437202453613281,-1.0549629926681519
-11.4952163696289063,-48.6994400024414063,-1.8900785446166992
13.3783140182495117,-53.0723228454589844,-2.7452521324157715
-10.7698783874511719,-46.7305831909179688,-1.0365834236145020
1.0213322639465332,-43.4737510681152344,-1.0338556766510010
-10.7488651275634766,-52.7021179199218750,-2.7434513568878174
-22.9780521392822266,-54.1776885986328125,-2.7453160285949707
15.4541034698486328,-49.9818382263183594,-1.8894089460372925
-13.3785943984985352,-49.1900177001953125,-2.7429075241088867
-17.2511100769042969,-50.0670585632324219,-1.8911046981811523
12.4867439270019531,-53.5572662353515625,-1.0352134704589844
1.0217236280441284,-41.4952201843261719,-2.7473845481872559
-5.8223319053649902,-36.2221870422363281,-1.0340582132339478
1.0335105657577515,-48.4146080017089844,-2.7485580444335938
27.6602592468261719,-48.6778068542480469,-2.7411887645721436
-15.4220380783081055,-43.7804031372070313,-2.7449133396148682
12.5102396011352539,-37.6777839660644531,-2.7412791252136230
-3.6663475036621094,-54.5527496337890625,-1.8993639945983887
-27.7786331176757813,-56.5793914794921875,-1.8901044130325317
-18.1777229309082031,-50.0686035156250000,-2.7476696968078613
-1.1463520526885986,-36.0265579223632813,-1.8900283575057983
-25.0213050842285156,-54.6566619873046875,-2.7452392578125000
-2.0437107086181641,-27.1444301605224609,-2.7416965961456299
-22.9082546234130859,-48.1360740661621094,-2.7447676658630371
1.9548107385635376,-48.9155693054199219,-2.7470726966857910
-21.0880622863769531,-55.4991569519042969,-1.9376134872436523
-3.7597024440765381,-50.5607376098632813,-1.8888511657714844
7.5526494979858398,-35.3635253906250000,-1.8892003297805786
-11.4999189376831055,-50.6764450073242188,-1.8894984722137451
-31.3101844787597656,-53.9766235351562500,-2.7411777973175049
10.6209125518798828,-56.3136062622070313,-2.7439582347869873
26.0093746185302734,-52.3609733581542969,-1.9387613534927368
3.7798545360565186,-29.6930313110351563,-1.8965915441513062
-8.5744409561157227,-41.2559471130371094,-1.0320534706115723
11.5188055038452148,-38.9146537780761719,-1.0387762784957886
-27.7791194915771484,-55.0872802734375000,-1.0339941978454590
6.8483867645263672,-33.3762474060058594,-2.7430958747863770
-27.7777538299560547,-50.1142463684082031,-2.7435290813446045
26.9949188232421875,-52.3103599548339844,-1.0361666679382324
-5.8221287727355957,-32.1893386840820313,-1.0388118028640747
-39.2873992919921875,-61.2817573547363281,-3.2456073760986328
-6.8269348144531250,-49.7048377990722656,-1.8897720575332642
-10.6219978332519531,-35.2901611328125000,-1.8805817365646362
11.5360555648803711,-40.9075584411621094,-2.7469532489776611
-8.5780744552612305,-45.2182502746582031,-2.7484042644500732
-8.5781087875366211,-33.7625198364257813,-1.8876429796218872
-36.7125358581542969,-61.9071273803710938,-3.5557756423950195
16.1769924163818359,-57.0604705810546875,-1.0358520746231079
26.9518203735351563,-51.3066444396972656,-2.7427473068237305
25.0221328735351563,-49.7680473327636719,-1.4222350120544434
11.5263156890869141,-48.8471260070800781,-2.7457318305969238
-2.9139039516448975,-29.6473560333251953,-2.7425012588500977
21.0316162109375000,-57.0819091796875000,-1.9941346645355225
-3.7786865234375000,-41.1053466796875000,-1.0329682826995850
-6.8201909065246582,-42.7740058898925781,-1.8899689912796021
26.0467681884765625,-56.0688552856445313,-2.7438263893127441
-1.0221015214920044,-33.5511589050292969,-2.7435038089752197
-2.8536186218261719,-46.5434684753417969,-1.0308853387832642
17.2302818298339844,-51.0866851806640625,-1.8859587907791138
8.5778074264526367,-39.3411407470703125,-1.0383945703506470
-12.5110969543457031,-51.6612014770507813,-2.7433617115020752
-3.7789933681488037,-43.0990524291992188,-1.0321906805038452
25.0190944671630859,-53.7390899658203125,-2.7438964843750000
-12.5043601989746094,-56.6088409423828125,-1.0373495817184448
1.0217002630233765,-32.5859069824218750,-2.7464075088500977
-11.6427030563354492,-48.2055320739746094,-2.7434067726135254
13.3778266906738281,-35.6698112487792969,-1.8928536176681519
-11.6363229751586914,-56.0979690551757813,-1.0340032577514648
25.0220870971679688,-48.8151741027832031,-2.7412393093109131
-5.8228492736816406,-41.7064132690429688,-1.8895521163940430
20.2220153808593750,-47.9834938049316406,-1.0365997552871704
-5.8224411010742188,-48.1535186767578125,-2.7478494644165039
5.9698367118835449,-32.9023971557617188,-2.7419450283050537
6.8382697105407715,-31.3920440673828125,-1.0385091304779053
26.0150852203369141,-50.7698173522949219,-1.0369879007339478
31.2837944030761719,-56.2730751037597656,-1.8962703943252563
22.9776725769042969,-51.9889945983886719,-1.8890007734298706
12.5120553970336914,-49.6171340942382813,-1.1043059825897217
-1.9249219894409180,-34.1170921325683594,-2.7428717613220215
-3.7778577804565430,-26.1130352020263672,-1.0384690761566162
13.3746232986450195,-43.6551628112792969,-1.8895879983901978
7.7119731903076172,-40.8293533325195313,-2.7416884899139404
-12.3653192520141602,-50.1798667907714844,-1.8900058269500732
13.3780231475830078,-42.6595954895019531,-1.8908057212829590
11.5191373825073242,-45.3767700195312500,-1.8895399570465088
21.0952587127685547,-51.0391082763671875,-1.8869440555572510
20.3692779541015625,-45.4916610717773438,-1.8900879621505737
-17.9380550384521484,-40.6150550842285156,-1.8766921758651733
-5.8722853660583496,-47.6568717956542969,-1.8902988433837891
6.6836466789245605,-53.1894721984863281,-2.7434415817260742
13.3783979415893555,-42.1622123718261719,-2.7485554218292236
-15.4190397262573242,-55.3359603881835938,-1.9035003185272217
7.7122273445129395,-43.8015899658203125,-2.7418470382690430
2.0077643394470215,-56.0246276855468750,-1.0375612974166870
5.8222045898437500,-33.8892860412597656,-1.0412168502807617
7.5554780960083008,-51.6947517395019531,-2.7426023483276367
32.5755882263183594,-53.0573730468750000,-1.0384768247604370
8.4233865737915039,-42.8205757141113281,-1.8877290487289429
21.1030883789062500,-45.5188407897949219,-1.0384122133255005
17.2324066162109375,-50.5880775451660156,-2.7458488941192627
11.5186481475830078,-38.9158592224121094,-2.7407679557800293
22.1139717102050781,-51.9871788024902344,-2.7479074001312256
-25.8843936920166016,-53.6555175781250000,-1.8893556594848633
-1.9720424413681030,-47.0238075256347656,-1.0328340530395508
-8.5779666900634766,-52.6423683166503906,-1.8904501199722290
-8.3071470260620117,-57.0609893798828125,-2.7415692806243896
22.9787044525146484,-47.0121192932128906,-1.8960272073745728
-15.7016878128051758,-57.0612411499023438,-2.7459430694580078
-15.4211874008178711,-49.2866897583007813,-1.8897157907485962
13.3771181106567383,-35.1551551818847656,-2.7440230846405029
11.5318870544433594,-47.8555335998535156,-2.7476336956024170
-1.9230284690856934,-32.1277694702148438,-2.7463057041168213
-18.1068401336669922,-46.0986099243164063,-1.0338048934936523
20.2220363616943359,-49.9775772094726563,-1.0352854728698730
2.9149692058563232,-50.5905723571777344,-1.0358765125274658
3.7788896560668945,-39.6798400878906250,-1.8899874687194824
-10.7685184478759766,-47.7226715087890625,-2.7415168285369873
6.8442058563232422,-40.3333549499511719,-1.0383471250534058
1.0216848850250244,-30.5927162170410156,-1.0370177030563354
5.8201751708984375,-56.3329162597656250,-2.7109277248382568
-1.9808065891265869,-53.4977722167968750,-1.8950300216674805
8.4194688796997070,-36.8561515808105469,-1.8898609876632690
12.5079660415649414,-44.1514129638671875,-1.8899486064910889
-16.3767280578613281,-43.7638778686523438,-1.8900953531265259
-18.1779136657714844,-51.0603866577148438,-2.7470996379852295
26.8766365051269531,-49.2704505920410156,-1.0389450788497925
-7.7093892097473145,-45.2212486267089844,-1.8900591135025024
10.6218385696411133,-35.3770065307617188,-1.0332124233245850
-3.7634110450744629,-41.6054611206054688,-1.8900266885757446
13.3775749206542969,-40.1708183288574219,-2.7483663558959961
-31.4746685028076172,-55.4023971557617188,-2.7410168647766113
-10.6221942901611328,-37.7859420776367188,-2.7445778846740723
-8.5784072875976563,-53.1370239257812500,-1.0321118831634521
16.3563308715820313,-53.5779151916503906,-1.8900452852249146
12.5160264968872070,-36.1737594604492188,-1.8883839845657349
-36.6537971496582031,-60.2786216735839844,-3.2891156673431396
5.8191709518432617,-54.6740264892578125,-2.7367618083953857
-3.7794425487518311,-36.6206893920898438,-1.8901411294937134
5.9790635108947754,-39.8385086059570313,-2.7441558837890625
1.9704587459564209,-40.0121765136718750,-2.7473647594451904
10.6214618682861328,-54.6817741394042969,-1.8929852247238159
5.8218994140625000,-46.7600746154785156,-1.0342578887939453
16.3958263397216797,-39.0539436340332031,-2.7420470714569092
12.5190515518188477,-35.1568298339843750,-1.8938921689987183
-15.9055776596069336,-55.6087799072265625,-1.0755426883697510
-6.8213968276977539,-49.2089614868164063,-1.0318907499313354
-1.9767779111862183,-45.5347976684570313,-1.8924398422241211
32.5447998046875000,-53.0241432189941406,-2.5967619419097900
-7.7109432220458984,-41.2551116943359375,-1.8897297382354736
-1.9829597473144531,-54.9892921447753906,-1.0384204387664795
-25.0223503112792969,-47.6774635314941406,-1.2629578113555908
-2.8909513950347900,-55.3949737548828125,-1.0385063886642456
7.7118225097656250,-50.2052192687988281,-1.8955478668212891
-2.8500773906707764,-45.0508842468261719,-1.8879376649856567
-1.0219860076904297,-50.2882003784179688,-1.0311329364776611
25.0220050811767578,-53.2177848815917969,-1.8990428447723389
1.9772663116455078,-43.4842071533203125,-1.8901988267898560
12.5112800598144531,-37.6807632446289063,-1.0406373739242554
3.7784180641174316,-39.1835250854492188,-1.0331245660781860
-7.6970200538635254,-52.6585235595703125,-2.7479865550994873
16.3472709655761719,-49.0940093994140625,-1.0326856374740601
11.8853378295898438,-51.3698272705078125,-1.8864452838897705
1.9273921251296997,-47.9268875122070313,-1.0328689813613892
10.6222324371337891,-43.3315505981445313,-2.7475759983062744
-5.8356389999389648,-38.2197303771972656,-1.0329169034957886
-1.0203757286071777,-31.0733852386474609,-1.8900603055953979
-27.7784061431884766,-53.1029014587402344,-2.7426087856292725
-17.2416000366210938,-48.0886230468750000,-1.8923648595809937
-12.3743734359741211,-53.1437797546386719,-1.8900988101959229
-31.3842296600341797,-56.2104606628417969,-1.8931093215942383
-26.9050865173339844,-56.6108093261718750,-2.7460205554962158
-11.4879665374755859,-39.7739982604980469,-1.8900253772735596
-7.7087435722351074,-40.7583618164062500,-2.7476630210876465
11.5202493667602539,-33.9155120849609375,-1.0382572412490845
12.5108327865600586,-46.6414451599121094,-1.0324934720993042
-7.7144455909729004,-47.2048263549804688,-1.8901144266128540
18.1706790924072266,-45.9609336853027344,-2.7476925849914551
-25.0235881805419922,-50.6618843078613281,-2.7461667060852051
26.8715839385986328,-51.2833023071289063,-1.0371651649475098
26.8602714538574219,-49.2758789062500000,-2.7411274909973145
25.0207805633544922,-51.7042388916015625,-2.7457010746002197
-3.7782399654388428,-32.6385498046875000,-1.8935315608978271
-2.9144783020019531,-38.1034889221191406,-1.8894239664077759
-21.9577713012695313,-49.4025726318359375,-2.7469363212585449
-17.3109054565429688,-50.5640678405761719,-1.0334353446960449
-20.2235298156738281,-51.4297943115234375,-2.7472310066223145
-18.0572299957275391,-41.6062850952148438,-1.8899277448654175
-1.0835086107254028,-44.3833312988281250,-1.0328654050827026
-25.8838253021240234,-51.6603507995605469,-1.8900941610336304
-7.6725802421569824,-55.7028160095214844,-2.7432835102081299
-3.7415142059326172,-45.5867881774902344,-1.8893011808395386
-2.5622971057891846,-54.9866867065429688,-1.8861447572708130
3.7788472175598145,-43.6581535339355469,-1.8903522491455078
22.8555583953857422,-48.5031166076660156,-1.0368099212646484
-26.0227622985839844,-57.0604667663574219,-2.7476954460144043
18.1782932281494141,-39.9845237731933594,-1.0372135639190674
-15.4210891723632813,-50.2836341857910156,-1.8902953863143921
-22.0049095153808594,-50.8954277038574219,-1.8896266222000122
1.0215071439743042,-48.4122123718261719,-1.0318373441696167
1.1026542186737061,-39.5145034790039063,-2.7461841106414795
-20.2220001220703125,-51.9280166625976563,-1.8897789716720581
21.9393939971923828,-50.5051345825195313,-1.8870764970779419
-21.9538879394531250,-48.4062919616699219,-1.0340214967727661
13.3787527084350586,-52.0860214233398438,-2.7424147129058838
8.5872297286987305,-55.1161651611328125,-2.7483286857604980
22.0861225128173828,-56.5023841857910156,-1.0366604328155518
3.7780635356903076,-51.3177871704101563,-2.7418062686920166
26.1062965393066406,-51.2781372070312500,-1.8867621421813965
-22.9769973754882813,-53.1800003051757813,-2.7476010322570801
-5.8223366737365723,-49.1448364257812500,-1.0322265625000000
-15.4280300140380859,-47.7899513244628906,-1.0344338417053223
-1.9989665746688843,-51.9989776611328125,-2.7475686073303223
5.8216466903686523,-47.7407264709472656,-2.7452681064605713
-6.8190302848815918,-40.2844467163085938,-2.7473919391632080
-26.8855857849121094,-54.6400337219238281,-2.7422873973846436
-16.3874034881591797,-41.2326660156250000,-1.0384558439254761
8.5779218673706055,-36.3587684631347656,-1.0386270284652710
1.0207594633102417,-55.1871376037597656,-1.0343039035797119
12.5026483535766602,-42.6565818786621094,-2.7473175525665283
10.6220636367797852,-38.3668441772460938,-2.7420418262481689
7.5534410476684570,-39.3401603698730469,-1.8903610706329346
-8.5775899887084961,-46.2095718383789063,-1.0317097902297974
-25.0205821990966797,-51.1633148193359375,-1.8901171684265137
11.5576057434082031,-36.4527359008789063,-1.8907443284988403
-7.7069320678710938,-42.7438392639160156,-2.7479853630065918
8.5791730880737305,-48.2358589172363281,-1.0372182130813599
-1.0445786714553833,-50.2850646972656250,-2.7485084533691406
6.8415946960449219,-44.2980346679687500,-1.0379861593246460
18.1781673431396484,-48.4413795471191406,-1.8889839649200439
11.5249395370483398,-44.8794746398925781,-1.0318274497985840
-21.1541290283203125,-48.4166870117187500,-1.8909871578216553
26.8864593505859375,-50.2735633850097656,-2.7422511577606201
-12.5111923217773438,-48.6967124938964844,-2.7427330017089844
27.7786636352539063,-50.1987686157226563,-1.8997280597686768
17.2373981475830078,-45.6052246093750000,-2.7470774650573730
2.9140634536743164,-37.6883316040039063,-1.0340703725814819
-12.3682641983032227,-51.1679420471191406,-1.8898271322250366
-25.1543941497802734,-53.6531524658203125,-1.0365036725997925
-7.7113184928894043,-36.7764778137207031,-2.7472290992736816
-16.4006996154785156,-54.7648468017578125,-1.0327950716018677
1.0187488794326782,-53.3751068115234375,-2.7292978763580322
1.0241163969039917,-46.4367675781250000,-2.7485098838806152
29.8222312927246094,-55.1056556701660156,-1.3583083152770996
27.7755680084228516,-50.7306671142578125,-2.7428748607635498
2.9122965335845947,-37.6897964477539063,-2.7445383071899414
-1.9746370315551758,-48.0178489685058594,-1.0328572988510132
2.9040648937225342,-47.6164016723632813,-1.0343177318572998
6.6941351890563965,-51.1977424621582031,-1.0378388166427612
2.8834555149078369,-53.5422592163085938,-1.0409526824951172
-15.5385913848876953,-40.7060623168945313,-1.0386282205581665
11.5277929306030273,-35.9496116638183594,-2.7460741996765137
-20.2941627502441406,-47.9112014770507813,-1.8933429718017578
36.9571952819824219,-60.8679809570312500,-4.0412740707397461
-2.9192891120910645,-34.1240615844726563,-1.8899325132369995
26.9002990722656250,-51.8821334838867188,-1.9311748743057251
-20.2234249114990234,-45.3878517150878906,-2.6674456596374512
1.8898602724075317,-49.4145050048828125,-1.8898068666458130
-8.5776605606079102,-37.2772560119628906,-2.7475273609161377
36.2202796936035156,-61.1216926574707031,-3.4166891574859619
12.5106801986694336,-48.6297721862792969,-2.7454357147216797
7.5465903282165527,-53.6806449890136719,-2.7452857494354248
-18.1772270202636719,-44.1057739257812500,-1.0329154729843140
7.7112722396850586,-42.8119964599609375,-2.7419052124023438
-13.3784160614013672,-50.1783561706542969,-2.7431070804595947
13.3319559097290039,-34.1274452209472656,-1.0376429557800293
-8.5777730941772461,-42.2485771179199219,-1.0320640802383423
-20.2218437194824219,-47.3989944458007813,-2.7435019016265869
-20.2195072174072266,-55.4201698303222656,-1.0361876487731934
22.1100521087646484,-48.5114593505859375,-1.8903340101242065
7.7119441032409668,-39.8363342285156250,-2.7416419982910156
-1.0215821266174316,-43.4189529418945313,-2.7459788322448730
-16.3009853363037109,-45.2632102966308594,-1.0343834161758423
-17.3152408599853516,-46.1016502380371094,-1.8899470567703247
22.9772834777832031,-49.5018730163574219,-1.0347532033920288
-11.5030908584594727,-51.6648712158203125,-1.8898041248321533
-7.7096738815307617,-36.2772903442382813,-1.8900237083435059
15.4410791397094727,-50.9707031250000000,-1.8901902437210083
8.5798788070678711,-52.6708755493164063,-1.8964574337005615
13.3343152999877930,-33.1054687500000000,-1.0385884046554565
10.6203575134277344,-56.1112556457519531,-1.0287065505981445
-13.3783636093139648,-43.2490005493164063,-2.7456269264221191
10.6218690872192383,-40.3523864746093750,-1.0333780050277710
11.5290155410766602,-42.8947067260742188,-1.0324047803878784
1.0220800638198853,-29.5949611663818359,-2.7422728538513184
-11.6428031921386719,-51.1684875488281250,-1.0366094112396240
18.1913795471191406,-54.8308753967285156,-2.7460474967956543
22.9774837493896484,-47.5118637084960938,-1.0349733829498291
7.5584444999694824,-33.3717041015625000,-1.8900935649871826
22.9786815643310547,-50.4949684143066406,-1.0347188711166382
21.2349491119384766,-51.5182342529296875,-2.7459988594055176
8.5786056518554688,-44.2957916259765625,-2.7468478679656982
31.8392581939697266,-53.8189086914062500,-1.0386809110641479
-10.6784172058105469,-35.7895240783691406,-2.7424554824829102
-11.6440744400024414,-40.2714958190917969,-2.7414617538452148
-1.0223240852355957,-37.5031852722167969,-1.0325511693954468
-5.8239903450012207,-42.7025680541992188,-1.8899189233779907
-18.1765518188476563,-40.1038894653320313,-1.0509674549102783
15.5124692916870117,-41.5425987243652344,-1.0358208417892456
16.9060649871826172,-56.2532424926757813,-2.7419810295104980
3.6455147266387939,-28.1541194915771484,-1.0385909080505371
1.0187630653381348,-55.7838058471679688,-1.9459807872772217
26.5411643981933594,-52.6144142150878906,-2.7434947490692139
3.7784452438354492,-28.6651725769042969,-1.8854800462722778
-22.9814300537109375,-56.1427612304687500,-1.0331219434738159
-7.6989006996154785,-51.1683616638183594,-1.8903843164443970
20.2224769592285156,-48.9812812805175781,-2.7465844154357910
11.5401172637939453,-36.9579353332519531,-2.7442173957824707
31.6614913940429688,-54.5937652587890625,-2.7418329715728760
-1.9687694311141968,-44.5471229553222656,-1.8932238817214966
6.6845030784606934,-52.1957130432128906,-2.7430713176727295
-25.0231246948242188,-52.6631851196289063,-2.7465074062347412
1.1066125631332397,-39.5168151855468750,-1.0336018800735474
-1.9824792146682739,-50.5070991516113281,-1.8901770114898682
-12.3852291107177734,-56.1083221435546875,-1.8897957801818848
21.2361488342285156,-52.5300369262695313,-1.0356169939041138
-7.7031488418579102,-37.7737808227539063,-2.7474474906921387
-26.8951129913330078,-52.6405715942382813,-1.0377172231674194
10.6217613220214844,-42.8336448669433594,-1.8899827003479004
7.7136869430541992,-54.6464614868164063,-1.0296102762222290
-3.7805929183959961,-55.0653266906738281,-2.7449214458465576
8.5800933837890625,-49.7169685363769531,-1.8914211988449097
-32.5782165527343750,-53.7440605163574219,-2.7414610385894775
-17.3090095520019531,-42.6128273010253906,-2.7442843914031982
-17.3423671722412109,-54.9681892395019531,-2.2105376720428467
-1.0218306779861450,-47.3289947509765625,-1.0321314334869385
11.5195188522338867,-34.9410400390625000,-1.0352461338043213
-3.7797114849090576,-48.5689086914062500,-1.8899158239364624
-26.7546634674072266,-50.1492614746093750,-1.8898894786834717
1.0221011638641357,-36.0452194213867188,-1.8899351358413696
1.8936581611633301,-43.9764976501464844,-2.7450339794158936
16.3554420471191406,-51.5853347778320313,-1.8899632692337036
15.9216184616088867,-56.2203254699707031,-2.7480688095092773
-5.8321089744567871,-53.6016197204589844,-1.8898742198944092
-7.3566141128540039,-32.3305892944335938,-1.8768801689147949
3.7785787582397461,-31.7140941619873047,-1.8893001079559326
3.7791993618011475,-50.0958480834960938,-1.0332440137863159
5.8205804824829102,-55.6282882690429688,-1.9272776842117310
10.6215848922729492,-50.2308616638183594,-1.0348032712936401
17.3195190429687500,-56.5566711425781250,-1.0319825410842896
-1.0222873687744141,-31.5680274963378906,-2.7477915287017822
6.8431591987609863,-37.3522338867187500,-2.7414221763610840
-31.5511913299560547,-53.6550598144531250,-1.0383936166763306
-12.3590011596679688,-47.2129745483398438,-1.8901616334915161
31.0141353607177734,-54.3820190429687500,-1.0399953126907349
3.6875667572021484,-37.6905250549316406,-1.8898404836654663
6.8419914245605469,-46.2808876037597656,-2.7423191070556641
5.9755973815917969,-42.8140525817871094,-1.0374776124954224
3.7558717727661133,-55.5646286010742188,-1.8896995782852173
-2.7813370227813721,-29.1485843658447266,-1.8896608352661133
-6.8208389282226563,-41.2800102233886719,-2.7473604679107666
-17.2356700897216797,-46.5999755859375000,-2.7466301918029785
-13.3785505294799805,-46.2218284606933594,-2.7421653270721436
15.4129981994628906,-55.4010047912597656,-2.7489063739776611
-1.9851356744766235,-50.0084037780761719,-1.0324151515960693
-31.0380611419677734,-54.5114517211914063,-1.0384043455123901
-11.4875192642211914,-45.7358016967773438,-1.8906282186508179
-7.7136049270629883,-57.0692405700683594,-1.8706232309341431
27.7781810760498047,-50.6975326538085938,-1.0376436710357666
1.9762214422225952,-38.0265693664550781,-1.0332860946655273
20.2215251922607422,-55.5687065124511719,-1.8909640312194824
25.0188941955566406,-56.2286262512207031,-1.8930666446685791
16.3471870422363281,-45.1082572937011719,-2.7469818592071533
36.6047019958496094,-61.8022689819335938,-4.0412392616271973
-1.0305267572402954,-51.2712211608886719,-2.7478678226470947
-22.9603767395019531,-49.1480903625488281,-2.7442040443420410
17.2579936981201172,-41.5922851562500000,-1.0363315343856812
16.3410320281982422,-42.1007232666015625,-1.0353320837020874
15.4211492538452148,-54.9309730529785156,-1.8878370523452759
-13.2203054428100586,-40.7666015625000000,-1.8900820016860962
22.9776687622070313,-49.4996643066406250,-2.7451534271240234
10.6401176452636719,-43.8277168273925781,-1.8898806571960449
11.8205118179321289,-39.4525032043457031,-1.8708652257919312
-8.5776205062866211,-41.2557601928710938,-2.7477004528045654
8.4239473342895508,-33.8698425292968750,-1.8900897502899170
21.2064361572265625,-56.0381622314453125,-1.0340213775634766
1.9823884963989258,-33.3076171875000000,-1.0384151935577393
-3.6965446472167969,-47.0780601501464844,-1.0354782342910767
16.4500122070312500,-56.0667343139648438,-1.0353590250015259
6.6873922348022461,-36.8552131652832031,-1.8893901109695435
16.3405818939208984,-48.0985679626464844,-1.0326766967773438
-1.9897872209548950,-57.0757560729980469,-1.0358358621597290
-21.3918266296386719,-46.4353561401367188,-1.8673890829086304
2.0671861171722412,-57.0596084594726563,-1.0378118753433228
-22.9779911041259766,-50.6726722717285156,-1.8897415399551392
-6.8285779953002930,-52.1791915893554688,-1.0338240861892700
-20.2223892211914063,-48.9250907897949219,-1.8886461257934570
13.3779048919677734,-44.1530914306640625,-2.7473356723785400
-1.1489959955215454,-35.0360832214355469,-1.8901723623275757
-8.5776472091674805,-32.2958641052246094,-2.7405018806457520
-13.3314867019653320,-35.2455673217773438,-1.0369449853897095
15.4216575622558594,-43.0347785949707031,-1.8898791074752808
-3.7779390811920166,-52.0495986938476563,-2.7466473579406738
-18.1789646148681641,-45.6013870239257813,-1.8897632360458374
-16.3507442474365234,-41.2285804748535156,-2.7417616844177246
-13.3259658813476563,-36.7692337036132813,-1.8829026222229004
21.2477836608886719,-47.0175743103027344,-1.8901162147521973
13.3777370452880859,-37.1832084655761719,-2.7437078952789307
-1.9807428121566772,-49.0121078491210938,-2.7473883628845215
-5.8222718238830566,-45.1739196777343750,-2.7475991249084473
-5.8234214782714844,-32.0966110229492188,-2.0330770015716553
2.9053838253021240,-48.6099891662597656,-2.7465698719024658
-3.7778899669647217,-31.1422805786132813,-1.0345755815505981
5.9779429435729980,-34.8733978271484375,-2.7430984973907471
6.3606882095336914,-55.4976806640625000,-2.7486162185668945
25.9855709075927734,-49.7746124267578125,-2.7410585880279541
13.3777561187744141,-47.1362800598144531,-2.7474944591522217
2.9193344116210938,-30.1946144104003906,-1.8904906511306763
-27.7777271270751953,-49.0981369018554688,-2.7438898086547852
5.8212418556213379,-38.3469886779785156,-1.8967798948287964
17.2700328826904297,-38.5707969665527344,-2.7417516708374023
-6.8185076713562012,-45.2441139221191406,-2.7479434013366699
38.2564735412597656,-61.1694335937500000,-2.6267044544219971
-7.7050123214721680,-55.6163711547851563,-1.0329805612564087
10.6222963333129883,-34.3714523315429688,-2.7438805103302002
-21.0752220153808594,-46.8945732116699219,-1.0380231142044067
3.7703897953033447,-46.1407051086425781,-2.7463145256042480
3.7783172130584717,-34.2092323303222656,-2.7369027137756348
-5.8214039802551270,-55.0922737121582031,-2.7453343868255615
15.4256277084350586,-47.5062332153320313,-1.0321229696273804
1.8886708021163940,-41.0019989013671875,-2.7460207939147949
38.2616958618164063,-61.9071235656738281,-3.2996282577514648
-11.4865255355834961,-35.7889404296875000,-1.8825062513351440
11.5179271697998047,-51.7920150756835938,-2.7423453330993652
17.2630004882812500,-40.5835647583007813,-1.0368305444717407
13.3149423599243164,-33.0936546325683594,-2.7414801120758057
-7.7076282501220703,-50.1747741699218750,-1.8901613950729370
-7.7058925628662109,-42.7441864013671875,-1.0319436788558960
-16.7251777648925781,-55.6441459655761719,-1.8304363489151001
-13.3814315795898438,-57.0729255676269531,-1.0344271659851074
1.1890609264373779,-28.0987300872802734,-1.8900116682052612
-6.6651787757873535,-57.0606956481933594,-2.0108928680419922
-2.9125978946685791,-39.0974235534667969,-1.8897475004196167
27.7793216705322266,-55.5772628784179688,-1.8895581960678101
-3.7756135463714600,-25.6129913330078125,-1.9026796817779541
-1.0210660696029663,-30.0832405090332031,-1.8919936418533325
-13.3779048919677734,-35.7739295959472656,-1.8794752359390259
11.4936599731445313,-54.6473731994628906,-1.0285055637359619
25.0240478515625000,-50.7042312622070313,-2.7431099414825439
-6.8541264533996582,-34.7781906127929688,-1.8927588462829590
8.5781488418579102,-35.3647804260253906,-2.7413349151611328
8.5781545639038086,-40.3335113525390625,-2.7415509223937988
20.3252906799316406,-57.0600585937500000,-2.7432422637939453
-1.0213841199874878,-34.5404891967773438,-1.0364158153533936
-6.8292093276977539,-43.2677536010742188,-1.0342220067977905
-2.7814455032348633,-27.1505870819091797,-1.8889069557189941
-20.2244663238525391,-50.9302101135253906,-1.8901708126068115
-3.7781436443328857,-49.0648574829101563,-2.7473227977752686
1.0222617387771606,-34.5641937255859375,-1.0875371694564819
5.8236513137817383,-35.8620910644531250,-2.7465460300445557
2.9040291309356689,-55.5369758605957031,-2.7479455471038818
1.8954098224639893,-28.1102619171142578,-1.0389845371246338
-1.9096415042877197,-27.6357212066650391,-1.8840736150741577
-7.7085742950439453,-31.8040637969970703,-2.7143216133117676
-25.1567115783691406,-49.6661376953125000,-1.0358945131301880
-10.7227821350097656,-55.6946907043457031,-1.0362724065780640
1.0209666490554810,-45.9454002380371094,-1.8896255493164063
1.0706359148025513,-57.0839271545410156,-1.0377984046936035
31.6981582641601563,-56.5896873474121094,-2.7442836761474609
-5.8222398757934570,-48.1518592834472656,-1.0323557853698730
-27.7771167755126953,-48.0690765380859375,-1.0385067462921143
-13.3776798248291016,-38.2682685852050781,-2.7441496849060059
-38.2974700927734375,-61.9072265625000000,-3.3353302478790283
-10.6207962036132813,-48.2234001159667969,-1.8899312019348145
-29.8223972320556641,-54.3986129760742188,-1.0386031866073608
-13.3780603408813477,-44.2403259277343750,-1.0382232666015625
8.5778322219848633,-37.3533973693847656,-1.0385422706604004
17.4901123046875000,-57.0590476989746094,-2.7479515075683594
26.9136466979980469,-55.5762023925781250,-2.7435126304626465
15.5142812728881836,-41.5413856506347656,-2.7440633773803711
18.1780147552490234,-38.9862709045410156,-2.7427771091461182
1.0207300186157227,-37.0383949279785156,-1.8894941806793213
-6.8184633255004883,-36.2949485778808594,-1.0330172777175903
12.5007123947143555,-36.6817054748535156,-2.7430059909820557
1.7229301929473877,-57.0624580383300781,-2.7421095371246338
-26.0171031951904297,-53.1589775085449219,-2.7426264286041260
20.2219028472900391,-57.0617332458496094,-1.0351704359054565
17.2484970092773438,-43.6080245971679688,-1.0334610939025879
-2.0470702648162842,-38.5917167663574219,-1.8898465633392334
-31.5322246551513672,-54.6193161010742188,-1.9051551818847656
37.5864257812500000,-61.9069862365722656,-2.5588474273681641
21.1056652069091797,-47.5183181762695313,-1.0381263494491577
-2.9130067825317383,-37.1090774536132813,-1.8900200128555298
30.6876773834228516,-57.0588493347167969,-1.7521259784698486
-1.0220140218734741,-27.0895614624023438,-1.8836513757705688
-3.7777192592620850,-28.1502532958984375,-2.7423453330993652
12.5058898925781250,-47.6349639892578125,-2.7473747730255127
11.5221052169799805,-45.8724632263183594,-2.7475256919860840
-6.8167223930358887,-32.2760353088378906,-1.0387512445449829
-29.8222408294677734,-54.2486114501953125,-2.5918276309967041
18.1776542663574219,-44.9671173095703125,-1.0324404239654541
-22.6756515502929688,-57.0708122253417969,-1.0377351045608521
26.8775730133056641,-50.2685699462890625,-1.0398492813110352
-12.8565025329589844,-36.4316635131835938,-1.0386887788772583
11.5117053985595703,-50.8112945556640625,-2.6191828250885010
-25.1340618133544922,-55.6199340820312500,-1.0311102867126465
-2.7900116443634033,-32.6293525695800781,-1.0357739925384521
13.3730297088623047,-57.0583534240722656,-2.7421042919158936
-6.8309283256530762,-44.2529220581054688,-2.7453887462615967
-29.8209171295166016,-56.2310562133789063,-2.7413585186004639
-10.8299846649169922,-35.7910537719726563,-1.0390539169311523
-26.7286643981933594,-55.6294517517089844,-2.7446761131286621
6.8449664115905762,-51.6932144165039063,-1.8905637264251709
-1.0222752094268799,-35.5286064147949219,-1.0358369350433350
-2.7994132041931152,-34.6208190917968750,-1.0359728336334229
-11.4985256195068359,-34.2811355590820313,-1.0381647348403931
-10.6227550506591797,-46.7364959716796875,-2.7465760707855225
-8.5775899887084961,-39.7650337219238281,-1.8899890184402466
10.6223487854003906,-49.2413635253906250,-1.0307445526123047
1.3180581331253052,-52.8368682861328125,-1.9041547775268555
-7.7036237716674805,-41.7508049011230469,-2.7478051185607910
-17.0744209289550781,-48.5955619812011719,-2.7379786968231201
15.5551891326904297,-39.5479240417480469,-1.0371078252792358
-7.7180309295654297,-34.2698173522949219,-1.8896706104278564
-8.5731019973754883,-49.6734809875488281,-1.8903480768203735
-1.0220923423767090,-29.5888767242431641,-1.0330059528350830
18.1760272979736328,-51.8924064636230469,-1.0302865505218506
-10.6777782440185547,-52.7027664184570313,-1.0340384244918823
15.4221305847167969,-51.4662208557128906,-1.0316435098648071
-1.9965710639953613,-41.5703811645507813,-1.8904197216033936
25.8838939666748047,-54.2105751037597656,-1.0355861186981201
8.5786609649658203,-50.7020912170410156,-1.8953201770782471
-15.4224319458007813,-43.2729454040527344,-1.8891024589538574
-2.8818988800048828,-43.5620002746582031,-2.7466208934783936
-1.0307569503784180,-27.5885524749755859,-2.7450983524322510
-17.3377685546875000,-53.5337257385253906,-1.0333662033081055
6.8448338508605957,-45.2887992858886719,-2.7420434951782227
2.8221709728240967,-38.1871299743652344,-1.8891782760620117
-13.3776435852050781,-34.7427291870117188,-1.8972178697586060
5.8211269378662109,-52.7054061889648438,-1.0371441841125488
18.1776866912841797,-49.9237098693847656,-2.7470870018005371
25.5716838836669922,-52.9099845886230469,-2.6742880344390869
-10.6225986480712891,-42.7637023925781250,-1.0352305173873901
2.8233850002288818,-37.1897354125976563,-1.8871146440505981
17.1971549987792969,-46.1027030944824219,-1.8895236253738403
-7.7038345336914063,-54.6333541870117188,-1.0324952602386475
-26.8930988311767578,-53.6355285644531250,-1.0372798442840576
1.4764817953109741,-34.1039276123046875,-1.8489863872528076
-37.2616691589355469,-57.0567131042480469,-1.0422842502593994
-3.7778074741363525,-31.1429748535156250,-2.7458252906799316
17.9594879150390625,-50.9177665710449219,-1.0401852130889893
2.8582298755645752,-50.1438407897949219,-1.9170190095901489
2.9281301498413086,-28.1421794891357422,-1.9077730178833008
-5.8219985961914063,-51.1301765441894531,-2.7477047443389893
17.1976051330566406,-46.6016349792480469,-2.7469778060913086
2.8458235263824463,-51.6787643432617188,-2.7488310337066650
-22.8949947357177734,-47.1059036254882813,-2.7421007156372070
-5.8224606513977051,-43.1946067810058594,-2.7461190223693848
13.1450691223144531,-49.6453437805175781,-1.8901270627975464
-15.4590282440185547,-52.7745208740234375,-1.0341069698333740
-5.8223428726196289,-40.2138023376464844,-2.7473371028900146
1.1537207365036011,-30.0956668853759766,-1.8899734020233154
27.7778530120849609,-48.7012557983398438,-1.0388333797454834
-8.5782203674316406,-48.1888084411621094,-1.0314191579818726
-12.3541955947875977,-41.2647171020507813,-1.8898324966430664
32.2049674987792969,-55.4187850952148438,-1.9244672060012817
18.0415000915527344,-40.4847488403320313,-1.8900390863418579
-2.0234265327453613,-44.0472412109375000,-1.0363975763320923
8.5779933929443359,-57.0738258361816406,-2.7486727237701416
6.8399405479431152,-57.0743904113769531,-1.0331978797912598
7.5602474212646484,-50.7006607055664063,-1.0383577346801758
-2.9382519721984863,-26.6533222198486328,-1.0382412672042847
-11.6429357528686523,-51.1694374084472656,-2.7431366443634033
-12.5084428787231445,-41.7668342590332031,-2.7419731616973877
-1.9881917238235474,-52.5002021789550781,-1.8907635211944580
5.8210740089416504,-50.7162780761718750,-1.0377182960510254
7.7114982604980469,-37.8502693176269531,-1.0383510589599609
-10.6290569305419922,-54.7004966735839844,-1.0350806713104248
15.4147777557373047,-57.0626373291015625,-2.7460985183715820
16.2563266754150391,-56.5518150329589844,-1.8821202516555786
-18.1776905059814453,-41.1022605895996094,-1.0381577014923096
-5.8222689628601074,-38.2205734252929688,-2.7470753192901611
36.6012954711914063,-57.1227149963378906,-2.7418653964996338
10.6206502914428711,-40.8496932983398438,-1.8898679018020630
-1.9299601316452026,-35.1119766235351563,-1.0360822677612305
-10.7784500122070313,-37.7863082885742188,-1.0361927747726440
-20.7579402923583984,-56.2156410217285156,-2.7428653240203857
-13.3785457611083984,-51.1661987304687500,-2.7434415817260742
-12.4950885772705078,-34.7001380920410156,-1.0388295650482178
-13.3787069320678711,-54.1275215148925781,-1.0359084606170654
6.7008686065673828,-53.1741905212402344,-1.0369369983673096
-15.4578914642333984,-46.7930297851562500,-1.0348666906356812
-13.3783102035522461,-51.1663208007812500,-1.0367238521575928
-7.7039628028869629,-43.2393913269042969,-1.8897254467010498
-10.6217908859252930,-39.2782974243164063,-1.8894520998001099
5.9698195457458496,-44.7817802429199219,-1.0384758710861206
-2.9642319679260254,-52.4652557373046875,-1.0351272821426392
-3.6922931671142578,-38.1140594482421875,-2.7461757659912109
11.5287828445434570,-43.8872337341308594,-1.0322794914245605
-17.1459693908691406,-40.6241645812988281,-2.7413356304168701
21.1864643096923828,-55.3528060913085938,-1.7584910392761230
15.4779071807861328,-45.0247497558593750,-1.8896995782852173
7.7001805305480957,-45.7790870666503906,-1.0373985767364502
6.7738857269287109,-54.6527252197265625,-1.9227161407470703
2.8003849983215332,-29.6882305145263672,-2.7416892051696777
10.6460638046264648,-36.3753890991210938,-1.0328590869903564
-21.0987243652343750,-52.9314956665039063,-1.0328805446624756
-18.1778411865234375,-49.5731964111328125,-1.8903857469558716
-11.4892644882202148,-46.7249717712402344,-1.8915867805480957
18.1765766143798828,-52.3939208984375000,-1.8862437009811401
-22.9731101989746094,-53.1744766235351563,-1.0329947471618652
25.0214824676513672,-55.2307853698730469,-1.8869557380676270
15.4221534729003906,-55.9619407653808594,-1.9236105680465698
1.9060750007629395,-36.0148086547851563,-1.0362470149993896
7.7112135887145996,-47.7512702941894531,-2.7425098419189453
1.9853930473327637,-34.0767097473144531,-2.7160637378692627
1.3282363414764404,-51.8396606445312500,-1.9117550849914551
13.3781204223632813,-56.0511360168457031,-2.7478392124176025
-2.0447211265563965,-32.6213417053222656,-1.8901172876358032
12.4868173599243164,-39.6673355102539063,-2.7442326545715332
-5.8212723731994629,-44.6759414672851563,-1.8901922702789307
13.3630695343017578,-41.6631164550781250,-1.8946359157562256
-12.5122842788696289,-42.7529411315917969,-1.0376977920532227
20.2216625213623047,-47.9844779968261719,-2.7435317039489746
-11.4881658554077148,-37.7821159362792969,-1.8892424106597900
-20.2223682403564453,-52.4264259338378906,-2.7473065853118896
-5.8224043846130371,-36.2099647521972656,-2.7442717552185059
-21.0894699096679688,-50.9348258972167969,-1.0329706668853760
-22.9776630401611328,-49.6557693481445313,-1.8889830112457275
-10.6223630905151367,-45.7376289367675781,-1.0329041481018066
-16.3000411987304688,-46.2583122253417969,-2.7461128234863281
-18.1686859130859375,-53.5451126098632813,-1.8905208110809326
18.1737880706787109,-51.8950233459472656,-2.7468154430389404
2.7948091030120850,-28.6776103973388672,-1.0384331941604614
-17.1889476776123047,-57.0644149780273438,-1.0938564538955688
-16.3783721923828125,-45.7611427307128906,-1.8902002573013306
1.8920609951019287,-33.0907630920410156,-2.7418613433837891
13.3752689361572266,-36.1727256774902344,-1.0345435142517090
12.5077238082885742,-36.6851425170898438,-1.0365602970123291
27.7797431945800781,-53.1994171142578125,-2.2798724174499512
7.7126512527465820,-34.8653068542480469,-1.0386285781860352
-3.7798080444335938,-38.6111106872558594,-1.8911125659942627
-10.6206674575805664,-43.2589454650878906,-1.8962754011154175
12.5102338790893555,-43.6527481079101563,-2.7473573684692383
-2.8437294960021973,-48.5103988647460938,-2.7463960647583008
-12.3577518463134766,-46.2229766845703125,-1.8902219533920288
20.3222732543945313,-48.4844627380371094,-1.8899621963500977
26.8201313018798828,-54.5586280822753906,-1.0384029150009155
3.7756392955780029,-40.1791839599609375,-2.7475905418395996
13.3782024383544922,-47.6360321044921875,-1.8902977705001831
21.9988632202148438,-54.0923423767089844,-2.7414917945861816
-13.3007144927978516,-34.2160873413085938,-2.7414402961730957
-27.7782535552978516,-52.1081085205078125,-1.0375165939331055
-5.8219685554504395,-47.1597747802734375,-1.0328316688537598
-8.5635051727294922,-48.6839256286621094,-1.8899661302566528
-2.8109040260314941,-36.6119079589843750,-2.7449903488159180
-22.9781055450439453,-53.6738853454589844,-1.8906470537185669
-3.7783434391021729,-30.1465034484863281,-1.0370991230010986
-15.4220418930053711,-43.7826385498046875,-1.0348000526428223
6.8440299034118652,-48.2339515686035156,-1.0374457836151123
-8.5766124725341797,-32.2448577880859375,-1.0396457910537720
-13.3812522888183594,-57.0727996826171875,-2.7451934814453125
25.9946308135986328,-55.4250221252441406,-1.9912455081939697
-1.0110327005386353,-57.0600929260253906,-1.0386567115783691
20.2206535339355469,-51.5167961120605469,-1.8403545618057251
-12.5115804672241211,-48.6957550048828125,-1.0370780229568481
11.7876882553100586,-33.4585914611816406,-1.8879209756851196
-6.8155031204223633,-44.7476463317871094,-1.8899744749069214
-2.5119583606719971,-57.0602989196777344,-1.8813531398773193
3.7780382633209229,-45.1472740173339844,-1.0336370468139648
12.5109672546386719,-40.6668624877929688,-1.0334285497665405
18.1775703430175781,-53.3868141174316406,-1.8867853879928589
-1.9377915859222412,-38.0933151245117188,-2.7447705268859863
-38.2984924316406250,-61.1355018615722656,-2.6501841545104980
22.7504615783691406,-53.4362030029296875,-2.7436301708221436
6.6870560646057129,-41.8215942382812500,-1.8900672197341919
11.5374517440795898,-44.3845062255859375,-1.8899186849594116
-10.7422370910644531,-53.7000923156738281,-1.0372471809387207
12.4878864288330078,-38.6728057861328125,-2.7415595054626465
-20.2211475372314453,-48.4205703735351563,-2.7448856830596924
3.6877841949462891,-38.6872558593750000,-1.8899143934249878
5.9767150878906250,-40.8298912048339844,-1.0405443906784058
8.5776185989379883,-53.1603355407714844,-1.0338346958160400
32.5792465209960938,-55.0083274841308594,-2.7445654869079590
-13.2254810333251953,-46.7167243957519531,-1.8899625539779663
21.2480030059814453,-46.0180473327636719,-1.8903845548629761
-15.4214410781860352,-51.7778892517089844,-1.0330119132995605
-1.0212306976318359,-53.2331581115722656,-2.7479114532470703
-8.5761671066284180,-42.7437477111816406,-1.8899613618850708
7.7027664184570313,-55.6547584533691406,-1.0361775159835815
10.6242713928222656,-36.3753166198730469,-2.7471737861633301
-11.6412019729614258,-34.7912750244140625,-1.8833150863647461
15.4448080062866211,-50.4746131896972656,-2.7481889724731445
-20.2222270965576172,-49.9316711425781250,-1.8899602890014648
-13.2433633804321289,-53.6344299316406250,-1.8899742364883423
2.1581072807312012,-46.9460868835449219,-2.7232775688171387
-10.6208810806274414,-44.2534179687500000,-1.8958364725112915
15.4222116470336914,-49.4866218566894531,-1.0317487716674805
-21.8494434356689453,-54.8628273010253906,-1.8847303390502930
-10.6193380355834961,-53.2010688781738281,-1.8915514945983887
-10.7797231674194336,-36.7882156372070313,-1.0356932878494263
-26.7419567108154297,-49.1511306762695313,-1.8901569843292236
7.7227001190185547,-56.1234626770019531,-1.9174953699111938
-2.8674345016479492,-52.9739494323730469,-1.8922035694122314
12.6406116485595703,-32.9557533264160156,-2.0176181793212891
-7.7001919746398926,-53.1548042297363281,-1.8908210992813110
27.7792491912841797,-51.6929054260253906,-1.0351659059524536
-1.1297644376754761,-38.9825248718261719,-1.8898334503173828
-22.2561016082763672,-46.9356040954589844,-1.8656569719314575
13.3723258972167969,-44.6507568359375000,-1.8894153833389282
-37.8910713195800781,-60.3357849121093750,-3.0887341499328613
3.7781679630279541,-48.6055335998535156,-1.8909815549850464
12.4992332458496094,-55.5342254638671875,-1.0346504449844360
12.0548934936523438,-50.3883438110351563,-1.8954970836639404
27.7792682647705078,-57.0653228759765625,-2.7455134391784668
-1.0211831331253052,-28.0880393981933594,-1.8872319459915161
25.1092395782470703,-55.7274894714355469,-2.7452106475830078
-3.7001729011535645,-42.6028747558593750,-1.8895516395568848
1.8877754211425781,-36.0503959655761719,-2.7437937259674072
-11.6460533142089844,-38.2804145812988281,-1.0385674238204956
-22.9775619506835938,-46.1157493591308594,-2.6439728736877441
-8.5755538940429688,-40.2625083923339844,-1.0320779085159302
6.8470635414123535,-35.3621559143066406,-1.0386489629745483
-1.0237894058227539,-52.7587509155273438,-1.8869097232818604
17.1269073486328125,-40.0857162475585938,-1.8901771306991577
-13.3778944015502930,-39.2752189636230469,-1.0357047319412231
-10.6205081939697266,-46.2378692626953125,-1.8886165618896484
17.1608047485351563,-38.0487670898437500,-1.8975490331649780
-7.6916337013244629,-53.6524047851562500,-2.7478013038635254
1.1245702505111694,-33.0807075500488281,-1.8900390863418579
-15.4148817062377930,-57.0641174316406250,-1.8004746437072754
-8.5780038833618164,-50.6631126403808594,-1.8898961544036865
15.4219989776611328,-56.4069900512695313,-1.0314118862152100
-2.8614692687988281,-50.4888687133789063,-1.0319883823394775
-6.8219289779663086,-35.7893409729003906,-1.8870786428451538
17.4759483337402344,-56.1524391174316406,-1.9305754899978638
10.6219444274902344,-51.2157592773437500,-1.0381245613098145
2.8346774578094482,-41.6668815612792969,-2.7458479404449463
-3.7769567966461182,-33.1363258361816406,-1.0338779687881470
-20.2828254699707031,-54.9146728515625000,-1.8882347345352173
-7.7118692398071289,-38.2712211608886719,-1.8901807069778442
8.4195690155029297,-35.8614082336425781,-1.8899047374725342
-21.9644641876220703,-49.9007072448730469,-1.8900936841964722
-6.4222049713134766,-55.7760734558105469,-1.9221541881561279
8.4174718856811523,-50.2036437988281250,-2.7436776161193848
-11.6422338485717773,-50.1815643310546875,-2.7429373264312744
-26.8958644866943359,-50.6468925476074219,-1.0377285480499268
-3.7705774307250977,-52.5469017028808594,-1.8883364200592041
-1.1458122730255127,-33.0531768798828125,-1.8898686170578003
5.8206000328063965,-53.6863784790039063,-2.7435100078582764
-21.1948623657226563,-56.4803886413574219,-1.8482913970947266
-5.8394632339477539,-38.7176361083984375,-1.8902372121810913
7.5493812561035156,-49.7134895324707031,-2.7431130409240723
-26.0086212158203125,-48.1663818359375000,-1.0387901067733765
18.1708583831787109,-42.9761390686035156,-2.7470250129699707
32.5777397155761719,-52.4165153503417969,-1.8045964241027832
-16.3018131256103516,-47.7552986145019531,-1.8944189548492432
22.9774799346923828,-51.4854812622070313,-2.7466616630554199
-7.7028465270996094,-46.7082061767578125,-1.0319210290908813
-7.7010717391967773,-47.6997756958007813,-1.0347065925598145
-27.7487087249755859,-55.5848007202148438,-1.8896524906158447
11.4930877685546875,-53.6668663024902344,-1.0374283790588379
16.3576831817626953,-52.5813827514648438,-1.8898333311080933
-31.4509429931640625,-55.4204826354980469,-1.0390833616256714
-27.6375389099121094,-51.6096572875976563,-1.8900989294052124
-16.3080348968505859,-50.7373580932617188,-1.8890532255172729
22.3071136474609375,-54.3258476257324219,-1.0379378795623779
-17.2931022644042969,-45.6049346923828125,-2.7473227977752686
-1.0215079784393311,-44.8693161010742188,-1.8886499404907227
21.2688331604003906,-55.5029411315917969,-2.7411324977874756
-11.6423139572143555,-55.1167793273925781,-1.0358099937438965
25.0117225646972656,-54.7339439392089844,-2.7443497180938721
-11.6424560546875000,-52.1570854187011719,-1.0362437963485718
12.5135126113891602,-47.1389923095703125,-1.8895308971405029
-3.7786848545074463,-28.1515274047851563,-1.0369914770126343
7.7118258476257324,-36.8559265136718750,-1.0382207632064819
16.3594932556152344,-51.0851364135742188,-2.7474341392517090
-6.8358173370361328,-55.1257362365722656,-1.0322201251983643
13.3771142959594727,-38.1790542602539063,-1.0432418584823608
13.1377954483032227,-51.6293640136718750,-1.8898904323577881
-6.8152284622192383,-48.7140235900878906,-1.8902317285537720
-12.5122489929199219,-44.7339096069335938,-2.7420365810394287
-30.5034313201904297,-53.6680450439453125,-1.0389673709869385
-7.7157435417175293,-35.2788810729980469,-1.8883769512176514
21.9739990234375000,-48.0119094848632813,-1.0376907587051392
-7.6986670494079590,-54.1511611938476563,-1.8919730186462402
-2.8234715461730957,-39.5936737060546875,-1.0340361595153809
-25.0214672088623047,-57.0571060180664063,-2.7432031631469727
2.8372175693511963,-42.6608963012695313,-2.7463109493255615
-11.7071752548217773,-35.3125419616699219,-1.0365192890167236
34.6221122741699219,-57.0578956604003906,-2.5748167037963867
21.1036148071289063,-46.5182533264160156,-1.0382977724075317
-25.0205249786376953,-53.1574325561523438,-1.8868769407272339
-8.5793123245239258,-47.6954879760742188,-1.8906605243682861
-3.7744383811950684,-32.1404533386230469,-1.0338226556777954
1.0209016799926758,-47.9218406677246094,-1.8906404972076416
-6.8263378143310547,-41.2804450988769531,-1.0326118469238281
-25.1289997100830078,-48.6444091796875000,-1.0377312898635864
2.8231475353240967,-35.7016487121582031,-2.7421324253082275
16.3573474884033203,-52.0813789367675781,-2.7475326061248779
-13.3793554306030273,-55.1127967834472656,-2.7442979812622070
3.7800166606903076,-41.6695365905761719,-1.8900362253189087
-20.2223720550537109,-46.3835334777832031,-2.7419769763946533
-10.6215419769287109,-36.2873497009277344,-1.8806508779525757
22.9433403015136719,-50.9921646118164063,-1.8888963460922241
8.5777654647827148,-31.3763771057128906,-2.7411878108978271
30.7993850708007813,-53.3858604431152344,-1.0379642248153687
20.2180309295654297,-55.0737190246582031,-1.0323638916015625
-13.3780050277709961,-37.2826843261718750,-1.0357626676559448
-16.3880462646484375,-53.1941375732421875,-2.7523422241210938
10.6192188262939453,-55.7393875122070313,-1.9347773790359497
-21.1191635131835938,-50.4346389770507813,-1.8899369239807129
8.4281311035156250,-52.1776351928710938,-2.7455372810363770
22.1135406494140625,-46.5153121948242188,-1.8903505802154541
-30.8662090301513672,-56.2315292358398438,-1.0395244359970093
-8.5771160125732422,-52.1473274230957031,-1.0317195653915405
-2.8986544609069824,-45.5507164001464844,-1.0318051576614380
3.7074084281921387,-45.6445579528808594,-1.8890523910522461
22.9893646240234375,-54.9804306030273438,-2.0019676685333252
-2.9135999679565430,-25.6122093200683594,-1.0387477874755859
15.4206857681274414,-42.0370941162109375,-1.8901821374893188
-22.9622573852539063,-52.1821022033691406,-2.7476634979248047
16.3756809234619141,-46.1055641174316406,-1.0329113006591797
25.7316703796386719,-49.2699775695800781,-1.9172940254211426
-11.5869855880737305,-36.2846794128417969,-2.7424950599670410
-10.6217937469482422,-38.2834777832031250,-1.8844188451766968
5.8223237991333008,-35.8602714538574219,-1.0326507091522217
10.6220178604125977,-38.3663330078125000,-1.0383629798889160
-2.9377489089965820,-44.5555610656738281,-1.0333738327026367
7.3459582328796387,-54.6599426269531250,-2.7411763668060303
17.1918144226074219,-43.6093177795410156,-2.7467169761657715
-1.0209920406341553,-32.0665168762207031,-1.8896636962890625
-1.0204751491546631,-57.0788230895996094,-2.7421338558197021
30.8070831298828125,-54.0769233703613281,-2.7420787811279297
8.4212703704833984,-40.8312225341796875,-1.8898975849151611
15.4262351989746094,-53.4390525817871094,-2.7473683357238770
-26.8943367004394531,-54.6290168762207031,-1.0363885164260864
12.5115928649902344,-48.6286582946777344,-1.0342061519622803
2.0137867927551270,-30.6084079742431641,-1.8895936012268066
-13.3786087036132813,-53.1407585144042969,-2.7439734935760498
30.7482109069824219,-55.3457527160644531,-1.0373038053512573
5.8223590850830078,-39.8429946899414063,-1.0350126028060913
-1.9514166116714478,-41.0745201110839844,-1.0334817171096802
-21.0910587310791016,-54.9241333007812500,-1.0533378124237061
-3.7778074741363525,-27.1520824432373047,-2.7419745922088623
15.4231958389282227,-44.5275993347167969,-1.0326615571975708
8.4220991134643555,-44.7852973937988281,-1.8937636613845825
5.8221440315246582,-33.8887748718261719,-2.7412180900573730
-15.4212322235107422,-47.2882499694824219,-1.8952305316925049
-11.5064201354980469,-52.6530189514160156,-1.8901499509811401
-3.6897337436676025,-53.5400276184082031,-1.8908547163009644
16.3530254364013672,-50.0898971557617188,-1.0327204465866089
6.7949461936950684,-49.2222900390625000,-1.0336644649505615
-6.6844563484191895,-32.3054847717285156,-2.6361434459686279
-8.5777750015258789,-35.2768516540527344,-2.7465682029724121
1.0215505361557007,-35.5547904968261719,-2.7468006610870361
38.2631378173828125,-61.1732444763183594,-3.9773507118225098
-2.9124901294708252,-28.6496181488037109,-2.7426934242248535
37.5452690124511719,-60.6601257324218750,-1.0388708114624023
-5.8214383125305176,-53.1081695556640625,-2.7459237575531006
-6.8383412361145020,-36.7925987243652344,-1.8901734352111816
-15.4214277267456055,-54.7929267883300781,-2.7427248954772949
-12.5090475082397461,-38.7761917114257813,-2.7413461208343506
-6.8345007896423340,-46.7325210571289063,-1.8905929327011108
13.3747577667236328,-42.1615791320800781,-1.0338525772094727
-1.9131094217300415,-28.6415786743164063,-1.8878352642059326
22.1687278747558594,-55.0752563476562500,-2.7417252063751221
20.4093284606933594,-53.0877075195312500,-1.0373387336730957
12.4891672134399414,-42.1582984924316406,-1.8901259899139404
-35.8018836975097656,-60.3969535827636719,-2.5588665008544922
1.0215215682983398,-43.4725418090820313,-2.7462632656097412
30.7726173400878906,-56.3444061279296875,-1.0407352447509766
-11.6420211791992188,-42.2617530822753906,-2.7415156364440918
-8.5737257003784180,-47.1978721618652344,-2.7481734752655029
-21.0800781250000000,-48.9200592041015625,-1.0354061126708984
8.5782089233398438,-43.3129386901855469,-1.0332877635955811
-1.9805593490600586,-51.0038185119628906,-1.0327302217483521
8.4215307235717773,-41.8251838684082031,-1.8892369270324707
2.8486166000366211,-52.6744766235351563,-2.7420163154602051
-37.5846557617187500,-61.9142837524414063,-4.0417814254760742
22.0313835144042969,-49.5071754455566406,-1.8896150588989258
2.4785370826721191,-53.6760177612304688,-2.7461962699890137
27.7861347198486328,-54.0734672546386719,-2.7451398372650146
-16.3784313201904297,-42.2497787475585938,-2.7423372268676758
37.5961074829101563,-61.9137077331542969,-4.0418338775634766
5.8211612701416016,-41.3262290954589844,-1.8952175378799438
-12.3777694702148438,-54.1315460205078125,-1.8899657726287842
8.4197711944580078,-37.8503150939941406,-1.8899338245391846
11.4915390014648438,-56.5959472656250000,-1.0228542089462280
-12.3632411956787109,-49.1911697387695313,-1.8899714946746826
17.1982784271240234,-47.1004295349121094,-1.8894219398498535
6.8304171562194824,-45.2890243530273438,-1.0378023386001587
-29.8216590881347656,-55.2350692749023438,-2.7436747550964355
-21.9797916412353516,-52.3891601562500000,-1.0318976640701294
7.7113289833068848,-38.8439750671386719,-1.0385789871215820
-39.5945091247558594,-60.7629470825195313,-4.0412921905517578
-17.3115024566650391,-43.6104431152343750,-2.7465970516204834
8.4225673675537109,-31.8751506805419922,-1.8900791406631470
-1.0221464633941650,-39.4747047424316406,-2.7457499504089355
20.2184638977050781,-51.9104194641113281,-2.7463943958282471
1.8960766792297363,-28.1099376678466797,-2.7404952049255371
13.3777284622192383,-37.1842155456542969,-1.0359454154968262
26.8279228210449219,-55.5755157470703125,-1.0353096723556519
-21.7516174316406250,-56.2747039794921875,-2.7480292320251465
7.5532293319702148,-36.3585548400878906,-1.8888033628463745
16.3521862030029297,-54.5738105773925781,-1.8895235061645508
-2.8791730403900146,-49.5002593994140625,-2.7475416660308838
-1.1040689945220947,-42.4291191101074219,-1.0323908329010010
-1.0226002931594849,-56.1230125427246094,-2.7507627010345459
25.5511054992675781,-57.0618362426757813,-1.8852421045303345
2.8502316474914551,-35.6897926330566406,-1.0356541872024536
-7.7021064758300781,-47.6992912292480469,-2.7454247474670410
-2.8870127201080322,-47.0325775146484375,-1.8864539861679077
6.8449888229370117,-49.7107658386230469,-1.8964952230453491
22.9804840087890625,-52.9880714416503906,-1.8916209936141968
-2.8776967525482178,-49.9959869384765625,-1.8888099193572998
6.8443398475646973,-50.7027626037597656,-1.8905929327011108
8.5782051086425781,-37.3532180786132813,-2.7413871288299561
-11.6151742935180664,-34.2853622436523438,-2.7420542240142822
8.4224500656127930,-30.8768596649169922,-1.8900352716445923
-1.0241401195526123,-46.8342781066894531,-1.8914419412612915
16.2578430175781250,-40.5862121582031250,-1.8902273178100586
-8.5763778686523438,-43.2379074096679688,-2.7481489181518555
15.4223642349243164,-48.4967231750488281,-1.0315145254135132
-2.8701004981994629,-53.4477081298828125,-1.0311318635940552
8.5779895782470703,-35.3635787963867188,-1.0386711359024048
-15.4731121063232422,-49.7856979370117188,-2.7466168403625488
-2.8508133888244629,-47.5224533081054688,-2.7468259334564209
-3.7783677577972412,-54.0426750183105469,-2.7449109554290771
3.7801063060760498,-56.0581398010253906,-1.0322725772857666
26.9341564178466797,-54.5613632202148438,-2.7418010234832764
11.5196952819824219,-42.3974380493164063,-1.8901405334472656
-8.5782403945922852,-56.0975799560546875,-1.0332921743392944
16.3125724792480469,-41.5916213989257813,-1.8909282684326172
-21.9542350769042969,-46.4034919738769531,-2.7274014949798584
-10.6201610565185547,-47.2308959960937500,-1.8857092857360840
-8.5751371383666992,-37.2763099670410156,-1.0325442552566528
-1.0194436311721802,-53.7512779235839844,-1.8866746425628662
-25.1007843017578125,-56.0613632202148438,-2.7456705570220947
-7.7111554145812988,-44.7246742248535156,-2.7480146884918213
18.1787185668945313,-57.0588607788085938,-1.0370827913284302
-15.4219789505004883,-45.7958183288574219,-1.0357497930526733
11.5170145034790039,-39.9095878601074219,-1.0356888771057129
-20.2205142974853516,-55.9891128540039063,-1.9349061250686646
27.7772502899169922,-55.0741577148437500,-1.0325690507888794
-5.8223567008972168,-45.1746215820312500,-1.0324314832687378
17.1504306793212891,-39.0605773925781250,-1.8808606863021851
5.9736485481262207,-50.2141838073730469,-1.8903090953826904
6.4897432327270508,-57.0689086914062500,-2.7466862201690674
-22.9738197326660156,-51.1796760559082031,-1.0341984033584595
7.0106506347656250,-56.2428817749023438,-2.7446029186248779
-25.0159492492675781,-56.2449951171875000,-1.7766098976135254
17.3155250549316406,-55.5679130554199219,-1.0353616476058960
21.1040096282958984,-54.5343551635742188,-2.7454178333282471
-21.0859317779541016,-47.9130401611328125,-1.0359345674514771
21.1080360412597656,-48.5192260742187500,-2.7433161735534668
1.9366768598556519,-47.9194450378417969,-2.7482087612152100
-3.7802374362945557,-37.6148109436035156,-1.8918455839157104
27.7801704406738281,-55.0803680419921875,-2.7480494976043701
17.1901664733886719,-43.1077117919921875,-1.8895994424819946
-12.5108890533447266,-53.6369667053222656,-1.0358922481536865
-6.8356599807739258,-38.7884979248046875,-1.8898777961730957
20.2215785980224609,-49.9795989990234375,-2.7448863983154297
-7.7075338363647461,-40.2614860534667969,-1.8898019790649414
-26.8939933776855469,-55.6216087341308594,-1.0329140424728394
30.7332649230957031,-55.0711250305175781,-2.7443175315856934
11.6025543212890625,-57.0687179565429688,-1.8512229919433594
-2.8718595504760742,-54.4261016845703125,-1.0337767601013184
-15.4166984558105469,-54.2702865600585938,-1.8959697484970093
-18.1779937744140625,-42.1068267822265625,-1.0365195274353027
1.8877404928207397,-41.0018463134765625,-1.0339671373367310
-13.2316694259643555,-49.6839714050292969,-1.8900837898254395
26.8766536712646484,-48.2714500427246094,-1.0389869213104248
-26.0223789215087891,-49.1643486022949219,-1.0379581451416016
1.1110386848449707,-41.9892692565917969,-1.8900594711303711
-3.0889399051666260,-57.0631484985351563,-1.0365786552429199
1.8872563838958740,-47.4313545227050781,-1.8919221162796021
21.9839477539062500,-49.0081939697265625,-2.7452301979064941
-29.8219356536865234,-56.1841011047363281,-1.0381535291671753
-12.5114135742187500,-47.7075653076171875,-2.7425355911254883
17.2822666168212891,-38.5427818298339844,-1.0382903814315796
-16.2936553955078125,-53.8166503906250000,-2.0079889297485352
-3.7617022991180420,-51.5557975769042969,-1.8862723112106323
29.8213806152343750,-57.0608634948730469,-2.7451069355010986
7.5494432449340820,-46.2844924926757813,-1.8913828134536743
-20.2231731414794922,-50.4325904846191406,-1.0329036712646484
-17.2982349395751953,-52.5491256713867188,-2.7486479282379150
20.2222633361816406,-48.9801254272460938,-1.0334210395812988
-21.1007499694824219,-49.9340095520019531,-1.0336470603942871
-16.4399223327636719,-56.4009284973144531,-2.7442016601562500
6.8458847999572754,-52.6823730468750000,-1.8908960819244385
5.8192172050476074,-46.2679634094238281,-1.8904523849487305
-11.6379566192626953,-46.2394943237304688,-1.0369243621826172
-7.7010378837585449,-45.7156066894531250,-2.7480218410491943
-21.9409389495849609,-47.4015235900878906,-2.7428593635559082
35.6203994750976563,-57.0579643249511719,-2.5680048465728760
-32.1548042297363281,-52.9283561706542969,-1.3627995252609253
-16.3772449493408203,-43.2576446533203125,-2.7448453903198242
-11.6458749771118164,-37.2840080261230469,-1.0380272865295410
-18.1782283782958984,-49.0758438110351563,-1.0323599576950073
3.7093784809112549,-49.5966682434082031,-1.8903298377990723
-2.0407054424285889,-40.5781898498535156,-1.8899457454681396
-1.9490104913711548,-42.5632972717285156,-1.8887187242507935
-6.8203325271606445,-42.2749252319335938,-1.0324923992156982
18.1663303375244141,-46.4578742980957031,-1.8898980617523193
-12.3541259765625000,-40.2700576782226563,-1.8901579380035400
20.2221355438232422,-46.9873619079589844,-1.0381115674972534
-6.8318133354187012,-40.7816238403320313,-1.8901554346084595
-5.8215327262878418,-33.7953605651855469,-2.6597018241882324
-37.6718482971191406,-61.9072303771972656,-2.5581877231597900
2.9171924591064453,-43.1590080261230469,-1.8911794424057007
5.8202190399169922,-49.7226829528808594,-2.7457239627838135
13.3784084320068359,-55.0604515075683594,-1.0333242416381836
20.2195167541503906,-53.5696716308593750,-1.8868036270141602
3.7619802951812744,-29.1903381347656250,-1.0371164083480835
-10.7558593750000000,-49.7205276489257813,-1.0377523899078369
18.1602878570556641,-49.9336395263671875,-1.0306246280670166
18.1777954101562500,-53.8852119445800781,-1.0305711030960083
-18.1449184417724609,-56.0615196228027344,-1.0333138704299927
-22.9523010253906250,-51.6787376403808594,-1.8915805816650391
7.5433053970336914,-57.0688667297363281,-1.7409250736236572
-1.0212218761444092,-34.5399475097656250,-2.7437140941619873
1.9736982583999634,-40.5075378417968750,-1.8904907703399658
-6.4169516563415527,-33.8812332153320313,-1.8627301454544067
2.2227733135223389,-51.3960456848144531,-1.9402930736541748
1.2703529596328735,-35.0793457031250000,-1.9048748016357422
-2.7811105251312256,-28.1500072479248047,-1.8896456956863403
-27.7197380065917969,-48.5829849243164063,-1.8919074535369873
12.4945373535156250,-51.5885696411132813,-1.1279443502426147
-7.5518107414245605,-32.7897987365722656,-2.7413711547851563
-3.7783527374267578,-46.5828132629394531,-1.8893699645996094
-12.5065898895263672,-37.7790718078613281,-2.7413036823272705
5.8215503692626953,-51.7099761962890625,-1.0377277135848999
-31.3676185607910156,-57.0580177307128906,-2.7415754795074463
16.2841129302978516,-39.5536499023437500,-1.8866505622863770
5.9769124984741211,-37.8475761413574219,-2.7439928054809570
6.8465366363525391,-44.2976074218750000,-2.7421545982360840
2.0352742671966553,-32.6783905029296875,-1.8455516099929810
8.5786056518554688,-48.2434120178222656,-2.7417426109313965
-7.6810393333435059,-35.7802581787109375,-1.0328197479248047
5.9689426422119141,-52.2061119079589844,-1.8887567520141602
11.5352783203125000,-48.8357200622558594,-1.0305813550949097
-31.9990425109863281,-56.2503890991210938,-1.1077187061309814
-26.8927650451660156,-52.6436004638671875,-2.7427833080291748
2.8158042430877686,-31.7110118865966797,-1.0366365909576416
-12.4799165725708008,-34.7853851318359375,-2.7411906719207764
-18.1850223541259766,-53.0379676818847656,-1.0327239036560059
-22.9581050872802734,-52.6768379211425781,-1.8904491662979126
-26.7546539306640625,-52.1440696716308594,-1.8902071714401245
-16.1715984344482422,-55.4483833312988281,-2.7459774017333984
-21.0912170410156250,-51.9330825805664063,-1.0329198837280273
7.7119154930114746,-47.7464752197265625,-1.0383794307708740
-20.2217559814453125,-47.4133529663085938,-1.0357226133346558
16.3480587005615234,-51.0859413146972656,-1.0326371192932129
-10.6205949783325195,-56.2065124511718750,-1.8837184906005859
3.7776489257812500,-41.1744461059570313,-1.0323808193206787
-1.1709133386611938,-26.6000938415527344,-2.7411999702453613
-11.6374301910400391,-43.2547645568847656,-2.7417581081390381
-11.6408605575561523,-43.2554435729980469,-1.0380921363830566
11.5227088928222656,-53.7685470581054688,-2.7481327056884766
-27.7777442932128906,-49.0925483703613281,-1.0364705324172974
3.7779824733734131,-49.0945167541503906,-2.7477173805236816
26.4992065429687500,-49.9077796936035156,-1.8921015262603760
-21.0847778320312500,-49.4290237426757813,-1.8893358707427979
-25.7914333343505859,-55.2884788513183594,-2.7415065765380859
-20.2223854064941406,-52.4273834228515625,-1.0323423147201538
-1.9124867916107178,-26.6372852325439453,-1.8895398378372192
-6.8183116912841797,-51.1916618347167969,-2.7481975555419922
5.8225822448730469,-57.0595245361328125,-1.0358886718750000
-11.6355218887329102,-37.2816009521484375,-2.7410247325897217
-2.8172106742858887,-38.5996284484863281,-2.7451822757720947
15.4223089218139648,-48.4976196289062500,-2.7481787204742432
-16.3049640655517578,-46.2611885070800781,-1.0346609354019165
-25.0245456695556641,-50.6648712158203125,-1.0330190658569336
-1.4431787729263306,-54.9089393615722656,-1.8738497495651245
18.1775455474853516,-38.4665946960449219,-1.8912894725799561
-1.0220446586608887,-36.5151176452636719,-2.7472589015960693
15.4221639633178711,-46.0177383422851563,-1.8894230127334595
16.3329982757568359,-46.6025085449218750,-1.8893287181854248
16.3444004058837891,-48.0972709655761719,-2.7472724914550781
-10.7765197753906250,-41.7649955749511719,-2.7437758445739746
3.7781410217285156,-47.1352539062500000,-2.7478904724121094
1.9777724742889404,-41.4986991882324219,-1.8897393941879272
1.0205034017562866,-39.0206680297851563,-1.8889834880828857
6.6876673698425293,-51.2038269042968750,-2.7425210475921631
2.9156904220581055,-48.6080017089843750,-1.0345778465270996
13.3796710968017578,-53.5670776367187500,-1.8897223472595215
-6.8327288627624512,-38.2902908325195313,-1.0330332517623901
-10.6246089935302734,-34.7888107299804688,-2.7422139644622803
-22.9780368804931641,-50.1658248901367188,-1.0350037813186646
1.0134403705596924,-54.3615837097167969,-2.7469143867492676
-1.9307621717453003,-35.1118659973144531,-2.7438127994537354
-20.5245800018310547,-45.9404525756835938,-1.8916571140289307
-2.9096596240997314,-31.6349620819091797,-1.0337884426116943
-34.8432502746582031,-57.0567703247070313,-1.9076328277587891
21.2354278564453125,-50.5320739746093750,-1.0377401113510132
1.8867417573928833,-48.4223556518554688,-1.8914787769317627
-3.6809866428375244,-37.1165199279785156,-2.7456493377685547
7.2121667861938477,-47.3014259338378906,-1.8876160383224487
16.3345050811767578,-47.5997047424316406,-1.8897500038146973
-26.8938140869140625,-49.6495780944824219,-2.7418792247772217
2.8222315311431885,-34.7052917480468750,-2.7415258884429932
-1.0215986967086792,-51.2766151428222656,-1.0312347412109375
18.1781520843505859,-45.9615554809570313,-1.0322172641754150
17.2215137481689453,-54.5773849487304688,-2.7475297451019287
1.0212384462356567,-50.3735313415527344,-1.0315942764282227
6.6956958770751953,-32.3815269470214844,-1.0354776382446289
10.6223354339599609,-39.3581390380859375,-1.0366233587265015
-6.8241853713989258,-51.1902694702148438,-1.0323230028152466
5.8198857307434082,-48.7302207946777344,-2.7468287944793701
-3.7788891792297363,-31.6406135559082031,-1.8906136751174927
22.9779891967773438,-55.0654335021972656,-1.0282323360443115
-11.6392335891723633,-44.2495689392089844,-1.0377550125122070
-7.7138471603393555,-35.7780838012695313,-2.7467296123504639
-16.3656215667724609,-50.2341918945312500,-2.7461273670196533
11.5273637771606445,-42.8953018188476563,-2.7478110790252686
21.8906955718994141,-52.9567947387695313,-2.7441630363464355
-13.2469091415405273,-54.6214942932128906,-1.8899792432785034
-3.7781543731689453,-40.6073875427246094,-1.8903504610061646
-17.2389945983886719,-45.6039695739746094,-1.0340467691421509
20.2214107513427734,-54.0728759765625000,-2.7455768585205078
-1.0220330953598022,-32.5613670349121094,-1.0332379341125488
-25.0512504577636719,-48.6537895202636719,-2.7418768405914307
17.2131214141845703,-48.5956077575683594,-1.0327107906341553
-1.9331370592117310,-36.1064643859863281,-1.0354764461517334
5.9795536994934082,-30.8862419128417969,-2.7425925731658936
18.1334381103515625,-43.9722137451171875,-2.7470645904541016
-32.5782814025878906,-57.0576667785644531,-2.7164056301116943
12.4867858886718750,-35.6703529357910156,-2.7450382709503174
-22.0232791900634766,-46.4011383056640625,-1.0418810844421387
-12.3537940979003906,-37.2810058593750000,-1.8891757726669312
-16.3685874938964844,-43.2595596313476563,-1.0349787473678589
-2.9125275611877441,-27.6511592864990234,-2.7424006462097168
-3.7615346908569336,-34.1315536499023438,-1.0341011285781860
-12.5105752944946289,-54.6250419616699219,-1.0359181165695190
2.8708798885345459,-54.5280723571777344,-1.0384266376495361
12.5103349685668945,-43.1549034118652344,-1.8898752927780151
-37.0417060852050781,-60.8268203735351563,-2.5496695041656494
1.0220625400543213,-29.5948181152343750,-1.0377464294433594
11.5733947753906250,-34.4327354431152344,-1.8892843723297119
26.5704421997070313,-57.0581359863281250,-1.8924536705017090
-21.1575908660888672,-47.4052658081054688,-1.8900691270828247
-21.9808940887451172,-52.8839149475097656,-1.8886122703552246
21.2571430206298828,-57.0578041076660156,-1.0331929922103882
-7.6811065673828125,-55.1637001037597656,-1.9075616598129272
-6.8189167976379395,-50.1998291015625000,-1.0324121713638306
1.0165183544158936,-52.3099937438964844,-1.0895894765853882
-26.0201263427734375,-51.1617546081542969,-2.7424383163452148
-1.9977687597274780,-46.0265350341796875,-2.7484035491943359
-3.7249343395233154,-44.0942916870117188,-2.7457346916198730
-22.0222358703613281,-48.9057121276855469,-1.8898867368698120
-2.7863500118255615,-31.1436214447021484,-1.8896026611328125
-18.1778316497802734,-42.1065292358398438,-2.7434546947479248
1.0207132101058960,-38.0288696289062500,-1.8889647722244263
15.5238189697265625,-55.4254951477050781,-1.0356047153472900
-1.0218226909637451,-40.4604377746582031,-2.7460920810699463
1.0224313735961914,-28.5961208343505859,-1.0387601852416992
-17.3109855651855469,-51.5552978515625000,-2.7472383975982666
13.3790216445922852,-51.1003837585449219,-2.7015297412872314
34.6233634948730469,-57.0579605102539063,-1.0395882129669189
-15.4976682662963867,-45.2922744750976563,-1.8898022174835205
21.2282180786132813,-51.5305023193359375,-1.0338613986968994
7.5627040863037109,-51.6897811889648438,-1.0377280712127686
7.7121868133544922,-30.8774299621582031,-1.0389938354492188
3.7790560722351074,-37.1946907043457031,-1.0330251455307007
-21.0909786224365234,-51.9330635070800781,-2.7471139430999756
-1.9365245103836060,-37.1009178161621094,-1.0353187322616577
-2.8379318714141846,-44.0589675903320313,-1.8880069255828857
6.6837115287780762,-48.7267799377441406,-1.8867864608764648
-18.1769046783447266,-52.0532302856445313,-2.7480373382568359
-6.8223624229431152,-39.2873382568359375,-2.7473733425140381
18.1778106689453125,-41.9795913696289063,-2.7456030845642090
20.2227268218994141,-54.0750923156738281,-1.0327665805816650
-3.7788584232330322,-35.6244201660156250,-1.8905938863754272
2.8297019004821777,-40.6724357604980469,-1.0340834856033325
11.5186271667480469,-34.9386253356933594,-2.7445974349975586
-13.2293596267700195,-48.6953315734863281,-1.8899135589599609
-30.4581012725830078,-55.3231964111328125,-1.0367965698242188
8.5777444839477539,-50.2132568359375000,-1.0326218605041504
3.7828295230865479,-50.5861129760742188,-1.8939460515975952
32.5842247009277344,-55.5793762207031250,-1.0316160917282104
3.7824003696441650,-54.5621910095214844,-1.8985614776611328
-22.3442173004150391,-57.0630989074707031,-2.7443764209747314
1.8925832509994507,-32.0992469787597656,-2.7435879707336426
-27.7776298522949219,-49.6054420471191406,-1.8888896703720093
17.1814193725585938,-42.0994949340820313,-1.8888418674468994
11.7302980422973633,-32.9437637329101563,-2.7413024902343750
5.8213863372802734,-39.3419303894042969,-1.8966407775878906
-13.3706045150756836,-37.2713203430175781,-2.7422573566436768
-2.8033046722412109,-35.6163406372070313,-1.0354831218719482
15.4215812683105469,-46.5160408020019531,-2.7477388381958008
22.7893562316894531,-54.0171394348144531,-1.8552101850509644
-2.9103662967681885,-32.6390647888183594,-2.7441031932830811
1.9730722904205322,-40.0128288269042969,-1.0324438810348511
-27.7778987884521484,-50.1157646179199219,-1.0360141992568970
-2.8581347465515137,-51.9807815551757813,-1.8906047344207764
-3.7720758914947510,-50.0617027282714844,-1.0323762893676758
13.3573703765869141,-39.1731109619140625,-1.0354785919189453
-38.7398490905761719,-60.2433967590332031,-2.5703363418579102
7.7153391838073730,-54.1551361083984375,-1.8933806419372559
-11.4863548278808594,-43.7520599365234375,-1.8895241022109985
-3.7731182575225830,-51.0586471557617188,-1.0313135385513306
1.9060750007629395,-45.9567451477050781,-2.7486882209777832
-2.9096732139587402,-40.0909423828125000,-1.8892954587936401
-1.9784512519836426,-53.9925498962402344,-1.0359991788864136
13.3777389526367188,-54.0664558410644531,-1.0321655273437500
7.7121062278747559,-44.7915153503417969,-2.7420191764831543
5.8200573921203613,-52.6949424743652344,-2.7426862716674805
-13.2211780548095703,-41.7645454406738281,-1.8897801637649536
-1.0287747383117676,-28.5881805419921875,-2.7464563846588135
10.6169261932373047,-57.0576972961425781,-2.0247890949249268
10.6223382949829102,-35.8756713867187500,-1.8899730443954468
7.7106323242187500,-41.8219604492187500,-1.0381697416305542
1.9299858808517456,-52.8551406860351563,-1.0368660688400269
-8.2288961410522461,-32.8272094726562500,-1.8764164447784424
8.5779390335083008,-40.3345756530761719,-1.0383661985397339
7.5574750900268555,-32.3745994567871094,-1.8901083469390869
-3.7782609462738037,-43.0997810363769531,-2.7456693649291992
-6.8190712928771973,-41.7777290344238281,-1.8897558450698853
-1.1511106491088867,-30.5805873870849609,-2.7443394660949707
-1.0216838121414185,-33.5516166687011719,-1.0365078449249268
5.9782514572143555,-40.8324851989746094,-2.7442641258239746
21.4957523345947266,-53.7431526184082031,-1.0352478027343750
7.7096295356750488,-43.8036689758300781,-1.0380133390426636
37.3007354736328125,-57.0580253601074219,-1.0381326675415039
30.0355854034423828,-54.1857261657714844,-1.0376207828521729
-21.0954341888427734,-53.9293174743652344,-2.7448060512542725
-18.1621417999267578,-45.1037902832031250,-2.7471523284912109
-22.0037097930908203,-54.3791732788085938,-1.0328053236007690
-30.7036170959472656,-54.7693214416503906,-2.7416157722473145
17.2459545135498047,-45.6045989990234375,-1.0330015420913696
-5.8301668167114258,-41.2084236145019531,-1.0323189496994019
21.1007728576660156,-45.5171279907226563,-2.7415354251861572
15.4220561981201172,-44.5295829772949219,-2.7470731735229492
-11.6454906463623047,-39.2762565612792969,-1.0386370420455933
-2.8328013420104980,-40.5852279663085938,-2.7465732097625732
-20.3931274414062500,-57.0616416931152344,-1.7655487060546875
1.8934371471405029,-30.1067295074462891,-2.7430589199066162
-22.0073947906494141,-50.3979530334472656,-2.7472765445709229
-1.0218145847320557,-40.4613380432128906,-1.0338218212127686
-1.9193952083587646,-28.1361808776855469,-2.7444350719451904
-12.3536739349365234,-36.2835388183593750,-1.8881347179412842
10.6281738281250000,-46.8036575317382813,-1.8880431652069092
-30.3714122772216797,-57.0591621398925781,-2.7418644428253174
2.8996996879577637,-43.6539459228515625,-1.0348863601684570
11.8333387374877930,-53.3263359069824219,-1.9106377363204956
-16.3570690155029297,-51.2393417358398438,-1.0326609611511230
-15.4223499298095703,-49.7848777770996094,-1.0326658487319946
10.7725734710693359,-37.8690719604492188,-1.8905252218246460
1.9708372354507446,-39.0207405090332031,-2.7453808784484863
8.5780820846557617,-38.3469772338867188,-2.7414145469665527
5.8215718269348145,-46.7553176879882813,-2.7471902370452881
-10.7695045471191406,-44.7501373291015625,-1.0393407344818115
-12.3537015914916992,-43.2491912841796875,-1.8888342380523682
21.1482219696044922,-49.5386886596679688,-1.0356225967407227
1.0219041109085083,-32.5849685668945313,-1.0337347984313965
-1.0217477083206177,-44.4008293151855469,-2.7499368190765381
-12.5012407302856445,-35.2972221374511719,-1.8397102355957031
13.3773612976074219,-48.6316757202148438,-1.8902133703231812
1.9735157489776611,-39.0207710266113281,-1.0338251590728760
-8.5777244567871094,-54.1255455017089844,-2.7487049102783203
16.3974571228027344,-40.0850372314453125,-1.0385682582855225
6.8430819511413574,-42.3172378540039063,-1.0381432771682739
16.4223613739013672,-38.0424156188964844,-2.7414479255676270
-5.8324103355407715,-57.0640640258789063,-1.0350596904754639
-2.0470383167266846,-37.5983886718750000,-1.8897508382797241
-10.7437133789062500,-53.6994018554687500,-2.7442653179168701
7.7109842300415039,-39.8370590209960938,-1.0384902954101563
13.3766565322875977,-48.1308517456054688,-2.7474622726440430
-5.8223686218261719,-33.1877670288085938,-1.0403172969818115
22.1163730621337891,-52.4930267333984375,-1.8945543766021729
2.9141383171081543,-36.1989517211914063,-1.8835972547531128
3.7783138751983643,-44.1523170471191406,-2.7473695278167725
-8.5777292251586914,-50.1668319702148438,-2.7480967044830322
-8.5783071517944336,-46.7050209045410156,-1.8901017904281616
-12.5110187530517578,-52.6488113403320313,-2.7437436580657959
13.3775482177734375,-35.1680603027343750,-1.0352859497070313
17.2483234405517578,-45.1056747436523438,-1.8903367519378662
27.7775821685791016,-53.0824356079101563,-1.1029123067855835
26.0205993652343750,-50.7723846435546875,-2.7418215274810791
10.9909696578979492,-38.8964920043945313,-1.8915178775787354
-3.7778170108795166,-56.3406257629394531,-1.0436862707138062
-3.7533690929412842,-35.1281929016113281,-1.0332074165344238
10.7009983062744141,-33.3440017700195313,-1.0380700826644897
26.7463626861572266,-56.0753669738769531,-1.8943077325820923
-7.7008633613586426,-50.6703529357910156,-1.0323408842086792
-12.5106897354125977,-49.6846466064453125,-1.0371468067169189
-21.1101016998291016,-53.9303436279296875,-1.0352003574371338
-7.7080779075622559,-48.6859474182128906,-2.7459812164306641
17.2255744934082031,-52.0846366882324219,-1.8893450498580933
11.5350179672241211,-52.7807922363281250,-2.7391805648803711
-21.9905509948730469,-55.3725738525390625,-1.0346926450729370
2.0059721469879150,-31.6067676544189453,-1.8889236450195313
17.2404155731201172,-42.6053886413574219,-2.7448432445526123
-3.7796013355255127,-39.6086921691894531,-1.8907735347747803
-21.1592254638671875,-45.8997993469238281,-1.0558655261993408
-2.0445830821990967,-31.1364212036132813,-1.0366778373718262
-1.0218094587326050,-49.2982711791992188,-2.7483110427856445
-1.0217845439910889,-39.4756355285644531,-1.0341275930404663
1.0222650766372681,-44.9557266235351563,-1.8897212743759155
-22.9785079956054688,-54.1689414978027344,-1.0346118211746216
13.3788270950317383,-54.0639495849609375,-2.7475583553314209
-13.3704023361206055,-42.7515716552734375,-1.8898942470550537
-7.7098135948181152,-39.7645568847656250,-1.0323603153228760
-12.5097980499267578,-39.7732086181640625,-2.7415599822998047
-21.0906200408935547,-52.4319267272949219,-1.8900769948959351
12.4913568496704102,-51.5937080383300781,-2.6496794223785400
2.4085397720336914,-52.3761100769042969,-1.8966166973114014
-2.0470621585845947,-45.0377349853515625,-1.0342574119567871
-1.1190758943557739,-40.9554786682128906,-1.8902620077133179
-13.3777780532836914,-34.2332916259765625,-1.0386989116668701
3.7770516872406006,-31.2075271606445313,-1.0347136259078979
6.8485145568847656,-32.3792152404785156,-2.7426016330718994
2.9049696922302246,-33.6984214782714844,-1.0388500690460205
5.8221087455749512,-30.3817729949951172,-1.8962998390197754
-25.8829574584960938,-50.6615638732910156,-1.8901224136352539
6.8474574089050293,-31.3800125122070313,-2.7422032356262207
7.7121477127075195,-35.8609352111816406,-1.0383104085922241
6.8453550338745117,-30.3815708160400391,-2.7407400608062744
12.0465822219848633,-37.4372825622558594,-1.8903592824935913
-16.3115634918212891,-45.2610130310058594,-2.7459092140197754
-20.2221336364746094,-54.4129905700683594,-2.7466487884521484
31.9530677795410156,-57.0604934692382813,-1.9056539535522461
-3.6458609104156494,-27.6509399414062500,-1.8883810043334961
-1.9502906799316406,-41.0724487304687500,-2.7467579841613770
27.7713489532470703,-52.3469047546386719,-1.7787834405899048
22.9788379669189453,-48.0093727111816406,-1.8944673538208008
-2.8237590789794922,-44.5531959533691406,-2.7469415664672852
-38.9249191284179688,-61.9074440002441406,-2.5583467483520508
22.9775962829589844,-44.9780693054199219,-1.8867275714874268
-17.2923011779785156,-53.0443687438964844,-1.8913280963897705
-25.0206756591796875,-52.1614265441894531,-1.8889166116714478
-32.0312767028808594,-54.6080207824707031,-1.0389225482940674
-15.4210319519042969,-56.1045837402343750,-2.7416782379150391
15.4647026062011719,-46.5146026611328125,-1.0324016809463501
10.6320915222167969,-37.3733024597167969,-1.0353289842605591
-2.8106551170349121,-37.6062278747558594,-2.7449116706848145
6.6863679885864258,-42.8130455017089844,-1.8901698589324951
5.9722118377685547,-51.2103271484375000,-1.8893004655838013
1.0648580789566040,-47.4254608154296875,-1.0320093631744385
10.8485870361328125,-51.7373924255371094,-1.9025610685348511
-2.8084275722503662,-37.6053886413574219,-1.0350246429443359
-3.7684659957885742,-47.0795021057128906,-2.7448956966400146
16.3694496154785156,-47.1027030944824219,-1.0329784154891968
2.7816026210784912,-32.7089843750000000,-1.0377639532089233
-2.8970499038696289,-56.5907058715820313,-2.7410457134246826
-1.9894175529479980,-52.0001564025878906,-1.0328031778335571
1.1687625646591187,-29.0969867706298828,-1.8900119066238403
-26.0166072845458984,-54.1551742553710938,-1.0378122329711914
8.4200000762939453,-38.8441429138183594,-1.8899725675582886
-13.2344207763671875,-50.6720657348632813,-1.8900698423385620
-18.1174392700195313,-50.5641517639160156,-1.8899351358413696
8.5775785446166992,-54.1469612121582031,-1.0321034193038940
-12.5107107162475586,-51.6612777709960938,-1.0365316867828369
-16.2952404022216797,-44.2632598876953125,-2.7453002929687500
2.9013183116912842,-47.6129875183105469,-2.7472841739654541
-15.4315795898437500,-42.7608604431152344,-1.0362614393234253
15.5392398834228516,-38.5400352478027344,-2.7412734031677246
-10.7766389846801758,-38.7843170166015625,-1.0371534824371338
-15.4211406707763672,-51.7784919738769531,-2.7474572658538818
-11.6377916336059570,-45.2439537048339844,-1.0377326011657715
-2.0454120635986328,-30.1381397247314453,-2.7430047988891602
1.8851065635681152,-38.5250053405761719,-1.8884232044219971
6.6881537437438965,-44.7936248779296875,-1.8910043239593506
13.3777389526367188,-36.6782341003417969,-1.8891177177429199
-8.5714797973632813,-52.1462173461914063,-2.7482807636260986
-22.9779167175292969,-50.1643829345703125,-2.7444045543670654
10.6312170028686523,-44.3248252868652344,-1.0322270393371582
-22.9813632965087891,-55.1720046997070313,-2.7460494041442871
11.5400590896606445,-43.8885803222656250,-2.7479341030120850
3.7779076099395752,-33.2144088745117188,-2.7444057464599609
5.8201947212219238,-48.2343521118164063,-1.8885444402694702
-1.9845540523529053,-47.0219612121582031,-2.7474930286407471
17.2244281768798828,-52.5808563232421875,-2.7470221519470215
-3.7776355743408203,-42.1033058166503906,-2.7463769912719727
-26.7537078857421875,-51.1468315124511719,-1.8900300264358521
16.3231925964355469,-42.6082839965820313,-1.8890357017517090
31.9282054901123047,-54.4715805053710938,-1.7886198759078979
3.7784588336944580,-36.1990394592285156,-2.7472751140594482
2.9166674613952637,-41.1698951721191406,-1.8900370597839355
5.8223714828491211,-37.8489837646484375,-1.0349910259246826
12.4380512237548828,-47.6353263854980469,-1.0335420370101929
21.1552047729492188,-49.5634651184082031,-2.7447350025177002
8.4203386306762695,-34.8659782409667969,-1.8898078203201294
5.8455281257629395,-55.0667076110839844,-1.0388296842575073
6.8463430404663086,-35.3652992248535156,-2.7414243221282959
-3.7778048515319824,-25.1122074127197266,-1.0387994050979614
-17.3061408996582031,-49.5667076110839844,-2.7484607696533203
-6.8185300827026367,-56.0985984802246094,-1.0629432201385498
13.3498544692993164,-34.1424942016601563,-2.7425582408905029
-5.8205251693725586,-56.0792579650878906,-2.7471010684967041
1.8908892869949341,-44.9593467712402344,-1.0347721576690674
-7.7122488021850586,-37.2748908996582031,-1.8900194168090820
27.7112445831298828,-54.0765113830566406,-1.0375462770462036
16.3323726654052734,-44.1113967895507813,-1.0331981182098389
-21.9219398498535156,-56.4323272705078125,-1.0364931821823120
5.8207311630249023,-43.3105773925781250,-1.8885288238525391
16.3640899658203125,-42.1042404174804688,-2.7443079948425293
-10.7599544525146484,-48.7235031127929688,-1.0372866392135620
3.7780575752258301,-39.1837272644042969,-2.7467768192291260
18.1781101226806641,-53.8590240478515625,-2.7483768463134766
3.7785048484802246,-38.1891403198242188,-1.0347731113433838
6.6883449554443359,-32.8827247619628906,-1.8951941728591919
16.3618583679199219,-49.0928306579589844,-2.7473785877227783
-10.7725419998168945,-43.7568092346191406,-2.7443735599517822
2.3425159454345703,-34.6011047363281250,-1.8721039295196533
-12.5122175216674805,-37.7790031433105469,-1.0386646986007690
-10.6201696395874023,-50.2117347717285156,-1.8936233520507813
-5.8275504112243652,-54.0997123718261719,-2.7477436065673828
-27.6393623352050781,-50.6118888854980469,-1.8899856805801392
13.3780622482299805,-40.6704406738281250,-1.8944219350814819
1.0222861766815186,-49.4044189453125000,-2.7490098476409912
-2.8475875854492188,-48.4998245239257813,-1.0329545736312866
-13.3782663345336914,-52.1540069580078125,-1.0362451076507568
-18.1788845062255859,-55.0491142272949219,-2.7447149753570557
-11.6341648101806641,-33.7714653015136719,-1.8860859870910645
5.8210196495056152,-32.3913345336914063,-1.8994388580322266
6.8453540802001953,-37.3526802062988281,-1.0384438037872314
17.3188991546630859,-54.5721740722656250,-1.0356563329696655
7.5517516136169434,-45.2894210815429688,-1.8910914659500122
-21.1077575683593750,-53.4301490783691406,-1.8897545337677002
-20.2223072052001953,-53.9204063415527344,-1.8888351917266846
-17.3097267150878906,-42.6127510070800781,-1.0358811616897583
-15.4937257766723633,-46.2945785522460938,-1.8951859474182129
1.0216010808944702,-33.5774917602539063,-1.0362384319305420
-12.5124597549438477,-45.7267150878906250,-2.7423126697540283
-7.7088704109191895,-38.7699584960937500,-1.0326067209243774
-6.8265433311462402,-39.7853202819824219,-1.8903437852859497
15.4235992431640625,-51.9597053527832031,-1.8897184133529663
-3.7650492191314697,-49.0652694702148438,-1.0325310230255127
-3.7780027389526367,-49.5645866394042969,-1.8898347616195679
6.6770462989807129,-56.6051216125488281,-1.8860124349594116
6.6858725547790527,-35.8595428466796875,-1.8892120122909546
2.9127757549285889,-49.6009025573730469,-1.0340793132781982
21.9394187927246094,-57.0607948303222656,-2.7428772449493408
-10.6200017929077148,-51.2076797485351563,-1.8912719488143921
21.9657478332519531,-45.0175247192382813,-2.7417793273925781
1.0220701694488525,-35.5511245727539063,-1.0339251756668091
-1.0215594768524170,-51.7697944641113281,-1.8882471323013306
-5.8209209442138672,-48.6485900878906250,-1.8896149396896362
13.3784542083740234,-33.6172676086425781,-1.8942722082138062
-1.9825286865234375,-51.5032997131347656,-1.8900943994522095
21.8703308105468750,-55.2949104309082031,-1.0336855649948120
13.0276794433593750,-50.6369934082031250,-1.8900167942047119
-8.5776443481445313,-38.2727241516113281,-1.0327273607254028
-6.8185739517211914,-38.2901535034179688,-2.7471733093261719
-1.9130293130874634,-29.6392421722412109,-1.8895684480667114
-5.8253364562988281,-49.6420097351074219,-1.8893539905548096
-16.2558174133300781,-47.2528572082519531,-2.7467212677001953
32.5783119201660156,-53.7153625488281250,-1.7886267900466919
6.8436503410339355,-55.1278533935546875,-1.0442698001861572
-16.3616619110107422,-50.2423133850097656,-1.0330665111541748
15.5005235671997070,-40.5470008850097656,-1.0365108251571655
-1.9223172664642334,-33.1225166320800781,-1.0367770195007324
13.3778648376464844,-48.1317253112792969,-1.0327117443084717
10.6218595504760742,-53.2120132446289063,-2.7428553104400635
21.1039047241210938,-47.5184020996093750,-2.7413580417633057
1.9742534160614014,-38.0294647216796875,-2.7448456287384033
-38.9932823181152344,-61.8061370849609375,-4.0422472953796387
2.9099040031433105,-55.0410766601562500,-1.8930948972702026
6.8450403213500977,-38.3461990356445313,-2.7414124011993408
-6.8244161605834961,-46.2349967956542969,-2.7478582859039307
1.8889842033386230,-36.5406570434570313,-1.8792419433593750
-8.5778369903564453,-44.2278594970703125,-2.7478315830230713
-6.8183326721191406,-53.1614723205566406,-1.0358479022979736
5.8203086853027344,-51.7033538818359375,-2.7419307231903076
-8.4209947586059570,-33.2818565368652344,-2.7436385154724121
-6.8181500434875488,-42.2739067077636719,-2.7472054958343506
5.8208694458007813,-47.7471733093261719,-1.0325418710708618
-16.3847217559814453,-57.0641136169433594,-2.0101497173309326
1.1087988615036011,-37.5337867736816406,-1.0335047245025635
5.8984951972961426,-45.7705307006835938,-1.0348120927810669
12.5150356292724609,-40.1696548461914063,-1.8898869752883911
-3.7782056331634521,-29.1483936309814453,-2.7428030967712402
18.1776657104492188,-52.8792190551757813,-2.7461631298065186
1.0629060268402100,-51.3464965820312500,-1.0292476415634155
18.1778335571289063,-38.9848861694335938,-1.0377893447875977
-2.9132547378540039,-28.6500358581542969,-1.0371015071868896
3.6983966827392578,-47.6217193603515625,-1.8917734622955322
-1.0664373636245728,-47.8205451965332031,-1.8905797004699707
-13.3776807785034180,-41.2624855041503906,-1.0384380817413330
-12.5113162994384766,-45.7273101806640625,-1.0380343198776245
27.7778377532958984,-51.3705444335937500,-1.9791731834411621
-8.5711374282836914,-49.1782951354980469,-1.0320041179656982
3.7020273208618164,-42.1667747497558594,-1.0338172912597656
-26.8934669494628906,-51.6458816528320313,-2.7424972057342529
-2.8168978691101074,-38.5997619628906250,-1.0345327854156494
11.4909439086914063,-51.7084083557128906,-1.0365946292877197
1.8938503265380859,-29.1084156036376953,-2.7418913841247559
22.9783306121826172,-46.0126838684082031,-1.8952549695968628
12.3351345062255859,-57.0586776733398438,-2.7511520385742188
15.4223089218139648,-53.9387245178222656,-1.8878297805786133
10.6232233047485352,-55.1876106262207031,-2.7493581771850586
21.0928096771240234,-53.5452117919921875,-2.7332985401153564
-12.5113153457641602,-49.6850700378417969,-2.7428672313690186
-1.0196197032928467,-55.8473320007324219,-1.8114167451858521
-22.3404541015625000,-45.9415588378906250,-1.8945846557617188
-8.5720529556274414,-47.1994361877441406,-1.0319809913635254
-26.0182170867919922,-57.0603141784667969,-1.0325897932052612
38.1784515380859375,-60.6016578674316406,-1.8089014291763306
-18.1776332855224609,-47.0911979675292969,-1.0329540967941284
-2.0136106014251709,-55.0662994384765625,-2.7171030044555664
22.1138191223144531,-47.5133666992187500,-1.8902517557144165
-7.3613986968994141,-33.3372154235839844,-1.8739136457443237
-29.8203983306884766,-55.0872116088867188,-1.7608567476272583
-2.9101860523223877,-31.6406669616699219,-2.7451958656311035
-25.0248622894287109,-51.6645240783691406,-2.7469794750213623
2.0468733310699463,-28.6113739013671875,-1.8897807598114014
3.7781438827514648,-36.6979598999023438,-1.8899617195129395
-5.8324170112609863,-45.6704406738281250,-1.8898637294769287
-17.3129520416259766,-49.0753936767578125,-1.8934192657470703
-1.0312393903732300,-52.2544288635253906,-2.7472386360168457
7.5673360824584961,-52.6782875061035156,-1.0365062952041626
1.9624195098876953,-49.9068603515625000,-1.0331864356994629
-11.6427659988403320,-49.1935424804687500,-2.7428858280181885
12.4757719039916992,-34.6535758972167969,-1.0364117622375488
-12.5110483169555664,-43.7451362609863281,-1.0378803014755249