x,y,z
-12.3547620773315430,-39.5554275512695313,-2.7415513992309570
-12.3536577224731445,-41.5410652160644531,-1.0381561517715454
1.1768206357955933,-39.4293174743652344,-2.7445952892303467
-38.9262390136718750,-61.9071884155273438,-2.5583829879760742
-17.1553230285644531,-39.6889991760253906,-1.0389893054962158
-7.7127394676208496,-33.2000885009765625,-1.0331792831420898
8.1360054016113281,-44.9188995361328125,-1.7902002334594727
26.9137992858886719,-52.5847053527832031,-2.7426409721374512
-10.6220788955688477,-38.5610237121582031,-2.7418491840362549
-27.1711254119873047,-52.9170341491699219,-1.9276924133300781
-8.5321722030639648,-49.0782585144042969,-1.8898679018020630
-31.6027717590332031,-54.7156219482421875,-1.4390345811843872
-21.9544429779052734,-49.1312789916992188,-2.7414572238922119
-7.6753892898559570,-55.0870437622070313,-1.0355020761489868
-6.7309360504150391,-29.3584346771240234,-1.0384286642074585
-3.7776634693145752,-47.1696701049804688,-1.0319950580596924
-16.2888660430908203,-53.1162223815917969,-2.7417891025543213
2.9119060039520264,-37.4551696777343750,-1.0380123853683472
-8.5786542892456055,-54.5261764526367188,-2.7486090660095215
-7.0302739143371582,-31.9717388153076172,-1.9018547534942627
8.0885419845581055,-26.8398342132568359,-1.8910784721374512
-12.3965854644775391,-52.1143150329589844,-1.8959805965423584
10.6363954544067383,-38.7298736572265625,-1.8895127773284912
13.3777170181274414,-42.2481536865234375,-1.0319930315017700
1.0204164981842041,-40.9164085388183594,-1.8966029882431030
-18.0228309631347656,-49.1565818786621094,-2.7442560195922852
20.7609004974365234,-45.7419509887695313,-1.8147040605545044
-7.6840648651123047,-54.5876121520996094,-1.8906611204147339
-7.6858701705932617,-42.1994438171386719,-1.0334836244583130
-2.5515546798706055,-57.0711517333984375,-1.8697096109390259
8.5135841369628906,-34.6262741088867188,-1.0336025953292847
8.5783090591430664,-35.6131477355957031,-1.0330549478530884
-11.6432867050170898,-34.5757675170898438,-1.8901281356811523
6.6802930831909180,-26.8149299621582031,-1.0378481149673462
-7.6868968009948730,-52.0945777893066406,-1.0326763391494751
8.3955583572387695,-57.0650787353515625,-2.7434296607971191
-7.7071166038513184,-31.1948604583740234,-1.0374027490615845
-11.5968370437622070,-55.2252235412597656,-1.0357662439346313
3.7783734798431396,-42.9030570983886719,-2.7421703338623047
30.7802505493164063,-55.3928909301757813,-2.7411532402038574
15.5728731155395508,-46.6640815734863281,-2.7416093349456787
8.5775518417358398,-32.6550369262695313,-2.7470221519470215
1.6825730800628662,-54.9474029541015625,-1.9751019477844238
22.9784412384033203,-57.0579071044921875,-2.7427630424499512
-26.6886672973632813,-54.5804290771484375,-2.7400248050689697
-22.9767208099365234,-47.6468582153320313,-2.7448799610137939
20.2242984771728516,-48.1128387451171875,-2.7446699142456055
-16.2878684997558594,-41.1863250732421875,-1.0389961004257202
-6.9030532836914063,-56.0759010314941406,-2.7426185607910156
16.2027969360351563,-57.0650062561035156,-2.7436120510101318
7.5750956535339355,-47.2054634094238281,-1.0323009490966797
-13.2306203842163086,-45.9778823852539063,-1.0352492332458496
-7.6822495460510254,-54.0881500244140625,-1.0331702232360840
20.2211189270019531,-53.6599273681640625,-1.9168879985809326
11.6237611770629883,-38.2780990600585938,-1.0333919525146484
1.1202944517135620,-25.9340896606445313,-1.8880244493484497
-1.0221470594406128,-35.3606643676757813,-1.0314650535583496
-2.0423069000244141,-44.6839675903320313,-1.8899346590042114
-8.5807914733886719,-44.1291046142578125,-1.8906044960021973
-13.3790740966796875,-42.5284004211425781,-1.8846226930618286
3.5130450725555420,-26.0313186645507813,-1.0384016036987305
16.7489128112792969,-40.8738517761230469,-2.7424759864807129
16.4455833435058594,-47.1522254943847656,-1.0385661125183105
-20.2213096618652344,-54.1022834777832031,-1.0381748676300049
-21.2434997558593750,-48.1305999755859375,-1.8900721073150635
25.1438941955566406,-53.6588554382324219,-1.0377641916275024
13.3777217864990234,-40.2611541748046875,-2.7477436065673828
17.1516990661621094,-42.1797714233398438,-1.8880361318588257
-5.8222088813781738,-51.6399879455566406,-2.7484080791473389
-8.5777425765991211,-31.1888980865478516,-1.8905699253082275
-12.5124092102050781,-40.0530166625976563,-1.8902670145034790
10.6184587478637695,-53.6222267150878906,-1.8868764638900757
-17.3120136260986328,-41.1865234375000000,-1.8900344371795654
-11.2862567901611328,-57.0688095092773438,-1.0322542190551758
-27.7782859802246094,-53.7092170715332031,-1.9346866607666016
18.0005207061767578,-39.6868858337402344,-1.8849346637725830
21.9919166564941406,-54.1799087524414063,-1.0372021198272705
20.2213973999023438,-53.1247940063476563,-1.0353454351425171
-7.6847119331359863,-54.0868568420410156,-2.7472290992736816
-6.6790385246276855,-55.6098709106445313,-1.8929960727691650
-11.6462478637695313,-37.5658035278320313,-1.8900018930435181
1.1778043508529663,-53.2256278991699219,-1.0349107980728149
-5.8228182792663574,-35.3173027038574219,-1.8899598121643066
2.7515056133270264,-31.9958515167236328,-1.8889033794403076
-10.6200466156005859,-54.3999748229980469,-1.0339257717132568
-1.0216847658157349,-36.8562736511230469,-1.8898216485977173
15.5766782760620117,-48.6389083862304688,-2.7422492504119873
-5.8210783004760742,-41.7540054321289063,-1.0322736501693726
-16.2924938201904297,-55.0984306335449219,-1.0381476879119873
-18.0214271545410156,-51.1338157653808594,-1.0358860492706299
-1.0216003656387329,-55.1074218750000000,-1.0338159799575806
7.6151809692382813,-38.2840728759765625,-2.7472162246704102
15.4235506057739258,-44.6737403869628906,-1.0331093072891235
11.6188392639160156,-42.2531623840332031,-1.0325418710708618
-13.3781223297119141,-46.9575614929199219,-2.7477145195007324
20.8631668090820313,-57.0660552978515625,-2.7491064071655273
8.5792732238769531,-28.1656799316406250,-1.8897866010665894
16.3260688781738281,-56.0750160217285156,-2.7415077686309814
-17.9989337921142578,-39.1584777832031250,-2.7414016723632813
2.9112668037414551,-39.4374427795410156,-1.0381212234497070
10.6518993377685547,-49.6569023132324219,-1.8900862932205200
5.8220958709716797,-26.3048267364501953,-1.0388059616088867
-13.3783493041992188,-34.5864181518554688,-1.8972169160842896
2.9091410636901855,-47.8364562988281250,-1.8899917602539063
25.0200443267822266,-54.1594085693359375,-1.8914899826049805
-2.9120564460754395,-35.2571907043457031,-1.8895684480667114
-13.3790178298950195,-57.0591354370117188,-2.7360894680023193
15.4210176467895508,-54.5350151062011719,-2.7449138164520264
-16.2892303466796875,-39.1898689270019531,-1.0391782522201538
2.7568449974060059,-36.9581413269042969,-1.8899438381195068
3.7779731750488281,-35.9666862487792969,-1.0328418016433716
6.6913504600524902,-42.7513236999511719,-1.0695922374725342
-12.5005054473876953,-45.0100517272949219,-1.8896058797836304
7.6810064315795898,-29.7508869171142578,-1.8899134397506714
-10.7754249572753906,-41.0430183410644531,-1.8900909423828125
-15.4218111038208008,-51.6296615600585938,-1.0381952524185181
2.9138219356536865,-45.3700332641601563,-1.0346010923385620
-21.0882167816162109,-48.6290855407714844,-2.7413816452026367
-18.1787242889404297,-48.6564674377441406,-1.8968306779861450
-3.7775845527648926,-38.2455215454101563,-1.0324037075042725
-10.6213378906250000,-50.4577636718750000,-1.0324152708053589
7.5865597724914551,-54.2065505981445313,-2.7425458431243896
11.6291952133178711,-40.2719383239746094,-1.0315952301025391
-17.1529579162597656,-44.6759834289550781,-1.0386483669281006
6.7515139579772949,-37.3028335571289063,-1.8899282217025757
-18.1781864166259766,-56.0860862731933594,-2.7480454444885254
-6.6850032806396484,-40.3249435424804688,-1.3928283452987671
1.0195709466934204,-55.1456451416015625,-1.1491274833679199
7.5850486755371094,-44.2398147583007813,-2.7451424598693848
-17.3132057189941406,-53.1168022155761719,-1.8897827863693237
21.0917358398437500,-48.6222419738769531,-1.0341647863388062
7.6356849670410156,-34.7844772338867188,-1.8875995874404907
16.4440269470214844,-49.1405868530273438,-2.7418813705444336
18.1783161163330078,-49.1407623291015625,-1.0381833314895630
-13.3808279037475586,-48.4423179626464844,-1.8917446136474609
-3.7800965309143066,-54.5985984802246094,-1.8917191028594971
26.9144954681396484,-55.5754699707031250,-1.0365480184555054
-11.7687559127807617,-57.0591468811035156,-1.8882919549942017
10.6223907470703125,-53.1257362365722656,-2.7472326755523682
-10.7698535919189453,-47.9863586425781250,-1.8899549245834351
-3.7777457237243652,-46.1778411865234375,-1.0323659181594849
-8.5780315399169922,-42.6428871154785156,-2.7479560375213623
-2.9033358097076416,-49.6528549194335938,-2.7477564811706543
-10.6156349182128906,-54.8938407897949219,-1.8907750844955444
-3.7776677608489990,-35.2593383789062500,-2.7473661899566650
2.9106812477111816,-33.4875373840332031,-1.0385172367095947
25.9115390777587891,-51.5912475585937500,-1.8900542259216309
-21.2413959503173828,-52.1160545349121094,-1.8898378610610962
10.6242427825927734,-48.1670494079589844,-2.7477843761444092
-2.9050021171569824,-52.1385307312011719,-1.8902356624603271
-13.2200803756713867,-41.0503349304199219,-2.7435238361358643
-2.0294225215911865,-37.2608451843261719,-2.7450690269470215
10.6211738586425781,-56.0715980529785156,-1.0347751379013062
-2.0302464962005615,-53.1258964538574219,-2.7480771541595459
-37.9295349121093750,-60.6933822631835938,-1.9274265766143799
-22.9256954193115234,-55.8020286560058594,-1.0381102561950684
-12.2814292907714844,-54.5132522583007813,-1.0329244136810303
26.0493736267089844,-56.0730857849121094,-1.0361964702606201
8.5777215957641602,-39.5658569335937500,-2.7484247684478760
-11.4868488311767578,-42.0377769470214844,-2.7416157722473145
-10.6212434768676758,-42.5339546203613281,-2.7416379451751709
-13.3807563781738281,-55.4685249328613281,-2.7417929172515869
21.0841217041015625,-50.6356086730957031,-1.0345199108123779
-5.8229131698608398,-29.7896652221679688,-2.7422523498535156
10.6365900039672852,-54.4729957580566406,-1.0388009548187256
-17.1532955169677734,-43.6797218322753906,-1.0386463403701782
2.8733947277069092,-26.6670246124267578,-1.4675838947296143
-13.2225008010864258,-39.0548820495605469,-2.7418243885040283
-18.0251159667968750,-54.1098327636718750,-1.0364885330200195
-10.7787103652954102,-42.0366592407226563,-1.8901211023330688
2.0420329570770264,-42.8949851989746094,-1.0362373590469360
-1.4514009952545166,-28.4437294006347656,-2.7416515350341797
-8.5781488418579102,-40.6621284484863281,-1.0324752330780029
-2.7712464332580566,-55.8384857177734375,-2.7428097724914551
-17.3121261596679688,-50.1432533264160156,-1.8899435997009277
-1.0221686363220215,-49.1852760314941406,-2.7477967739105225
-8.5777940750122070,-45.6137351989746094,-1.0318231582641602
13.3780784606933594,-34.7668266296386719,-1.8885250091552734
8.4922952651977539,-30.6705551147460938,-1.0349389314651489
16.4448528289794922,-51.1211471557617188,-1.0356600284576416
12.5112218856811523,-44.2329902648925781,-1.8899888992309570
2.0448927879333496,-35.9663085937500000,-2.7418365478515625
21.0765094757080078,-46.5727806091308594,-2.7417252063751221
21.8414821624755859,-57.0706367492675781,-2.7480587959289551
-15.4223289489746094,-41.6853218078613281,-2.7411167621612549
10.6220474243164063,-51.1458244323730469,-1.0320652723312378
3.7773294448852539,-25.9822731018066406,-2.7415747642517090
-27.1661510467529297,-55.3892822265625000,-1.0389347076416016
-18.1765899658203125,-41.1873664855957031,-2.7448174953460693
6.7739953994750977,-40.2875480651855469,-1.8895194530487061
-1.0222790241241455,-52.1476325988769531,-1.0331237316131592
27.7793731689453125,-57.0636177062988281,-2.7452161312103271
6.6947207450866699,-27.8274097442626953,-1.0411210060119629
-5.8234496116638184,-28.7787609100341797,-1.0397745370864868
-34.6237487792968750,-57.0567817687988281,-1.0432088375091553
-10.6207714080810547,-44.5164031982421875,-1.0376875400543213
3.6095986366271973,-53.2813377380371094,-1.8907392024993896
11.6339931488037109,-45.2328758239746094,-2.7476816177368164
-7.7125492095947266,-34.2019271850585938,-2.7444548606872559
-7.6878342628479004,-51.5967674255371094,-1.8896468877792358
16.2871456146240234,-45.1754760742187500,-2.7443113327026367
-2.9116578102111816,-32.7643928527832031,-2.7469534873962402
1.7485435009002686,-54.2202453613281250,-2.7400021553039551
2.0460107326507568,-40.9212722778320313,-2.7431128025054932
10.6221122741699219,-49.1590881347656250,-2.7475402355194092
-5.8218803405761719,-54.1222648620605469,-1.8917983770370483
-13.3784847259521484,-38.5643310546875000,-1.8842064142227173
-11.4924039840698242,-47.9903831481933594,-1.0381077527999878
18.1779766082763672,-48.1487236022949219,-2.7417306900024414
22.9782314300537109,-53.4223136901855469,-1.8290107250213623
-32.5152778625488281,-57.0569076538085938,-2.7414402961730957
8.4819335937500000,-31.6662807464599609,-2.7451865673065186
5.8288350105285645,-52.6396789550781250,-1.8904607295989990
-5.8219461441040039,-37.8029975891113281,-2.7475137710571289
13.3769416809082031,-47.7040061950683594,-1.8899859189987183
-11.4884786605834961,-39.0582122802734375,-2.7412827014923096
3.7787404060363770,-26.9955863952636719,-2.7435197830200195
-13.2211103439331055,-34.0836372375488281,-2.7428569793701172
12.4926643371582031,-52.6612396240234375,-2.7477872371673584
2.0456855297088623,-36.9578781127929688,-2.7417941093444824
-7.6955389976501465,-49.1050987243652344,-2.7454602718353271
-8.5770063400268555,-33.7013244628906250,-1.0330245494842529
-3.7723720073699951,-47.1700172424316406,-2.7480926513671875
-2.9094569683074951,-45.6843833923339844,-1.0322285890579224
11.6398820877075195,-38.2795944213867188,-2.7475109100341797
-17.1552886962890625,-52.6223258972167969,-1.0379823446273804
12.5021505355834961,-53.6661796569824219,-1.0359528064727783
16.4443206787109375,-54.0963172912597656,-1.0337462425231934
-1.4415476322174072,-31.4757156372070313,-2.7097427845001221
-22.1072826385498047,-49.6300468444824219,-1.8898710012435913
8.5778551101684570,-40.5528526306152344,-2.7470791339874268
-1.0217062234878540,-40.7929496765136719,-1.8898556232452393
36.2372817993164063,-61.1510620117187500,-2.5587699413299561
-2.0218787193298340,-32.2597389221191406,-1.0359274148941040
-12.4086141586303711,-51.5964775085449219,-2.7436144351959229
8.5806312561035156,-56.5816040039062500,-1.8928177356719971
22.3928470611572266,-52.6133308410644531,-1.8387206792831421
-18.0212173461914063,-44.1834106445312500,-1.0359950065612793
-18.1788158416748047,-52.6188278198242188,-1.8877434730529785
-17.1547336578369141,-46.6662673950195313,-2.7415533065795898
8.5777254104614258,-26.6510562896728516,-2.7410995960235596
-5.8219227790832520,-46.1918144226074219,-1.8905597925186157
32.0564575195312500,-55.7651824951171875,-1.0385175943374634
8.5776195526123047,-50.3293762207031250,-2.7479572296142578
8.5300550460815430,-28.6761589050292969,-1.0371783971786499
-1.0223823785781860,-34.8653831481933594,-1.8858367204666138
-12.3519287109375000,-44.5153083801269531,-1.0377920866012573
-5.8220863342285156,-49.6573791503906250,-2.7480409145355225
-11.4882650375366211,-39.0582122802734375,-1.0387383699417114
11.6300868988037109,-48.2083053588867188,-1.0319700241088867
17.3151836395263672,-41.6898803710937500,-2.7416131496429443
-13.2347526550292969,-45.9747467041015625,-2.7412786483764648
-11.4874382019042969,-44.0231971740722656,-2.7418787479400635
3.7781417369842529,-34.9712181091308594,-2.7457292079925537
-8.5777645111083984,-36.6933135986328125,-2.7472188472747803
-1.0226625204086304,-40.3161354064941406,-1.0301265716552734
-26.1784381866455078,-56.2311630249023438,-1.8897204399108887
-1.0323244333267212,-37.3507347106933594,-2.7456655502319336
-1.0618213415145874,-30.8829097747802734,-1.8964414596557617
8.5796575546264648,-42.4943618774414063,-2.5263216495513916
2.0393893718719482,-34.9707107543945313,-1.0381317138671875
2.9156944751739502,-53.2731170654296875,-2.7444047927856445
25.1440639495849609,-54.6574592590332031,-1.0364568233489990
-13.3853759765625000,-55.3686637878417969,-1.7491370439529419
-12.5345745086669922,-54.9062232971191406,-1.9038894176483154
1.1766097545623779,-47.8402976989746094,-1.8904218673706055
-10.6220016479492188,-37.5662193298339844,-2.7414870262145996
5.8221569061279297,-39.2995033264160156,-1.0337311029434204
22.9794101715087891,-50.4584655761718750,-1.8885893821716309
12.4901361465454102,-53.6509475708007813,-2.7455978393554688
-22.9536457061767578,-52.6337509155273438,-2.7457044124603271
-15.5788459777832031,-46.1685104370117188,-1.8900038003921509
7.5505957603454590,-45.7169456481933594,-1.8903024196624756
26.7802848815917969,-53.0841941833496094,-1.8900352716445923
2.7535152435302734,-33.9819335937500000,-1.8904987573623657
-16.2853488922119141,-56.0875930786132813,-1.0377471446990967
-11.7325143814086914,-55.4798927307128906,-1.9850077629089355
7.5895566940307617,-51.1799087524414063,-2.7477383613586426
-7.7014088630676270,-40.1843376159667969,-1.0384104251861572
2.7825050354003906,-27.5618972778320313,-1.0363603830337524
-1.0222874879837036,-53.6305236816406250,-1.8922965526580811
-2.9120671749114990,-44.1944885253906250,-1.8900296688079834
-2.8871061801910400,-37.2470550537109375,-1.8895518779754639
12.4894399642944336,-46.7133674621582031,-1.0345654487609863
-3.7769978046417236,-37.2501564025878906,-2.7474389076232910
-3.7776639461517334,-40.2328681945800781,-1.0322875976562500
7.6166968345642090,-41.2670173645019531,-2.7179522514343262
8.5808115005493164,-30.1728897094726563,-1.8898640871047974
5.8218660354614258,-29.3322563171386719,-2.7448492050170898
-2.8878331184387207,-44.6889305114746094,-2.7479410171508789
22.9767913818359375,-50.9675865173339844,-1.0357518196105957
-7.7108926773071289,-31.1933231353759766,-2.7424361705780029
3.7797570228576660,-48.3188705444335938,-1.8908143043518066
-22.8199558258056641,-46.6360397338867188,-2.7418217658996582
3.7788872718811035,-38.9415397644042969,-2.7419142723083496
-13.3799848556518555,-48.9211692810058594,-2.7502782344818115
-2.9120540618896484,-34.7594757080078125,-2.7472574710845947
27.7791366577148438,-57.0637435913085938,-1.0348550081253052
-6.7072196006774902,-46.1879196166992188,-2.7469372749328613
-1.0223146677017212,-47.6990776062011719,-1.8898506164550781
2.9126415252685547,-40.4270896911621094,-2.7420978546142578
7.6750130653381348,-27.7484951019287109,-1.8895515203475952
-18.1777172088623047,-40.6862640380859375,-1.8846048116683960
-8.5794849395751953,-55.4969825744628906,-1.0313750505447388
-10.6220293045043945,-35.5733795166015625,-2.7413020133972168
15.5016031265258789,-52.6056442260742188,-1.0333822965621948
-30.8038864135742188,-54.4146308898925781,-2.7422800064086914
38.9874076843261719,-61.8021278381347656,-2.5582697391510010
-2.0423204898834229,-54.6124687194824219,-1.8903956413269043
16.4893169403076172,-55.5463600158691406,-1.9113173484802246
6.7179203033447266,-50.6693382263183594,-2.7477493286132813
-13.2268218994140625,-33.0932617187500000,-1.0385311841964722
-10.6220626831054688,-55.3788299560546875,-2.7479496002197266
-21.9547615051269531,-46.1367645263671875,-2.7412097454071045
17.3405723571777344,-55.0860443115234375,-1.8927851915359497
10.6216926574707031,-36.8068389892578125,-2.7397000789642334
3.7798688411712646,-49.8055725097656250,-2.7465207576751709
-7.6831097602844238,-55.0859260559082031,-2.7468807697296143
1.0223436355590820,-35.4713821411132813,-1.0344330072402954
-15.4076213836669922,-56.5607643127441406,-1.0356107950210571
-10.6214218139648438,-46.4977378845214844,-2.7426190376281738
2.7952225208282471,-57.0797042846679688,-1.0374691486358643
-25.0220623016357422,-52.0978851318359375,-2.7402751445770264
-13.2259101867675781,-36.0859375000000000,-2.7427568435668945
13.3700885772705078,-35.2697448730468750,-2.7458419799804688
20.2216434478759766,-49.6297416687011719,-1.8905657529830933
-31.3635959625244141,-56.2066230773925781,-1.0387414693832397
26.0462303161621094,-51.0904197692871094,-1.0378531217575073
-12.3517541885375977,-45.5067405700683594,-1.0372322797775269
13.3805198669433594,-56.0940971374511719,-2.7445619106292725
1.0191657543182373,-51.7946929931640625,-1.9036582708358765
22.9701499938964844,-49.4581222534179688,-1.8899979591369629
2.9128484725952148,-52.2592926025390625,-1.0359354019165039
18.1782741546630859,-44.1712493896484375,-1.0383557081222534
-3.7777473926544189,-32.2673797607421875,-2.7470912933349609
6.6921176910400391,-37.8006477355957031,-1.0330406427383423
-2.8973889350891113,-31.7668590545654297,-1.0329389572143555
-16.4454116821289063,-47.6601257324218750,-1.8900941610336304
7.9822468757629395,-42.9452018737792969,-1.8767292499542236
1.0184704065322876,-56.1102180480957031,-1.0377982854843140
-5.8222303390502930,-36.8103103637695313,-2.7477111816406250
1.8879966735839844,-48.8215789794921875,-1.0346815586090088
6.6844935417175293,-29.8351879119873047,-2.7443935871124268
1.8861833810806274,-28.9893169403076172,-2.7432258129119873
-12.3535261154174805,-37.5659141540527344,-1.0388228893280029
-13.2634744644165039,-54.6889152526855469,-1.0344336032867432
-25.0215263366699219,-53.8076095581054688,-1.0389796495437622
15.5780429840087891,-42.6804771423339844,-2.7413899898529053
-11.6453866958618164,-32.5793609619140625,-1.8901562690734863
21.0809669494628906,-47.6031684875488281,-1.0355246067047119
7.5856308937072754,-51.1770324707031250,-1.0326609611511230
16.6944141387939453,-57.0620765686035156,-1.8835777044296265
-15.4167947769165039,-55.5904884338378906,-2.7427787780761719
-2.9035394191741943,-48.6612968444824219,-1.0319951772689819
18.1781120300292969,-48.1483535766601563,-1.0383129119873047
2.9103114604949951,-32.4964447021484375,-1.0380514860153198
11.6352195739746094,-34.2660598754882813,-1.0378729104995728
21.9724788665771484,-47.0142822265625000,-2.7421030998229980
10.6188573837280273,-57.0622673034667969,-1.0348070859909058
17.3171958923339844,-52.6067237854003906,-2.7410585880279541
16.2873477935791016,-42.6793975830078125,-1.8910940885543823
3.7042291164398193,-36.4608764648437500,-1.8900004625320435
-2.2358496189117432,-28.5229663848876953,-2.0087797641754150
1.8837993144989014,-44.3836250305175781,-1.8822346925735474
11.5964164733886719,-33.3810424804687500,-2.6711697578430176
-20.2230072021484375,-46.1332817077636719,-2.7410187721252441
-11.4875736236572266,-34.0767059326171875,-2.7411310672760010
6.7179985046386719,-35.8118247985839844,-2.7468998432159424
10.6221809387207031,-47.6723403930664063,-1.8904232978820801
22.9784984588623047,-51.8805236816406250,-2.3801410198211670
8.5779066085815430,-53.2918014526367188,-1.0334302186965942
8.5775194168090820,-32.6562309265136719,-1.0337762832641602
-17.1528701782226563,-39.6893882751464844,-2.7410085201263428
-10.6214351654052734,-43.5262451171875000,-2.7417740821838379
-5.8216333389282227,-37.3073654174804688,-1.8898588418960571
6.6820607185363770,-50.1758308410644531,-1.8891030550003052
13.3849210739135742,-55.5920982360839844,-1.8900105953216553
20.6897144317626953,-56.1806373596191406,-1.8965731859207153
17.8591461181640625,-40.2490653991699219,-2.7418501377105713
-2.8940081596374512,-52.6348190307617188,-1.0324850082397461
-31.8082065582275391,-56.0711555480957031,-2.7418928146362305
11.6213665008544922,-44.2417449951171875,-2.7473180294036865
1.8873443603515625,-45.8617591857910156,-2.7432281970977783
8.5779953002929688,-51.3194160461425781,-2.7482876777648926
18.0172519683837891,-42.6782188415527344,-1.8891224861145020
-17.3123970031738281,-42.1843872070312500,-1.8899947404861450
-3.7777194976806641,-29.2262535095214844,-2.7424116134643555
-25.0221557617187500,-52.0356292724609375,-1.0456566810607910
-6.7399621009826660,-38.4089012145996094,-1.0344197750091553
-7.6856818199157715,-42.6980361938476563,-1.8929045200347900
8.5023078918457031,-36.1062889099121094,-1.8893327713012695
-17.2037868499755859,-57.0527725219726563,-1.0252031087875366
38.2183799743652344,-61.1659202575683594,-2.5913810729980469
7.5900764465332031,-50.6832656860351563,-1.8902475833892822
-6.7331662178039551,-31.4177589416503906,-1.0375502109527588
-11.4868993759155273,-43.0302886962890625,-2.7411086559295654
30.5272693634033203,-57.0581092834472656,-2.7422962188720703
-13.2266826629638672,-43.0167961120605469,-2.7422466278076172
-6.6870765686035156,-54.1180267333984375,-1.0321824550628662
-30.7423057556152344,-54.9441299438476563,-1.9004077911376953
-2.0207164287567139,-54.1123199462890625,-1.0323768854141235
26.9145278930664063,-56.5720901489257813,-2.7424564361572266
-11.6431989669799805,-36.5699043273925781,-1.8900816440582275
-22.1120052337646484,-45.6377906799316406,-1.8901612758636475
2.7556414604187012,-48.3271369934082031,-1.0363482236862183
17.3959026336669922,-38.5895004272460938,-2.7411766052246094
-26.0955047607421875,-52.0529098510742188,-2.7390620708465576
-2.0251667499542236,-31.2615585327148438,-1.0363569259643555
-11.4841060638427734,-52.9295539855957031,-1.0367333889007568
15.5784921646118164,-50.6239051818847656,-1.0371158123016357
1.0220978260040283,-26.4488067626953125,-1.0380469560623169
-3.7753522396087646,-46.1769523620605469,-2.7479310035705566
-3.7779543399810791,-33.7629432678222656,-1.8899307250976563
-16.4435901641845703,-43.6793746948242188,-1.8899542093276978
-5.8236379623413086,-45.6982421875000000,-2.7476963996887207
-27.7782249450683594,-52.9131851196289063,-2.7348711490631104
1.0213997364044189,-51.2854270935058594,-1.0353817939758301
6.6935329437255859,-52.6541900634765625,-2.7479460239410400
-7.7128329277038574,-37.6916084289550781,-1.8900363445281982
-12.3525676727294922,-34.5760650634765625,-2.7411699295043945
22.6427631378173828,-54.7268257141113281,-2.7428567409515381
1.8904262781143188,-49.8125877380371094,-1.0333163738250732
-15.4220123291015625,-48.6533355712890625,-1.0383704900741577
6.6787800788879395,-29.8399353027343750,-1.0356845855712891
18.0235576629638672,-46.6585769653320313,-1.8898472785949707
-20.3799438476562500,-56.5883026123046875,-1.8903285264968872
16.4433383941650391,-44.1777381896972656,-2.7420401573181152
-8.5765886306762695,-45.6123008728027344,-2.7483928203582764
3.0675871372222900,-57.0595855712890625,-2.7410073280334473
3.6192340850830078,-51.2900810241699219,-1.8907650709152222
8.5136013031005859,-39.5650787353515625,-1.0328148603439331
-13.3785924911499023,-39.5579719543457031,-1.8952372074127197
25.0203533172607422,-53.1552658081054688,-1.8902102708816528
-8.5780658721923828,-38.1884803771972656,-1.8899207115173340
11.6191682815551758,-47.2164535522460938,-1.0320557355880737
-21.2411518096923828,-51.1206741333007813,-1.8898543119430542
-2.9070611000061035,-36.7492713928222656,-1.0323621034622192
1.0220513343811035,-36.4674568176269531,-1.0331323146820068
3.7785394191741943,-50.7913742065429688,-1.0387516021728516
15.4230298995971680,-44.6745910644531250,-2.7475516796112061
21.9942493438720703,-53.0486183166503906,-1.0329705476760864
-3.7771327495574951,-53.1149063110351563,-2.7484841346740723
-29.8219757080078125,-52.9957809448242188,-1.1602094173431396
12.5140800476074219,-33.7528686523437500,-1.0373047590255737
-2.0128812789916992,-32.7684211730957031,-1.8895254135131836
11.6183490753173828,-46.2253112792968750,-1.0327188968658447
3.7763409614562988,-34.9728393554687500,-1.0341089963912964
11.6408815383911133,-33.2679252624511719,-1.0389006137847900
-16.4450168609619141,-46.6659240722656250,-1.8900480270385742
12.5142765045166016,-34.7516555786132813,-1.0382207632064819
-5.8216538429260254,-38.3019409179687500,-1.8898445367813110
-22.8311157226562500,-52.6394729614257813,-1.0366072654724121
10.6223497390747070,-37.7125473022460938,-1.9020968675613403
1.9077372550964355,-39.9285850524902344,-1.0341366529464722
5.8220009803771973,-54.6230506896972656,-1.8901494741439819
20.2488098144531250,-52.6260643005371094,-1.8909933567047119
-35.1488952636718750,-57.0567970275878906,-1.8955804109573364
37.7994995117187500,-60.7046737670898438,-1.0400964021682739
2.9120759963989258,-33.4821929931640625,-2.7418625354766846
2.0502178668975830,-51.7937126159667969,-2.7462570667266846
-18.0205593109130859,-47.1652297973632813,-2.7443988323211670
26.9138202667236328,-56.5728874206542969,-1.0374854803085327
26.0471134185791016,-53.0864753723144531,-1.0370949506759644
26.7857074737548828,-56.0725822448730469,-1.8895872831344604
-5.8232688903808594,-50.1535835266113281,-1.8900780677795410
-1.0220106840133667,-45.2205467224121094,-2.7475292682647705
-7.7088556289672852,-46.6056137084960938,-1.8831305503845215
15.4223651885986328,-45.1716003417968750,-1.8905482292175293
-5.8221735954284668,-42.2506904602050781,-1.8900314569473267
37.6673355102539063,-61.9135894775390625,-4.0417370796203613
-20.2223911285400391,-47.1317481994628906,-2.7410809993743896
10.6214618682861328,-47.1771774291992188,-1.0319614410400391
-3.7785418033599854,-50.6392135620117188,-1.8900357484817505
10.6418209075927734,-52.6321067810058594,-1.8893934488296509
5.8737001419067383,-35.3179626464843750,-1.0335295200347900
-3.7762789726257324,-33.2648239135742188,-2.7470977306365967
2.7553937435150146,-49.3147506713867188,-1.0338650941848755
-6.6926870346069336,-50.1486167907714844,-1.0325237512588501
-32.5780982971191406,-57.0585670471191406,-1.7453538179397583
-31.4479885101318359,-52.8408241271972656,-2.7406930923461914
-3.7794458866119385,-55.0945777893066406,-1.0306644439697266
1.8866915702819824,-44.8724250793457031,-2.7458636760711670
-10.6172294616699219,-51.4470062255859375,-2.7464537620544434
11.6319847106933594,-40.2744598388671875,-2.7461738586425781
-7.6828298568725586,-53.5897636413574219,-1.8899067640304565
20.2236671447753906,-47.0886497497558594,-1.0368161201477051
6.6823797225952148,-33.8200378417968750,-2.7445962429046631
-8.5776710510253906,-44.6230545043945313,-2.7483723163604736
-2.0631337165832520,-28.2198028564453125,-1.0723041296005249
10.6201372146606445,-54.1152038574218750,-2.7481493949890137
2.7519516944885254,-30.5186367034912109,-2.7448327541351318
-6.6902770996093750,-42.7431716918945313,-1.8899208307266235
21.9780693054199219,-54.5906944274902344,-1.9448004961013794
5.8210682868957520,-28.3296165466308594,-1.0354430675506592
-2.0431132316589355,-41.7167396545410156,-1.8880438804626465
1.0570846796035767,-27.4702701568603516,-2.7434179782867432
16.2663974761962891,-38.5419616699218750,-1.8583321571350098
2.9126956462860107,-44.3803024291992188,-1.0342234373092651
-2.0530138015747070,-30.7623882293701172,-1.8988423347473145
-6.6903486251831055,-48.1712341308593750,-2.7446479797363281
-5.8231072425842285,-47.6764335632324219,-2.7480299472808838
-13.3830823898315430,-52.8817520141601563,-1.0369843244552612
3.7799582481384277,-44.3795051574707031,-1.8880293369293213
10.6239957809448242,-45.1908874511718750,-1.0321149826049805
-10.6220359802246094,-38.5607910156250000,-1.0382002592086792
27.7787628173828125,-54.0793304443359375,-1.0370029211044312
22.9780063629150391,-48.9588165283203125,-1.0330301523208618
-10.6223793029785156,-32.5794258117675781,-2.7410230636596680
-1.0221842527389526,-47.2019653320312500,-2.7478504180908203
32.5784187316894531,-56.2219886779785156,-1.7559955120086670
-27.3304672241210938,-50.4849662780761719,-2.7410399913787842
-7.7113738059997559,-39.1878585815429688,-2.7396521568298340
5.8171043395996094,-56.5841979980468750,-1.8955554962158203
13.3777151107788086,-52.1590347290039063,-1.0324472188949585
2.9084646701812744,-34.4790534973144531,-1.0382344722747803
-5.8212671279907227,-43.7323074340820313,-1.0332713127136230
26.0467090606689453,-54.0862121582031250,-2.7432103157043457
1.0215412378311157,-37.4598999023437500,-2.7457540035247803
2.0469918251037598,-32.9842109680175781,-2.7433066368103027
-11.2625818252563477,-57.0682373046875000,-2.7431826591491699
1.0201994180679321,-52.2644233703613281,-1.0340462923049927
-7.6862249374389648,-41.6962776184082031,-1.8879636526107788
2.7534029483795166,-42.9016418457031250,-1.8904052972793579
3.7777261734008789,-25.2013854980468750,-1.5267872810363770
-8.5791645050048828,-43.6351127624511719,-1.0317955017089844
20.2173118591308594,-53.1199607849121094,-2.7481939792633057
-16.2882690429687500,-50.1424980163574219,-1.0383098125457764
-3.7779977321624756,-31.7673892974853516,-1.8902449607849121
27.7790145874023438,-56.0690269470214844,-2.7460498809814453
-6.2027091979980469,-44.2767982482910156,-1.9312202930450439
-8.5780353546142578,-34.6992759704589844,-1.0327621698379517
17.3106460571289063,-49.6372108459472656,-2.7416262626647949
-1.0216124057769775,-42.2553367614746094,-1.0317038297653198
-22.8267669677734375,-51.6364593505859375,-1.0356898307800293
26.9139022827148438,-54.5794258117675781,-2.7432122230529785
-3.7734773159027100,-48.1619644165039063,-2.7481174468994141
1.0208621025085449,-45.3674964904785156,-2.7457399368286133
-1.0219857692718506,-52.6373023986816406,-1.8912166357040405
-21.0869407653808594,-53.6078147888183594,-1.0381829738616943
3.7757613658905029,-27.5123538970947266,-1.8922320604324341
-6.6850457191467285,-40.3231163024902344,-2.3866975307464600
-8.5777006149291992,-44.6241569519042969,-1.0319421291351318
15.4210767745971680,-42.1855697631835938,-1.8835715055465698
-2.0430254936218262,-32.2721977233886719,-2.7469923496246338
-1.0222756862640381,-45.2211608886718750,-1.0321406126022339
6.6847863197326660,-32.8347587585449219,-1.0345911979675293
-5.8211460113525391,-38.7941436767578125,-1.0339562892913818
-3.7782218456268311,-56.0833740234375000,-1.0362024307250977
-11.4884376525878906,-51.9424362182617188,-1.0388489961624146
26.9137039184570313,-53.5824241638183594,-2.7429530620574951
-11.4865789413452148,-44.0205726623535156,-1.0381104946136475
-3.7776145935058594,-36.2550086975097656,-1.0325679779052734
1.1376184225082397,-35.4787025451660156,-2.7458462715148926
-1.0221095085144043,-42.7601776123046875,-1.8891168832778931
3.7785389423370361,-56.0609512329101563,-1.0383551120758057
-1.0222752094268799,-49.1852912902832031,-1.0324201583862305
-10.6228857040405273,-32.5796890258789063,-1.0389796495437622
7.5907311439514160,-48.1979484558105469,-2.7477841377258301
16.2595462799072266,-39.6131210327148438,-1.8314391374588013
22.0561161041259766,-52.0571937561035156,-1.0387544631958008
-1.0326654911041260,-50.1753120422363281,-1.0317233800888062
12.5146455764770508,-38.2680320739746094,-1.8902810811996460
20.2221412658691406,-47.6074295043945313,-1.8866262435913086
16.2541713714599609,-40.0102195739746094,-2.7431669235229492
22.9778518676757813,-47.4428100585937500,-1.8928890228271484
27.7781791687011719,-52.0839996337890625,-1.0375170707702637
1.9338656663894653,-26.8381938934326172,-2.7418420314788818
12.4962568283081055,-56.6150665283203125,-2.7398753166198730
2.0387187004089355,-33.9744033813476563,-1.0388464927673340
-2.8977448940277100,-55.6153602600097656,-1.0379269123077393
-6.7408638000488281,-39.4008636474609375,-1.0376648902893066
13.3750619888305664,-46.2161216735839844,-1.0321376323699951
-3.7780909538269043,-30.7645759582519531,-1.8880593776702881
6.6909990310668945,-48.6870727539062500,-1.0322440862655640
-17.1545906066894531,-41.6856002807617188,-2.7410171031951904
12.0182809829711914,-55.6154441833496094,-1.8650016784667969
-2.9011833667755127,-42.7061958312988281,-1.0319527387619019
18.0220813751220703,-47.6518974304199219,-1.8899555206298828
12.4144096374511719,-36.2763748168945313,-1.8893942832946777
11.6194133758544922,-44.7359390258789063,-1.8890451192855835
-7.6914014816284180,-50.1018981933593750,-2.7470963001251221
-13.3795385360717773,-49.9192390441894531,-1.0302654504776001
7.5728816986083984,-52.1763954162597656,-2.7450661659240723
-2.0111117362976074,-29.2162246704101563,-1.0378884077072144
1.0207623243331909,-31.4992656707763672,-2.7477657794952393
-3.7774329185485840,-45.6818923950195313,-1.8905472755432129
1.8873760700225830,-41.4135513305664063,-1.8908863067626953
-1.0253483057022095,-32.3763313293457031,-1.0341908931732178
16.2872142791748047,-49.6336822509765625,-1.8895676136016846
-2.9106018543243408,-31.7652702331542969,-2.7466661930084229
-26.7083530426025391,-56.2744216918945313,-1.0427556037902832
-2.9054067134857178,-36.7493553161621094,-2.7474703788757324
13.3779563903808594,-40.7567672729492188,-1.8898030519485474
-10.7689800262451172,-46.0030136108398438,-1.8895219564437866
7.7743477821350098,-28.7569942474365234,-1.8898426294326782
12.5040254592895508,-41.7498626708984375,-2.7476503849029541
-2.0191733837127686,-57.0666465759277344,-1.0311975479125977
-12.3523588180541992,-43.5248222351074219,-2.7414190769195557
1.0172166824340820,-57.0765380859375000,-1.0309013128280640
7.9629354476928711,-55.7977485656738281,-1.9100892543792725
17.3117275238037109,-46.6585121154785156,-2.7416970729827881
12.3517036437988281,-36.7821922302246094,-2.7443659305572510
5.9267349243164063,-40.8129806518554688,-1.9038672447204590
-5.8219122886657715,-51.6396827697753906,-1.0318852663040161
-12.3543710708618164,-42.5332069396972656,-1.0382359027862549
-3.7881431579589844,-55.5785675048828125,-1.8903393745422363
-10.6221714019775391,-34.5758552551269531,-2.7412242889404297
10.6213903427124023,-34.8177833557128906,-1.9413033723831177
6.6946997642517090,-53.6390190124511719,-1.0342594385147095
-27.2507553100585938,-52.0861740112304688,-1.0388398170471191
17.3099994659423828,-51.6173744201660156,-2.7420387268066406
26.0464057922363281,-53.0882987976074219,-2.7430987358093262
-1.0222564935684204,-39.3311233520507813,-2.7484586238861084
-37.8894119262695313,-61.9135017395019531,-4.0411567687988281
6.6915531158447266,-36.8068695068359375,-2.7470870018005371
2.9096515178680420,-30.5127201080322266,-1.0356899499893188
-5.8234519958496094,-32.8244056701660156,-1.0343772172927856
-7.7126164436340332,-35.6965217590332031,-1.8900783061981201
6.7407407760620117,-32.8298721313476563,-2.7451319694519043
-32.5780448913574219,-53.4708633422851563,-1.0569924116134644
-21.0886287689208984,-47.6315422058105469,-1.0388613939285278
-16.2880744934082031,-55.0952453613281250,-2.7422058582305908
11.6202297210693359,-47.7121315002441406,-1.8894872665405273
13.3776569366455078,-39.7621803283691406,-1.8902060985565186
11.6200542449951172,-39.2772903442382813,-2.7471256256103516
16.0043907165527344,-56.3576049804687500,-1.8285778760910034
5.8223552703857422,-47.1951522827148438,-1.0323042869567871
3.7779219150543213,-33.9827728271484375,-1.0388056039810181
22.9791202545166016,-54.6561470031738281,-1.8077409267425537
20.2185535430908203,-56.0841674804687500,-1.0347241163253784
7.5740413665771484,-52.1685638427734375,-1.0336775779724121
-38.3894500732421875,-61.4888763427734375,-3.2879843711853027
-16.2725028991699219,-56.0816154479980469,-2.7423548698425293
-12.3541202545166016,-34.5758895874023438,-1.0388661623001099
-16.4457855224609375,-48.6536636352539063,-1.8901704549789429
18.1857013702392578,-54.5888900756835938,-1.8901200294494629
-3.7777650356292725,-49.1531486511230469,-1.0321285724639893
17.3105926513671875,-54.5943107604980469,-2.7481546401977539
-3.7781729698181152,-40.7310676574707031,-1.8897813558578491
-5.9058051109313965,-56.0610694885253906,-2.7454230785369873
6.7363734245300293,-55.7147064208984375,-2.7417244911193848
5.8217539787292480,-29.3286705017089844,-1.0339267253875732
6.6883678436279297,-31.8405265808105469,-1.0368437767028809
6.7147979736328125,-51.6615982055664063,-2.7483944892883301
6.6868147850036621,-30.8430995941162109,-1.0364840030670166
18.1833362579345703,-57.0647392272949219,-2.7449989318847656
-2.1925585269927979,-56.1615600585937500,-1.9971104860305786
2.9116611480712891,-38.4465713500976563,-1.0380055904388428
10.6245603561401367,-43.2015380859375000,-1.0345129966735840
-2.9174451828002930,-28.7190055847167969,-2.7414445877075195
1.8908945322036743,-37.4541397094726563,-1.8893315792083740
-6.7396960258483887,-36.4173622131347656,-2.7473804950714111
-11.4859762191772461,-47.9748306274414063,-2.7433500289916992
17.1577510833740234,-46.1611442565917969,-1.8898358345031738
-2.0372142791748047,-35.2664794921875000,-2.7458815574645996
-37.2837867736816406,-61.0850028991699219,-3.6466271877288818
-12.3525896072387695,-47.4870033264160156,-2.7434897422790527
-16.2876529693603516,-49.1503067016601563,-2.7416315078735352
-12.3495779037475586,-55.3863677978515625,-2.7496654987335205
-16.4460525512695313,-52.6216049194335938,-1.8898361921310425
-26.5914916992187500,-52.9196319580078125,-2.7410962581634521
-2.0343618392944336,-39.2478027343750000,-1.0328273773193359
-25.0217895507812500,-57.0577850341796875,-2.7196438312530518
16.2858848571777344,-52.6069869995117188,-1.8849149942398071
27.7787113189697266,-54.0795135498046875,-2.7430253028869629
16.2885456085205078,-47.6488151550292969,-1.8901528120040894
36.6693572998046875,-61.9134445190429688,-4.0413823127746582
-2.0196399688720703,-50.6497001647949219,-1.8901871442794800
-17.1541881561279297,-44.6757545471191406,-2.7413213253021240
-6.7470479011535645,-30.9106101989746094,-1.8941575288772583
5.8220205307006836,-36.3158874511718750,-2.7472698688507080
13.3706865310668945,-42.7438240051269531,-1.8896864652633667
7.6256709098815918,-38.7831077575683594,-1.8898190259933472
-2.8988335132598877,-47.6672096252441406,-2.7476379871368408
3.1054933071136475,-56.3325843811035156,-2.0187125205993652
13.3779335021972656,-41.7509651184082031,-1.8895249366760254
-2.9106245040893555,-32.7649078369140625,-1.0332623720169067
-13.0338563919067383,-49.8439826965332031,-2.7412698268890381
-16.3010787963867188,-57.0661621093750000,-2.7429795265197754
25.8998794555664063,-50.5929183959960938,-1.8902136087417603
2.0488562583923340,-50.7992897033691406,-2.7452824115753174
3.7532167434692383,-48.8133621215820313,-1.0329500436782837
-2.8866350650787354,-41.7138824462890625,-1.0325659513473511
-16.2879257202148438,-50.1429023742675781,-2.7416925430297852
-27.1801967620849609,-52.1138420104980469,-2.7410840988159180
25.1368484497070313,-54.6690483093261719,-2.7420754432678223
-3.7748754024505615,-38.2447319030761719,-2.7475872039794922
15.4220972061157227,-54.8551979064941406,-1.0366157293319702
1.0553447008132935,-53.4995460510253906,-2.7412533760070801
18.0297565460205078,-38.6890907287597656,-1.9032958745956421
-3.7683391571044922,-31.2685394287109375,-1.0330852270126343
-7.1455621719360352,-48.7639427185058594,-1.8382315635681152
-10.7666406631469727,-45.0123672485351563,-1.8899384737014771
11.4795122146606445,-36.2930145263671875,-2.7400150299072266
2.0450339317321777,-41.9124832153320313,-2.7421290874481201
-5.8216052055358887,-53.6257362365722656,-2.7482640743255615
22.9701519012451172,-48.4563789367675781,-1.8889540433883667
25.1523952484130859,-50.6445236206054688,-1.0385961532592773
3.7784097194671631,-37.9511413574218750,-1.0383160114288330
-25.0207729339599609,-55.4634704589843750,-2.7020096778869629
-26.7005424499511719,-55.3828125000000000,-1.9284187555313110
-5.8216300010681152,-42.7431488037109375,-1.0320177078247070
22.9869136810302734,-56.2764549255371094,-1.7892823219299316
-29.8216991424560547,-54.0314979553222656,-1.0388022661209106
-2.0267271995544434,-38.2530860900878906,-2.7452747821807861
-11.4873180389404297,-48.9678535461425781,-2.7465727329254150
16.4444007873535156,-46.1578063964843750,-2.7416162490844727
-31.5599365234375000,-55.6016235351562500,-1.8949515819549561
-1.0182895660400391,-54.6195182800292969,-1.8928967714309692
-18.0205783843994141,-46.1682929992675781,-2.7427186965942383
15.4208078384399414,-51.1170043945312500,-1.8878774642944336
6.7423329353332520,-41.7665443420410156,-1.0386862754821777
5.8322014808654785,-48.1848068237304688,-2.7479774951934814
11.6410837173461914,-36.2844352722167969,-1.0367853641510010
25.1518497467041016,-51.6472091674804688,-1.0380059480667114
-11.4811220169067383,-51.9428253173828125,-2.7412083148956299
2.0460553169250488,-34.9741020202636719,-2.7418172359466553
13.3774051666259766,-43.2387428283691406,-2.7478091716766357
-32.2235603332519531,-54.0718765258789063,-1.8827841281890869
12.5107765197753906,-38.7681312561035156,-2.7474517822265625
-22.8237915039062500,-50.6313705444335938,-1.0378327369689941
-20.2224082946777344,-47.1318016052246094,-1.0389368534088135
-12.5081567764282227,-35.0750045776367188,-1.8901796340942383
5.8212542533874512,-54.1269645690917969,-2.7477378845214844
-15.5786771774291992,-42.1839027404785156,-1.8899846076965332
-17.1543331146240234,-42.6828536987304688,-2.7411656379699707
17.3122844696044922,-50.6283111572265625,-1.0379325151443481
-12.3519420623779297,-46.4988517761230469,-1.0370554924011230
-2.9085135459899902,-39.7303466796875000,-1.0322791337966919
1.1768220663070679,-42.3949737548828125,-1.0360352993011475
-1.0228465795516968,-30.3813209533691406,-1.0363972187042236
-1.0223302841186523,-44.2316627502441406,-2.7467267513275146
-16.2921733856201172,-54.1083030700683594,-1.0381144285202026
5.8210673332214355,-55.1177635192871094,-2.7455170154571533
-13.2218904495239258,-38.0679664611816406,-1.0365457534790039
6.6878404617309570,-33.8251190185546875,-1.0353381633758545
-2.9099173545837402,-42.2108612060546875,-1.8895435333251953
25.5367259979248047,-57.0588302612304688,-1.8900010585784912
5.9025001525878906,-39.7996978759765625,-1.8912019729614258
16.3924312591552734,-55.0915794372558594,-1.0349669456481934
-13.3775854110717773,-32.5828971862792969,-1.8851710557937622
-18.1778488159179688,-51.1390075683593750,-2.7456793785095215
-16.4459857940673828,-41.6853027343750000,-1.8900094032287598
-17.1538352966308594,-43.6796875000000000,-2.7413179874420166
7.6776976585388184,-30.7469272613525391,-1.8904730081558228
-2.9014074802398682,-46.6760215759277344,-1.0322288274765015
-8.5777587890625000,-46.6022872924804688,-2.7479975223541260
15.4218072891235352,-43.1801147460937500,-1.8915387392044067
-31.0607318878173828,-53.9978752136230469,-1.8719227313995361
18.0215187072753906,-48.6447677612304688,-1.8899284601211548
13.3735313415527344,-50.1811637878417969,-2.7454354763031006
3.7795758247375488,-47.3269157409667969,-1.8902702331542969
-32.5784873962402344,-54.4361152648925781,-2.7416837215423584
11.3964643478393555,-55.1230773925781250,-1.0367528200149536
7.6254339218139648,-37.7856903076171875,-1.8903386592864990
-6.6890530586242676,-54.1189765930175781,-2.7479567527770996
-16.2281761169433594,-57.0727539062500000,-1.0376790761947632
1.0218702554702759,-50.3034210205078125,-1.0343712568283081
-6.6884045600891113,-53.1262130737304688,-1.0320500135421753
7.6508426666259766,-33.2711410522460938,-1.0388017892837524
-26.6846809387207031,-51.2468414306640625,-2.7389059066772461
1.0226988792419434,-30.4941921234130859,-1.0356318950653076
-15.4218845367431641,-49.6461448669433594,-1.0382943153381348
-18.1193637847900391,-53.1181869506835938,-1.0318710803985596
2.9074938297271729,-50.2911148071289063,-1.0385187864303589
-8.5776996612548828,-41.6523094177246094,-2.7475075721740723
-11.4885387420654297,-40.0520401000976563,-1.0384087562561035
-17.1540508270263672,-47.6607131958007813,-2.7415370941162109
-10.6215639114379883,-41.5407218933105469,-1.0383193492889404
13.3778152465820313,-44.7287673950195313,-1.8902798891067505
18.1780567169189453,-46.1622619628906250,-2.7416582107543945
-7.7186264991760254,-30.6799793243408203,-1.8891562223434448
-13.3780355453491211,-41.0540084838867188,-1.0370819568634033
11.6349039077758789,-56.0944175720214844,-2.7440645694732666
-6.6913180351257324,-50.1487083435058594,-2.7475411891937256
21.3029594421386719,-56.1760597229003906,-2.6863090991973877
-3.7737896442413330,-53.6099128723144531,-1.8906639814376831
-13.3788461685180664,-44.0112571716308594,-1.0354741811752319
-18.1777935028076172,-44.1825523376464844,-2.7447047233581543
15.5793485641479492,-41.6878204345703125,-1.0362759828567505
25.1462554931640625,-52.6556167602539063,-1.0373257398605347
3.7777085304260254,-32.9918098449707031,-1.0383824110031128
-10.6214332580566406,-46.4985733032226563,-1.0369409322738647
6.7242989540100098,-47.1996231079101563,-1.8897334337234497
8.5776224136352539,-36.6002540588378906,-2.7477722167968750
-10.6223983764648438,-33.5781021118164063,-1.0389055013656616
-11.4913825988769531,-46.0109786987304688,-2.7431938648223877
6.7185788154602051,-50.6702194213867188,-1.0324615240097046
-5.8214178085327148,-53.6214294433593750,-1.0330830812454224
13.3770475387573242,-52.6527786254882813,-1.8890950679779053
1.7780638933181763,-57.0616378784179688,-2.7428338527679443
21.9871139526367188,-51.0571212768554688,-2.7451372146606445
-16.4577312469482422,-56.5955467224121094,-1.8803782463073730
-1.0239517688751221,-32.3820953369140625,-2.7478933334350586
17.1551074981689453,-49.1418075561523438,-1.8898779153823853
2.0467782020568848,-31.9853725433349609,-2.7413833141326904
11.6176881790161133,-46.2243537902832031,-2.7473742961883545
-26.7049160003662109,-56.1968040466308594,-2.7400429248809814
16.4451675415039063,-42.1805114746093750,-2.7412953376770020
7.5900859832763672,-50.1839714050292969,-1.0326912403106689
25.0206146240234375,-52.1509628295898438,-1.8886941671371460
-8.5777683258056641,-32.1975860595703125,-1.8896245956420898
10.6209058761596680,-33.5762786865234375,-2.7423272132873535
3.7784745693206787,-41.9137611389160156,-2.7418570518493652
-20.2193927764892578,-57.0664482116699219,-1.0358917713165283
1.8869870901107788,-45.8544998168945313,-1.0390124320983887
3.6238486766815186,-37.4524307250976563,-1.8900448083877563
11.6573238372802734,-46.7220115661621094,-1.8907130956649780
-21.9750709533691406,-47.1360549926757813,-1.0381646156311035
6.6838555335998535,-25.8330440521240234,-1.2194753885269165
6.7364387512207031,-42.7493705749511719,-2.7413532733917236
2.7664706707000732,-29.5222625732421875,-2.7429029941558838
-16.4469165802001953,-53.6126518249511719,-1.8899749517440796
18.1781902313232422,-53.1043014526367188,-1.0364837646484375
-8.5787734985351563,-38.6833496093750000,-2.7455370426177979
1.0217893123626709,-43.3869209289550781,-2.7451548576354980
-8.5779561996459961,-47.5931320190429688,-1.0318781137466431
7.6213517189025879,-36.2878532409667969,-2.7468822002410889
-2.8948402404785156,-53.1322860717773438,-1.8901708126068115
10.6613988876342773,-46.6802864074707031,-1.8891885280609131
7.5661435127258301,-34.2821846008300781,-2.7429900169372559
-12.4435119628906250,-56.1370010375976563,-1.7683776617050171
2.4348526000976563,-57.0622444152832031,-1.9680883884429932
2.4215290546417236,-56.3016166687011719,-2.7419557571411133
25.1550979614257813,-50.6403274536132813,-2.7413957118988037
-27.3218746185302734,-57.0594291687011719,-1.0385843515396118
10.6234512329101563,-51.6407394409179688,-1.8894878625869751
-2.9090135097503662,-37.7441177368164063,-1.0323346853256226
11.6344232559204102,-44.2390975952148438,-1.0320219993591309
7.5924386978149414,-47.7022132873535156,-1.8896896839141846
18.1784076690673828,-45.1666526794433594,-1.0382888317108154
8.5776405334472656,-43.4558525085449219,-2.7435309886932373
5.8217496871948242,-42.2638168334960938,-1.0394728183746338
-29.9902324676513672,-57.0572891235351563,-2.7421674728393555
7.5676083564758301,-46.2131843566894531,-1.0320285558700562
18.1789436340332031,-56.0809097290039063,-1.0333409309387207
-21.0885677337646484,-51.6181488037109375,-2.7416415214538574
-7.0338554382324219,-28.9272289276123047,-1.8991967439651489
17.2530307769775391,-55.7031745910644531,-2.7415211200714111
8.5548114776611328,-37.5900115966796875,-2.7480525970458984
-27.2041683197021484,-57.0592498779296875,-2.7415461540222168
-8.5778598785400391,-35.6964416503906250,-1.0327385663986206
-10.6190385818481445,-53.4164505004882813,-1.0368019342422485
12.4938631057739258,-51.1773910522460938,-1.8893425464630127
25.0195236206054688,-55.1633338928222656,-1.8840081691741943
20.2387065887451172,-54.2208862304687500,-2.7421090602874756
1.8865156173706055,-29.9922256469726563,-2.7413997650146484
2.7691018581390381,-29.5247840881347656,-1.0389246940612793
-7.6966772079467773,-48.1117362976074219,-2.7441191673278809
15.4232969284057617,-51.6105575561523438,-1.0311428308486938
21.2157478332519531,-55.2394142150878906,-1.9550828933715820
3.6193561553955078,-33.4857597351074219,-1.8902766704559326
17.1521701812744141,-52.1103439331054688,-1.8900251388549805
-3.7765586376190186,-28.2092285156250000,-2.7413947582244873
5.8233308792114258,-52.1440734863281250,-2.7474315166473389
13.3778457641601563,-37.2713317871093750,-1.0327377319335938
-21.0876083374023438,-49.6260833740234375,-1.0384947061538696
12.5038757324218750,-42.2472991943359375,-1.8898725509643555
21.0910358428955078,-48.6160278320312500,-2.7457101345062256
26.0449638366699219,-55.0844573974609375,-2.7429902553558350
3.7777884006500244,-28.0245456695556641,-2.7443149089813232
12.5051937103271484,-37.7715492248535156,-2.7477297782897949
7.6003870964050293,-43.2495651245117188,-2.7429490089416504
-30.7632789611816406,-56.3840179443359375,-2.7432148456573486
7.5701045989990234,-53.1681747436523438,-2.7462646961212158
7.0440626144409180,-44.2841835021972656,-1.9064207077026367
12.5180025100708008,-33.7549705505371094,-2.7426202297210693
8.4935674667358398,-29.6719360351562500,-1.0366456508636475
8.5696535110473633,-38.5781517028808594,-2.7481567859649658
-1.0237338542938232,-53.1353302001953125,-1.0333659648895264
1.1758004426956177,-46.8474464416503906,-1.8900427818298340
-13.3778753280639648,-38.0687370300292969,-2.7447910308837891
7.7199578285217285,-57.0594100952148438,-2.0121278762817383
5.8734388351440430,-38.3077278137207031,-2.7471561431884766
-22.9789791107177734,-56.2056274414062500,-1.9483458995819092
12.7272357940673828,-56.3128547668457031,-1.8120539188385010
18.1780643463134766,-47.1556701660156250,-2.7417054176330566
-2.0147631168365479,-30.2633972167968750,-1.0367773771286011
17.3124656677246094,-42.6778297424316406,-1.0383946895599365
-2.0189056396484375,-42.7095565795898438,-1.8893249034881592
-2.8749547004699707,-32.2651939392089844,-1.8903226852416992
-7.6950659751892090,-48.1114234924316406,-1.0366116762161255
-7.7120795249938965,-39.1862678527832031,-1.0413630008697510
7.6243138313293457,-55.2195434570312500,-2.6999447345733643
8.5036525726318359,-34.6240005493164063,-2.7465376853942871
-12.5127344131469727,-38.0636558532714844,-1.8899639844894409
-20.3738880157470703,-53.6061744689941406,-1.8900216817855835
21.0969066619873047,-54.6237487792968750,-1.0335860252380371
6.6962008476257324,-39.7870903015136719,-2.7457692623138428
-21.9885444641113281,-51.1236953735351563,-2.7429990768432617
-6.7430667877197266,-32.9279861450195313,-1.8880385160446167
26.0479831695556641,-54.0830421447753906,-1.0369431972503662
15.4221677780151367,-45.6738739013671875,-2.7477061748504639
3.7797775268554688,-29.5192832946777344,-1.8911699056625366
-2.0183098316192627,-40.7307510375976563,-1.8896225690841675
-21.0882205963134766,-46.6335754394531250,-1.0390194654464722
-21.0878620147705078,-47.6313896179199219,-2.7411215305328369
-8.5751447677612305,-50.5649108886718750,-1.0319675207138062
-30.0543136596679688,-55.0815811157226563,-2.7335278987884521
26.9134044647216797,-51.5862083435058594,-2.7423143386840820
-2.9060204029083252,-50.6464538574218750,-2.7477140426635742
1.8886106014251709,-35.4705963134765625,-1.8899490833282471
10.6176776885986328,-57.0622901916503906,-2.7448287010192871
16.4456367492675781,-48.1456832885742188,-1.0385359525680542
-6.7307648658752441,-29.3728542327880859,-2.7415440082550049
18.1779861450195313,-55.0880661010742188,-1.0334252119064331
-7.7130026817321777,-37.1927299499511719,-2.7472965717315674
8.5782470703125000,-33.6409759521484375,-2.7386417388916016
12.4892158508300781,-50.6782493591308594,-2.7475471496582031
15.5777826309204102,-43.6793212890625000,-2.7422049045562744
-2.9033560752868652,-54.6283416748046875,-2.7449591159820557
-13.2204322814941406,-43.0303802490234375,-1.0381042957305908
18.1777973175048828,-49.1410255432128906,-2.7417566776275635
-7.7228236198425293,-29.6503524780273438,-1.8915761709213257
-21.9659881591796875,-56.0791358947753906,-1.0359538793563843
8.5360755920410156,-45.8714942932128906,-1.8904074430465698
6.1709027290344238,-42.7874298095703125,-1.9200243949890137
-6.6927180290222168,-51.1411628723144531,-1.0324016809463501
-13.3797197341918945,-46.4673843383789063,-1.8853787183761597
-15.4222698211669922,-42.6823730468750000,-1.0387730598449707
17.3164482116699219,-41.6804351806640625,-1.0388324260711670
10.6222066879272461,-39.2311897277832031,-2.7467610836029053
-18.1785106658935547,-44.6814117431640625,-1.8828862905502319
1.8926122188568115,-51.7698822021484375,-1.0340694189071655
-21.0874881744384766,-50.6224517822265625,-1.0384451150894165
-17.3145561218261719,-55.0986366271972656,-1.8799123764038086
-17.1551017761230469,-47.6603050231933594,-1.0384756326675415
32.0543632507324219,-57.0588302612304688,-1.8951867818832397
6.7459683418273926,-35.8121833801269531,-1.0331106185913086
-37.3431205749511719,-60.5470733642578125,-1.1320524215698242
25.0215835571289063,-57.0576477050781250,-2.7423110008239746
-8.5826311111450195,-55.5159568786621094,-2.7497618198394775
1.8846122026443481,-49.3179702758789063,-1.8921191692352295
-17.3088760375976563,-43.1816978454589844,-1.8899296522140503
-18.1778182983398438,-49.1539878845214844,-1.0348118543624878
1.0211966037750244,-28.4991779327392578,-1.0382111072540283
-21.0926666259765625,-55.5962066650390625,-1.0378669500350952
17.3131847381591797,-43.6741180419921875,-1.0385951995849609
-8.5776090621948242,-31.6942558288574219,-2.7459111213684082
-5.8226962089538574,-48.1722908020019531,-1.8904070854187012
-6.6828584671020508,-55.1101913452148438,-1.0327914953231812
-6.6864833831787109,-43.2388153076171875,-1.0342229604721069
20.2156295776367188,-57.0513687133789063,-2.0143783092498779
-8.5779399871826172,-49.5728492736816406,-2.7477035522460938
15.4202985763549805,-55.5116271972656250,-2.7424962520599365
10.6217451095581055,-47.1746253967285156,-2.7477746009826660
-8.5797472000122070,-39.6714286804199219,-1.0338802337646484
5.8222470283508301,-27.3272571563720703,-1.0375108718872070
-1.0223267078399658,-43.2474441528320313,-1.0334997177124023
-10.7794628143310547,-33.0790252685546875,-1.8899632692337036
6.6875014305114746,-27.8341369628906250,-2.7414681911468506
36.2387657165527344,-61.1536064147949219,-3.5574867725372314
-3.7776546478271484,-48.6566886901855469,-1.8897898197174072
-38.1757812500000000,-60.8701210021972656,-4.0413999557495117
3.6172544956207275,-52.2844047546386719,-1.8916511535644531
-1.0068718194961548,-56.2648735046386719,-2.0124044418334961
-10.6126108169555664,-56.3643417358398438,-1.0363112688064575
1.9369797706604004,-25.8189697265625000,-1.0388453006744385
18.1781215667724609,-55.0883445739746094,-2.7464666366577148
2.8463776111602783,-27.0392379760742188,-2.3938395977020264
8.5779266357421875,-49.3398551940917969,-1.0322612524032593
-15.4216775894165039,-52.6198425292968750,-1.0380803346633911
-2.0267555713653564,-49.1574516296386719,-1.0323456525802612
-10.6210908889770508,-47.4884910583496094,-1.0376603603363037
-20.2214775085449219,-56.0816078186035156,-1.0373014211654663
-2.8997254371643066,-56.6081695556640625,-1.0389869213104248
-26.6285877227783203,-54.5508003234863281,-1.0712084770202637
18.1784172058105469,-51.1236228942871094,-2.7420186996459961
-1.4987041950225830,-40.3824157714843750,-2.6684334278106689
6.6944565773010254,-49.6778564453125000,-2.7477941513061523
17.3111038208007813,-52.6095657348632813,-1.0386552810668945
8.5614814758300781,-53.2871894836425781,-2.7454328536987305
-30.1423664093017578,-53.6059341430664063,-1.8832427263259888
10.6218185424804688,-34.2429695129394531,-1.0379047393798828
-2.9078261852264404,-50.1516532897949219,-1.8901462554931641
2.1802868843078613,-25.3309955596923828,-1.9470105171203613
18.1785583496093750,-50.1327857971191406,-1.0379184484481812
3.7794289588928223,-29.0222911834716797,-2.7463638782501221
-2.0205419063568115,-47.1693992614746094,-2.7477650642395020
7.5888218879699707,-53.1544647216796875,-1.0469624996185303
22.1789455413818359,-51.5440979003906250,-1.8869823217391968
13.3761940002441406,-49.1898117065429688,-2.7480049133300781
-8.5794820785522461,-55.0240974426269531,-1.8924225568771362
-12.3538751602172852,-33.5780334472656250,-2.7410817146301270
1.0212687253952026,-46.3513984680175781,-1.0380209684371948
16.2874317169189453,-43.6763648986816406,-1.8909358978271484
-7.6824665069580078,-43.2010459899902344,-1.0362147092819214
-3.7781615257263184,-44.6903305053710938,-1.8898061513900757
12.5103645324707031,-42.7432212829589844,-2.7478463649749756
-11.6474113464355469,-43.5293235778808594,-1.8907042741775513
-7.4519600868225098,-40.7262954711914063,-1.8904899358749390
-7.8117151260375977,-57.0642852783203125,-1.1129873991012573
-12.9023294448852539,-53.7450218200683594,-1.0371497869491577
2.9150192737579346,-49.3122978210449219,-2.7459845542907715
-3.7730879783630371,-34.2622451782226563,-1.0327712297439575
-16.4464855194091797,-39.6890640258789063,-1.8903172016143799
-18.0201530456542969,-43.1838150024414063,-1.0377814769744873
-1.0214092731475830,-32.8775367736816406,-1.8889154195785522
1.0212002992630005,-47.3428077697753906,-2.7416448593139648
-30.7061176300048828,-53.4425544738769531,-1.0389524698257446
-16.2880516052246094,-44.1775169372558594,-2.7413249015808105
22.9789276123046875,-49.9585189819335938,-1.0329366922378540
8.5618762969970703,-47.3577957153320313,-2.7481372356414795
3.6186685562133789,-31.0117759704589844,-2.7430028915405273
21.9885215759277344,-50.0669860839843750,-1.0325565338134766
29.8219871520996094,-57.0583229064941406,-2.0364673137664795
5.8207130432128906,-33.3293151855468750,-1.0349043607711792
18.1777915954589844,-43.1823616027832031,-2.7415137290954590
-16.4458065032958984,-49.6465110778808594,-1.8900293111801147
-21.0892086029052734,-45.6350593566894531,-1.0389554500579834
-31.7111244201660156,-56.5861816406250000,-1.8937673568725586
-30.9958572387695313,-55.4149742126464844,-2.7420508861541748
-13.2195968627929688,-37.0697898864746094,-1.0373016595840454
-8.5777902603149414,-33.2012710571289063,-1.8902574777603149
18.1781673431396484,-52.1147384643554688,-1.0382294654846191
-27.2283458709716797,-54.5387840270996094,-1.8698766231536865
16.4420509338378906,-54.0830688476562500,-2.7440810203552246
18.1780796051025391,-50.1325187683105469,-2.7419815063476563
-11.4872407913208008,-35.0745162963867188,-2.7412657737731934
25.0216960906982422,-56.2060089111328125,-1.9028952121734619
-2.9072504043579102,-49.6547584533691406,-1.0322804450988770
-18.0206928253173828,-48.1604003906250000,-2.7441017627716064
-13.2205371856689453,-40.0533447265625000,-2.7437231540679932
10.6218223571777344,-42.2099342346191406,-1.0329478979110718
-22.9776859283447266,-49.6430625915527344,-1.0348269939422607
8.5777835845947266,-46.3730010986328125,-1.0324537754058838
-3.7779324054718018,-47.6658134460449219,-1.8904416561126709
8.5777063369750977,-26.6610145568847656,-1.0388933420181274
13.0578346252441406,-32.8335952758789063,-1.8896826505661011
-3.7779757976531982,-42.7029075622558594,-1.8898130655288696
-10.7879734039306641,-51.9442100524902344,-1.8898986577987671
37.5489845275878906,-61.9069366455078125,-2.5588753223419189
3.6195149421691895,-46.8427009582519531,-1.0369372367858887
27.7783012390136719,-52.0844039916992188,-2.7424962520599365
-18.1729087829589844,-55.0965843200683594,-1.0310579538345337
-3.7776591777801514,-44.1927986145019531,-2.7478532791137695
-12.3531532287597656,-42.5336418151855469,-2.7416796684265137
8.5398855209350586,-49.8358840942382813,-1.8904508352279663
22.5632400512695313,-46.5361518859863281,-1.8548648357391357
-10.6223878860473633,-34.5760040283203125,-1.0388082265853882
-1.0469145774841309,-41.7711639404296875,-1.8891333341598511
25.9312477111816406,-56.0762290954589844,-2.7444198131561279
25.0214061737060547,-55.6683235168457031,-2.7428104877471924
-20.3792705535888672,-46.6328086853027344,-1.8900008201599121
-2.8878941535949707,-45.6813240051269531,-2.7476348876953125
1.0211496353149414,-44.3763160705566406,-2.7462501525878906
10.6263599395751953,-43.2046775817871094,-2.7458570003509521
2.9120044708251953,-36.4620361328125000,-2.7420039176940918
6.7511429786682129,-41.7638664245605469,-2.7235991954803467
-6.6902084350585938,-52.1337890625000000,-2.7479224205017090
-15.4219655990600586,-44.6754684448242188,-1.0386378765106201
10.6564331054687500,-35.2391242980957031,-1.0382875204086304
-3.7649102210998535,-39.7367439270019531,-1.8899534940719604
5.8455038070678711,-51.1544380187988281,-1.0333936214447021
5.8204755783081055,-49.6757965087890625,-1.8899855613708496
-3.7695558071136475,-52.1242561340332031,-2.7482869625091553
7.5740985870361328,-35.2865600585937500,-2.7448136806488037
-11.4880275726318359,-38.0636100769042969,-2.7412035465240479
-12.5160417556762695,-44.0205116271972656,-1.8899635076522827
15.5803699493408203,-40.6869583129882813,-1.0377590656280518
3.7782645225524902,-36.9603500366210938,-1.0356521606445313
-17.1532039642333984,-41.6854209899902344,-1.0389899015426636
11.6410531997680664,-43.2438812255859375,-1.0349810123443604
7.8787531852722168,-54.6668395996093750,-1.9063673019409180
-13.3797540664672852,-45.4772338867187500,-1.8842748403549194
-2.0206673145294189,-44.1910362243652344,-1.0338234901428223
-5.8218846321105957,-40.7654037475585938,-2.7480659484863281
-8.5778169631958008,-47.5929412841796875,-2.7480607032775879
7.6292219161987305,-42.2588119506835938,-2.7417402267456055
17.3124275207519531,-46.6577301025390625,-1.0382330417633057
12.5004339218139648,-52.6689147949218750,-1.0316238403320313
21.6594734191894531,-56.1043434143066406,-1.7287486791610718
2.0396909713745117,-53.7193489074707031,-1.0489671230316162
-6.6905422210693359,-41.7462310791015625,-1.8897470235824585
-8.5778264999389648,-48.0885467529296875,-1.8897078037261963
1.8836244344711304,-51.2979660034179688,-1.9013239145278931
-5.8214182853698730,-57.0574836730957031,-2.7433781623840332
-2.0367147922515869,-42.2109375000000000,-2.7473089694976807
-16.2882194519042969,-51.1346969604492188,-2.7417924404144287
17.3130645751953125,-53.5990829467773438,-2.7435617446899414
-2.8761379718780518,-38.2404060363769531,-1.8901605606079102
1.0217871665954590,-49.3158226013183594,-1.0330358743667603
-15.4223384857177734,-41.6850395202636719,-1.0389177799224854
1.8799332380294800,-30.9978256225585938,-2.7444696426391602
21.9855270385742188,-49.0680084228515625,-1.0329388380050659
3.7791144847869873,-50.7960929870605469,-2.7419130802154541
-25.0216960906982422,-57.0578918457031250,-1.0389032363891602
7.0669178962707520,-57.0586585998535156,-2.7555875778198242
-30.7315616607666016,-54.4405555725097656,-1.0384250879287720
2.3900039196014404,-55.6489334106445313,-1.9050543308258057
16.4445610046386719,-52.1131134033203125,-1.0357830524444580
13.3797245025634766,-57.0703926086425781,-2.7411954402923584
7.5950822830200195,-27.2387218475341797,-2.7421076297760010
-12.3543415069580078,-45.5064773559570313,-2.7424831390380859
15.4145479202270508,-56.4857749938964844,-2.7475366592407227
-8.5780048370361328,-42.1474952697753906,-1.8900849819183350
-8.5772914886474609,-30.1678333282470703,-1.8885540962219238
-11.4879293441772461,-38.0634155273437500,-1.0387654304504395
12.5101060867309570,-53.1622467041015625,-1.8892333507537842
-10.6222200393676758,-36.5700073242187500,-1.0387403964996338
12.0510387420654297,-54.6198997497558594,-1.8888056278228760
-15.4205217361450195,-56.5986404418945313,-2.7418704032897949
13.3776273727416992,-48.1978912353515625,-2.7479743957519531
-21.9515857696533203,-55.0979614257812500,-2.7432754039764404
11.6338424682617188,-38.7772979736328125,-1.8902751207351685
-1.0219125747680664,-38.8246726989746094,-1.8906584978103638
-26.6241836547851563,-52.0827064514160156,-1.8900378942489624
-21.9527664184570313,-54.1060523986816406,-2.7435767650604248
-5.8222565650939941,-33.3229980468750000,-1.8898364305496216
11.6547679901123047,-35.2646217346191406,-1.0377389192581177
27.7787551879882813,-55.0755004882812500,-2.7429847717285156
-25.6334056854248047,-51.2457809448242188,-1.0395145416259766
-5.8223352432250977,-31.8291149139404297,-2.7445838451385498
16.4445476531982422,-43.1826820373535156,-1.0383403301239014
21.9849853515625000,-49.0615615844726563,-2.7454986572265625
-1.0222604274749756,-35.3644943237304688,-2.7463960647583008
16.4430942535400391,-49.1376152038574219,-1.0380089282989502
-8.5230112075805664,-41.1554489135742188,-1.8900477886199951
-13.3765516281127930,-34.0866851806640625,-1.0365027189254761
-15.4211959838867188,-54.6000556945800781,-2.7426776885986328
3.7762672901153564,-30.0170135498046875,-1.0343924760818481
8.5800781250000000,-54.2713356018066406,-2.7494757175445557
1.8853880167007446,-32.4896888732910156,-1.8953021764755249
-3.7672982215881348,-51.1349716186523438,-1.0317482948303223
20.3121891021728516,-51.6305427551269531,-1.8898512125015259
17.2736091613769531,-56.1573600769042969,-1.8531801700592041
-13.3781337738037109,-51.8934059143066406,-1.0344130992889404
8.5780954360961914,-33.6422615051269531,-1.0386337041854858
-1.0223246812820435,-53.1399154663085938,-2.7484931945800781
5.8220152854919434,-41.2795257568359375,-1.0352588891983032
-25.6246147155761719,-57.0591506958007813,-1.9205932617187500
-6.7351322174072266,-32.4145851135253906,-1.0368640422821045
1.0224591493606567,-27.4565296173095703,-1.0369158983230591
2.9092843532562256,-53.2378730773925781,-1.0346415042877197
10.6222581863403320,-51.1430702209472656,-2.7477793693542480
5.8213291168212891,-40.3000106811523438,-2.7462413311004639
-11.1719474792480469,-56.2638893127441406,-1.8498400449752808
21.9804935455322266,-48.0573005676269531,-2.7444961071014404
-31.6110534667968750,-53.8259391784667969,-2.7411832809448242
-2.0415971279144287,-45.1840209960937500,-1.0326826572418213
-12.3575897216796875,-47.4926490783691406,-1.0377908945083618
11.5507259368896484,-35.7771720886230469,-1.8864073753356934
-15.5786151885986328,-45.1733169555664063,-1.8899437189102173
-2.9105036258697510,-47.1722793579101563,-1.8902865648269653
-3.7778549194335938,-49.6486625671386719,-1.8897864818572998
-7.6909122467041016,-50.1007881164550781,-1.0326554775238037
-5.8222551345825195,-40.7660179138183594,-1.0319223403930664
-8.5781841278076172,-40.6616859436035156,-2.7474224567413330
1.1675368547439575,-34.4832229614257813,-1.0387791395187378
-2.0328564643859863,-36.2638587951660156,-2.7471375465393066
2.9458262920379639,-54.2574729919433594,-2.7425036430358887
-7.6873383522033691,-47.1147003173828125,-1.0321179628372192
21.9757709503173828,-54.0056838989257813,-2.7488176822662354
-1.0222401618957520,-36.3555641174316406,-1.0322777032852173
17.1429386138916016,-39.5553359985351563,-2.7416279315948486
-22.8371334075927734,-55.6238059997558594,-2.7440543174743652
-25.5445175170898438,-53.7599983215332031,-1.8887550830841064
-32.5780754089355469,-55.1117172241210938,-1.8013843297958374
-12.3548641204833984,-39.5553359985351563,-1.0385562181472778
10.6213874816894531,-46.1833076477050781,-2.7473580837249756
21.0855712890625000,-50.6343269348144531,-2.7450392246246338
-1.0253018140792847,-51.1652793884277344,-1.0346106290817261
22.9778404235839844,-55.3508644104003906,-1.0674507617950439
-1.0220992565155029,-29.8713207244873047,-1.8915013074874878
3.7787082195281982,-40.9234237670898438,-2.7418704032897949
2.9224028587341309,-30.0237503051757813,-1.8980730772018433
13.3693056106567383,-39.2651062011718750,-1.0325204133987427
-12.3193950653076172,-53.9436683654785156,-1.8497989177703857
13.3771123886108398,-47.2086448669433594,-1.0319368839263916
16.4439830780029297,-47.1524314880371094,-2.7415919303894043
11.6204414367675781,-51.1812820434570313,-2.7477223873138428
-18.0236587524414063,-50.1378936767578125,-1.0379472970962524
38.3892517089843750,55.2913208007812500,-4.2500085830688477
13.3779783248901367,-33.2485733032226563,-2.7401263713836670
6.7498464584350586,-34.8177604675292969,-1.0329657793045044
7.5763363838195801,-40.2773780822753906,-1.0351219177246094
27.6485404968261719,-54.5780105590820313,-1.8899890184402466
1.1841115951538086,-51.2970695495605469,-2.7460262775421143
1.1720615625381470,-36.4748420715332031,-2.7426185607910156
3.7057099342346191,-27.0111827850341797,-1.0360590219497681
13.3758668899536133,-41.2548599243164063,-2.7475075721740723
-6.7416439056396484,-30.4065074920654297,-1.0362350940704346
-22.9783630371093750,-53.6310920715332031,-1.0338450670242310
30.1020469665527344,-55.3750877380371094,-1.0388587713241577
17.1282691955566406,-39.1208000183105469,-1.8432571887969971
12.5034580230712891,-44.7280082702636719,-2.7477140426635742
-2.8963541984558105,-53.6300277709960938,-2.7479801177978516
8.5701160430908203,-47.3606224060058594,-1.0321366786956787
-4.9168977737426758,17.2457256317138672,-1.0192826986312866
-1.9347290992736816,-27.5785369873046875,-1.8891010284423828
-12.5012836456298828,-47.9810676574707031,-1.8939919471740723
-25.5596065521240234,-56.2214012145996094,-1.1041574478149414
13.3768148422241211,-39.2655525207519531,-2.7475361824035645
-2.0373928546905518,-55.1205253601074219,-2.7433993816375732
5.8216052055358887,-28.3321609497070313,-2.7445704936981201
-29.8218173980712891,-56.0525436401367188,-2.7456052303314209
-3.7635750770568848,-39.2385330200195313,-2.7475092411041260
22.9779415130615234,-48.9572677612304688,-2.7465529441833496
13.3797435760498047,-53.6472015380859375,-1.8893992900848389
-20.2214298248291016,-54.1023330688476563,-2.7420372962951660
18.1791133880615234,-41.1938972473144531,-2.7436587810516357
13.3769626617431641,-35.2729835510253906,-1.0337589979171753
-21.9534511566162109,-50.1281127929687500,-2.7413289546966553
-7.6979656219482422,-45.1076431274414063,-2.7420339584350586
-2.0419554710388184,-34.2700042724609375,-2.7451555728912354
6.7813434600830078,-31.3444671630859375,-1.8932303190231323
-27.7778663635253906,-51.3478622436523438,-2.5119316577911377
6.6974997520446777,-47.6961021423339844,-1.0322730541229248
6.7018675804138184,-47.6942672729492188,-2.7476406097412109
26.7727775573730469,-51.0871353149414063,-1.8901139497756958
2.9101593494415283,-28.5383319854736328,-2.7427127361297607
-22.8269386291503906,-53.6246376037597656,-2.7429068088531494
-22.1086444854736328,-55.6007499694824219,-1.8929452896118164
6.7207393646240234,-49.6784706115722656,-1.0321290493011475
-1.0210018157958984,-56.0870895385742188,-1.0357383489608765
6.7551999092102051,-38.2973022460937500,-1.8889374732971191
15.4066772460937500,-57.0808868408203125,-1.9637887477874756
-2.0412824153900146,-41.2171440124511719,-2.7480409145355225
-1.0221860408782959,-46.2108230590820313,-2.7479505538940430
-11.4882287979125977,-54.8873748779296875,-2.7436826229095459
-5.8236799240112305,-33.8233604431152344,-2.7471272945404053
-6.7405505180358887,-33.4273338317871094,-2.7467443943023682
6.6860446929931641,-28.8258419036865234,-1.0375294685363770
-21.9553298950195313,-48.1336097717285156,-1.0387523174285889
5.8205780982971191,-32.4480323791503906,-2.7422866821289063
7.5868339538574219,-30.2513236999511719,-1.0347771644592285
18.0197505950927734,-44.6698646545410156,-1.8892693519592285
-2.9071228504180908,-54.1257133483886719,-1.8906720876693726
-6.7399530410766602,-39.3996505737304688,-2.7423672676086426
-15.4214897155761719,-53.6086692810058594,-1.0381493568420410
15.4230527877807617,-41.6904067993164063,-2.7445702552795410
-15.4224414825439453,-40.6872024536132813,-1.0389901399612427
-5.8229055404663086,-33.8230895996093750,-1.0327960252761841
-6.7388744354248047,-35.4201850891113281,-2.7449734210968018
15.9903964996337891,-57.0592155456542969,-1.1179445981979370
8.5789842605590820,-39.0732727050781250,-1.8898725509643555
-6.6929330825805664,-45.1970901489257813,-2.7439882755279541
-1.0273667573928833,-31.3789577484130859,-1.0350214242935181
13.3783788681030273,-37.7692375183105469,-1.8898730278015137
32.0402984619140625,-55.4666213989257813,-2.1262409687042236
-25.5141563415527344,-54.5981330871582031,-2.7411990165710449
-15.4223566055297852,-42.6825408935546875,-2.7412285804748535
-12.2827110290527344,-57.0578155517578125,-1.0345170497894287
-2.9031484127044678,-40.7222442626953125,-1.0316581726074219
-16.2886333465576172,-52.1260452270507813,-1.0380951166152954
3.0627355575561523,-54.9326286315917969,-2.0188531875610352
-26.1691474914550781,-55.4357643127441406,-1.0388895273208618
-5.8230838775634766,-30.3004627227783203,-1.8864412307739258
-11.4881763458251953,-36.0714607238769531,-1.0386799573898315
-25.0222606658935547,-51.2235183715820313,-1.8294941186904907
-6.6896266937255859,-51.6389007568359375,-1.8896961212158203
-11.4872350692749023,-41.0453910827636719,-2.7420835494995117
-2.0203809738159180,-46.1762733459472656,-2.7474565505981445
6.6936149597167969,-52.6508827209472656,-1.0332907438278198
13.3777322769165039,-36.2735366821289063,-1.0331618785858154
5.9279437065124512,-27.8323154449462891,-1.8900815248489380
2.0450382232666016,-42.9042091369628906,-2.7410411834716797
-10.6223459243774414,-35.5733299255371094,-1.0387537479400635
21.6108760833740234,-46.2505455017089844,-1.9398177862167358
-15.4220142364501953,-46.6659774780273438,-1.0385230779647827
5.8222522735595703,-45.2047119140625000,-2.7488610744476318
6.7198858261108398,-48.6862945556640625,-2.7479684352874756
3.7821106910705566,-30.5186176300048828,-1.8953396081924438
-1.4388636350631714,-34.4542160034179688,-1.0762661695480347
-22.9791717529296875,-52.1348228454589844,-1.8829722404479980
1.0222442150115967,-41.4106712341308594,-1.0328996181488037
1.0209753513336182,-48.8208465576171875,-1.8911851644515991
11.6172552108764648,-54.1481170654296875,-2.7473998069763184
-8.5776433944702148,-52.5455589294433594,-1.0320395231246948
-5.8221278190612793,-35.8158035278320313,-1.0324611663818359
-8.3037242889404297,-39.2030639648437500,-1.9064680337905884
16.2854442596435547,-53.5952644348144531,-1.8905129432678223
-22.1018199920654297,-54.1061363220214844,-1.0345296859741211
-8.5780305862426758,-46.1078491210937500,-1.8898333311080933
17.6905174255371094,-57.0592346191406250,-1.8889539241790771
1.1781882047653198,-45.8545188903808594,-1.8889731168746948
-16.2892875671386719,-53.1174049377441406,-1.0380830764770508
3.6196086406707764,-32.4892120361328125,-1.8913762569427490
-5.8127875328063965,-55.5944061279296875,-1.0288441181182861
-2.9113383293151855,-46.1792144775390625,-1.8904957771301270
2.0382175445556641,-50.7914047241210938,-1.0387364625930786
-13.3776788711547852,-40.0569343566894531,-1.0353885889053345
-13.3948116302490234,-56.3290863037109375,-1.9842772483825684
-2.9077591896057129,-33.7624702453613281,-2.7472419738769531
-10.6220026016235352,-39.5542335510253906,-2.7419140338897705
-21.0869426727294922,-50.6226844787597656,-2.7415363788604736
-7.1374354362487793,-46.2819480895996094,-1.0741578340530396
10.6223220825195313,-52.1345710754394531,-2.7475998401641846
-15.5785102844238281,-54.1044082641601563,-1.8906623125076294
-10.6193790435791016,-50.4550132751464844,-2.7476587295532227
6.1802792549133301,-43.7829170227050781,-1.9004428386688232
-18.0245227813720703,-45.1850280761718750,-1.0367163419723511
-1.0265991687774658,-54.1346931457519531,-2.7496409416198730
12.6503019332885742,-57.0576057434082031,-1.0401273965835571
-2.0161311626434326,-35.2679901123046875,-1.0318136215209961
2.7524595260620117,-32.9889259338378906,-1.8904176950454712
1.1802306175231934,-40.4227752685546875,-2.7443265914916992
8.5796976089477539,-31.1693038940429688,-1.8917613029479980
1.0211814641952515,-49.3205261230468750,-2.7487785816192627
5.8221850395202637,-49.1781806945800781,-1.0323650836944580
-12.5005617141723633,-46.0005874633789063,-1.8891111612319946
-1.0216138362884521,-50.6746597290039063,-1.8897807598114014
-18.1792507171630859,-54.6007690429687500,-1.8875206708908081
-8.5775833129882813,-48.5836563110351563,-1.0319077968597412
5.8962159156799316,-30.8826084136962891,-1.9186284542083740
-8.5781469345092773,-37.6889801025390625,-2.7474250793457031
12.5030851364135742,-48.6936759948730469,-1.0323632955551147
20.2244453430175781,-48.1201896667480469,-1.0343707799911499
12.5120630264282227,-40.2598152160644531,-1.8898388147354126
10.6218223571777344,-56.0735168457031250,-2.7425935268402100
-7.7125668525695801,-36.1949768066406250,-2.7472498416900635
3.7777440547943115,-32.0011634826660156,-1.0377563238143921
17.3086452484130859,-39.6842079162597656,-1.0388137102127075
-13.2238540649414063,-35.0869941711425781,-2.7440912723541260
-3.7755789756774902,-33.2648277282714844,-1.0328716039657593
6.6925764083862305,-26.7931995391845703,-2.7416338920593262
-31.6370010375976563,-53.8025894165039063,-1.0386707782745361
12.4812812805175781,-41.7509918212890625,-1.0323026180267334
-17.3100337982177734,-44.1780052185058594,-1.8898526430130005
1.9815213680267334,-52.9196815490722656,-2.7412922382354736
8.5755672454833984,-27.6494121551513672,-2.7420966625213623
-10.6213216781616211,-41.5410614013671875,-2.7417109012603760
13.3766822814941406,-44.2302474975585938,-2.7480409145355225
-20.2222423553466797,-49.1269683837890625,-1.0385746955871582
8.5776023864746094,-42.5077934265136719,-1.0365432500839233
5.8222298622131348,-39.3036079406738281,-2.7470719814300537
17.3112335205078125,-53.6004371643066406,-1.0369129180908203
-3.7778348922729492,-28.7182807922363281,-1.8829141855239868
-2.0195519924163818,-39.7437553405761719,-1.8924752473831177
-12.4248943328857422,-50.6040191650390625,-1.0400090217590332
-12.5007114410400391,-46.9915046691894531,-1.8894624710083008
-10.6193037033081055,-48.9688034057617188,-1.8900834321975708
2.9117248058319092,-43.3994369506835938,-2.7411062717437744
-10.7798166275024414,-43.0295639038085938,-1.8901381492614746
22.9781799316406250,-57.0577468872070313,-1.0411765575408936
-39.3612174987792969,-61.1536941528320313,-3.0480074882507324
-6.7396788597106934,-37.9121551513671875,-1.8900147676467896
-21.0936641693115234,-56.5920028686523438,-1.0392601490020752
-3.7774178981781006,-48.1616821289062500,-1.0318572521209717
5.8191533088684082,-56.1014289855957031,-2.7492356300354004
-7.1352338790893555,-56.4783897399902344,-1.7919527292251587
27.7789039611816406,-55.0753479003906250,-1.0370000600814819
1.8829839229583740,-27.9952850341796875,-1.0381754636764526
15.5848875045776367,-53.5708236694335938,-2.7453396320343018
-18.1778316497802734,-46.1819763183593750,-1.0335385799407959
-17.3119907379150391,-52.1259307861328125,-1.8895970582962036
-8.5852746963500977,-57.0573654174804688,-2.7550587654113770
8.4215106964111328,-41.0400085449218750,-1.8914552927017212
2.2697353363037109,-27.7766666412353516,-2.7440910339355469
16.3092212677001953,-39.0066032409667969,-2.7411882877349854
2.9140908718109131,-51.2934799194335938,-2.7430815696716309
7.5901660919189453,-48.6959228515625000,-1.8898521661758423
13.3782196044921875,-48.6958427429199219,-1.8899908065795898
-7.6967806816101074,-49.1045036315917969,-1.0348178148269653
2.8056788444519043,-25.3268642425537109,-1.0591514110565186
-22.1119327545166016,-46.6363220214843750,-1.8910758495330811
-5.8234376907348633,-47.6778030395507813,-1.0319176912307739
-3.7574803829193115,-45.1846160888671875,-2.7481026649475098
-13.3815727233886719,-49.4347419738769531,-1.8989752531051636
1.0217633247375488,-28.4916591644287109,-2.7414076328277588
-21.9565677642822266,-53.1196784973144531,-1.0387144088745117
-1.0403589010238647,-37.3473701477050781,-1.0339562892913818
-3.7741987705230713,-35.2589950561523438,-1.0326870679855347
22.3622608184814453,-56.1360473632812500,-1.0326186418533325
-6.7133660316467285,-46.6825141906738281,-1.8863693475723267
2.9104950428009033,-42.4058341979980469,-1.0381871461868286
-8.5787162780761719,-53.5356864929199219,-2.7485883235931396
-17.3106784820556641,-46.1690673828125000,-1.8899477720260620
3.7816617488861084,-55.6112785339355469,-1.9287366867065430
-13.3787364959716797,-35.5850677490234375,-1.8969041109085083
-8.5684957504272461,-30.6813735961914063,-1.0355995893478394
22.9765586853027344,-46.9190826416015625,-2.7417216300964355
10.6223316192626953,-40.2284278869628906,-1.0318835973739624
-12.3586101531982422,-48.4826278686523438,-2.7443397045135498
5.8217411041259766,-35.8163795471191406,-1.8898693323135376
10.6327180862426758,-48.1686897277832031,-1.0322995185852051
8.5788478851318359,-45.3879241943359375,-1.0323334932327271
-3.7779874801635742,-35.7568588256835938,-1.8901492357254028
-12.3547306060791016,-35.5732231140136719,-1.0385959148406982
2.9124402999877930,-35.4696884155273438,-2.7418074607849121
-2.9079747200012207,-48.1657142639160156,-1.8899885416030884
5.8221535682678223,-38.8043022155761719,-1.8907856941223145
27.6403408050537109,-51.5845985412597656,-1.8899844884872437
22.9916648864746094,-55.6382751464843750,-2.7439155578613281
2.9120976924896240,-48.8254241943359375,-1.8838245868682861
-18.0228385925292969,-52.1243476867675781,-2.7411625385284424
1.0170994997024536,-52.7914466857910156,-1.9098713397979736
-15.4221267700195313,-47.6599960327148438,-1.0384880304336548
-6.7406029701232910,-33.4292411804199219,-1.0324047803878784
-5.8211960792541504,-38.7934036254882813,-2.7462108135223389
2.7553262710571289,-48.3350448608398438,-2.7412865161895752
1.0226324796676636,-40.4179611206054688,-1.0351922512054443
-8.5774040222167969,-50.0687561035156250,-1.8897856473922729
-7.6808519363403320,-45.6104202270507813,-1.8810307979583740
3.7796611785888672,-52.7748260498046875,-2.7423052787780762
10.6202630996704102,-36.1050567626953125,-2.0272855758666992
-5.8214287757873535,-45.1983222961425781,-1.8899194002151489
-3.7762207984924316,-41.2252006530761719,-1.0342904329299927
-10.7785177230834961,-37.0694808959960938,-1.8901083469390869
-11.4882164001464844,-50.9542770385742188,-1.0340499877929688
-6.3368644714355469,-57.0641784667968750,-1.8936780691146851
2.6360304355621338,-26.1277141571044922,-2.7413287162780762
12.4927787780761719,-47.7001113891601563,-2.7453031539916992
18.1788406372070313,-54.0949134826660156,-2.7473027706146240
20.2227306365966797,-50.1329154968261719,-2.7464809417724609
-5.8223080635070801,-31.8277111053466797,-1.0361887216567993
1.0212216377258301,-48.3290634155273438,-2.7467160224914551
25.1447582244873047,-53.6575546264648438,-2.7428929805755615
-2.0319209098815918,-48.1647758483886719,-1.0322575569152832
1.1786980628967285,-44.3835945129394531,-1.0360755920410156
29.8219184875488281,-57.0585174560546875,-1.0383995771408081
-6.7405128479003906,-37.4134407043457031,-1.0327200889587402
8.5841636657714844,-32.1668624877929688,-1.8906745910644531
-20.3749713897705078,-50.6218833923339844,-1.8900406360626221
15.4207983016967773,-52.5990257263183594,-2.7471725940704346
-6.7519054412841797,-29.8851013183593750,-1.8855341672897339
15.5791788101196289,-46.6570625305175781,-1.0368098020553589
5.8216419219970703,-53.1351585388183594,-1.0327773094177246
11.6215200424194336,-52.1728324890136719,-2.7472965717315674
22.0013923645019531,-53.0232086181640625,-2.6610245704650879
-15.4222183227539063,-44.6754798889160156,-2.7413544654846191
-10.7778806686401367,-34.0770835876464844,-1.8900363445281982
-26.0924797058105469,-52.1326026916503906,-1.0445917844772339
-2.8927459716796875,-38.7374076843261719,-1.0323604345321655
7.5874319076538086,-29.2530326843261719,-1.0363183021545410
-6.8266897201538086,-57.0649986267089844,-1.0344030857086182
10.6244993209838867,-50.6485099792480469,-1.8901923894882202
-6.7396926879882813,-33.9260635375976563,-1.8900568485260010
-10.7771501541137695,-35.0747947692871094,-1.8900839090347290
-21.9556427001953125,-48.1337242126464844,-2.7415144443511963
5.8255906105041504,-52.1445465087890625,-1.0327157974243164
5.8854813575744629,-37.8085479736328125,-1.8894878625869751
3.7782387733459473,-35.4683113098144531,-1.8900941610336304
7.6192560195922852,-39.2815856933593750,-2.7471842765808105
6.7227549552917480,-48.1922569274902344,-1.8902209997177124
-22.9789390563964844,-57.0571022033691406,-2.7431068420410156
-10.6171760559082031,-52.4313888549804688,-2.7422242164611816
-15.4218130111694336,-52.6205940246582031,-2.7420206069946289
-12.2480354309082031,-57.0680389404296875,-2.7502400875091553
-26.2069225311279297,-57.0599937438964844,-2.7322607040405273
5.8942036628723145,-31.8805561065673828,-1.9242303371429443
-6.7402386665344238,-37.4131774902343750,-2.7472031116485596
7.5878081321716309,-32.2748222351074219,-1.0542550086975098
-3.7764241695404053,-30.2655639648437500,-2.7457437515258789
-11.9810152053833008,-53.0144958496093750,-1.8923331499099731
-12.5105018615722656,-34.0772209167480469,-1.8901553153991699
-10.6223049163818359,-33.5778770446777344,-2.7410900592803955
13.3790407180786133,-49.6881790161132813,-1.8902035951614380
-2.0116112232208252,-30.2391853332519531,-2.7441775798797607
-1.0453162193298340,-43.2487945556640625,-2.7457475662231445
-3.7800636291503906,-57.0668258666992188,-1.0386754274368286
-2.8959207534790039,-50.6485900878906250,-1.0323407649993896
11.6210174560546875,-50.1915206909179688,-1.0320285558700562
30.6855583190917969,-56.5588684082031250,-1.0386822223663330
-22.8274612426757813,-49.6460876464843750,-2.7435450553894043
6.8662962913513184,-28.3408164978027344,-1.8918142318725586
12.5006837844848633,-38.7670440673828125,-1.0326770544052124
-2.9092240333557129,-47.6684494018554688,-1.0324316024780273
10.6227931976318359,-42.2159500122070313,-2.7440989017486572
-7.6998558044433594,-40.1870231628417969,-2.7415766716003418
-5.8259420394897461,-47.1821098327636719,-1.8895395994186401
-10.9633092880249023,-52.9287147521972656,-1.8890289068222046
-10.6189136505126953,-55.3852462768554688,-1.0338727235794067
-2.9057772159576416,-37.7427749633789063,-2.7475044727325439
-11.6540002822875977,-51.4483718872070313,-1.8906600475311279
22.9794273376464844,-53.7978897094726563,-2.7449872493743896
11.0155420303344727,-33.9025382995605469,-1.8876907825469971
16.2900524139404297,-51.1168861389160156,-2.7453198432922363
7.5614657402038574,-56.0898628234863281,-1.0449358224868774
1.8898843526840210,-36.4627990722656250,-1.8897691965103149
-22.8198528289794922,-45.6372489929199219,-2.7412190437316895
27.7776184082031250,-50.0855751037597656,-1.0386304855346680
-17.3132648468017578,-54.1077842712402344,-1.8895720243453979
-17.1553153991699219,-51.6307067871093750,-1.0379477739334106
-12.5117835998535156,-41.0461006164550781,-1.8900994062423706
22.9765586853027344,-45.9364013671875000,-1.1123696565628052
-26.6209869384765625,-53.7484512329101563,-1.8960844278335571
2.0471189022064209,-39.9294738769531250,-2.7435965538024902
5.8235101699829102,-49.1773490905761719,-2.7481641769409180
-11.4876823425292969,-33.0783958435058594,-2.7410204410552979
-1.0222368240356445,-55.1906814575195313,-2.7137296199798584
11.6198806762695313,-55.1216392517089844,-2.6358606815338135
1.7180694341659546,-53.4918823242187500,-1.9668620824813843
5.8209061622619629,-38.3045196533203125,-1.0330437421798706
2.0420711040496826,-26.3186283111572266,-1.8970594406127930
8.5551433563232422,-48.3500328063964844,-1.0320985317230225
20.2221164703369141,-52.1293182373046875,-1.0338125228881836
-29.8214340209960938,-55.0302124023437500,-1.0368242263793945
6.6931333541870117,-44.7190170288085938,-2.7450966835021973
16.4425544738769531,-44.1807098388671875,-1.0377680063247681
-11.6450176239013672,-40.5528297424316406,-1.8901442289352417
16.4443664550781250,-50.1347694396972656,-2.7407386302947998
3.7799575328826904,-51.7860412597656250,-2.7417147159576416
-2.8243362903594971,-55.2303161621093750,-1.9538861513137817
-7.7130556106567383,-37.1924171447753906,-1.0327452421188354
-11.6351604461669922,-46.4979705810546875,-1.8885288238525391
-2.0208656787872314,-52.1295776367187500,-1.0347670316696167
7.6142497062683105,-28.2571735382080078,-2.7427806854248047
-2.9076175689697266,-40.7220535278320313,-2.7479219436645508
-6.7011961936950684,-41.2485275268554688,-1.0337320566177368
1.0223765373229980,-33.4933586120605469,-1.0354448556900024
10.6215391159057617,-50.1514244079589844,-2.7479803562164307
-5.8202795982360840,-54.6107597351074219,-1.0338203907012939
6.6888957023620605,-49.1836585998535156,-1.8899974822998047
-11.4874582290649414,-49.9612922668457031,-1.0319103002548218
6.7274761199951172,-36.8068046569824219,-1.0323139429092407
3.7792229652404785,-49.3125839233398438,-1.8911248445510864
1.8877232074737549,-46.8501396179199219,-2.7422385215759277
-29.8236160278320313,-55.5550155639648438,-1.8834509849548340
-5.8220849037170410,-36.3127708435058594,-1.8900241851806641
7.5526199340820313,-49.6892890930175781,-1.8900529146194458
20.2220726013183594,-50.6322326660156250,-1.8891723155975342
-16.2880268096923828,-43.1810340881347656,-2.7412562370300293
6.1020650863647461,-41.7941665649414063,-1.8765195608139038
1.8906989097595215,-38.4435615539550781,-1.8906103372573853
18.1796188354492188,-53.1038551330566406,-2.7435977458953857
31.5256786346435547,-57.0582771301269531,-2.7415268421173096
-22.8661003112792969,-50.6465034484863281,-2.7436196804046631
1.7208063602447510,-25.7283935546875000,-2.7400302886962891
-3.7779102325439453,-34.7602691650390625,-1.8901653289794922
20.2212352752685547,-51.1338768005371094,-1.0337154865264893
10.6259889602661133,-53.1323928833007813,-1.0308953523635864
-17.1553115844726563,-51.6301803588867188,-2.7417387962341309
-3.7757935523986816,-31.2661209106445313,-2.7461783885955811
-8.5434007644653320,-46.6033554077148438,-1.0322295427322388
-6.7392368316650391,-36.9152603149414063,-1.8898226022720337
15.4234991073608398,-48.6412391662597656,-1.0317815542221069
2.9144654273986816,-44.8711738586425781,-1.8976273536682129
5.8212661743164063,-44.2275848388671875,-1.0340030193328857
-11.4876432418823242,-41.0450210571289063,-1.0379804372787476
39.2837409973144531,-61.2878227233886719,-3.3613932132720947
-1.3550908565521240,-27.4498691558837891,-2.7410299777984619
-20.2218151092529297,-51.1199798583984375,-2.7415986061096191
17.3100700378417969,-54.5936584472656250,-1.0334060192108154
22.9760913848876953,-47.9549026489257813,-2.7456855773925781
6.7004594802856445,-51.1675186157226563,-1.8906213045120239
-2.9106609821319580,-42.7056846618652344,-2.7478985786437988
-8.5775814056396484,-29.6493453979492188,-1.0374464988708496
21.1075916290283203,-53.1359558105468750,-1.8933906555175781
12.5178604125976563,-54.6594161987304688,-1.0296483039855957
5.8251466751098633,-41.3452644348144531,-2.7415308952331543
2.0414578914642334,-27.3348159790039063,-1.8818343877792358
17.3124217987060547,-49.6365394592285156,-1.0382833480834961
16.4444770812988281,-40.1862831115722656,-1.0371223688125610
6.7454533576965332,-38.7946548461914063,-2.7471401691436768
13.3755445480346680,-38.2687034606933594,-2.7472383975982666
8.5478687286376953,-54.2790031433105469,-1.0316284894943237
-8.5559253692626953,-28.6110591888427734,-2.7414259910583496
13.3783950805664063,-36.2738151550292969,-2.7469954490661621
11.4935064315795898,-37.2913589477539063,-2.7435133457183838
27.7784576416015625,-53.0824546813964844,-2.7427983283996582
-16.2883987426757813,-51.1345634460449219,-1.0381486415863037
-18.1791534423828125,-53.6113586425781250,-1.8867242336273193
-2.0428216457366943,-49.6548843383789063,-1.8903856277465820
-3.7501442432403564,-37.7482948303222656,-1.8900949954986572
1.0127089023590088,-56.4248542785644531,-2.7488567829132080
15.4191322326660156,-54.2213668823242188,-1.8045052289962769
2.7549068927764893,-40.9219665527343750,-1.8903018236160278
-7.6901988983154297,-51.0970382690429688,-2.7470612525939941
7.5664968490600586,-46.2140846252441406,-2.7478997707366943
-13.3802251815795898,-54.1063804626464844,-1.8295199871063232
-10.6218900680541992,-39.5540351867675781,-1.0379998683929443
22.9755840301513672,-52.8294219970703125,-1.0348470211029053
11.1582536697387695,-42.8576850891113281,-1.9543961286544800
17.3112621307373047,-44.6715583801269531,-2.7414324283599854
-21.2413692474365234,-55.0984420776367188,-1.8903337717056274
3.7876281738281250,-53.7603340148925781,-2.7449505329132080
-17.9956760406494141,-57.0616531372070313,-2.7421069145202637
-5.9458389282226563,-32.3274459838867188,-1.8900450468063354
7.5596966743469238,-54.1395225524902344,-1.0328046083450317
36.6750259399414063,-61.9069671630859375,-3.0425684452056885
3.7782413959503174,-47.8216667175292969,-1.0322842597961426
-8.5771503448486328,-34.1999053955078125,-1.8901718854904175
-12.5118551254272461,-43.0289115905761719,-1.8899396657943726
12.5120391845703125,-41.2542419433593750,-1.8893862962722778
1.0209575891494751,-46.3548469543457031,-2.7424449920654297
31.6639347076416016,-54.9142990112304688,-1.3840861320495605
2.0468032360076904,-36.9577713012695313,-1.0379337072372437
13.3774318695068359,-44.2324333190917969,-1.0321364402770996
-1.0278259515762329,-36.3584823608398438,-2.7471570968627930
-5.8173084259033203,-56.2364654541015625,-1.7750359773635864
1.8800872564315796,-52.2949028015136719,-1.9067280292510986
6.6738667488098145,-57.0703392028808594,-1.8633037805557251
-8.5853195190429688,-56.4646034240722656,-1.0231995582580566
13.3781080245971680,-36.7715492248535156,-1.8900885581970215
-22.8302154541015625,-54.6256256103515625,-2.7437419891357422
25.9147968292236328,-52.5891036987304688,-1.8900743722915649
7.5911526679992676,-49.1909980773925781,-1.0324311256408691
6.6901845932006836,-56.5810050964355469,-1.0265004634857178
11.6202602386474609,-41.7642250061035156,-1.8874089717864990
1.8975534439086914,-30.0125656127929688,-1.0385848283767700
-1.0476322174072266,-46.7074813842773438,-1.8903273344039917
-38.3348121643066406,-60.4764099121093750,-1.0390020608901978
-20.2220439910888672,-50.1237869262695313,-1.0384558439254761
8.5794754028320313,-44.4166870117187500,-2.5256936550140381
21.1610641479492188,-53.6282386779785156,-1.0341180562973022
-7.8865156173706055,-56.2154731750488281,-2.7438244819641113
5.8214640617370605,-44.7101898193359375,-1.8954690694808960
15.4222984313964844,-55.5510444641113281,-1.7485909461975098
12.5081348419189453,-45.7206268310546875,-1.0320968627929688
-1.0221534967422485,-29.3643131256103516,-1.0362194776535034
10.6422281265258789,-39.7283325195312500,-1.8891305923461914
-8.5781517028808594,-57.0696411132812500,-1.7767157554626465
-6.7125086784362793,-47.1787567138671875,-2.7469606399536133
-1.5936019420623779,-56.0081939697265625,-2.7557020187377930
1.0150074958801270,-55.6862754821777344,-1.9786419868469238
2.3734352588653564,-54.2320632934570313,-1.8831397294998169
-3.7772669792175293,-43.2027778625488281,-1.0323776006698608
-22.9794578552246094,-53.1311454772949219,-1.8900330066680908
16.4443607330322266,-53.1051292419433594,-1.0370247364044189
21.0968570709228516,-54.1328239440917969,-1.8891658782958984
-11.4883241653442383,-53.9170532226562500,-1.0359218120574951
2.7532644271850586,-46.3482780456542969,-1.0386810302734375
-20.3751106262207031,-52.6122055053710938,-1.8900381326675415
7.5766763687133789,-31.2507362365722656,-2.7453973293304443
-37.5613479614257813,-0.8084672093391418,-2.0697252750396729
17.1553611755371094,-48.1480407714843750,-1.8898453712463379
-12.5122623443603516,-39.0588569641113281,-1.8900419473648071
-1.3318967819213867,-28.9235534667968750,-1.8753678798675537
20.2215690612792969,-51.1312637329101563,-2.7458922863006592
6.6913719177246094,-55.6017684936523438,-1.0479124784469604
17.2109394073486328,-54.0998458862304688,-1.8906785249710083
2.7528614997863770,-44.3772163391113281,-2.7465841770172119
12.4927272796630859,-47.7009277343750000,-1.0345052480697632
-6.7391424179077148,-31.4297752380371094,-2.7427861690521240
2.9114608764648438,-32.4853706359863281,-2.7421863079071045
-3.7777712345123291,-51.1336021423339844,-2.7481896877288818
-7.6791615486145020,-43.2115364074707031,-2.7434723377227783
-1.4247623682022095,-27.4523277282714844,-1.0394626855850220
-7.7130084037780762,-30.1647949218750000,-1.0370028018951416
-16.2878398895263672,-48.1570167541503906,-2.7415621280670166
-15.4222869873046875,-43.6793098449707031,-2.7412860393524170
5.8220939636230469,-27.3294219970703125,-2.7428624629974365
7.1679930686950684,-26.3942813873291016,-1.8890523910522461
-8.5779514312744141,-53.0402565002441406,-1.8907802104949951
-6.6932220458984375,-48.1685104370117188,-1.0342712402343750
8.5570507049560547,-46.3665618896484375,-2.7481312751770020
6.0692887306213379,-57.0610427856445313,-2.7394375801086426
17.3110675811767578,-48.6447410583496094,-2.7416257858276367
6.6923327445983887,-46.7041625976562500,-1.0324761867523193
27.7779560089111328,-51.0858154296875000,-2.7423286437988281
7.5889081954956055,-37.2858238220214844,-2.7469367980957031
8.5777149200439453,-50.3294601440429688,-1.0320811271667480
1.0206871032714844,-39.9235725402832031,-1.8974194526672363
-13.3778333663940430,-33.5813369750976563,-1.8957477807998657
-5.8221211433410645,-52.6318588256835938,-2.7483239173889160
-11.4875202178955078,-37.0681571960449219,-2.7412922382354736
-22.9729232788085938,-54.6288795471191406,-1.0353415012359619
2.0461287498474121,-38.9382400512695313,-2.7431674003601074
-18.1787853240966797,-49.6499252319335938,-1.8953384160995483
17.3122501373291016,-47.6511917114257813,-1.0382875204086304
16.2807464599609375,-40.6852874755859375,-1.8843491077423096
18.1785717010498047,-51.1242408752441406,-1.0379514694213867
17.3121757507324219,-45.6649093627929688,-2.7415361404418945
1.0207432508468628,-41.9056968688964844,-1.8891521692276001
-20.2218189239501953,-50.1238784790039063,-2.7415490150451660
8.4933261871337891,-27.6558609008789063,-1.0379010438919067
-3.7732393741607666,-52.1246871948242188,-1.0319967269897461
-7.7493963241577148,-44.1592636108398438,-2.4372158050537109
13.3770875930786133,-41.2545318603515625,-1.0322434902191162
10.6220674514770508,-44.6929092407226563,-1.8895052671432495
-6.9034676551818848,-38.8968276977539063,-1.8901368379592896
-17.3122901916503906,-49.1507759094238281,-1.8900632858276367
-2.0255727767944336,-47.1709289550781250,-1.0322325229644775
-10.6212072372436523,-43.5250587463378906,-1.0382843017578125
-3.7714312076568604,-49.1526374816894531,-2.7476999759674072
5.8233280181884766,-36.3136520385742188,-1.0326440334320068
5.8218293190002441,-40.2915496826171875,-1.0352723598480225
17.1535701751708984,-45.1674728393554688,-1.8897173404693604
-7.7095594406127930,-32.1900177001953125,-2.7432470321655273
2.9141023159027100,-50.3027343750000000,-2.7440609931945801
6.6131501197814941,-31.8408756256103516,-2.7417931556701660
3.7789888381958008,-45.8661346435546875,-1.0357996225357056
1.8852771520614624,-43.3915519714355469,-1.8840477466583252
8.5795288085937500,-55.1808547973632813,-1.4162559509277344
27.6463928222656250,-53.5809135437011719,-1.8899668455123901
6.6874675750732422,-38.7951354980468750,-1.0333206653594971
-21.4523487091064453,-57.0605316162109375,-1.8892637491226196
-22.9799537658691406,-54.1272888183593750,-1.8960540294647217
-6.6893424987792969,-52.1338768005371094,-1.0321350097656250
-31.4989261627197266,-57.0582275390625000,-2.7430770397186279
26.9137821197509766,-52.5844841003417969,-1.0373530387878418
-22.4695205688476563,-57.0583229064941406,-1.8898668289184570
12.1087932586669922,-57.0659179687500000,-1.8922359943389893
-5.8221788406372070,-52.6306533813476563,-1.0322064161300659
26.0464706420898438,-57.0629920959472656,-1.0367959737777710
1.9461246728897095,-28.3233242034912109,-1.9778307676315308
-16.2883529663085938,-49.1498985290527344,-1.0383996963500977
2.0426499843597412,-32.0014114379882813,-1.0385031700134277
1.0201570987701416,-57.0682868957519531,-2.0145344734191895
-6.7992725372314453,-44.2231979370117188,-1.0389719009399414
18.1778717041015625,-39.2107238769531250,-2.7421832084655762
7.5672607421875000,-40.2763099670410156,-2.7444713115692139
-15.4216661453247070,-50.6386222839355469,-2.7417807579040527
-1.0218957662582397,-50.1759567260742188,-2.7480401992797852
22.9765720367431641,-47.9486618041992188,-1.0351638793945313
5.8220677375793457,-47.1918716430664063,-2.7482604980468750
-2.9004821777343750,-38.7363166809082031,-2.7477667331695557
7.5904173851013184,-29.2534408569335938,-2.7437641620635986
-5.8210854530334473,-43.7309989929199219,-2.7461218833923340
15.4215497970581055,-49.1353836059570313,-1.8904502391815186
-3.7445504665374756,-32.7654838562011719,-1.8898683786392212
-1.0279847383499146,-51.1654396057128906,-2.7459707260131836
8.5778198242187500,-48.8452606201171875,-1.8900399208068848
-2.3999376296997070,-27.8646888732910156,-2.7412409782409668
2.0465502738952637,-33.9806518554687500,-2.7429742813110352
-21.9551639556884766,-52.1178588867187500,-2.7415177822113037
5.8220963478088379,-37.3099060058593750,-1.0328794717788696
7.5819430351257324,-49.1910896301269531,-2.7476439476013184
-1.0285147428512573,-48.1951484680175781,-1.0320298671722412
12.5063352584838867,-49.6856727600097656,-2.7476332187652588
2.7536435127258301,-45.3667945861816406,-2.7445273399353027
-13.3790235519409180,-40.5547981262207031,-1.8973014354705811
-10.6509141921997070,-50.9563865661621094,-1.8908227682113647
-17.3113346099853516,-47.1636466979980469,-1.8901127576828003
21.4145202636718750,-52.1862869262695313,-1.9100165367126465
16.2868938446044922,-44.6712989807128906,-1.8905279636383057
1.1774351596832275,-34.4832534790039063,-2.7443523406982422
6.7118964195251465,-51.6609230041503906,-1.0319248437881470
6.6958522796630859,-46.7025794982910156,-2.7476420402526855
-1.0450924634933472,-49.6823730468750000,-1.8905140161514282
1.1791430711746216,-41.4164199829101563,-2.7433929443359375
-5.8221597671508789,-57.0572509765625000,-1.0385937690734863
6.6922998428344727,-34.8166275024414063,-2.7471988201141357
2.0433790683746338,-48.3365478515625000,-1.8914457559585571
-21.9544448852539063,-53.1119003295898438,-2.7429773807525635
-3.7767047882080078,-36.7531356811523438,-1.8894528150558472
1.1187909841537476,-26.9535961151123047,-1.8927401304244995
-1.0230497121810913,-44.2317695617675781,-1.0330426692962646
2.7624547481536865,-55.1620368957519531,-1.0377534627914429
-8.5778427124023438,-36.1949653625488281,-1.8899503946304321
-6.6943573951721191,-47.6756668090820313,-1.8892314434051514
-2.0194606781005859,-38.2522621154785156,-1.0352503061294556
12.4784307479858398,-35.2677536010742188,-1.8907225131988525
-12.3538675308227539,-36.5699386596679688,-1.0387064218521118
16.2878398895263672,-45.1750144958496094,-1.0358953475952148
25.0220794677734375,-50.1179389953613281,-1.8991374969482422
2.9114596843719482,-42.4084091186523438,-2.7423520088195801
22.9778480529785156,-46.9320449829101563,-1.0375268459320068
17.1675891876220703,-38.1128273010253906,-1.8939998149871826
-5.8223552703857422,-43.2429618835449219,-1.8897883892059326
-5.8217954635620117,-41.2591781616210938,-1.8902003765106201
11.6286001205444336,-41.2682800292968750,-2.7461686134338379
21.9804897308349609,-57.0589065551757813,-1.0349872112274170
21.9869842529296875,-50.0608520507812500,-2.7472033500671387
7.6441969871520996,-33.2872314453125000,-2.7412078380584717
-17.1531085968017578,-45.6714782714843750,-1.0386202335357666
7.5729761123657227,-47.2057075500488281,-2.7477264404296875
8.5777797698974609,-38.0844192504882813,-1.8896522521972656
6.7331676483154297,-54.7187957763671875,-2.7426319122314453
-16.4448127746582031,-45.6710243225097656,-1.8899431228637695
-2.0203311443328857,-53.6202468872070313,-1.8916224241256714
15.5776844024658203,-42.6878395080566406,-1.0374807119369507
25.9196453094482422,-54.5834350585937500,-1.8899378776550293
-21.2450466156005859,-47.1327056884765625,-1.8900357484817505
-7.7146439552307129,-32.6991882324218750,-1.8901239633560181
25.0215492248535156,-57.0579147338867188,-1.0377069711685181
-5.8279051780700684,-30.8180084228515625,-1.0352474451065063
21.0540008544921875,-53.6438293457031250,-2.7471661567687988
-6.7399892807006836,-34.4274902343750000,-1.0354832410812378
-16.2881374359130859,-46.1685066223144531,-2.7414302825927734
11.1348772048950195,-56.0762786865234375,-1.8885263204574585
-2.8857693672180176,-51.1450881958007813,-1.8903697729110718
-15.5781316757202148,-43.1809043884277344,-1.8899949789047241
-2.9238207340240479,-29.7450695037841797,-2.7439143657684326
2.7576956748962402,-37.9497451782226563,-1.8901803493499756
-25.0219554901123047,-54.6087265014648438,-1.8314419984817505
-2.0179822444915771,-39.2502212524414063,-2.7483701705932617
-6.6915616989135742,-42.2413673400878906,-2.7472162246704102
11.6395645141601563,-52.6726036071777344,-1.8886708021163940
27.6507911682128906,-55.5756034851074219,-1.8899501562118530
-16.2876453399658203,-46.1686668395996094,-1.0386075973510742
1.8884259462356567,-47.8380661010742188,-2.7421050071716309
12.4658565521240234,-32.7578964233398438,-2.7402486801147461
1.1810042858123779,-37.4510040283203125,-1.0365138053894043
-16.4461002349853516,-40.6874847412109375,-1.8901903629302979
-2.0238003730773926,-51.1427040100097656,-1.0341662168502808
7.6101269721984863,-42.2597389221191406,-1.0380380153656006
-36.3766174316406250,-61.3925018310546875,-3.3617055416107178
18.1799201965332031,-52.1133117675781250,-2.7417385578155518
-17.1546611785888672,-49.6464118957519531,-1.0383286476135254
-11.4874553680419922,-49.9613876342773438,-2.7466709613800049
-8.5780563354492188,-37.1919975280761719,-1.8898849487304688
-2.0220594406127930,-53.1214523315429688,-1.0330510139465332
3.7797992229461670,-57.0615158081054688,-2.0340552330017090
10.6444797515869141,-48.6647109985351563,-1.8894326686859131
-16.2875709533691406,-44.1774902343750000,-1.0386580228805542
-8.5775289535522461,-51.5546226501464844,-2.7482781410217285
-18.1783885955810547,-45.6766624450683594,-1.8890343904495239
-1.0300378799438477,-52.1491394042968750,-2.7470197677612305
-29.8232707977294922,-57.0589103698730469,-1.0360136032104492
12.5102310180664063,-44.7282867431640625,-1.0321211814880371
7.6609668731689453,-55.1147079467773438,-1.0374130010604858
-12.4263496398925781,-52.6124305725097656,-1.0365375280380249
2.0427718162536621,-46.3534965515136719,-1.8901867866516113
-10.7795038223266602,-32.0804977416992188,-1.8899695873260498
-18.1776714324951172,-41.6851310729980469,-1.8848377466201782
2.0430274009704590,-43.8861007690429688,-1.0355044603347778
-15.4207649230957031,-55.5797424316406250,-1.0376179218292236
21.0918560028076172,-46.5744209289550781,-1.0385198593139648
-2.0173153877258301,-38.7499046325683594,-1.8905682563781738
26.7774829864501953,-52.0862312316894531,-1.8900344371795654
2.9080603122711182,-46.8480415344238281,-1.8904415369033813
-11.4887142181396484,-32.0805206298828125,-1.0389798879623413
26.7825908660888672,-54.0813713073730469,-1.8901494741439819
2.0395269393920898,-40.9129829406738281,-1.0386252403259277
1.8873878717422485,-43.8827476501464844,-2.7447662353515625
-8.5777292251586914,-51.5559425354003906,-1.0318628549575806
-3.7776973247528076,-39.2393951416015625,-1.0324211120605469
8.5780344009399414,-55.1850395202636719,-2.4012107849121094
3.7788205146789551,-43.8908805847167969,-2.7465214729309082
21.9841003417968750,-46.0305328369140625,-1.0391510725021362
-20.2233467102050781,-46.1333923339843750,-1.0389794111251831
-7.6865754127502441,-53.0901107788085938,-2.7474658489227295
3.6238787174224854,-41.4202690124511719,-1.8893686532974243
17.3755283355712891,-38.5840454101562500,-1.0385333299636841
-13.3822784423828125,-50.7724914550781250,-2.7503881454467773
-21.9551944732666016,-52.1225204467773438,-1.0379673242568970
-12.3528699874877930,-41.5421981811523438,-2.7417504787445068
20.2201118469238281,-57.0678520202636719,-1.0306997299194336
-20.3748626708984375,-55.5926971435546875,-1.8901871442794800
7.6024971008300781,-37.2878074645996094,-1.0330283641815186
17.3114624023437500,-51.6185569763183594,-1.0378471612930298
13.3727283477783203,-37.2716827392578125,-2.7472572326660156
17.3144283294677734,-55.5880584716796875,-1.0356992483139038
-2.9086000919342041,-49.1581001281738281,-1.8896309137344360
20.2223701477050781,-45.1220817565917969,-2.3832600116729736
-1.4547725915908813,-37.9261054992675781,-1.9410299062728882
2.0451869964599609,-37.9511184692382813,-1.0376529693603516
-27.7788143157958984,-54.5208816528320313,-2.7031967639923096
-11.4781093597412109,-50.9557380676269531,-2.7449595928192139
21.0865287780761719,-47.6080970764160156,-2.7441473007202148
-22.8214378356933594,-45.6398010253906250,-1.0388153791427612
-22.9775695800781250,-51.6374855041503906,-2.7442562580108643
-1.0219616889953613,-33.8743629455566406,-1.8858178853988647
13.3784952163696289,-38.7667198181152344,-1.8901386260986328
-7.7048945426940918,-29.1328372955322266,-1.0385359525680542
7.5599541664123535,-44.2349166870117188,-1.0374872684478760
15.5782365798950195,-39.6884384155273438,-1.0389474630355835
-5.8219866752624512,-37.8029403686523438,-1.0323387384414673
11.6273221969604492,-43.2495994567871094,-2.7458813190460205
10.6223411560058594,-41.7181587219238281,-1.8866597414016724
-10.7773189544677734,-36.0721359252929688,-1.8900376558303833
5.8212537765502930,-55.1109809875488281,-1.0338157415390015
1.1885858774185181,-52.2935333251953125,-2.7472262382507324
-25.6180744171142578,-56.2590637207031250,-2.7416255474090576
-1.0315015316009521,-38.3378715515136719,-2.7468912601470947
-16.2874221801757813,-45.1734237670898438,-1.0386832952499390
16.2863616943359375,-51.6150398254394531,-1.8834497928619385
-2.0262949466705322,-36.2641410827636719,-1.0327086448669434
-5.8220720291137695,-52.1363716125488281,-1.8901138305664063
7.5619611740112305,-48.1984062194824219,-1.0325219631195068
-2.9315948486328125,-28.7120780944824219,-1.0382566452026367
-3.7767348289489746,-29.2466278076171875,-1.0366929769515991
2.7853620052337646,-56.1214256286621094,-1.1023266315460205
12.5126905441284180,-49.1912994384765625,-1.8899710178375244
31.0661563873291016,-55.6361656188964844,-1.0391595363616943
-7.6792531013488770,-55.6544570922851563,-1.9322921037673950
3.7791609764099121,-41.9186439514160156,-1.0377851724624634
-18.1778335571289063,-42.1859321594238281,-2.7455084323883057
15.5763883590698242,-47.6551208496093750,-1.0366950035095215
-27.7787532806396484,-57.0579338073730469,-1.9259563684463501
21.9724197387695313,-47.5380249023437500,-1.8944501876831055
-22.1068267822265625,-48.6329727172851563,-1.8900167942047119
-22.8330326080322266,-48.6548767089843750,-1.0384639501571655
-13.3779973983764648,-54.4774894714355469,-2.7458486557006836
1.0198665857315063,-43.8843994140625000,-1.8823504447937012
26.0495014190673828,-55.0784111022949219,-1.0359334945678711
-1.0223734378814697,-28.3662548065185547,-1.0398521423339844
20.2118721008300781,-56.3299064636230469,-2.7466564178466797
-10.7596521377563477,-53.9060516357421875,-1.8896545171737671
12.5722284317016602,-55.7060127258300781,-1.0379924774169922
11.6277303695678711,-51.6797027587890625,-1.8896546363830566
8.5777425765991211,-57.0676994323730469,-1.0333694219589233
10.6223840713500977,-44.1974563598632813,-2.7473571300506592
3.7789685726165771,-37.9500503540039063,-2.7417833805084229
8.5782928466796875,-35.1138687133789063,-1.8910770416259766
3.7796807289123535,-42.9144935607910156,-1.0379542112350464
6.6842679977416992,-46.2071685791015625,-1.8899369239807129
15.5754976272583008,-43.6856689453125000,-1.0374445915222168
5.8249721527099609,-37.3124122619628906,-2.7469458580017090
-16.2884349822998047,-47.1630821228027344,-1.0385041236877441
3.7780771255493164,-33.9795112609863281,-2.7417566776275635
-8.5774917602539063,-50.5635147094726563,-2.7480444908142090
12.5134735107421875,-37.2695198059082031,-1.8927159309387207
-21.9536609649658203,-56.0854034423828125,-2.7441644668579102
25.9215888977050781,-55.5788917541503906,-1.8869220018386841
12.4971504211425781,-51.6702804565429688,-2.7473561763763428
6.6884040832519531,-43.7368850708007813,-1.0385359525680542
-8.5799999237060547,-39.6708488464355469,-2.7460408210754395
-10.7796297073364258,-38.0670433044433594,-1.8900772333145142
-20.3760929107666016,-48.6283569335937500,-1.8900240659713745
1.0222979784011841,-42.3970565795898438,-2.7464957237243652
-1.0223151445388794,-48.6901550292968750,-1.8908549547195435
17.3101081848144531,-40.6824722290039063,-1.0389477014541626
6.1359729766845703,-55.6385765075683594,-1.9213485717773438
15.4211549758911133,-52.1094627380371094,-1.8878673315048218
-2.8743262290954590,-29.7527427673339844,-1.0364902019500732
-17.1546211242675781,-55.6015625000000000,-1.0354924201965332
-2.0409805774688721,-48.6614112854003906,-1.8904412984848022
6.0842285156250000,-32.8590888977050781,-1.8730763196945190
3.1420750617980957,-55.6122169494628906,-2.7422738075256348
15.4224023818969727,-49.6249084472656250,-2.7476327419281006
11.6340694427490234,-42.2615470886230469,-2.7444429397583008
7.5845680236816406,-27.2388668060302734,-1.0379321575164795
-12.8950014114379883,-52.6107444763183594,-2.7430827617645264
6.6918668746948242,-40.7810897827148438,-1.0352048873901367
6.9998059272766113,-55.1393585205078125,-1.8772180080413818
5.8211898803710938,-53.1358184814453125,-2.7478895187377930
-13.1950149536132813,-50.4046249389648438,-1.8646008968353271
7.6701364517211914,-26.2439880371093750,-1.0389034748077393
2.7561635971069336,-38.9408912658691406,-1.8901615142822266
20.2214374542236328,-52.1259193420410156,-2.7466013431549072
17.3128681182861328,-45.6636772155761719,-1.0383809804916382
-20.2211513519287109,-55.0933074951171875,-1.0380454063415527
15.4197883605957031,-53.1033821105957031,-1.8894441127777100
26.0474929809570313,-52.0888442993164063,-1.0373544692993164
-22.1080989837646484,-50.6265258789062500,-1.8880771398544312
-16.4443264007568359,-44.6754875183105469,-1.8899496793746948
8.5776548385620117,-49.3390159606933594,-2.7477681636810303
6.6842246055603027,-35.3136177062988281,-1.8890482187271118
-5.8212757110595703,-49.1624336242675781,-1.8898758888244629
-6.7397522926330566,-34.4268035888671875,-2.7447094917297363
-11.7709617614746094,-56.2022895812988281,-1.0372997522354126
-17.1463241577148438,-56.5400466918945313,-2.7578773498535156
1.0200687646865845,-54.1823616027832031,-1.0364612340927124
5.8264703750610352,-47.6913185119628906,-1.8902397155761719
-2.8962008953094482,-46.6742134094238281,-2.7478597164154053
-10.6218385696411133,-40.5474243164062500,-1.0383011102676392
5.8800840377807617,-53.6319313049316406,-1.8908878564834595
2.9119589328765869,-34.4765167236328125,-2.7419486045837402
17.1416225433349609,-40.1878051757812500,-1.9688942432403564
17.1899929046630859,-57.0594596862792969,-1.0308609008789063
8.5777606964111328,-48.3483581542968750,-2.7481567859649658
6.6952056884765625,-53.6485061645507813,-2.7482576370239258
-25.0203456878662109,-56.2675552368164063,-1.9427759647369385
20.2229022979736328,-46.0540847778320313,-2.7417757511138916
5.8514862060546875,-50.1694564819335938,-1.0347205400466919
-2.0430648326873779,-43.2036590576171875,-2.7449505329132080
8.5298223495483398,-28.6751766204833984,-2.7428641319274902
-15.4217271804809570,-48.6535415649414063,-2.7416293621063232
5.8192958831787109,-43.3407897949218750,-2.7239849567413330
32.5783195495605469,-57.0580940246582031,-2.7422788143157959
-11.6346311569213867,-45.5041427612304688,-1.8891823291778564
21.3540821075439453,-57.0593261718750000,-1.8810586929321289
-7.6957530975341797,-41.1851463317871094,-2.7427682876586914
-7.0280866622924805,-43.7151527404785156,-1.9076654911041260
-6.7308526039123535,-30.3915252685546875,-2.7435867786407471
8.5784826278686523,-46.8637924194335938,-1.8912281990051270
12.5113544464111328,-42.7442245483398438,-1.0323748588562012
22.9776401519775391,-52.8050613403320313,-2.7419841289520264
-8.5775880813598633,-31.6930694580078125,-1.0342094898223877
-15.5790414810180664,-50.1424522399902344,-1.8900460004806519
-12.3367137908935547,-53.4209594726562500,-2.7320230007171631
-5.8223938941955566,-50.6485557556152344,-2.7479526996612549
12.4985971450805664,-39.7626991271972656,-1.0324842929840088
7.5599713325500488,-45.2214469909667969,-1.0342043638229370
-38.3983879089355469,57.9976081848144531,-4.0410504341125488
-16.4506797790527344,-55.5984649658203125,-1.8896565437316895
-7.7086749076843262,-46.1057662963867188,-2.7439939975738525
8.5814352035522461,-43.4572296142578125,-1.2692022323608398
10.6228818893432617,-33.2449760437011719,-1.0385979413986206
-18.1781539916992188,-42.6922950744628906,-1.8925271034240723
32.5575065612792969,-56.0599021911621094,-2.7412123680114746
1.0223058462142944,-29.4904651641845703,-2.7399621009826660
-2.0305602550506592,-50.1501808166503906,-1.0327684879302979
8.5806474685668945,-53.7862167358398438,-1.8894221782684326
-13.3834342956542969,-52.3168144226074219,-1.9280302524566650
-7.7000775337219238,-29.1274032592773438,-2.7413828372955322
-16.2879104614257813,-54.1059188842773438,-2.7418651580810547
-10.6216793060302734,-49.4639053344726563,-2.7478330135345459
-3.7778964042663574,-41.2232170104980469,-2.7458612918853760
-5.8201417922973633,-54.6206436157226563,-2.7488210201263428
-3.7825374603271484,-57.0648994445800781,-2.0386438369750977
1.8881763219833374,-47.8342361450195313,-1.0375024080276489
12.5133848190307617,-35.7746582031250000,-1.0355023145675659
8.5741662979125977,-51.3194694519042969,-1.0320377349853516
-6.6891784667968750,-53.1263160705566406,-2.7478685379028320
16.2907447814941406,-46.6535911560058594,-1.8899533748626709
-16.2882843017578125,-42.1840248107910156,-2.7411587238311768
-17.1541805267333984,-45.6712265014648438,-2.7413837909698486
27.7698650360107422,-56.5666885375976563,-1.8900129795074463
-2.8940372467041016,-39.7295875549316406,-2.7478768825531006
5.8219828605651855,-54.1233978271484375,-1.0324665307998657
17.3106174468994141,-42.6837882995605469,-2.7415797710418701
-21.0876502990722656,-53.6073188781738281,-2.7417893409729004
10.6241426467895508,-38.2327423095703125,-2.7471473217010498
15.4216032028198242,-47.1552009582519531,-1.8849860429763794
-13.0660896301269531,-51.3826408386230469,-1.8536329269409180
-13.3776903152465820,-36.0860366821289063,-1.0372130870819092
2.9122085571289063,-41.4177970886230469,-2.7421550750732422
-2.0136060714721680,-31.7586612701416016,-1.8980005979537964
-6.6934995651245117,-50.6448936462402344,-1.8901993036270142
25.1493587493896484,-51.6521911621093750,-2.7422368526458740
-2.0177936553955078,-56.0846328735351563,-1.0313031673431396
-16.4440708160400391,-42.6825332641601563,-1.8899470567703247
27.6436882019042969,-52.5831375122070313,-1.8900358676910400
10.6262083053588867,-35.4116630554199219,-2.7426362037658691
7.6968030929565430,-31.7388153076171875,-1.8914021253585815
-21.0875968933105469,-51.6182518005371094,-1.0382919311523438
18.1778163909912109,-44.1753730773925781,-2.7415139675140381
3.6229915618896484,-40.4290809631347656,-1.8897340297698975
-8.5778293609619141,-32.7009506225585938,-1.0335664749145508
-1.0254660844802856,-45.7157363891601563,-1.8892921209335327
-30.6937427520751953,-56.0873260498046875,-1.7929385900497437
-26.6392879486083984,-51.2978935241699219,-1.0847390890121460
3.6299180984497070,-47.8243255615234375,-2.7426199913024902
-2.0621149539947510,-29.7408294677734375,-1.8835303783416748
-17.3120174407958984,-48.1575431823730469,-1.8901088237762451
-2.0352692604064941,-37.2609825134277344,-1.0349016189575195
-18.1784744262695313,-46.6704940795898438,-1.8966721296310425
12.5169706344604492,-54.6331100463867188,-2.7505645751953125
29.8934707641601563,-55.4896736145019531,-2.2419130802154541
-12.4845972061157227,-48.4793052673339844,-1.0335468053817749
1.7256140708923340,-56.3722229003906250,-2.0288665294647217
-7.6856079101562500,-52.5933151245117188,-1.8905045986175537
-5.8231301307678223,-30.8085174560546875,-2.7440412044525146
-16.2876415252685547,-40.1885261535644531,-2.7410175800323486
-27.2807750701904297,-55.3832168579101563,-2.7411777973175049
-12.4018745422363281,-50.6059417724609375,-2.7446386814117432
3.6224505901336670,-42.4111289978027344,-1.8896930217742920
20.2294960021972656,-49.1273727416992188,-1.0343583822250366
-12.5723094940185547,-55.4685554504394531,-1.0386091470718384
20.2232189178466797,-47.1015663146972656,-2.7434382438659668
-1.0221446752548218,-31.8772392272949219,-1.8955777883529663
-37.4983291625976563,-61.9071693420410156,-3.1219503879547119
-22.8236446380615234,-48.6396255493164063,-2.7422506809234619
13.3773527145385742,-51.6571502685546875,-1.8892868757247925
26.0468387603759766,-52.0900955200195313,-2.7428076267242432
-15.5791006088256836,-48.1568984985351563,-1.8900960683822632
15.4219388961791992,-48.1457519531250000,-1.8895797729492188
11.1577539443969727,-41.3694000244140625,-1.0935403108596802
-2.0408229827880859,-33.2654151916503906,-1.0322381258010864
5.8219809532165527,-51.6445655822753906,-1.8900903463363647
13.3842020034790039,-55.1341590881347656,-1.0281718969345093
-22.9785461425781250,-48.1491279602050781,-1.8871817588806152
-27.2400112152099609,-53.7634239196777344,-1.0389482975006104
1.8868885040283203,-31.4957065582275391,-1.8848971128463745
-22.9775905609130859,-46.1364135742187500,-1.8909671306610107
27.7784442901611328,-53.0821876525878906,-1.0372332334518433
-1.0223246812820435,-38.3326797485351563,-1.0341362953186035
21.1771278381347656,-51.1345901489257813,-1.8897926807403564
13.3668470382690430,-50.1837425231933594,-1.0351133346557617
-13.3432188034057617,-35.0876007080078125,-1.0362057685852051
2.7451488971710205,-52.7844848632812500,-1.8987337350845337
-5.8229203224182129,-48.6668167114257813,-2.7481126785278320
-13.2201089859008789,-42.0352630615234375,-1.0367548465728760
-20.2223606109619141,-48.1296195983886719,-1.0387552976608276
7.5842986106872559,-45.2240905761718750,-2.7457146644592285
-26.0946826934814453,-57.0592117309570313,-1.0388430356979370
-12.3630352020263672,-46.4969520568847656,-2.7429656982421875
-7.0315299034118652,-34.9566688537597656,-1.9031618833541870
1.9033100605010986,-55.6666526794433594,-1.0368455648422241
27.7793636322021484,-56.0691261291503906,-1.0339570045471191
-17.1552295684814453,-48.6537132263183594,-1.0383839607238770
-3.7779159545898438,-38.7424201965332031,-1.8899004459381104
3.7831535339355469,-56.3667640686035156,-2.7448310852050781
-6.6927809715270996,-51.1414833068847656,-2.7474601268768311
15.4222202301025391,-47.6506843566894531,-2.7469930648803711
29.8223075866699219,-56.1937942504882813,-1.5371680259704590
18.1783561706542969,-46.1613273620605469,-1.0382380485534668
31.5502319335937500,-57.0580368041992188,-1.0367172956466675
-13.3037204742431641,-57.0572166442871094,-1.0475071668624878
-8.5781478881835938,-49.5737648010253906,-1.0319180488586426
-26.0750331878662109,-52.9154090881347656,-1.8415515422821045
-16.2881240844726563,-45.1733360290527344,-2.7413792610168457
-3.7719790935516357,-42.2115211486816406,-1.0337767601013184
-11.4877691268920898,-43.0292587280273438,-1.0387375354766846
-18.1855792999267578,-57.0633430480957031,-1.0313721895217896
-18.1783580780029297,-47.6621360778808594,-1.8958288431167603
21.9831600189208984,-51.0657348632812500,-1.0351885557174683
1.0223062038421631,-29.4970226287841797,-1.0392752885818481
-5.8329939842224121,-45.7001075744628906,-1.0325015783309937
15.4216012954711914,-39.0725402832031250,-1.8117192983627319
-7.7111144065856934,-30.1690139770507813,-2.7432916164398193
-8.5778512954711914,-36.6930465698242188,-1.0326539278030396
7.0960483551025391,-42.2900123596191406,-1.8962466716766357
2.7530589103698730,-49.8066825866699219,-1.8969920873641968
6.6919693946838379,-39.7888603210449219,-1.0336410999298096
18.0219860076904297,-49.6370239257812500,-1.8898619413375854
1.8898440599441528,-54.6840324401855469,-1.0371084213256836
8.5774183273315430,-31.6631412506103516,-1.0332983732223511
11.6192064285278320,-47.2160568237304688,-2.7481513023376465
-2.9148588180541992,-31.2658882141113281,-1.8889459371566772
-1.0490942001342773,-33.3781509399414063,-1.0317807197570801
-2.9123718738555908,-34.2605552673339844,-1.8901395797729492
6.7667684555053711,-30.3402671813964844,-1.8915278911590576
1.1804944276809692,-38.4373283386230469,-2.7438340187072754
13.3641986846923828,-51.1684570312500000,-1.0329352617263794
18.1840286254882813,-55.5923690795898438,-1.8898514509201050
13.3785076141357422,-45.7202148437500000,-1.8900746107101440
-13.3780956268310547,-42.0319786071777344,-2.7438158988952637
10.6221971511840820,-45.6870498657226563,-1.8900834321975708
-2.9105470180511475,-43.6974258422851563,-2.7478694915771484
-13.3784093856811523,-37.5665664672851563,-1.8845522403717041
11.6488742828369141,-49.6947250366210938,-1.8891117572784424
1.0218259096145630,-38.4301986694335938,-1.0370573997497559
18.1780757904052734,-45.1685600280761719,-2.7414786815643311
3.7781713008880615,-38.9424819946289063,-1.0381222963333130
-3.7780168056488037,-46.6742858886718750,-1.8906595706939697
5.8207287788391113,-45.7057304382324219,-1.8914865255355835
3.7786097526550293,-46.8388595581054688,-2.7468881607055664
1.0214370489120483,-35.9730339050292969,-1.8942854404449463
-11.5300540924072266,-54.5320777893066406,-1.8119553327560425
12.5122451782226563,-34.7530403137207031,-2.7423801422119141
12.0103416442871094,-33.8477821350097656,-1.8907592296600342
-15.4232845306396484,-39.6888236999511719,-1.0389974117279053
1.9070081710815430,-56.6532745361328125,-1.0895714759826660
15.4220542907714844,-51.6099510192871094,-2.7469260692596436
3.6235754489898682,-50.2955741882324219,-1.8909873962402344
-2.9014432430267334,-39.2336082458496094,-1.8900955915451050
7.5980420112609863,-28.2565517425537109,-1.0372816324234009
-1.0233595371246338,-39.8144416809082031,-1.8900064229965210
2.9089100360870361,-51.2776412963867188,-1.0372040271759033
-21.0865497589111328,-54.6010704040527344,-2.7418799400329590
-17.1530876159667969,-40.6877899169921875,-2.7409512996673584
-8.5781078338623047,-42.6442070007324219,-1.0320945978164673
1.0198215246200562,-27.9757080078125000,-1.8867332935333252
-16.2877292633056641,-41.1865692138671875,-2.7410049438476563
-25.0213756561279297,-52.9110298156738281,-1.9240976572036743
-5.9838881492614746,-39.2855300903320313,-1.8902238607406616
2.7518198490142822,-50.7977752685546875,-1.8938580751419067
-2.0171289443969727,-33.2738075256347656,-2.7450468540191650
5.8221464157104492,-42.3428421020507813,-2.7417309284210205
-17.3105678558349609,-45.1738357543945313,-1.8899034261703491
21.0825538635253906,-48.1141319274902344,-1.8881660699844360
-26.1134910583496094,-55.3945541381835938,-2.7368493080139160
15.5289230346679688,-40.6963844299316406,-2.7425189018249512
22.9782352447509766,-51.8990097045898438,-1.3853336572647095
-11.6469316482543945,-38.5612640380859375,-1.8899306058883667
8.5780858993530273,-41.5362777709960938,-2.7430403232574463
-2.9010696411132813,-52.6347427368164063,-2.7480030059814453
-22.9808101654052734,-55.1261520385742188,-1.8947554826736450
1.8870953321456909,-42.4029502868652344,-1.8891726732254028
2.0489170551300049,-49.8061294555664063,-2.7433459758758545
20.2223014831542969,-46.0652503967285156,-1.0383772850036621
8.5779066085815430,-41.5294342041015625,-1.0378768444061279
1.0213414430618286,-47.3398361206054688,-1.0381236076354980
5.8220815658569336,-33.8205757141113281,-1.8962603807449341
-22.1069278717041016,-53.6107444763183594,-1.8946294784545898
11.6183557510375977,-43.7416915893554688,-1.8892861604690552
11.6509408950805664,-53.6661758422851563,-1.8896086215972900
11.2102680206298828,-36.8856735229492188,-1.8450495004653931
-2.8887083530426025,-48.6600761413574219,-2.7479500770568848
-11.4807949066162109,-49.4635848999023438,-1.8877490758895874
3.6218516826629639,-39.4377784729003906,-1.8900480270385742
1.0210024118423462,-32.9900131225585938,-1.8966966867446899
6.6692590713500977,-30.8442726135253906,-2.7445473670959473
-2.0204265117645264,-49.1563262939453125,-2.7478327751159668
18.1782112121582031,-54.0950126647949219,-1.0328439474105835
8.5773143768310547,-52.3093299865722656,-1.0343379974365234
-18.1777534484863281,-53.1092109680175781,-2.7466914653778076
-2.0204501152038574,-47.6677398681640625,-1.8897292613983154
5.8209013938903809,-30.3478984832763672,-1.0368626117706299
-21.2421035766601563,-56.0912208557128906,-1.8904376029968262
17.1558914184570313,-47.1546783447265625,-1.8898633718490601
-7.7124385833740234,-34.2017097473144531,-1.0355780124664307
20.2214717864990234,-55.1003684997558594,-1.0369604825973511
-2.8942151069641113,-53.6286125183105469,-1.0326315164566040
-11.4766807556152344,-53.9068756103515625,-2.5865921974182129
-21.0869483947753906,-52.6134300231933594,-1.0383241176605225
-6.7388682365417480,-32.4257888793945313,-2.7438311576843262
26.9136810302734375,-53.5821037292480469,-1.0370918512344360
15.4210453033447266,-46.1667022705078125,-1.8900967836380005
-12.3537197113037109,-43.5250701904296875,-1.0383985042572021
30.9765052795410156,-57.0587921142578125,-1.8522406816482544
-25.0213584899902344,-53.7320137023925781,-2.7396843433380127
-3.7670991420745850,-51.6298484802246094,-1.8904956579208374
-2.0194396972656250,-50.1502380371093750,-2.7475404739379883
3.7778115272521973,-54.8430671691894531,-2.7121279239654541
-12.3529996871948242,-32.5794639587402344,-2.7408287525177002
-5.8211455345153809,-46.6877899169921875,-1.0316338539123535
8.5775947570800781,-36.6012496948242188,-1.0322771072387695
1.8855009078979492,-50.3073387145996094,-1.8970230817794800
21.9825611114501953,-47.0290031433105469,-1.0378835201263428
-26.0920772552490234,-53.7105140686035156,-1.0461006164550781
-1.0440233945846558,-41.2678260803222656,-2.7492289543151855
-2.9085490703582764,-41.7142181396484375,-2.7477235794067383
8.5453310012817383,-44.4082946777343750,-1.0364804267883301
3.7787518501281738,-44.8723869323730469,-1.0330849885940552
-6.6993675231933594,-49.1560440063476563,-1.0337657928466797
-30.6777935028076172,-57.0591773986816406,-2.0182213783264160
13.3776741027832031,-47.2062034606933594,-2.7480893135070801
-32.5776138305664063,-55.4343605041503906,-2.7437937259674072
12.5079183578491211,-48.1959686279296875,-1.8898773193359375
7.1390767097473145,-33.3987998962402344,-1.8868808746337891
-17.1537895202636719,-48.6543846130371094,-2.7415857315063477
-18.0270633697509766,-50.1537208557128906,-2.7425332069396973
26.0463352203369141,-51.0913467407226563,-2.7422769069671631
22.9786033630371094,-49.9588890075683594,-2.7464959621429443
-22.8411159515380859,-46.6382751464843750,-1.0381066799163818
-21.2405757904052734,-49.1281242370605469,-1.8900589942932129
-13.3792867660522461,-50.9083938598632813,-1.0340492725372314
-29.8222789764404297,-54.0016365051269531,-2.7421693801879883
1.8857849836349487,-28.9949665069580078,-1.0363590717315674
17.1751060485839844,-41.1824150085449219,-1.8930131196975708
13.3481311798095703,-35.7731018066406250,-1.8903163671493530
-8.5785808563232422,-43.1391792297363281,-1.8900965452194214
-21.0879364013671875,-46.6330871582031250,-2.7410383224487305
10.6437664031982422,-37.2279205322265625,-1.0361257791519165
-13.2191705703735352,-33.0769119262695313,-2.7416336536407471
-20.2222404479980469,-49.1269454956054688,-2.7414429187774658
-2.9170250892639160,-30.2586193084716797,-1.8923091888427734
7.5956864356994629,-56.2168045043945313,-2.7383193969726563
-20.3801155090332031,-45.6342849731445313,-1.8900072574615479
-8.5793313980102539,-54.5185852050781250,-1.0329079627990723
-26.0891304016113281,-53.7825241088867188,-2.7409594058990479
17.3115100860595703,-48.6443443298339844,-1.0383385419845581
-11.4880123138427734,-34.0769615173339844,-1.0389001369476318
12.5006265640258789,-43.7360877990722656,-2.7476634979248047
7.0067944526672363,-41.2956428527832031,-1.8790006637573242
-7.7126922607421875,-36.6941680908203125,-1.8901087045669556
2.7534580230712891,-46.3566131591796875,-2.7439835071563721
-2.9070169925689697,-33.7620544433593750,-1.0328631401062012
20.2217350006103516,-54.8996315002441406,-2.0119252204895020
11.6426572799682617,-48.7029914855957031,-1.8905040025711060
6.6922998428344727,-45.7123947143554688,-1.0320688486099243
2.9115939140319824,-40.4273376464843750,-1.0381858348846436
3.6202571392059326,-44.8703422546386719,-2.7424616813659668
-26.7039661407470703,-52.9217147827148438,-1.0421559810638428
18.0225982666015625,-52.6114387512207031,-1.8902915716171265
21.9765319824218750,-48.5591545104980469,-1.8866410255432129
6.9748530387878418,-32.4117584228515625,-1.8798766136169434
-17.1543350219726563,-54.6000175476074219,-2.7418184280395508
11.6396684646606445,-39.7747802734375000,-1.8898150920867920
12.5124750137329102,-36.7727737426757813,-1.0338131189346313
1.0207114219665527,-26.4401912689208984,-2.7423133850097656
-13.2381076812744141,-47.9418296813964844,-2.7438683509826660
-2.0201053619384766,-44.1911163330078125,-2.7461662292480469
-1.5182536840438843,-51.7734336853027344,-1.9601051807403564
15.4220628738403320,-45.6717605590820313,-1.0324931144714355
11.6376953125000000,-40.7721061706542969,-1.8847503662109375
-11.6450195312500000,-33.5778427124023438,-1.8901126384735107
-11.4862709045410156,-45.0113525390625000,-1.0373482704162598
1.9501937627792358,-26.8171329498291016,-1.0370130538940430
-2.0618007183074951,-29.2341403961181641,-2.7419619560241699
11.0958967208862305,-34.4547653198242188,-2.7412450313568115
-36.8902511596679688,-61.9136314392089844,-4.0412755012512207
-10.6215019226074219,-48.4754562377929688,-1.0335643291473389
-2.0287687778472900,-55.1015510559082031,-1.0327157974243164
3.6239876747131348,-38.4458389282226563,-1.8901629447937012
12.4925765991210938,-50.6802330017089844,-1.0318623781204224
-22.9775123596191406,-45.1379585266113281,-1.8890100717544556
-20.2195510864257813,-57.0671348571777344,-2.7441663742065430
-15.5789461135864258,-52.1251068115234375,-1.8901187181472778
-15.4221506118774414,-45.6709442138671875,-2.7413890361785889
-7.7120718955993652,-35.1967086791992188,-2.7448115348815918
-21.9671478271484375,-57.0668411254882813,-2.7445311546325684
5.8213334083557129,-32.3361244201660156,-1.0388395786285400
5.8223881721496582,-48.1863670349121094,-1.0319825410842896
-3.7777318954467773,-34.2620620727539063,-2.7471938133239746
16.3090763092041016,-55.0653305053710938,-2.7512271404266357
-1.5549077987670898,-57.0665702819824219,-1.9012999534606934
-18.0272750854492188,-56.0829505920410156,-1.0371628999710083
-29.9565181732177734,-56.0690078735351563,-1.0378620624542236
13.3729648590087891,-46.2144660949707031,-2.7477664947509766
-6.7010006904602051,-45.2083969116210938,-1.0320891141891479
-7.6907429695129395,-47.6069183349609375,-1.8916264772415161
18.1784095764160156,-42.1897125244140625,-2.7436907291412354
-20.2217254638671875,-52.1148757934570313,-1.0382524728775024
-7.7125802040100098,-36.1947555541992188,-1.0328221321105957
-10.6202974319458008,-49.9626770019531250,-1.8899391889572144
22.9781017303466797,-54.0264282226562500,-1.0367001295089722
-1.0239067077636719,-48.1932029724121094,-2.7484023571014404
-25.4812927246093750,-52.9218406677246094,-1.0384608507156372
-2.8942723274230957,-40.2265052795410156,-1.8900885581970215
-5.9569582939147949,-29.2803516387939453,-1.8938026428222656
8.5787172317504883,-37.0948486328125000,-1.8901954889297485
8.5775213241577148,-45.3764114379882813,-2.7460646629333496
-16.2884788513183594,-40.1883506774902344,-1.0389914512634277
-6.6846580505371094,-43.2350807189941406,-2.7460534572601318
15.4234924316406250,-53.5998878479003906,-1.0323967933654785
-2.9025483131408691,-54.6228675842285156,-1.0348907709121704
-13.3856229782104492,-51.7562446594238281,-2.7450652122497559
8.5776901245117188,-51.8181037902832031,-1.8894912004470825
-5.8187370300292969,-55.1186637878417969,-1.8953602313995361
-8.5786752700805664,-53.5330085754394531,-1.0324460268020630
2.3474709987640381,-55.0187873840332031,-2.7126848697662354
-13.3778619766235352,-56.0589637756347656,-1.0328243970870972
-10.6164188385009766,-57.0660781860351563,-1.9103775024414063
6.7528276443481445,-53.1508598327636719,-1.8920639753341675
3.7784988880157471,-39.9336013793945313,-1.0379945039749146
2.9129807949066162,-37.4536285400390625,-2.7419211864471436
-11.4876394271850586,-42.0371437072753906,-1.0384666919708252
-5.8257117271423340,-46.6870803833007813,-2.7483296394348145
-8.5775909423828125,-30.6779346466064453,-2.7441210746765137
-15.4217920303344727,-50.6383171081542969,-1.0382680892944336
-12.3534679412841797,-33.5780448913574219,-1.0390046834945679
21.9891262054443359,-50.5605201721191406,-1.8897048234939575
37.3994026184082031,-61.2777175903320313,-3.3198802471160889
21.0877437591552734,-49.6284828186035156,-2.7462222576141357
-8.5608348846435547,-28.6157684326171875,-1.0386358499526978
2.0392367839813232,-31.0020084381103516,-1.0358281135559082
-6.6861100196838379,-53.6240806579589844,-1.8902872800827026
-8.5777893066406250,-51.0596275329589844,-1.8901573419570923
-22.1140155792236328,-47.6351013183593750,-1.8912603855133057
-5.8221864700317383,-51.1453819274902344,-1.8900837898254395
-18.0259418487548828,-47.1709556579589844,-1.0389934778213501
10.6363124847412109,-44.1967697143554688,-1.0324413776397705
2.7502672672271729,-51.7900123596191406,-1.8952741622924805
-7.7410511970520020,-44.1440277099609375,-1.3555638790130615
11.6235532760620117,-39.2757339477539063,-1.0327738523483276
-12.4310731887817383,-49.6064262390136719,-1.0810511112213135
-8.5778179168701172,-52.5448608398437500,-2.7485511302947998
-15.4219064712524414,-45.6711082458496094,-1.0385650396347046
12.5065660476684570,-40.7570610046386719,-2.7473731040954590
5.8236656188964844,-48.6835098266601563,-1.8905249834060669
17.3105506896972656,-43.6777229309082031,-2.7413849830627441
-3.7776269912719727,-36.2556076049804688,-2.7473046779632568
7.5946960449218750,-53.6762161254882813,-1.8999733924865723
-13.2285299301147461,-44.9882049560546875,-1.0354223251342773
2.0444481372833252,-41.9047622680664063,-1.0380285978317261
3.6652801036834717,-28.5251178741455078,-1.8905411958694458
13.0300312042236328,-33.8316726684570313,-1.8886678218841553
-5.8221664428710938,-34.8199462890625000,-1.0326137542724609
-1.0471090078353882,-35.8606338500976563,-1.8892022371292114
18.1781768798828125,-43.1740493774414063,-1.0384135246276855
-1.4780194759368896,-41.3684577941894531,-1.0817068815231323
5.8237085342407227,-46.1986007690429688,-2.7484498023986816
11.6385412216186523,-54.1648788452148438,-1.0351763963699341
-5.8222336769104004,-34.3206520080566406,-1.8900586366653442
1.8863435983657837,-33.4850273132324219,-1.8957378864288330
15.4224252700805664,-49.6374397277832031,-1.0318620204925537
7.6282882690429688,-36.2899971008300781,-1.0330705642700195
-6.8418407440185547,-57.0626525878906250,-2.7457251548767090
-10.6124486923217773,-56.3515586853027344,-2.6705996990203857
1.0211988687515259,-54.9046783447265625,-2.7416777610778809
26.7434196472167969,-57.0624198913574219,-1.8903561830520630
-7.6912040710449219,-50.5997505187988281,-1.8893741369247437
15.4219617843627930,-40.1771545410156250,-1.8959589004516602
2.9192221164703369,-31.0176792144775391,-1.9018934965133667
5.8189826011657715,-30.3321380615234375,-2.7453224658966064
-1.0384066104888916,-39.3232421875000000,-1.0322009325027466
-31.8752994537353516,-57.0606269836425781,-1.0362479686737061
-11.6465044021606445,-39.5565185546875000,-1.8900182247161865
-2.8592262268066406,-30.7670783996582031,-2.7455177307128906
-2.0199520587921143,-45.1833457946777344,-2.7473196983337402
-3.7776434421539307,-50.1442794799804688,-1.0317325592041016
22.0632553100585938,-52.0423507690429688,-2.7426943778991699
25.1474399566650391,-52.6530456542968750,-2.7421560287475586
-11.4796257019042969,-52.9274444580078125,-2.7440977096557617
-20.2200927734375000,-56.0829620361328125,-2.7425670623779297
17.1916122436523438,-57.0552139282226563,-2.7460579872131348
26.7615661621093750,-50.0877647399902344,-1.8900749683380127
12.5026292800903320,-48.6925888061523438,-2.7474620342254639
-11.6211566925048828,-48.9765205383300781,-1.0342571735382080
-21.2407493591308594,-50.1247177124023438,-1.8900730609893799
3.7778875827789307,-26.4911155700683594,-1.8834531307220459
3.7808711528778076,-51.7786140441894531,-1.0379780530929565
11.6166734695434570,-34.7642707824707031,-1.9006196260452271
-21.9550056457519531,-50.1281204223632813,-1.0380202531814575
11.6198005676269531,-49.1988143920898438,-2.7476611137390137
7.6081461906433105,-41.2685317993164063,-1.0388710498809814
-10.6203479766845703,-47.4852600097656250,-2.7420430183410645
18.1777400970458984,-41.6946640014648438,-1.8809736967086792
-8.5776538848876953,-29.1338558197021484,-1.8915888071060181
5.9155764579772949,-28.8309059143066406,-1.8896822929382324
-21.0882415771484375,-54.6015357971191406,-1.0381546020507813
21.0988082885742188,-55.6149635314941406,-1.0383918285369873
-20.2219142913818359,-51.1197929382324219,-1.0383758544921875
7.5578837394714355,-57.0685386657714844,-1.0342930555343628
3.1033892631530762,-25.2451152801513672,-2.7410807609558105
-13.2270336151123047,-37.0825843811035156,-2.7422006130218506
10.6234378814697266,-40.2281112670898438,-2.7461099624633789
-27.7780895233154297,-52.9286308288574219,-1.1343933343887329
7.6291775703430176,-36.7880020141601563,-1.8901025056838989
2.9078965187072754,-43.3930931091308594,-1.0367339849472046
2.9129214286804199,-41.4169387817382813,-1.0382163524627686
2.0478236675262451,-37.9478683471679688,-2.7420818805694580
21.0900478363037109,-51.6362762451171875,-1.0367023944854736
5.8237977027893066,-29.8339405059814453,-1.8873816728591919
7.6662373542785645,-26.2426986694335938,-2.7411448955535889
-2.0410075187683105,-35.7651290893554688,-1.8895399570465088
1.0198245048522949,-50.8017539978027344,-1.8998923301696777
-13.3784418106079102,-44.9911003112792969,-2.7454609870910645
13.3737287521362305,-49.1930084228515625,-1.0318274497985840
-21.0866794586181641,-55.5951156616210938,-2.7420272827148438
1.0208475589752197,-31.9950847625732422,-1.8921587467193604
26.9141044616699219,-54.5789451599121094,-1.0368489027023315
3.7798519134521484,-45.3723297119140625,-1.8961980342864990
12.4982242584228516,-32.7549247741699219,-1.0650275945663452
26.0453701019287109,-50.0918884277343750,-2.7413008213043213
-16.2878742218017578,-43.1808967590332031,-1.0387283563613892
6.6895503997802734,-44.7216873168945313,-1.0342317819595337
3.7779345512390137,-35.9658432006835938,-2.7472097873687744
5.8247804641723633,-46.2046089172363281,-1.0325947999954224
-7.7227396965026855,-57.0722885131835938,-2.2845954895019531
-1.5304558277130127,-55.4556007385253906,-1.8179894685745239
21.0900363922119141,-51.6343879699707031,-2.7434918880462646
-17.1561985015869141,-53.6112098693847656,-2.7417902946472168
5.8215875625610352,-57.0698776245117188,-1.0352125167846680
-3.7713506221771240,-54.1051750183105469,-1.0323461294174194
18.0237083435058594,-45.6644783020019531,-1.8897298574447632
6.6951508522033691,-45.7104606628417969,-2.7478392124176025
-15.5776033401489258,-56.0808143615722656,-1.8921203613281250
7.5932993888854980,-46.7089576721191406,-1.8901475667953491
-15.4219598770141602,-47.6599655151367188,-2.7415831089019775
-3.7784588336944580,-52.6203994750976563,-1.8898062705993652
-5.8223705291748047,-49.6582069396972656,-1.0319310426712036
5.8264608383178711,-36.8133125305175781,-1.8898614645004272
-3.7779188156127930,-43.6969718933105469,-1.8895626068115234
-10.6221065521240234,-37.5658950805664063,-1.0385279655456543
-12.5081081390380859,-36.0718765258789063,-1.8901268243789673
-32.0681838989257813,-55.5004386901855469,-1.0377928018569946
-8.5778341293334961,-56.0887603759765625,-1.9416849613189697
8.5781116485595703,-40.5491828918457031,-1.0332013368606567
1.0206507444381714,-38.9286079406738281,-1.8971241712570190
-3.7777230739593506,-45.1862602233886719,-1.0319367647171021
6.6897168159484863,-36.3094711303710938,-1.8892579078674316
-21.0928974151611328,-56.5913467407226563,-2.7413187026977539
21.2035865783691406,-54.6288871765136719,-2.7438392639160156
8.0371608734130859,-41.9539718627929688,-1.8846487998962402
3.7789587974548340,-39.9326591491699219,-2.7418496608734131
13.3750581741333008,-48.2008132934570313,-1.0320138931274414
-11.6349163055419922,-47.4884719848632813,-1.8890064954757690
-7.6883578300476074,-42.1903724670410156,-2.7469763755798340
-18.1776962280273438,-54.1023483276367188,-2.7470219135284424
11.6360826492309570,-45.2332534790039063,-1.0319216251373291
13.3777589797973633,-33.2517318725585938,-1.0402183532714844
2.7538568973541260,-39.9317321777343750,-1.8903982639312744
-10.6209468841552734,-54.3947792053222656,-2.7460327148437500
1.0199538469314575,-49.8130378723144531,-1.8929756879806519
-15.5792312622070313,-49.1499900817871094,-1.8900161981582642
16.4530429840087891,-53.0909156799316406,-2.7414646148681641
18.0210342407226563,-51.6196365356445313,-1.8899945020675659
-21.2451915740966797,-46.1343040466308594,-1.8899744749069214
-22.9789638519287109,-50.1415328979492188,-1.8934456110000610
-6.6892986297607422,-49.6507186889648438,-1.8896330595016479
-13.3786430358886719,-53.4824829101562500,-2.7426402568817139
-5.8213319778442383,-40.2682113647460938,-1.8900258541107178
8.5814886093139648,-40.0613555908203125,-1.8900858163833618
11.6282835006713867,-45.7290840148925781,-1.8899141550064087
-2.9121718406677246,-36.2526054382324219,-1.8898115158081055
-11.6426515579223633,-35.5731697082519531,-1.8901532888412476
-6.8030524253845215,-44.2158813476562500,-2.7420136928558350
-6.6857132911682129,-55.1102142333984375,-2.7487802505493164
-7.6978540420532227,-41.1815299987792969,-1.0369069576263428
22.4168624877929688,-55.4738426208496094,-1.8861223459243774
-12.3550748825073242,-32.5795707702636719,-1.0389691591262817
-5.8363490104675293,-31.3205833435058594,-1.8915954828262329
-1.0222407579421997,-30.3743381500244141,-2.7469196319580078
1.0215122699737549,-54.2027359008789063,-2.0334661006927490
26.9120597839355469,-50.5866317749023438,-1.0382800102233887
17.3118591308593750,-47.6516914367675781,-2.7415683269500732
-3.7751293182373047,-30.2535800933837891,-1.0355188846588135
-22.9788169860839844,-51.1370239257812500,-1.8832293748855591
10.6298780441284180,-41.2223968505859375,-2.7462248802185059
12.5097656250000000,-40.7569618225097656,-1.0321694612503052
8.4974231719970703,-29.6710662841796875,-2.7433061599731445
31.5235385894775391,-56.0601463317871094,-2.7410833835601807
-6.7388854026794434,-35.4204292297363281,-1.0349488258361816
2.7552115917205811,-41.9119148254394531,-1.8905571699142456
-11.4863882064819336,-46.0032005310058594,-1.0373837947845459
-13.2306165695190430,-46.9686698913574219,-1.0362478494644165
2.0452790260314941,-30.4998893737792969,-1.8969310522079468
15.4207696914672852,-41.1883850097656250,-1.8835523128509521
-15.5789928436279297,-47.1630477905273438,-1.8899699449539185
-2.0225973129272461,-48.1626243591308594,-2.7478363513946533
16.3400230407714844,-54.5797996520996094,-1.8883610963821411
-6.6982970237731934,-49.1575965881347656,-2.7462120056152344
13.3793039321899414,-46.7129173278808594,-1.8894364833831787
-12.3539161682128906,-38.5610351562500000,-1.0387531518936157
2.9131126403808594,-39.4361228942871094,-2.7419888973236084
12.4930181503295898,-49.6867752075195313,-1.0324764251708984
-21.9550399780273438,-49.1311759948730469,-1.0384370088577271
-27.7786788940429688,-54.6030578613281250,-1.0388994216918945
-18.1856403350830078,-56.5816612243652344,-1.8908294439315796
12.5025300979614258,-52.1702384948730469,-1.8892657756805420
16.4452114105224609,-48.1465682983398438,-2.7418129444122314
21.9968471527099609,-53.6003875732421875,-1.8490163087844849
16.4477901458740234,-41.1869392395019531,-1.0383508205413818
13.3773231506347656,-54.1462707519531250,-1.0351713895797729
3.7784476280212402,-36.9592208862304688,-2.7443904876708984
11.1505165100097656,-32.4360046386718750,-1.2932261228561401
8.1556825637817383,-33.1570892333984375,-1.8931410312652588
-12.9661493301391602,-53.2044029235839844,-1.8808754682540894
25.9174079895019531,-53.5865440368652344,-1.8902076482772827
-26.0918998718261719,-54.5928993225097656,-1.9265847206115723
-17.1547737121582031,-50.6390533447265625,-2.7417457103729248
13.3777294158935547,-52.1546554565429688,-2.7468020915985107
12.5055828094482422,-39.2643508911132813,-1.8901568651199341
22.3926467895507813,-46.1085395812988281,-2.7412023544311523
8.3874635696411133,-34.1282691955566406,-1.8888641595840454
7.6296668052673340,-39.7794380187988281,-1.8891379833221436
3.7779762744903564,-32.9861640930175781,-2.7416937351226807
2.0430347919464111,-35.9648818969726563,-1.0378973484039307
-25.0211391448974609,-55.3849334716796875,-1.0385377407073975
10.6216373443603516,-43.6974639892578125,-1.8897094726562500
1.8856087923049927,-40.4240417480468750,-1.8950705528259277
32.5765266418457031,-57.0578918457031250,-1.0399425029754639
-25.6317749023437500,-54.5961074829101563,-1.0390037298202515
-7.7124452590942383,-38.1915397644042969,-2.7448394298553467
-27.7789478302001953,-55.3686637878417969,-1.8273245096206665
3.7785434722900391,-49.8043975830078125,-1.0340248346328735
-12.5104951858520508,-33.0788650512695313,-1.8900837898254395
1.8918122053146362,-32.9880714416503906,-1.0348185300827026
-13.3804244995117188,-47.4551124572753906,-1.8906037807464600
-10.6219835281372070,-49.4659194946289063,-1.0322829484939575
-12.3558082580566406,-44.5156364440917969,-2.7423000335693359
-3.7727599143981934,-50.1432876586914063,-2.7481746673583984
-2.0340280532836914,-52.6257896423339844,-1.8905912637710571
-22.9784450531005859,-49.1441459655761719,-1.8961769342422485
5.8457641601562500,-51.1539192199707031,-2.7466826438903809
-10.6204137802124023,-52.4327659606933594,-1.0377521514892578
2.3347086906433105,-29.2313899993896484,-1.8899825811386108
13.3770961761474609,-45.2241630554199219,-1.0319371223449707
31.5205078125000000,-56.2288208007812500,-1.7423418760299683
-17.1587295532226563,-53.6133918762207031,-1.0377837419509888
-29.8221702575683594,-54.5566825866699219,-1.9140429496765137
-15.5801277160644531,-39.1899642944335938,-1.8901820182800293
-18.1800098419189453,-55.0936660766601563,-2.7473011016845703
1.8880349397659302,-46.8453025817871094,-1.0377146005630493
2.9147994518280029,-52.2840461730957031,-2.7437529563903809
18.1777992248535156,-39.1782989501953125,-1.0390908718109131
10.6400699615478516,-40.7260513305664063,-1.8857088088989258
-20.2218112945556641,-53.1091423034667969,-2.7418839931488037
18.1779632568359375,-40.6723632812500000,-1.8972980976104736
8.5818109512329102,-56.0974807739257813,-2.7513709068298340
-17.1587123870849609,-54.6052551269531250,-1.0353739261627197
6.7521462440490723,-34.3190612792968750,-1.8911749124526978
-8.5776329040527344,-40.1631355285644531,-1.8900357484817505
-12.4251098632812500,-51.6019172668457031,-1.0389636754989624
22.9777278900146484,-45.6539421081542969,-2.0714795589447021
-16.2877445220947266,-42.1838493347167969,-1.0388931035995483
-21.9686946868896484,-57.0649375915527344,-1.0350689888000488
-27.2526531219482422,-56.2121429443359375,-1.8922909498214722
-21.0880718231201172,-48.6290550231933594,-1.0387139320373535
8.5003538131713867,-30.6692790985107422,-2.7461264133453369
38.9049644470214844,-61.9135627746582031,-4.0412664413452148
-17.1548233032226563,-46.6661987304687500,-1.0384753942489624
-1.0238744020462036,-33.3780784606933594,-2.7463631629943848
11.6225538253784180,-50.6870155334472656,-1.8899329900741577
6.7292432785034180,-54.1725234985351563,-1.9105703830718994
-20.3746509552001953,-49.6254920959472656,-1.8900244235992432
5.8218870162963867,-43.2461776733398438,-1.1056224107742310
26.9128799438476563,-51.5861282348632813,-1.0376932621002197
-8.5773611068725586,-54.0312500000000000,-1.8911627531051636
2.9109401702880859,-35.4709243774414063,-1.0383200645446777
-15.5780401229858398,-44.1774520874023438,-1.8899499177932739
-3.7789502143859863,-55.1015815734863281,-2.7501099109649658
-17.1538887023925781,-49.6471328735351563,-2.7415978908538818
16.4454460144042969,-50.1288642883300781,-1.0367953777313232
-2.0163505077362061,-33.7722358703613281,-1.8835687637329102
-5.8203859329223633,-39.7775764465332031,-2.7462906837463379
18.1780700683593750,-41.1743392944335938,-1.0355783700942993
11.6199216842651367,-53.1615638732910156,-2.7474987506866455
-20.2214374542236328,-53.1091880798339844,-1.0382077693939209
-26.7308883666992188,-57.0592422485351563,-1.8436762094497681
-25.5715465545654297,-55.4406509399414063,-1.8693624734878540
2.0477595329284668,-45.3641090393066406,-1.8964473009109497
-17.3401107788085938,-57.0764732360839844,-1.9859440326690674
18.1832962036132813,-57.0651702880859375,-1.0339187383651733
10.6222629547119141,-32.9264526367187500,-1.9846124649047852
-7.6852312088012695,-53.0905990600585938,-1.0325690507888794
-6.6913433074951172,-47.1744079589843750,-1.0312318801879883
-5.8221993446350098,-36.8100395202636719,-1.0324288606643677
12.4884395599365234,-46.7125015258789063,-2.7454745769500732
-7.7131652832031250,-33.1999282836914063,-2.7469072341918945
5.8223433494567871,-45.2143363952636719,-1.0338306427001953
-15.4220581054687500,-46.6658096313476563,-2.7414727210998535
15.4211654663085938,-50.1275825500488281,-1.8884428739547729
27.7778015136718750,-51.0845718383789063,-1.0381085872650146
8.5782184600830078,-50.8263587951660156,-1.8902174234390259
-3.7732651233673096,-54.1067962646484375,-2.7487447261810303
16.4449081420898438,-42.1847496032714844,-1.0386877059936523
-5.8217568397521973,-44.7115211486816406,-2.7472295761108398
-11.5126142501831055,-50.4606399536132813,-1.8890466690063477
7.5900011062622070,-50.1846847534179688,-2.7476878166198730
-20.3785743713378906,-47.6308403015136719,-1.8900198936462402
3.6177647113800049,-43.4020538330078125,-1.8923910856246948
-6.6538414955139160,-56.0980224609375000,-1.0286324024200439
26.7851924896240234,-55.0777664184570313,-1.8899230957031250
-15.5786981582641602,-53.1151962280273438,-1.8902603387832642
10.6222858428955078,-38.2241210937500000,-1.0361522436141968
8.1857500076293945,-52.8576545715332031,-1.8552070856094360
6.7789011001586914,-27.3135681152343750,-1.8949239253997803
-10.6210985183715820,-45.5086784362792969,-2.7425327301025391
12.5081501007080078,-55.6211128234863281,-2.7355902194976807
21.9823017120361328,-48.0434074401855469,-1.0360131263732910
3.7776627540588379,-31.0115661621093750,-1.0355802774429321
-8.5796480178833008,-43.6333770751953125,-2.7481870651245117
-11.6455240249633789,-42.5322761535644531,-1.8900423049926758
-6.6991596221923828,-41.2463493347167969,-2.7456886768341064
3.0660741329193115,-25.7908401489257813,-1.9053781032562256
18.0185031890869141,-43.6744270324707031,-1.8886291980743408
-25.5531024932861328,-52.0665092468261719,-1.8947863578796387
3.7786722183227539,-31.9920883178710938,-2.7414965629577637
3.6194162368774414,-45.8627471923828125,-2.7434792518615723
-10.6217288970947266,-40.5476074218750000,-2.7417461872100830
-20.3746681213378906,-54.5993728637695313,-1.8902190923690796
-18.0246219635009766,-40.1999664306640625,-2.7418830394744873
15.4200963973999023,-56.2457008361816406,-1.0349395275115967
-25.5234699249267578,-51.2342376708984375,-2.7400896549224854
3.7811708450317383,-54.2646980285644531,-1.8881978988647461
-1.0221519470214844,-42.2595176696777344,-2.7480864524841309
-21.0880222320556641,-52.6130371093750000,-2.7416734695434570
-32.5751495361328125,-56.0943374633789063,-1.9987086057662964
7.5914592742919922,-30.2521476745605469,-2.7455754280090332
5.8208165168762207,-34.8188819885253906,-1.8906979560852051
-22.9577064514160156,-47.6386260986328125,-1.0349881649017334
-18.0274219512939453,-43.1955680847167969,-2.7414457798004150
-11.4882698059082031,-40.0521011352539063,-2.7415416240692139
-13.3795032501220703,-43.5212974548339844,-1.8963034152984619
-7.7094111442565918,-32.1913452148437500,-1.0365781784057617
5.8223137855529785,-31.3428573608398438,-1.0378726720809937
-12.7617082595825195,-57.0681877136230469,-1.9020496606826782
13.3782510757446289,-34.2504158020019531,-1.0375812053680420
1.0200531482696533,-42.8942527770996094,-1.8827767372131348
2.9097785949707031,-31.5057296752929688,-1.0359225273132324
-16.2885837554931641,-48.1568756103515625,-1.0384595394134521
8.5782709121704102,-56.0839309692382813,-1.0335199832916260
6.6888222694396973,-54.6228523254394531,-1.0334126949310303
16.4457340240478516,-46.1575012207031250,-1.0385023355484009
-18.1788063049316406,-51.6312255859375000,-1.8841484785079956
6.6883959770202637,-45.2143592834472656,-1.8898502588272095
-11.4879083633422852,-37.0678329467773438,-1.0387325286865234
10.6219158172607422,-49.1620903015136719,-1.0322481393814087
30.6095237731933594,-56.1804542541503906,-2.1516599655151367
2.7544066905975342,-34.9742774963378906,-1.8905358314514160
-1.0222605466842651,-47.2039413452148438,-1.0321317911148071
-2.0147995948791504,-36.7624320983886719,-1.8897703886032104
1.1805975437164307,-32.4881134033203125,-2.7430844306945801
26.9131507873535156,-50.5865097045898438,-2.7417330741882324
-27.7790985107421875,-56.1745796203613281,-1.0389003753662109
11.6125383377075195,-57.0697669982910156,-2.7485086917877197
13.3774776458740234,-40.2604331970214844,-1.0323588848114014
-20.2221050262451172,-52.1149101257324219,-2.7417240142822266
-7.6903653144836426,-51.0979156494140625,-1.0327317714691162
-22.9790573120117188,-57.0571403503417969,-1.0368043184280396
1.0211350917816162,-48.3263320922851563,-1.0339350700378418
-3.7777733802795410,-40.2315406799316406,-2.7476522922515869
3.7829761505126953,-57.0583267211914063,-1.0376046895980835
-2.0778095722198486,-57.0577468872070313,-2.7451889514923096
1.0206037759780884,-45.3630638122558594,-1.0329774618148804
1.8869930505752563,-48.8255691528320313,-2.7468757629394531
-18.0189380645751953,-41.1875381469726563,-1.0369491577148438
-3.7780568599700928,-29.7503471374511719,-1.8950498104095459
-27.1889114379882813,-53.7179298400878906,-2.7410888671875000
-1.0306400060653687,-46.2129211425781250,-1.0320202112197876
16.2904739379882813,-52.1100082397460938,-2.7456190586090088
2.7550215721130371,-47.3393173217773438,-1.0377697944641113
7.5552897453308105,-43.2475738525390625,-1.0353718996047974
3.7826683521270752,-53.7585945129394531,-1.0345461368560791
-21.9554481506347656,-46.1377868652343750,-1.0390020608901978
17.1532478332519531,-44.1728858947753906,-1.8893733024597168
13.3748989105224609,-38.2686233520507813,-1.0327624082565308
15.4228782653808594,-50.6186447143554688,-2.7474343776702881
13.3758525848388672,-45.2222976684570313,-2.7480571269989014
-6.6870298385620117,-45.6940612792968750,-1.8868911266326904
3.7561643123626709,-55.0642013549804688,-1.0921875238418579
-18.1635818481445313,-40.1641349792480469,-1.0369372367858887
1.0499265193939209,-31.4978656768798828,-1.0337506532669067
-10.7786426544189453,-44.0214881896972656,-1.8899693489074707
8.5181684494018555,-35.6128005981445313,-2.7472863197326660
16.4989089965820313,-39.0610694885253906,-1.0376288890838623
-8.5786809921264648,-38.6836700439453125,-1.0344976186752319
-7.7125620841979980,-38.1907539367675781,-1.0350540876388550
-12.7890071868896484,-56.2596397399902344,-2.7492184638977051
-7.4541935920715332,-39.7281990051269531,-1.8905707597732544
-2.0210108757019043,-40.2428703308105469,-1.0319567918777466
29.8220653533935547,-56.3514556884765625,-2.7414345741271973
-2.8872847557067871,-43.2025756835937500,-1.8899778127670288
22.4043025970458984,-57.0626525878906250,-1.9300746917724609
-39.4189682006835938,-61.0669021606445313,-4.0412015914916992
-15.4215373992919922,-54.5955200195312500,-1.0378555059432983
-2.9050605297088623,-43.6984634399414063,-1.0321031808853149
13.3771820068359375,-42.2472953796386719,-2.7477533817291260
21.4956645965576172,-45.6661834716796875,-2.7411992549896240
-2.8793990612030029,-33.2636070251464844,-1.8905062675476074
-8.5781154632568359,-37.6890907287597656,-1.0326141119003296
12.5065679550170898,-39.7634124755859375,-2.7474653720855713
-18.0218448638916016,-52.1283493041992188,-1.0360020399093628
16.2885169982910156,-48.6419105529785156,-1.8904275894165039
-21.9549617767333984,-47.1355743408203125,-2.7413437366485596
1.0221009254455566,-30.9966850280761719,-1.8911955356597900
16.5894927978515625,-56.2659683227539063,-1.0355890989303589
6.7298965454101563,-43.7349319458007813,-2.7411696910858154
-2.0279624462127686,-52.1321067810058594,-2.7459747791290283
-7.1117448806762695,-44.7913589477539063,-1.9328454732894897
-10.6212444305419922,-44.5176467895507813,-2.7423181533813477
-22.1073894500732422,-52.6176223754882813,-1.8901646137237549
26.0443630218505859,-50.0916748046875000,-1.0387963056564331
-25.5939235687255859,-52.9157333374023438,-2.7414546012878418
6.7758140563964844,-29.3354206085205078,-1.8882290124893188
-15.4221639633178711,-43.6791610717773438,-1.0387154817581177
21.0856609344482422,-50.1305732727050781,-1.8893690109252930
-10.7773828506469727,-40.0473022460937500,-1.8898639678955078
1.0211156606674194,-33.9847946166992188,-1.8974326848983765
17.1570053100585938,-50.1367759704589844,-1.8902060985565186
-6.6875705718994141,-54.6167678833007813,-1.8896050453186035
27.6360397338867188,-50.5850601196289063,-1.8910888433456421
-2.9100399017333984,-45.1867370605468750,-1.8899016380310059
-12.5123090744018555,-37.0679664611816406,-1.8900145292282104
12.5023126602172852,-51.6741485595703125,-1.0321561098098755
-1.0217515230178833,-57.0575752258300781,-2.7423396110534668
-31.6917152404785156,-54.7712440490722656,-2.4318583011627197
-7.6540584564208984,-56.0842895507812500,-1.0363860130310059
-18.1776561737060547,-39.6750831604003906,-1.9063522815704346
-16.4457683563232422,-50.6387519836425781,-1.8900024890899658
-15.4223613739013672,-40.6875457763671875,-2.7410190105438232
5.8239102363586426,-35.3197402954101563,-2.7473547458648682
-5.8214178085327148,-41.7538414001464844,-2.7480418682098389
-7.6877980232238770,-52.0930442810058594,-2.7473733425140381
3.7778029441833496,-28.0215606689453125,-1.0368655920028687
-1.0218807458877563,-57.0669937133789063,-1.0422483682632446
3.7790310382843018,-40.9252891540527344,-1.0378538370132446
21.0781879425048828,-47.0930976867675781,-1.8908927440643311
-5.8213887214660645,-53.1284484863281250,-1.8913565874099731
26.9131240844726563,-55.5757522583007813,-2.7433593273162842
11.9393749237060547,-32.8517951965332031,-1.8965008258819580
17.1551380157470703,-53.1059265136718750,-1.8905574083328247
25.1161060333251953,-55.7169456481933594,-1.0384188890457153
3.6235346794128418,-34.4826927185058594,-1.8896405696868896
18.1781044006347656,-56.0800361633300781,-2.7467877864837646
-20.3752212524414063,-51.6174583435058594,-1.8899346590042114
-6.6896538734436035,-42.2439308166503906,-1.0325775146484375
3.7776095867156982,-29.0189857482910156,-1.0342708826065063
1.0225940942764282,-32.4959182739257813,-1.0342772006988525
-15.4217090606689453,-51.6300239562988281,-2.7419419288635254
-32.5766601562500000,-53.4506568908691406,-2.5807750225067139
20.2221641540527344,-46.5790557861328125,-1.8937582969665527
-16.2877140045166016,-39.1899642944335938,-2.7410106658935547
7.6286711692810059,-35.2922134399414063,-1.0340929031372070
-11.4869861602783203,-45.0152778625488281,-2.7428364753723145
-8.5779399871826172,-35.6967773437500000,-2.7472360134124756
1.8876998424530029,-34.4777908325195313,-1.8912411928176880
-27.7791671752929688,-56.2464103698730469,-2.7409589290618896
-15.5779829025268555,-55.0931816101074219,-1.8917133808135986
-8.5774364471435547,-33.7014007568359375,-2.7471201419830322
11.6297788619995117,-53.1700859069824219,-1.0319222211837769
12.5099430084228516,-37.7700996398925781,-1.0335422754287720
-8.5779848098754883,-41.6529769897460938,-1.0323679447174072
-21.2404098510742188,-53.1108322143554688,-1.8899608850479126
-7.7123785018920898,-33.6996116638183594,-1.8901003599166870
10.6223106384277344,-36.2338142395019531,-1.0381515026092529
11.6507921218872070,-56.0782127380371094,-1.0376640558242798
-2.0450961589813232,-46.6745109558105469,-1.8896569013595581
-6.6886181831359863,-52.6315307617187500,-1.8897465467453003
12.4804401397705078,-43.2399826049804688,-1.8904072046279907
20.2213363647460938,-48.6216354370117188,-1.8907873630523682
-32.5776824951171875,-54.4695281982421875,-1.0381702184677124
10.6221065521240234,-55.0941123962402344,-2.6058411598205566
-32.5792503356933594,-56.3561706542968750,-1.0372766256332397
-15.5802602767944336,-41.1864395141601563,-1.8900580406188965
5.8204231262207031,-46.6995010375976563,-1.8909233808517456
-10.6210317611694336,-51.4480514526367188,-1.0342555046081543
5.8223671913146973,-26.3027877807617188,-2.7413110733032227
15.4215183258056641,-44.1739120483398438,-1.8911170959472656
1.8876670598983765,-39.4328308105468750,-1.8946369886398315
-22.9779567718505859,-47.1337890625000000,-1.8923519849777222
-10.6179161071777344,-53.4140167236328125,-2.7427780628204346
-12.5115404129028320,-42.0371131896972656,-1.8900591135025024
36.6710472106933594,57.9976272583007813,-4.0410475730895996
2.7563059329986572,-35.9665145874023438,-1.8901164531707764
10.6225967407226563,-39.2304801940917969,-1.0326757431030273
26.0481643676757813,-57.0619735717773438,-2.7428448200225830
-38.8894119262695313,-61.9136276245117188,-4.0411486625671387
-16.4458732604980469,-51.6302452087402344,-1.8899946212768555
11.6220893859863281,-48.2069244384765625,-2.7479078769683838
-11.6373224258422852,-48.4799346923828125,-1.8951591253280640
-3.1615786552429199,-56.3102645874023438,-1.9557374715805054
-17.3109283447265625,-55.5743217468261719,-2.7458064556121826
1.1834360361099243,-50.3020057678222656,-2.7442772388458252
1.0222407579421997,-25.4184837341308594,-1.0387284755706787
-27.7779617309570313,-52.1259689331054688,-1.8860750198364258
2.9125750064849854,-45.8621788024902344,-1.8958289623260498
5.8220934867858887,-34.3227119445800781,-1.0343309640884399
-1.0270279645919800,-29.3491191864013672,-2.7415924072265625
-12.5038681030273438,-48.9721870422363281,-1.8928092718124390
15.4211797714233398,-39.4622650146484375,-2.7400081157684326
2.9085037708282471,-28.5443840026855469,-1.1653918027877808
-5.8222823143005371,-34.8204765319824219,-2.7473375797271729
11.6243801116943359,-51.1833152770996094,-1.0320352315902710
11.6410531997680664,-37.2796478271484375,-1.0353263616561890
-7.6925578117370605,-45.0870704650878906,-1.0363781452178955
-18.1787128448486328,-50.6396331787109375,-1.8850994110107422
-1.0489442348480225,-34.3717536926269531,-2.7461557388305664
25.0207538604736328,-51.1459617614746094,-1.8914391994476318
12.4898757934570313,-45.2259368896484375,-1.8901144266128540
-31.6939392089843750,-53.2257881164550781,-1.8522802591323853
-8.5776014328002930,-47.0981597900390625,-1.8901170492172241
-2.0318949222564697,-46.1772346496582031,-1.0322992801666260
1.1798694133758545,-33.4860153198242188,-2.7442224025726318
8.5780000686645508,-38.5786285400390625,-1.0315034389495850
22.2790565490722656,-56.2472152709960938,-2.4897239208221436
-2.9102337360382080,-35.7547340393066406,-2.7473580837249756
-11.4881792068481445,-35.0744781494140625,-1.0387673377990723
18.0253391265869141,-50.6287117004394531,-1.8898465633392334
2.7491991519927979,-43.8914718627929688,-1.8835523128509521
-17.3118743896484375,-40.1881103515625000,-1.8901656866073608
-8.5769758224487305,-29.6547145843505859,-2.7426438331604004
12.5159997940063477,-50.1856040954589844,-1.8895666599273682
1.1762992143630981,-43.3896560668945313,-1.0347572565078735
-21.0872497558593750,-49.6262283325195313,-2.7414946556091309
2.0423247814178467,-47.3440055847167969,-1.8896993398666382
-22.1086044311523438,-51.6231002807617188,-1.8883599042892456
2.8645434379577637,-27.9337463378906250,-1.9545949697494507
5.9122281074523926,-26.8175582885742188,-1.8907824754714966
-15.4214963912963867,-53.6102905273437500,-2.7423162460327148
6.7341041564941406,-37.8007926940917969,-2.7473232746124268
-3.0661988258361816,-28.0294933319091797,-1.7549248933792114
-17.1541900634765625,-42.6827697753906250,-1.0388206243515015
-2.8744690418243408,-34.7579879760742188,-1.0330013036727905
18.1778907775878906,-38.0090713500976563,-1.1867944002151489
-17.3125534057617188,-51.1348724365234375,-1.8897125720977783
-5.8233251571655273,-29.7772159576416016,-1.0379565954208374
16.2869148254394531,-50.6237869262695313,-1.8842767477035522
-5.8206281661987305,-39.7783393859863281,-1.0335289239883423
1.0208429098129272,-36.9677886962890625,-1.8892537355422974
11.0831422805786133,-54.4844169616699219,-1.9535911083221436
-1.0222575664520264,-27.9784088134765625,-1.9615131616592407
17.1524372100830078,-43.1769866943359375,-1.8887908458709717
13.3787736892700195,-34.2567214965820313,-2.7426252365112305
3.7813527584075928,-52.7673301696777344,-1.0373711585998535
-1.0222789049148560,-54.1223182678222656,-1.0325697660446167
-8.5780572891235352,-34.6995582580566406,-2.7472860813140869
-10.6216297149658203,-42.5333137512207031,-1.0384610891342163
-5.8205370903015137,-42.7428474426269531,-2.7479300498962402
-21.2412109375000000,-54.1048965454101563,-1.8899961709976196
3.7779185771942139,-48.8098030090332031,-2.7481176853179932
-18.1803550720214844,-55.5919036865234375,-1.8882546424865723
-2.0343899726867676,-43.2020797729492188,-1.0342677831649780
-2.9234738349914551,-29.2352848052978516,-1.8873877525329590
10.6362209320068359,-45.1901779174804688,-2.7474524974822998
-11.4872751235961914,-36.0717468261718750,-2.7413356304168701
-12.3523511886596680,-35.5735092163085938,-2.7413539886474609
-29.8214035034179688,-56.5616302490234375,-1.8939478397369385
-3.7765822410583496,-32.2670745849609375,-1.0330243110656738
-11.4881315231323242,-33.0789947509765625,-1.0389792919158936
22.9787425994873047,-50.9568328857421875,-2.7453746795654297
10.6216917037963867,-46.1839256286621094,-1.0324981212615967
2.9039566516876221,-54.2097244262695313,-1.0386064052581787
11.1203346252441406,-32.5060577392578125,-2.7411444187164307
-2.0277411937713623,-51.1438369750976563,-2.7456829547882080
-18.1728878021240234,-42.1970634460449219,-1.0333613157272339
16.4435062408447266,-43.1792221069335938,-2.7416636943817139
1.0195930004119873,-44.8740959167480469,-1.8885957002639771
11.1155529022216797,-57.0634155273437500,-1.8898098468780518
-3.7776157855987549,-37.2510337829589844,-1.0324438810348511
7.5886812210083008,-51.6787681579589844,-1.8906722068786621
8.5776262283325195,-52.3066902160644531,-2.7457044124603271
17.3127098083496094,-44.6695289611816406,-1.0385080575942993
-16.2887210845947266,-52.1257972717285156,-2.7418653964996338
17.3118038177490234,-50.6284751892089844,-2.7422790527343750
-2.9014027118682861,-35.7540588378906250,-1.0323913097381592
7.5577607154846191,-39.2809028625488281,-1.0335597991943359
13.3665018081665039,-53.1441650390625000,-2.7472198009490967
8.5783576965332031,-47.8549995422363281,-1.8903981447219849
-2.0281462669372559,-54.1223907470703125,-2.7484419345855713
-17.1541595458984375,-40.6874694824218750,-1.0389997959136963
13.0492401123046875,-54.6517982482910156,-1.9041979312896729
-12.3544702529907227,-38.5608673095703125,-2.7413017749786377
2.9125487804412842,-36.4629287719726563,-1.0380581617355347
6.6858334541320801,-28.8320140838623047,-2.7425453662872314
21.9946517944335938,-55.1775741577148438,-1.0367032289505005
2.0433249473571777,-38.9443397521972656,-1.0385730266571045
1.1805242300033569,-30.0003585815429688,-1.8884547948837280
7.6187520027160645,-38.2851524353027344,-1.0327342748641968
-15.4224224090576172,-39.6891441345214844,-2.7410082817077637
1.0212918519973755,-30.4885692596435547,-2.7442481517791748
-20.2208690643310547,-55.0941543579101563,-2.7418949604034424
1.6424334049224854,-55.6831550598144531,-2.7454097270965576
-30.8428401947021484,-57.0574989318847656,-1.0369963645935059
13.3608884811401367,-51.1652832031250000,-2.7463650703430176
-21.9558544158935547,-51.1254806518554688,-1.0376902818679810
13.3780202865600586,-54.1306495666503906,-2.7467517852783203
21.0968265533447266,-56.6049842834472656,-1.0364480018615723
-12.3528671264648438,-36.5701675415039063,-2.7412719726562500
-8.5777187347412109,-32.6995735168457031,-2.7464010715484619
12.5120258331298828,-35.7796630859375000,-2.7445380687713623
-30.7308177947998047,-55.4385261535644531,-1.0366315841674805
-2.8992567062377930,-51.6413993835449219,-1.0323563814163208
10.6224317550659180,-50.1543502807617188,-1.0321884155273438
11.6162776947021484,-57.0637779235839844,-1.0324339866638184
-3.7778532505035400,-56.3485946655273438,-2.7410061359405518
5.8213901519775391,-56.0892181396484375,-1.0352073907852173
-15.5798845291137695,-40.1884498596191406,-1.8901094198226929
-18.1351299285888672,-45.1778068542480469,-2.7453429698944092
-18.1776542663574219,-48.1578559875488281,-1.0350079536437988
-3.7777135372161865,-42.2100639343261719,-2.7460391521453857
-10.6213569641113281,-48.4726257324218750,-2.7463707923889160
-3.7776079177856445,-53.1149063110351563,-1.0319200754165649
2.7551221847534180,-47.3448410034179688,-2.7425642013549805
13.3816537857055664,-55.1108245849609375,-2.7479021549224854
-15.5766124725341797,-57.0659103393554688,-1.8753572702407837
-2.8891687393188477,-30.7605133056640625,-1.0344407558441162
-16.2882061004638672,-47.1630287170410156,-2.7415275573730469
1.0224033594131470,-39.4246101379394531,-1.0355482101440430
-17.1562423706054688,-52.6210479736328125,-2.7418420314788818
-13.2277460098266602,-39.0700454711914063,-1.0378521680831909
12.5098066329956055,-43.7361259460449219,-1.0324194431304932
20.6341495513916016,-55.4370307922363281,-2.7423031330108643
-21.9578800201416016,-55.0889091491699219,-1.0373752117156982
-10.7680721282958984,-46.9937210083007813,-1.8894001245498657
-16.4477863311767578,-54.6044998168945313,-1.8901751041412354
12.5057754516601563,-45.7201881408691406,-2.7480008602142334
5.8221635818481445,-50.1689071655273438,-2.7453041076660156
6.7611961364746094,-39.2916488647460938,-1.8891502618789673
1.0215209722518921,-34.9769668579101563,-1.8942615985870361
8.5775623321533203,-37.5898971557617188,-1.0317338705062866
21.0881347656250000,-52.6320838928222656,-1.0368009805679321
-3.7757623195648193,-44.1941337585449219,-1.0321649312973022
-6.7399539947509766,-38.4083824157714844,-2.7456283569335938
11.6465654373168945,-37.7791099548339844,-1.8916836977005005
11.6322507858276367,-52.1759109497070313,-1.0319707393646240
-15.4216651916503906,-49.6464881896972656,-2.7416772842407227
-30.6409912109375000,-53.4295043945312500,-2.7399744987487793
-2.0423765182495117,-34.7666320800781250,-1.8851033449172974
-11.7557277679443359,-56.2025756835937500,-2.6742696762084961
-12.3419647216796875,-49.9346771240234375,-2.0214123725891113
6.6965780258178711,-40.7788505554199219,-2.7452206611633301
6.7129287719726563,-52.1585311889648438,-1.8907680511474609
10.6345148086547852,-52.1383819580078125,-1.0316694974899292
7.9801845550537109,-43.9399261474609375,-1.8894914388656616
20.2304916381835938,-54.1142082214355469,-1.0356177091598511
-36.6735992431640625,-61.9068260192871094,-2.5588150024414063
-13.3778791427612305,-47.9473228454589844,-1.0320748090744019
-8.5775861740112305,-35.1976394653320313,-1.8900070190429688
18.1782951354980469,-47.1551971435546875,-1.0381541252136230
20.2224025726318359,-50.1309661865234375,-1.0333776473999023
13.3789224624633789,-57.0600624084472656,-1.7428640127182007
7.5980582237243652,-31.2497997283935547,-1.0343701839447021
-22.1082191467285156,-54.6060791015625000,-1.8948779106140137
-7.7119889259338379,-35.1965637207031250,-1.0351992845535278
-7.6849298477172852,-49.6028900146484375,-1.8901532888412476
-12.3669939041137695,-54.4022903442382813,-2.7431879043579102
18.1778850555419922,-40.1763572692871094,-1.0357074737548828
-37.2786331176757813,-61.1122627258300781,-2.5589168071746826
-6.7396245002746582,-36.4172019958496094,-1.0325645208358765
-2.8967144489288330,-51.6402244567871094,-2.7478575706481934
11.6187705993652344,-50.1897277832031250,-2.7477321624755859
-5.8223700523376465,-50.6489105224609375,-1.0321809053421021
-5.8223729133605957,-48.6677703857421875,-1.0318986177444458
2.0474870204925537,-44.8759613037109375,-1.0335745811462402
7.0454902648925781,-43.2866325378417969,-1.9061093330383301
38.2846603393554688,-61.9069099426269531,-3.2582747936248779
-3.7776689529418945,-43.2012100219726563,-2.7476370334625244
-13.2207670211791992,-44.0129508972167969,-2.7437303066253662
5.8216824531555176,-34.3234252929687500,-2.7486622333526611
21.9773426055908203,-49.5637512207031250,-1.8897215127944946
10.6132640838623047,-55.2795066833496094,-1.6266785860061646
-15.5789861679077148,-51.1342010498046875,-1.8900674581527710
-2.0234308242797852,-45.6799354553222656,-1.8898199796676636
2.0444860458374023,-52.7404899597167969,-1.0355985164642334
-10.6207523345947266,-45.5076599121093750,-1.0372556447982788
-5.8279333114624023,-44.7134895324707031,-1.0329023599624634
21.0825176239013672,-49.1237106323242188,-1.8914271593093872
-6.7393479347229004,-35.9187316894531250,-1.8900570869445801
7.5820407867431641,-32.2909927368164063,-2.7171881198883057
-1.0222700834274292,-44.7214736938476563,-1.8899492025375366
-2.9078447818756104,-41.2182960510253906,-1.8899102210998535
11.6198244094848633,-49.1994171142578125,-1.0323082208633423
-12.3550519943237305,-40.5487136840820313,-1.0384629964828491
-3.0750980377197266,-57.0574722290039063,-2.7416892051696777
20.2243461608886719,-49.1266899108886719,-2.7462177276611328
-26.1015434265136719,-51.2324333190917969,-1.9252232313156128
-20.2222423553466797,-48.1296081542968750,-2.7412545680999756
1.2180446386337280,-29.0026416778564453,-1.8861963748931885
-17.3179759979248047,-56.0912818908691406,-1.8851367235183716
21.0874767303466797,-52.6296195983886719,-2.7445759773254395
7.0243716239929199,-56.1373634338378906,-1.8848717212677002
7.5827369689941406,-34.2667846679687500,-1.0378973484039307
-5.8234057426452637,-32.8252258300781250,-2.7455997467041016
21.8779010772705078,-55.3643074035644531,-2.7285358905792236
12.5151271820068359,-46.2187957763671875,-1.8896682262420654
7.5564889907836914,-35.7923851013183594,-1.8894550800323486
-2.0185577869415283,-42.2067260742187500,-1.0316331386566162
-12.3540353775024414,-40.5494041442871094,-2.7416059970855713
-12.3535184860229492,-37.5658874511718750,-2.7411749362945557
11.6432123184204102,-35.2895202636718750,-2.7455732822418213
-7.7082457542419434,-47.1027145385742188,-2.7455599308013916
2.9131789207458496,-38.4451560974121094,-2.7420294284820557
-18.1782264709472656,-43.6854705810546875,-1.8842757940292358
-1.5008828639984131,-43.8476829528808594,-1.9583659172058105
3.6674113273620605,-30.0152816772460938,-2.7451474666595459
13.3599634170532227,-56.3527259826660156,-1.0387272834777832
-8.5777893066406250,-52.0499496459960938,-1.8899377584457397
18.0738849639892578,-53.6024093627929688,-1.8902817964553833
-8.5480709075927734,-45.1179924011230469,-1.8898662328720093
13.3732643127441406,-53.1524047851562500,-1.0320860147476196
-5.8222112655639648,-35.8160133361816406,-2.7474689483642578
-17.1547489166259766,-50.6386947631835938,-1.0381543636322021
-13.3712482452392578,-48.9359092712402344,-1.0343897342681885
-10.6220369338989258,-36.5702476501464844,-2.7412304878234863
-2.9099097251892090,-44.6910667419433594,-1.0320738554000854
21.0945110321044922,-49.6252098083496094,-1.0341112613677979
13.3777265548706055,-43.2410430908203125,-1.0321348905563354
13.3775959014892578,-43.7361602783203125,-1.8900643587112427
-11.4875068664550781,-46.9960975646972656,-1.0367343425750732
-8.5775079727172852,-48.5828857421875000,-2.7479126453399658